# Renewables.ninja Weather (Point API) - 59.325, 18.071 - Version: 1.0 - License: https://science.nasa.gov/earth-science/earth-science-data/data-information-policy - Reference: https://www.renewables.ninja/
# Units: time in UTC, t2m in ºC, prectotland in mm/h, precsnoland in mm/h, snomas in kg/m², rhoa in kg/m³, swgdn in W/m², swtdn in W/m², cldtot in fraction
# {"units": {"time": "UTC", "t2m": "\u00baC", "prectotland": "mm/h", "precsnoland": "mm/h", "snomas": "kg/m\u00b2", "rhoa": "kg/m\u00b3", "swgdn": "W/m\u00b2", "swtdn": "W/m\u00b2", "cldtot": "fraction"}, "params": {"lat": "59.3251172", "lon": "18.0710935", "date_from": "2023-01-01", "date_to": "2023-12-31", "dataset": "merra2", "header": "true", "local_time": "false", "var_t2m": "true", "var_prectotland": "true", "var_precsnoland": "true", "var_snomas": "true", "var_rhoa": "true", "var_swgdn": "true", "var_swtdn": "true", "var_cldtot": "true"}}
time,t2m,prectotland,precsnoland,snomas,rhoa,swgdn,swtdn,cldtot
2023-01-01 00:00,1.645,0.007,0.003,0.019,1.260,0,0,0.969
2023-01-01 01:00,1.231,0.017,0.015,0.024,1.264,0,0,0.938
2023-01-01 02:00,0.889,0.027,0.018,0.027,1.266,0,0,0.888
2023-01-01 03:00,0.448,0.024,0.017,0.030,1.269,0,0,0.935
2023-01-01 04:00,-0.034,0.013,0.012,0.032,1.272,0,0,0.959
2023-01-01 05:00,-0.414,0.007,0.007,0.033,1.273,0,0,0.958
2023-01-01 06:00,-0.701,0.005,0.004,0.033,1.274,0,0,0.947
2023-01-01 07:00,-1.137,0.003,0.002,0.034,1.275,0.144,1.436,0.946
2023-01-01 08:00,-1.039,0.002,0.001,0.034,1.276,12.596,69.079,0.961
2023-01-01 09:00,-0.559,0.002,0.001,0.034,1.278,31.010,147.047,0.981
2023-01-01 10:00,-0.302,0.001,0,0.034,1.277,40.531,182.692,0.979
2023-01-01 11:00,-0.248,0.002,0,0.034,1.277,36.674,173.560,0.974
2023-01-01 12:00,-0.526,0.003,0.001,0.034,1.278,22.028,120.272,0.969
2023-01-01 13:00,-0.970,0.004,0.001,0.035,1.280,4.095,30.782,0.983
2023-01-01 14:00,-0.987,0.007,0.002,0.036,1.282,0,0,0.994
2023-01-01 15:00,-1.114,0.008,0.002,0.036,1.285,0,0,0.995
2023-01-01 16:00,-1.286,0.004,0.001,0.037,1.287,0,0,0.993
2023-01-01 17:00,-2.135,0.001,0,0.037,1.289,0,0,0.916
2023-01-01 18:00,-2.734,0.001,0.001,0.037,1.292,0,0,0.670
2023-01-01 19:00,-2.534,0.003,0.003,0.037,1.295,0,0,0.528
2023-01-01 20:00,-2.736,0.001,0.001,0.037,1.297,0,0,0.308
2023-01-01 21:00,-2.798,0.001,0.001,0.037,1.297,0,0,0.254
2023-01-01 22:00,-2.889,0,0,0.037,1.296,0,0,0.191
2023-01-01 23:00,-3.074,0.001,0,0.037,1.293,0,0,0.164
2023-01-02 00:00,-2.744,0.003,0.001,0.037,1.289,0,0,0.216
2023-01-02 01:00,-1.690,0.012,0.002,0.038,1.284,0,0,0.308
2023-01-02 02:00,-0.724,0.044,0.009,0.043,1.279,0,0,0.591
2023-01-02 03:00,0.578,0.117,0.032,0.065,1.276,0,0,0.850
2023-01-02 04:00,1.228,0.245,0.042,0.101,1.274,0,0,0.970
2023-01-02 05:00,1.616,0.320,0.013,0.131,1.272,0,0,0.993
2023-01-02 06:00,2.091,0.272,0.002,0.132,1.270,0,0,0.998
2023-01-02 07:00,2.679,0.149,0.001,0.130,1.267,0.018,1.715,0.998
2023-01-02 08:00,3.063,0.109,0,0.127,1.265,2.695,70.966,0.996
2023-01-02 09:00,3.183,0.110,0,0.125,1.264,9.901,149.021,0.995
2023-01-02 10:00,3.303,0.182,0,0.123,1.263,17.168,184.691,0.997
2023-01-02 11:00,3.118,0.240,0,0.120,1.264,14.644,175.557,0.998
2023-01-02 12:00,2.762,0.216,0,0.119,1.264,8.976,122.242,0.999
2023-01-02 13:00,2.148,0.218,0,0.118,1.264,1.794,32.209,0.999
2023-01-02 14:00,2.115,0.265,0,0.117,1.264,0,0,0.999
2023-01-02 15:00,2.405,0.436,0,0.117,1.263,0,0,0.999
2023-01-02 16:00,2.512,0.736,0.001,0.118,1.262,0,0,0.990
2023-01-02 17:00,2.163,1.130,0.099,0.156,1.262,0,0,0.976
2023-01-02 18:00,1.940,1.365,0.184,0.314,1.262,0,0,0.972
2023-01-02 19:00,1.588,1.421,0.315,0.524,1.266,0,0,0.974
2023-01-02 20:00,1.018,1.361,0.978,1.247,1.271,0,0,0.969
2023-01-02 21:00,0.527,1.363,1.176,2.311,1.274,0,0,0.968
2023-01-02 22:00,0.098,1.364,1.242,3.544,1.277,0,0,0.978
2023-01-02 23:00,-0.278,1.343,1.219,4.774,1.279,0,0,0.987
2023-01-03 00:00,-0.586,1.178,1.076,5.907,1.281,0,0,0.994
2023-01-03 01:00,-0.767,0.820,0.795,6.839,1.283,0,0,0.993
2023-01-03 02:00,-1.036,0.434,0.378,7.386,1.285,0,0,0.995
2023-01-03 03:00,-1.459,0.154,0.097,7.577,1.288,0,0,0.995
2023-01-03 04:00,-2.085,0.031,0.012,7.590,1.293,0,0,0.923
2023-01-03 05:00,-2.869,0.003,0.002,7.582,1.297,0,0,0.767
2023-01-03 06:00,-3.719,0,0,7.574,1.301,0,0,0.158
2023-01-03 07:00,-4.463,0,0,7.569,1.305,0.502,2.060,0.008
2023-01-03 08:00,-5.080,0,0,7.567,1.307,32.789,73.048,0.017
2023-01-03 09:00,-4.795,0,0,7.564,1.309,83.150,151.146,0.035
2023-01-03 10:00,-4.201,0,0,7.555,1.310,109.157,186.874,0.019
2023-01-03 11:00,-3.878,0,0,7.544,1.309,102.093,177.723,0.006
2023-01-03 12:00,-4.032,0,0,7.537,1.310,64.268,124.367,0.006
2023-01-03 13:00,-4.916,0,0,7.537,1.312,13.215,33.817,0.038
2023-01-03 14:00,-5.746,0,0,7.539,1.315,0,0,0.090
2023-01-03 15:00,-5.975,0,0,7.541,1.317,0,0,0.143
2023-01-03 16:00,-6.029,0,0,7.543,1.317,0,0,0.196
2023-01-03 17:00,-6.124,0,0,7.545,1.318,0,0,0.062
2023-01-03 18:00,-6.189,0,0,7.546,1.318,0,0,0.033
2023-01-03 19:00,-6.239,0,0,7.548,1.318,0,0,0.037
2023-01-03 20:00,-6.276,0,0,7.549,1.319,0,0,0.064
2023-01-03 21:00,-6.225,0,0,7.550,1.320,0,0,0.048
2023-01-03 22:00,-6.202,0,0,7.552,1.321,0,0,0.068
2023-01-03 23:00,-6.159,0,0,7.554,1.322,0,0,0.080
2023-01-04 00:00,-6.061,0,0,7.555,1.322,0,0,0.076
2023-01-04 01:00,-6.054,0,0,7.557,1.322,0,0,0.094
2023-01-04 02:00,-6.064,0,0,7.558,1.322,0,0,0.154
2023-01-04 03:00,-6.061,0.001,0.001,7.560,1.323,0,0,0.323
2023-01-04 04:00,-6.073,0.002,0.002,7.561,1.323,0,0,0.731
2023-01-04 05:00,-5.795,0.002,0.002,7.564,1.321,0,0,0.932
2023-01-04 06:00,-5.524,0.004,0.004,7.568,1.319,0,0,0.986
2023-01-04 07:00,-5.170,0.005,0.005,7.572,1.316,0.419,2.471,0.993
2023-01-04 08:00,-4.638,0.006,0.006,7.578,1.313,14.912,75.308,0.996
2023-01-04 09:00,-3.550,0.007,0.006,7.584,1.307,29.384,153.479,0.997
2023-01-04 10:00,-2.578,0.016,0.014,7.591,1.301,32.661,189.192,0.996
2023-01-04 11:00,-2.039,0.032,0.026,7.607,1.297,25.127,180.060,0.996
2023-01-04 12:00,-1.676,0.067,0.053,7.635,1.292,15.816,126.699,0.997
2023-01-04 13:00,-1.317,0.143,0.112,7.704,1.288,3.305,35.584,0.997
2023-01-04 14:00,-1.032,0.235,0.194,7.837,1.286,0,0,0.997
2023-01-04 15:00,-0.890,0.374,0.300,8.059,1.284,0,0,0.997
2023-01-04 16:00,-0.794,0.466,0.375,8.370,1.282,0,0,0.997
2023-01-04 17:00,-0.644,0.472,0.382,8.711,1.281,0,0,0.996
2023-01-04 18:00,-0.455,0.430,0.347,9.031,1.279,0,0,0.996
2023-01-04 19:00,-0.234,0.327,0.261,9.281,1.277,0,0,0.996
2023-01-04 20:00,-0.069,0.237,0.191,9.448,1.275,0,0,0.997
2023-01-04 21:00,0.027,0.195,0.149,9.559,1.274,0,0,0.998
2023-01-04 22:00,0.062,0.182,0.149,9.649,1.274,0,0,0.998
2023-01-04 23:00,0.021,0.191,0.158,9.744,1.274,0,0,0.997
2023-01-05 00:00,-0.146,0.195,0.166,9.855,1.276,0,0,0.997
2023-01-05 01:00,-0.394,0.168,0.143,9.959,1.278,0,0,0.992
2023-01-05 02:00,-0.677,0.122,0.106,10.030,1.280,0,0,0.982
2023-01-05 03:00,-0.970,0.085,0.079,10.066,1.282,0,0,0.982
2023-01-05 04:00,-1.214,0.066,0.064,10.082,1.285,0,0,0.973
2023-01-05 05:00,-1.462,0.048,0.047,10.081,1.287,0,0,0.968
2023-01-05 06:00,-1.733,0.030,0.030,10.065,1.290,0,0,0.954
2023-01-05 07:00,-2.005,0.017,0.017,10.037,1.293,0.399,2.957,0.930
2023-01-05 08:00,-2.222,0.017,0.017,10.002,1.296,16.016,77.736,0.950
2023-01-05 09:00,-2.438,0.020,0.020,9.965,1.300,40.333,155.959,0.945
2023-01-05 10:00,-2.678,0.021,0.021,9.933,1.302,61.861,191.749,0.976
2023-01-05 11:00,-2.918,0.016,0.016,9.897,1.305,59.051,182.598,0.963
2023-01-05 12:00,-3.239,0.013,0.013,9.867,1.307,40.873,129.198,0.894
2023-01-05 13:00,-3.710,0.015,0.015,9.849,1.311,8.949,37.533,0.908
2023-01-05 14:00,-4.195,0.017,0.017,9.845,1.314,0,0,0.954
2023-01-05 15:00,-4.482,0.013,0.013,9.843,1.316,0,0,0.881
2023-01-05 16:00,-4.648,0.009,0.009,9.841,1.317,0,0,0.764
2023-01-05 17:00,-4.970,0.007,0.007,9.838,1.318,0,0,0.595
2023-01-05 18:00,-5.739,0.005,0.005,9.841,1.320,0,0,0.305
2023-01-05 19:00,-6.393,0.004,0.004,9.844,1.322,0,0,0.260
2023-01-05 20:00,-6.783,0.003,0.003,9.847,1.324,0,0,0.295
2023-01-05 21:00,-7.047,0.003,0.003,9.850,1.325,0,0,0.328
2023-01-05 22:00,-7.178,0.005,0.005,9.855,1.325,0,0,0.347
2023-01-05 23:00,-7.107,0.006,0.006,9.862,1.325,0,0,0.378
2023-01-06 00:00,-6.907,0.007,0.007,9.869,1.324,0,0,0.567
2023-01-06 01:00,-6.803,0.008,0.008,9.878,1.324,0,0,0.805
2023-01-06 02:00,-6.380,0.010,0.010,9.887,1.323,0,0,0.877
2023-01-06 03:00,-5.973,0.010,0.010,9.898,1.322,0,0,0.894
2023-01-06 04:00,-5.617,0.010,0.010,9.907,1.321,0,0,0.942
2023-01-06 05:00,-5.118,0.010,0.010,9.916,1.319,0,0,0.985
2023-01-06 06:00,-4.711,0.011,0.011,9.922,1.317,0,0,0.992
2023-01-06 07:00,-4.086,0.012,0.012,9.925,1.315,0.488,3.526,0.993
2023-01-06 08:00,-3.341,0.011,0.011,9.917,1.313,15.291,80.358,0.996
2023-01-06 09:00,-2.881,0.010,0.010,9.884,1.312,31.350,158.646,0.997
2023-01-06 10:00,-2.800,0.010,0.010,9.828,1.311,34.651,194.441,0.997
2023-01-06 11:00,-3.041,0.013,0.013,9.763,1.313,29.632,185.310,0.998
2023-01-06 12:00,-3.313,0.021,0.021,9.708,1.314,16.321,131.867,0.998
2023-01-06 13:00,-3.503,0.032,0.032,9.673,1.315,3.255,39.686,0.998
2023-01-06 14:00,-3.584,0.057,0.057,9.662,1.315,0,0,0.998
2023-01-06 15:00,-3.595,0.095,0.095,9.689,1.315,0,0,0.998
2023-01-06 16:00,-3.547,0.109,0.109,9.742,1.314,0,0,0.997
2023-01-06 17:00,-3.494,0.121,0.121,9.802,1.313,0,0,0.997
2023-01-06 18:00,-3.461,0.166,0.166,9.891,1.312,0,0,0.997
2023-01-06 19:00,-3.461,0.199,0.199,10.025,1.312,0,0,0.997
2023-01-06 20:00,-3.473,0.223,0.223,10.182,1.312,0,0,0.997
2023-01-06 21:00,-3.467,0.261,0.261,10.378,1.312,0,0,0.997
2023-01-06 22:00,-3.462,0.241,0.241,10.586,1.311,0,0,0.995
2023-01-06 23:00,-3.414,0.162,0.162,10.740,1.311,0,0,0.985
2023-01-07 00:00,-3.344,0.069,0.069,10.805,1.310,0,0,0.957
2023-01-07 01:00,-3.249,0.035,0.035,10.811,1.308,0,0,0.934
2023-01-07 02:00,-3.085,0.040,0.040,10.813,1.307,0,0,0.866
2023-01-07 03:00,-2.838,0.063,0.063,10.830,1.305,0,0,0.733
2023-01-07 04:00,-2.553,0.188,0.188,10.918,1.302,0,0,0.762
2023-01-07 05:00,-2.182,0.463,0.461,11.212,1.300,0,0,0.907
2023-01-07 06:00,-1.777,0.675,0.672,11.784,1.298,0,0,0.903
2023-01-07 07:00,-1.423,0.575,0.572,12.378,1.297,0.239,4.194,0.862
2023-01-07 08:00,-1.072,0.398,0.396,12.820,1.295,10.535,83.129,0.757
2023-01-07 09:00,-0.582,0.262,0.239,13.083,1.293,30.994,161.521,0.670
2023-01-07 10:00,-0.204,0.174,0.140,13.209,1.291,43.315,197.317,0.653
2023-01-07 11:00,0.043,0.137,0.092,13.198,1.289,38.466,188.223,0.662
2023-01-07 12:00,0.197,0.112,0.074,13.122,1.288,23.333,134.740,0.706
2023-01-07 13:00,0.304,0.095,0.061,13.017,1.286,4.442,42.032,0.931
2023-01-07 14:00,0.503,0.075,0.030,12.852,1.285,0,0,0.986
2023-01-07 15:00,0.603,0.066,0.006,12.546,1.284,0,0,0.987
2023-01-07 16:00,0.678,0.054,0.002,12.193,1.283,0,0,0.993
2023-01-07 17:00,0.843,0.044,0.003,11.671,1.282,0,0,0.998
2023-01-07 18:00,0.926,0.050,0.007,11.154,1.282,0,0,0.994
2023-01-07 19:00,1.066,0.111,0.007,10.575,1.281,0,0,0.996
2023-01-07 20:00,1.126,0.251,0.008,9.997,1.280,0,0,0.997
2023-01-07 21:00,1.106,0.444,0.076,9.505,1.280,0,0,0.997
2023-01-07 22:00,1.022,0.579,0.108,9.092,1.280,0,0,0.997
2023-01-07 23:00,0.897,0.784,0.224,8.843,1.280,0,0,0.994
2023-01-08 00:00,0.764,0.935,0.466,8.903,1.280,0,0,0.991
2023-01-08 01:00,0.790,0.960,0.494,9.110,1.279,0,0,0.997
2023-01-08 02:00,0.888,0.805,0.391,9.242,1.277,0,0,0.999
2023-01-08 03:00,1.058,0.517,0.096,9.125,1.275,0,0,0.998
2023-01-08 04:00,1.381,0.321,0.015,8.702,1.272,0,0,0.998
2023-01-08 05:00,1.719,0.215,0.001,8.110,1.268,0,0,0.999
2023-01-08 06:00,2.069,0.121,0,7.494,1.265,0,0,1.000
2023-01-08 07:00,2.389,0.092,0,6.917,1.262,0.007,4.970,0.999
2023-01-08 08:00,2.603,0.088,0,6.400,1.261,2.063,86.077,0.999
2023-01-08 09:00,2.720,0.071,0,5.923,1.260,6.026,164.521,0.999
2023-01-08 10:00,2.803,0.053,0,5.476,1.259,10.637,200.417,0.999
2023-01-08 11:00,2.844,0.051,0,5.077,1.259,10.726,191.285,0.999
2023-01-08 12:00,2.850,0.062,0,4.707,1.258,6.306,137.742,1.000
2023-01-08 13:00,2.822,0.073,0,4.394,1.258,1.363,44.584,1.000
2023-01-08 14:00,2.809,0.194,0,4.129,1.257,0,0.001,1.000
2023-01-08 15:00,2.788,0.381,0,3.885,1.257,0,0,1.000
2023-01-08 16:00,2.738,0.597,0.001,3.662,1.257,0,0,0.999
2023-01-08 17:00,2.649,0.774,0.002,3.455,1.257,0,0,0.998
2023-01-08 18:00,2.517,0.838,0.002,3.257,1.257,0,0,0.998
2023-01-08 19:00,2.359,0.881,0.005,3.071,1.258,0,0,0.999
2023-01-08 20:00,2.167,0.839,0.010,2.905,1.258,0,0,0.999
2023-01-08 21:00,1.988,0.751,0.003,2.765,1.259,0,0,0.999
2023-01-08 22:00,1.843,0.711,0.002,2.645,1.259,0,0,0.999
2023-01-08 23:00,1.744,0.642,0.002,2.554,1.259,0,0,0.999
2023-01-09 00:00,1.703,0.371,0.001,2.493,1.259,0,0,0.999
2023-01-09 01:00,1.740,0.149,0.001,2.453,1.258,0,0,0.999
2023-01-09 02:00,1.809,0.051,0,2.423,1.257,0,0,0.998
2023-01-09 03:00,1.830,0.020,0,2.398,1.256,0,0,0.998
2023-01-09 04:00,1.776,0.012,0,2.376,1.256,0,0,0.998
2023-01-09 05:00,1.819,0.015,0,2.358,1.256,0,0,0.996
2023-01-09 06:00,1.888,0.025,0,2.339,1.257,0,0,0.992
2023-01-09 07:00,1.887,0.046,0,2.322,1.257,0.573,5.861,0.989
2023-01-09 08:00,2.111,0.067,0,2.297,1.257,13.399,89.202,0.989
2023-01-09 09:00,2.416,0.081,0,2.253,1.256,29.159,167.709,0.992
2023-01-09 10:00,2.645,0.083,0,2.195,1.255,34.386,203.628,0.993
2023-01-09 11:00,2.819,0.106,0,2.133,1.254,31.903,194.498,0.992
2023-01-09 12:00,2.861,0.128,0,2.074,1.253,17.412,140.933,0.993
2023-01-09 13:00,2.865,0.190,0,2.021,1.253,3.927,47.358,0.991
2023-01-09 14:00,2.912,0.173,0,1.974,1.253,0,0.001,0.991
2023-01-09 15:00,3.045,0.085,0,1.918,1.253,0,0,0.998
2023-01-09 16:00,3.078,0.073,0,1.851,1.254,0,0,1.000
2023-01-09 17:00,3.035,0.080,0,1.775,1.254,0,0,1.000
2023-01-09 18:00,2.909,0.126,0,1.702,1.255,0,0,1.000
2023-01-09 19:00,2.719,0.284,0,1.632,1.257,0,0,1.000
2023-01-09 20:00,2.415,0.551,0,1.566,1.259,0,0,0.999
2023-01-09 21:00,2.060,0.768,0,1.505,1.261,0,0,0.999
2023-01-09 22:00,1.673,0.799,0.002,1.452,1.264,0,0,0.999
2023-01-09 23:00,1.287,0.639,0.035,1.424,1.266,0,0,0.999
2023-01-10 00:00,1.212,0.551,0.082,1.463,1.266,0,0,0.999
2023-01-10 01:00,1.229,0.660,0.118,1.538,1.266,0,0,0.999
2023-01-10 02:00,1.201,0.851,0.148,1.658,1.267,0,0,0.999
2023-01-10 03:00,1.096,0.924,0.313,1.855,1.267,0,0,0.998
2023-01-10 04:00,1.133,0.699,0.209,2.126,1.267,0,0,0.997
2023-01-10 05:00,1.150,0.386,0.051,2.240,1.266,0,0,0.976
2023-01-10 06:00,1.288,0.102,0.009,2.258,1.265,0,0,0.931
2023-01-10 07:00,1.388,0.015,0.002,2.254,1.265,0.511,6.879,0.809
2023-01-10 08:00,1.606,0.011,0.002,2.238,1.266,14.157,92.502,0.694
2023-01-10 09:00,1.515,0.011,0.001,2.212,1.268,35.991,171.084,0.674
2023-01-10 10:00,1.514,0.011,0,2.166,1.269,41.595,207.046,0.755
2023-01-10 11:00,1.717,0.019,0,2.097,1.268,30.212,197.914,0.802
2023-01-10 12:00,1.951,0.015,0,2.030,1.267,20.265,144.308,0.795
2023-01-10 13:00,2.181,0.013,0,1.977,1.266,6.014,50.366,0.725
2023-01-10 14:00,2.341,0.018,0,1.904,1.265,0,0.003,0.681
2023-01-10 15:00,2.322,0.023,0,1.847,1.266,0,0,0.710
2023-01-10 16:00,2.336,0.027,0,1.800,1.266,0,0,0.709
2023-01-10 17:00,2.364,0.034,0,1.759,1.266,0,0,0.708
2023-01-10 18:00,2.454,0.034,0,1.719,1.267,0,0,0.714
2023-01-10 19:00,2.565,0.028,0,1.669,1.266,0,0,0.766
2023-01-10 20:00,2.639,0.022,0,1.618,1.266,0,0,0.783
2023-01-10 21:00,2.610,0.015,0,1.573,1.266,0,0,0.727
2023-01-10 22:00,2.528,0.010,0,1.529,1.267,0,0,0.699
2023-01-10 23:00,2.387,0.010,0,1.486,1.268,0,0,0.753
2023-01-11 00:00,2.243,0.020,0,1.437,1.268,0,0,0.926
2023-01-11 01:00,2.073,0.041,0,1.378,1.269,0,0,0.997
2023-01-11 02:00,1.978,0.055,0,1.317,1.269,0,0,0.998
2023-01-11 03:00,2.042,0.051,0,1.251,1.267,0,0,0.998
2023-01-11 04:00,2.363,0.035,0,1.170,1.264,0,0,0.999
2023-01-11 05:00,2.883,0.043,0.001,1.062,1.259,0,0,0.999
2023-01-11 06:00,3.320,0.202,0.002,0.906,1.255,0,0,0.999
2023-01-11 07:00,3.462,0.589,0.001,0.725,1.253,0.169,8.034,0.998
2023-01-11 08:00,3.325,0.842,0,0.562,1.253,5.432,95.941,0.997
2023-01-11 09:00,2.974,0.876,0,0.437,1.254,10.583,174.645,0.997
2023-01-11 10:00,2.531,0.738,0,0.354,1.256,11.419,210.628,0.997
2023-01-11 11:00,2.334,0.381,0,0.300,1.256,12.030,201.476,0.997
2023-01-11 12:00,2.531,0.126,0,0.264,1.255,10.121,147.845,0.988
2023-01-11 13:00,2.822,0.031,0,0.237,1.253,4.977,53.598,0.984
2023-01-11 14:00,2.999,0.008,0,0.218,1.252,0.001,0.011,0.983
2023-01-11 15:00,3.103,0.004,0,0.204,1.252,0,0,0.982
2023-01-11 16:00,3.136,0.003,0,0.194,1.252,0,0,0.988
2023-01-11 17:00,3.202,0.003,0,0.188,1.252,0,0,0.993
2023-01-11 18:00,3.287,0.002,0,0.183,1.251,0,0,0.996
2023-01-11 19:00,3.385,0.003,0,0.178,1.251,0,0,0.997
2023-01-11 20:00,3.469,0.004,0,0.173,1.250,0,0,0.998
2023-01-11 21:00,3.457,0.005,0,0.168,1.251,0,0,0.997
2023-01-11 22:00,3.358,0.007,0,0.164,1.252,0,0,0.992
2023-01-11 23:00,3.268,0.009,0,0.159,1.252,0,0,0.988
2023-01-12 00:00,3.124,0.010,0,0.155,1.253,0,0,0.988
2023-01-12 01:00,2.931,0.012,0,0.151,1.254,0,0,0.991
2023-01-12 02:00,2.733,0.014,0,0.146,1.255,0,0,0.993
2023-01-12 03:00,2.570,0.016,0,0.140,1.256,0,0,0.971
2023-01-12 04:00,2.526,0.012,0,0.134,1.255,0,0,0.908
2023-01-12 05:00,2.608,0.014,0,0.130,1.254,0,0,0.912
2023-01-12 06:00,2.747,0.022,0,0.126,1.253,0,0,0.924
2023-01-12 07:00,2.887,0.034,0,0.122,1.252,0.586,9.341,0.899
2023-01-12 08:00,3.070,0.026,0,0.117,1.251,10.495,99.566,0.953
2023-01-12 09:00,3.319,0.043,0,0.111,1.248,16.109,178.334,0.983
2023-01-12 10:00,3.502,0.166,0,0.106,1.246,13.088,214.378,0.986
2023-01-12 11:00,3.442,0.233,0,0.103,1.246,10.270,205.226,0.950
2023-01-12 12:00,3.350,0.088,0,0.100,1.246,13.199,151.532,0.816
2023-01-12 13:00,3.227,0.019,0,0.098,1.246,6.890,57.066,0.694
2023-01-12 14:00,3.020,0.015,0,0.096,1.247,0.002,0.037,0.751
2023-01-12 15:00,2.864,0.015,0,0.095,1.248,0,0,0.842
2023-01-12 16:00,2.734,0.018,0,0.093,1.248,0,0,0.944
2023-01-12 17:00,2.599,0.020,0,0.092,1.249,0,0,0.950
2023-01-12 18:00,2.540,0.020,0,0.091,1.249,0,0,0.938
2023-01-12 19:00,2.348,0.012,0,0.090,1.249,0,0,0.889
2023-01-12 20:00,2.061,0.012,0.001,0.090,1.252,0,0,0.915
2023-01-12 21:00,1.643,0.020,0.001,0.090,1.255,0,0,0.926
2023-01-12 22:00,1.405,0.023,0.001,0.091,1.257,0,0,0.953
2023-01-12 23:00,1.304,0.021,0.002,0.091,1.258,0,0,0.969
2023-01-13 00:00,1.201,0.022,0.003,0.093,1.259,0,0,0.978
2023-01-13 01:00,1.012,0.027,0.008,0.097,1.261,0,0,0.993
2023-01-13 02:00,0.789,0.034,0.007,0.104,1.262,0,0,0.998
2023-01-13 03:00,0.694,0.031,0.005,0.110,1.262,0,0,0.998
2023-01-13 04:00,0.789,0.030,0.006,0.115,1.261,0,0,0.999
2023-01-13 05:00,1.030,0.152,0.017,0.124,1.259,0,0,0.999
2023-01-13 06:00,1.183,0.911,0.206,0.188,1.258,0,0,0.998
2023-01-13 07:00,1.197,1.597,0.503,0.628,1.257,0.314,10.810,0.997
2023-01-13 08:00,1.241,1.067,0.110,0.896,1.256,4.671,103.346,0.998
2023-01-13 09:00,1.763,0.247,0.001,0.904,1.252,9.822,182.207,0.996
2023-01-13 10:00,2.509,0.063,0,0.882,1.247,16.456,218.296,0.975
2023-01-13 11:00,3.139,0.012,0,0.857,1.243,41.619,209.164,0.824
2023-01-13 12:00,3.478,0.006,0,0.829,1.241,46.272,155.407,0.552
2023-01-13 13:00,3.385,0.009,0,0.806,1.241,12.999,60.761,0.658
2023-01-13 14:00,3.396,0.013,0,0.786,1.242,0.005,0.097,0.750
2023-01-13 15:00,3.468,0.018,0,0.765,1.242,0,0,0.684
2023-01-13 16:00,3.388,0.016,0,0.747,1.242,0,0,0.734
2023-01-13 17:00,3.320,0.055,0,0.729,1.243,0,0,0.883
2023-01-13 18:00,3.227,0.219,0,0.714,1.244,0,0,0.911
2023-01-13 19:00,3.323,0.504,0,0.698,1.243,0,0,0.906
2023-01-13 20:00,3.436,0.538,0,0.680,1.242,0,0,0.932
2023-01-13 21:00,3.546,0.230,0,0.662,1.242,0,0,0.966
2023-01-13 22:00,3.647,0.045,0,0.644,1.241,0,0,0.992
2023-01-13 23:00,3.877,0.029,0,0.621,1.240,0,0,0.988
2023-01-14 00:00,3.811,0.065,0,0.602,1.240,0,0,0.977
2023-01-14 01:00,3.937,0.200,0,0.583,1.240,0,0,0.967
2023-01-14 02:00,3.911,0.384,0.001,0.565,1.239,0,0,0.904
2023-01-14 03:00,3.887,0.379,0.001,0.549,1.239,0,0,0.889
2023-01-14 04:00,3.879,0.336,0,0.533,1.239,0,0,0.920
2023-01-14 05:00,3.786,0.233,0,0.518,1.239,0,0,0.957
2023-01-14 06:00,3.722,0.118,0,0.505,1.240,0,0,0.957
2023-01-14 07:00,3.587,0.063,0,0.495,1.242,0.494,12.455,0.913
2023-01-14 08:00,3.385,0.047,0,0.484,1.244,9.959,107.302,0.843
2023-01-14 09:00,3.356,0.055,0,0.471,1.245,23.911,186.250,0.807
2023-01-14 10:00,3.327,0.053,0,0.456,1.247,33.270,222.358,0.771
2023-01-14 11:00,3.216,0.035,0,0.441,1.248,33.146,213.226,0.759
2023-01-14 12:00,3.047,0.019,0,0.427,1.250,23.304,159.413,0.806
2023-01-14 13:00,2.788,0.015,0,0.416,1.251,6.708,64.679,0.804
2023-01-14 14:00,2.575,0.022,0,0.409,1.253,0.006,0.215,0.798
2023-01-14 15:00,2.407,0.040,0.001,0.402,1.255,0,0,0.821
2023-01-14 16:00,2.221,0.046,0.001,0.396,1.256,0,0,0.813
2023-01-14 17:00,2.053,0.032,0.001,0.391,1.257,0,0,0.881
2023-01-14 18:00,1.935,0.023,0.001,0.388,1.258,0,0,0.990
2023-01-14 19:00,1.945,0.021,0.001,0.386,1.257,0,0,0.977
2023-01-14 20:00,2.087,0.026,0,0.382,1.256,0,0,0.993
2023-01-14 21:00,2.323,0.020,0,0.377,1.254,0,0,0.998
2023-01-14 22:00,2.654,0.028,0,0.369,1.250,0,0,0.997
2023-01-14 23:00,3.032,0.195,0,0.354,1.245,0,0,0.997
2023-01-15 00:00,3.180,0.545,0,0.332,1.242,0,0,0.998
2023-01-15 01:00,3.154,0.968,0.004,0.300,1.239,0,0,0.998
2023-01-15 02:00,3.070,1.602,0.014,0.267,1.236,0,0,0.998
2023-01-15 03:00,2.985,2.314,0.005,0.232,1.233,0,0,0.998
2023-01-15 04:00,2.673,1.873,0.048,0.224,1.233,0,0,0.998
2023-01-15 05:00,2.484,0.841,0.001,0.234,1.233,0,0,0.997
2023-01-15 06:00,2.592,0.139,0,0.222,1.232,0,0,0.993
2023-01-15 07:00,2.845,0.006,0,0.212,1.231,1.045,14.282,0.943
2023-01-15 08:00,3.141,0.003,0,0.197,1.230,20.978,111.396,0.913
2023-01-15 09:00,3.379,0.002,0,0.182,1.229,58.933,190.437,0.858
2023-01-15 10:00,3.570,0.003,0,0.165,1.229,88.976,226.608,0.692
2023-01-15 11:00,3.674,0.005,0,0.147,1.228,86.569,217.476,0.618
2023-01-15 12:00,3.564,0.012,0,0.132,1.229,53.229,163.600,0.578
2023-01-15 13:00,3.335,0.016,0,0.119,1.230,15.598,68.762,0.551
2023-01-15 14:00,3.095,0.016,0,0.109,1.231,0.051,0.435,0.559
2023-01-15 15:00,3.074,0.011,0,0.101,1.231,0,0,0.520
2023-01-15 16:00,3.096,0.003,0,0.094,1.230,0,0,0.298
2023-01-15 17:00,2.964,0.002,0,0.089,1.230,0,0,0.084
2023-01-15 18:00,2.850,0.001,0,0.084,1.230,0,0,0.064
2023-01-15 19:00,2.875,0.006,0,0.080,1.229,0,0,0.199
2023-01-15 20:00,3.008,0.178,0,0.076,1.227,0,0,0.610
2023-01-15 21:00,3.191,0.482,0.001,0.068,1.225,0,0,0.940
2023-01-15 22:00,3.427,0.452,0.002,0.065,1.222,0,0,0.974
2023-01-15 23:00,3.688,0.428,0.001,0.059,1.220,0,0,0.962
2023-01-16 00:00,3.715,0.515,0.001,0.055,1.219,0,0,0.949
2023-01-16 01:00,3.590,0.484,0,0.054,1.220,0,0,0.933
2023-01-16 02:00,3.463,0.245,0,0.053,1.222,0,0,0.882
2023-01-16 03:00,3.240,0.116,0,0.051,1.224,0,0,0.699
2023-01-16 04:00,2.847,0.067,0,0.049,1.228,0,0,0.668
2023-01-16 05:00,2.472,0.022,0,0.047,1.232,0,0,0.627
2023-01-16 06:00,2.091,0.008,0,0.045,1.236,0,0,0.509
2023-01-16 07:00,1.750,0.003,0,0.044,1.239,3.798,16.303,0.359
2023-01-16 08:00,1.787,0.003,0,0.044,1.240,44.485,115.666,0.577
2023-01-16 09:00,2.272,0.007,0,0.042,1.240,70.561,194.810,0.571
2023-01-16 10:00,2.713,0.008,0,0.040,1.239,86.005,231.020,0.521
2023-01-16 11:00,2.895,0.006,0,0.038,1.239,86.661,221.851,0.437
2023-01-16 12:00,2.848,0.002,0,0.037,1.240,67.398,167.973,0.341
2023-01-16 13:00,2.556,0,0,0.036,1.242,26.839,72.993,0.180
2023-01-16 14:00,1.647,0,0,0.036,1.245,0.174,0.789,0.190
2023-01-16 15:00,0.778,0,0,0.036,1.249,0,0,0.310
2023-01-16 16:00,0.686,0.002,0,0.036,1.251,0,0,0.779
2023-01-16 17:00,1.047,0.010,0.003,0.036,1.253,0,0,0.953
2023-01-16 18:00,1.235,0.012,0.004,0.036,1.254,0,0,0.915
2023-01-16 19:00,1.172,0.016,0,0.036,1.255,0,0,0.871
2023-01-16 20:00,1.065,0.021,0.009,0.037,1.256,0,0,0.851
2023-01-16 21:00,1.019,0.025,0.013,0.037,1.257,0,0,0.841
2023-01-16 22:00,1.070,0.024,0.011,0.037,1.257,0,0,0.883
2023-01-16 23:00,1.180,0.020,0.002,0.036,1.256,0,0,0.981
2023-01-17 00:00,1.331,0.016,0.002,0.038,1.255,0,0,0.993
2023-01-17 01:00,1.506,0.012,0.002,0.040,1.253,0,0,0.993
2023-01-17 02:00,1.790,0.009,0.001,0.041,1.251,0,0,0.992
2023-01-17 03:00,2.172,0.007,0,0.040,1.248,0,0,0.996
2023-01-17 04:00,2.383,0.011,0,0.038,1.246,0,0,0.997
2023-01-17 05:00,2.456,0.017,0,0.037,1.246,0,0,0.989
2023-01-17 06:00,2.376,0.012,0,0.035,1.246,0,0,0.989
2023-01-17 07:00,2.210,0.004,0,0.034,1.247,3.558,18.529,0.993
2023-01-17 08:00,2.090,0.001,0,0.032,1.247,30.681,120.073,0.995
2023-01-17 09:00,2.180,0.002,0,0.031,1.246,54.101,199.310,0.995
2023-01-17 10:00,2.236,0.087,0,0.030,1.245,55.686,235.583,0.997
2023-01-17 11:00,1.871,0.635,0.042,0.034,1.246,33.492,226.414,0.998
2023-01-17 12:00,1.180,1.095,0.530,0.333,1.249,11.748,172.473,0.998
2023-01-17 13:00,1.049,0.675,0.205,0.699,1.248,4.521,77.389,0.966
2023-01-17 14:00,1.087,0.478,0.041,0.768,1.247,0.057,1.297,0.860
2023-01-17 15:00,1.441,0.386,0.024,0.772,1.244,0,0,0.937
2023-01-17 16:00,1.886,0.279,0.005,0.752,1.241,0,0,0.974
2023-01-17 17:00,2.242,0.114,0.001,0.719,1.238,0,0,0.992
2023-01-17 18:00,2.494,0.061,0,0.691,1.237,0,0,0.995
2023-01-17 19:00,2.643,0.038,0,0.668,1.235,0,0,0.996
2023-01-17 20:00,2.720,0.036,0,0.649,1.235,0,0,0.997
2023-01-17 21:00,2.799,0.043,0,0.633,1.235,0,0,0.996
2023-01-17 22:00,2.881,0.058,0,0.617,1.234,0,0,0.992
2023-01-17 23:00,2.945,0.122,0,0.601,1.234,0,0,0.979
2023-01-18 00:00,2.934,0.189,0,0.584,1.234,0,0,0.968
2023-01-18 01:00,2.800,0.211,0,0.567,1.235,0,0,0.962
2023-01-18 02:00,2.548,0.128,0,0.548,1.238,0,0,0.899
2023-01-18 03:00,2.183,0.039,0,0.525,1.241,0,0,0.731
2023-01-18 04:00,1.766,0.008,0,0.501,1.245,0,0,0.576
2023-01-18 05:00,1.442,0.006,0,0.482,1.247,0,0,0.503
2023-01-18 06:00,1.274,0.006,0,0.466,1.249,0,0,0.455
2023-01-18 07:00,1.174,0.005,0,0.454,1.251,4.659,20.988,0.349
2023-01-18 08:00,1.297,0.006,0,0.440,1.252,43.377,124.645,0.404
2023-01-18 09:00,1.596,0.008,0,0.420,1.252,77.568,203.974,0.489
2023-01-18 10:00,1.879,0.006,0,0.395,1.251,88.799,240.274,0.465
2023-01-18 11:00,2.069,0.003,0,0.373,1.251,92.125,231.138,0.375
2023-01-18 12:00,2.108,0.002,0,0.356,1.251,73.689,177.098,0.246
2023-01-18 13:00,1.776,0.002,0,0.347,1.252,30.356,81.941,0.142
2023-01-18 14:00,0.985,0.001,0,0.346,1.255,0.395,1.966,0.202
2023-01-18 15:00,0.412,0.001,0,0.345,1.257,0,0,0.327
2023-01-18 16:00,-0.620,0,0,0.345,1.258,0,0,0.630
2023-01-18 17:00,-1.098,0,0,0.346,1.259,0,0,0.879
2023-01-18 18:00,-1.294,0.001,0.001,0.347,1.259,0,0,0.954
2023-01-18 19:00,-1.462,0.002,0.002,0.349,1.259,0,0,0.966
2023-01-18 20:00,-1.541,0.002,0.001,0.351,1.260,0,0,0.970
2023-01-18 21:00,-1.487,0.002,0.002,0.353,1.262,0,0,0.990
2023-01-18 22:00,-0.956,0.007,0.007,0.356,1.266,0,0,0.996
2023-01-18 23:00,-0.614,0.008,0.008,0.366,1.268,0,0,0.997
2023-01-19 00:00,-0.946,0.005,0.005,0.370,1.270,0,0,0.997
2023-01-19 01:00,-1.152,0.005,0.005,0.375,1.271,0,0,0.997
2023-01-19 02:00,-1.271,0.006,0.006,0.381,1.272,0,0,0.997
2023-01-19 03:00,-1.321,0.006,0.006,0.387,1.273,0,0,0.998
2023-01-19 04:00,-1.358,0.007,0.007,0.394,1.273,0,0,0.998
2023-01-19 05:00,-1.411,0.008,0.008,0.402,1.274,0,0,0.997
2023-01-19 06:00,-1.460,0.010,0.010,0.411,1.274,0,0,0.993
2023-01-19 07:00,-1.473,0.013,0.013,0.423,1.276,4.454,23.671,0.991
2023-01-19 08:00,-1.386,0.014,0.014,0.437,1.277,32.549,129.354,0.984
2023-01-19 09:00,-1.145,0.009,0.009,0.447,1.278,67.846,208.787,0.945
2023-01-19 10:00,-0.640,0.004,0.004,0.453,1.276,99.266,245.143,0.723
2023-01-19 11:00,-0.133,0.002,0.002,0.454,1.274,107.051,235.956,0.473
2023-01-19 12:00,-0.049,0.001,0.001,0.455,1.274,80.654,181.891,0.269
2023-01-19 13:00,-0.894,0.001,0.001,0.456,1.274,34.015,86.630,0.217
2023-01-19 14:00,-2.118,0.001,0.001,0.457,1.275,0.616,2.806,0.216
2023-01-19 15:00,-2.145,0.001,0.001,0.458,1.276,0,0,0.241
2023-01-19 16:00,-2.305,0,0,0.459,1.277,0,0,0.130
2023-01-19 17:00,-2.719,0,0,0.459,1.277,0,0,0.047
2023-01-19 18:00,-2.761,0,0,0.460,1.277,0,0,0.019
2023-01-19 19:00,-2.542,0,0,0.460,1.276,0,0,0.018
2023-01-19 20:00,-2.161,0,0,0.461,1.274,0,0,0.030
2023-01-19 21:00,-1.865,0.001,0,0.462,1.274,0,0,0.111
2023-01-19 22:00,-1.691,0.001,0.001,0.463,1.274,0,0,0.284
2023-01-19 23:00,-1.278,0.002,0.002,0.464,1.275,0,0,0.361
2023-01-20 00:00,-1.364,0.002,0.001,0.466,1.276,0,0,0.389
2023-01-20 01:00,-1.417,0.002,0.001,0.468,1.277,0,0,0.451
2023-01-20 02:00,-1.335,0.003,0.001,0.469,1.277,0,0,0.455
2023-01-20 03:00,-1.211,0.003,0.001,0.470,1.278,0,0,0.466
2023-01-20 04:00,-1.062,0.005,0.002,0.472,1.278,0,0,0.466
2023-01-20 05:00,-0.862,0.008,0.004,0.475,1.278,0,0,0.453
2023-01-20 06:00,-0.699,0.016,0.005,0.481,1.279,0,0,0.462
2023-01-20 07:00,-0.467,0.040,0.013,0.489,1.280,6.488,26.594,0.479
2023-01-20 08:00,0.309,0.057,0.028,0.511,1.280,43.152,134.187,0.443
2023-01-20 09:00,0.964,0.057,0.031,0.538,1.281,82.028,213.748,0.437
2023-01-20 10:00,1.280,0.067,0.028,0.560,1.281,91.923,250.147,0.490
2023-01-20 11:00,1.378,0.083,0.022,0.579,1.281,80.360,240.954,0.507
2023-01-20 12:00,1.127,0.091,0.017,0.589,1.282,54.723,186.828,0.557
2023-01-20 13:00,0.447,0.077,0.013,0.605,1.283,19.942,91.474,0.577
2023-01-20 14:00,-0.025,0.065,0.010,0.617,1.285,0.432,3.841,0.587
2023-01-20 15:00,-0.035,0.033,0.005,0.625,1.287,0,0,0.574
2023-01-20 16:00,-0.029,0.023,0.002,0.629,1.289,0,0,0.621
2023-01-20 17:00,-0.107,0.018,0.001,0.631,1.291,0,0,0.658
2023-01-20 18:00,-0.159,0.015,0.001,0.632,1.294,0,0,0.670
2023-01-20 19:00,-0.238,0.016,0.005,0.634,1.297,0,0,0.695
2023-01-20 20:00,-0.317,0.020,0.013,0.645,1.300,0,0,0.680
2023-01-20 21:00,-0.498,0.021,0.017,0.660,1.303,0,0,0.671
2023-01-20 22:00,-0.676,0.020,0.016,0.677,1.306,0,0,0.646
2023-01-20 23:00,-0.863,0.020,0.015,0.692,1.309,0,0,0.625
2023-01-21 00:00,-1.054,0.017,0.016,0.707,1.311,0,0,0.640
2023-01-21 01:00,-1.147,0.016,0.015,0.723,1.313,0,0,0.637
2023-01-21 02:00,-1.245,0.012,0.012,0.736,1.315,0,0,0.604
2023-01-21 03:00,-1.476,0.010,0.009,0.747,1.317,0,0,0.558
2023-01-21 04:00,-1.741,0.008,0.008,0.755,1.319,0,0,0.495
2023-01-21 05:00,-1.977,0.008,0.008,0.763,1.322,0,0,0.587
2023-01-21 06:00,-2.132,0.014,0.014,0.774,1.324,0,0,0.699
2023-01-21 07:00,-2.309,0.022,0.022,0.791,1.327,6.580,29.783,0.731
2023-01-21 08:00,-2.109,0.028,0.028,0.813,1.327,40.198,139.224,0.719
2023-01-21 09:00,-1.695,0.029,0.029,0.838,1.326,72.423,218.847,0.715
2023-01-21 10:00,-1.495,0.022,0.022,0.858,1.325,94.986,255.309,0.661
2023-01-21 11:00,-1.366,0.017,0.017,0.872,1.325,96.670,246.142,0.628
2023-01-21 12:00,-1.437,0.015,0.015,0.883,1.325,73.029,191.951,0.623
2023-01-21 13:00,-1.813,0.017,0.017,0.895,1.326,30.356,96.443,0.642
2023-01-21 14:00,-2.330,0.015,0.015,0.908,1.328,0.970,5.070,0.620
2023-01-21 15:00,-2.650,0.010,0.010,0.916,1.331,0,0,0.676
2023-01-21 16:00,-3.087,0.005,0.005,0.920,1.333,0,0,0.450
2023-01-21 17:00,-3.689,0.006,0.006,0.922,1.335,0,0,0.384
2023-01-21 18:00,-4.050,0.007,0.007,0.925,1.337,0,0,0.439
2023-01-21 19:00,-4.377,0.009,0.009,0.929,1.340,0,0,0.470
2023-01-21 20:00,-4.787,0.008,0.008,0.933,1.342,0,0,0.514
2023-01-21 21:00,-5.087,0.008,0.008,0.937,1.344,0,0,0.544
2023-01-21 22:00,-5.336,0.008,0.008,0.941,1.346,0,0,0.571
2023-01-21 23:00,-5.515,0.009,0.009,0.946,1.347,0,0,0.629
2023-01-22 00:00,-5.606,0.012,0.012,0.953,1.348,0,0,0.659
2023-01-22 01:00,-5.769,0.013,0.013,0.962,1.349,0,0,0.695
2023-01-22 02:00,-5.962,0.013,0.013,0.972,1.351,0,0,0.697
2023-01-22 03:00,-6.068,0.012,0.012,0.980,1.351,0,0,0.694
2023-01-22 04:00,-6.084,0.012,0.012,0.989,1.351,0,0,0.684
2023-01-22 05:00,-6.084,0.011,0.011,0.998,1.351,0,0,0.668
2023-01-22 06:00,-6.058,0.010,0.010,1.006,1.351,0,0,0.669
2023-01-22 07:00,-5.924,0.010,0.010,1.014,1.350,9.307,33.223,0.613
2023-01-22 08:00,-5.414,0.009,0.009,1.021,1.349,54.752,144.369,0.597
2023-01-22 09:00,-4.857,0.007,0.007,1.026,1.348,98.782,224.097,0.547
2023-01-22 10:00,-4.343,0.004,0.004,1.028,1.346,126.120,260.643,0.469
2023-01-22 11:00,-3.918,0.002,0.002,1.027,1.343,128.059,251.431,0.340
2023-01-22 12:00,-3.669,0.001,0.001,1.026,1.340,102.919,197.181,0.197
2023-01-22 13:00,-4.138,0,0,1.026,1.339,46.387,101.558,0.158
2023-01-22 14:00,-4.947,0.001,0.001,1.026,1.339,1.833,6.514,0.162
2023-01-22 15:00,-5.344,0.002,0.002,1.027,1.340,0,0,0.189
2023-01-22 16:00,-5.672,0.004,0.004,1.028,1.342,0,0,0.205
2023-01-22 17:00,-5.986,0.004,0.004,1.030,1.343,0,0,0.277
2023-01-22 18:00,-6.254,0.006,0.006,1.034,1.343,0,0,0.386
2023-01-22 19:00,-6.220,0.012,0.012,1.041,1.344,0,0,0.529
2023-01-22 20:00,-5.999,0.020,0.020,1.057,1.345,0,0,0.545
2023-01-22 21:00,-5.846,0.017,0.017,1.074,1.346,0,0,0.555
2023-01-22 22:00,-5.785,0.012,0.012,1.087,1.348,0,0,0.544
2023-01-22 23:00,-5.975,0.007,0.007,1.095,1.350,0,0,0.483
2023-01-23 00:00,-6.269,0.004,0.004,1.099,1.351,0,0,0.481
2023-01-23 01:00,-6.600,0.005,0.005,1.103,1.352,0,0,0.520
2023-01-23 02:00,-6.937,0.006,0.006,1.109,1.354,0,0,0.558
2023-01-23 03:00,-7.153,0.005,0.005,1.114,1.357,0,0,0.569
2023-01-23 04:00,-7.400,0.001,0.001,1.117,1.358,0,0,0.449
2023-01-23 05:00,-7.740,0.001,0.001,1.118,1.358,0,0,0.154
2023-01-23 06:00,-8.271,0.001,0.001,1.119,1.359,0,0,0.102
2023-01-23 07:00,-8.314,0.001,0.001,1.120,1.358,15.448,36.948,0.095
2023-01-23 08:00,-7.392,0,0,1.121,1.357,82.083,149.660,0.074
2023-01-23 09:00,-6.575,0,0,1.120,1.354,142.630,229.476,0.045
2023-01-23 10:00,-5.858,0,0,1.117,1.350,172.474,266.018,0.053
2023-01-23 11:00,-5.331,0,0,1.113,1.347,164.292,256.846,0.037
2023-01-23 12:00,-5.164,0,0,1.109,1.344,124.224,202.556,0.028
2023-01-23 13:00,-5.605,0,0,1.108,1.344,55.816,106.828,0.046
2023-01-23 14:00,-6.465,0,0,1.108,1.347,2.741,8.185,0.068
2023-01-23 15:00,-6.857,0.001,0.001,1.109,1.348,0,0,0.087
2023-01-23 16:00,-6.947,0.003,0.003,1.112,1.348,0,0,0.112
2023-01-23 17:00,-6.896,0.003,0.003,1.115,1.348,0,0,0.468
2023-01-23 18:00,-6.753,0.003,0.003,1.117,1.347,0,0,0.856
2023-01-23 19:00,-6.474,0.002,0.002,1.119,1.345,0,0,0.961
2023-01-23 20:00,-5.980,0.003,0.003,1.121,1.343,0,0,0.988
2023-01-23 21:00,-5.438,0.005,0.005,1.123,1.341,0,0,0.993
2023-01-23 22:00,-5.029,0.007,0.007,1.128,1.339,0,0,0.980
2023-01-23 23:00,-4.668,0.002,0.002,1.130,1.336,0,0,0.900
2023-01-24 00:00,-4.338,0.003,0.003,1.129,1.333,0,0,0.734
2023-01-24 01:00,-3.803,0.026,0.026,1.141,1.330,0,0,0.951
2023-01-24 02:00,-3.141,0.038,0.038,1.180,1.326,0,0,0.980
2023-01-24 03:00,-2.600,0.002,0.002,1.190,1.322,0,0,0.977
2023-01-24 04:00,-2.195,0.006,0.006,1.191,1.320,0,0,0.991
2023-01-24 05:00,-1.852,0.012,0.012,1.198,1.318,0,0,0.985
2023-01-24 06:00,-1.576,0.015,0.015,1.210,1.317,0,0,0.836
2023-01-24 07:00,-1.385,0.007,0.007,1.217,1.316,8.176,40.956,0.604
2023-01-24 08:00,-0.955,0.011,0.010,1.221,1.314,44.467,155.040,0.757
2023-01-24 09:00,-0.247,0.010,0.008,1.228,1.311,64.593,234.976,0.863
2023-01-24 10:00,0.487,0.008,0.003,1.225,1.306,75.975,271.603,0.980
2023-01-24 11:00,0.978,0.012,0,1.196,1.303,55.723,262.397,0.981
2023-01-24 12:00,1.238,0.009,0,1.156,1.301,35.190,208.056,0.991
2023-01-24 13:00,1.352,0.010,0,1.117,1.299,12.147,112.205,0.995
2023-01-24 14:00,1.455,0.014,0,1.081,1.298,0.394,10.089,0.997
2023-01-24 15:00,1.529,0.005,0,1.049,1.297,0,0,0.990
2023-01-24 16:00,1.555,0.006,0,1.020,1.297,0,0,0.988
2023-01-24 17:00,1.626,0.009,0,0.992,1.297,0,0,0.997
2023-01-24 18:00,1.703,0.013,0,0.962,1.296,0,0,0.998
2023-01-24 19:00,1.795,0.018,0,0.930,1.295,0,0,0.999
2023-01-24 20:00,1.884,0.017,0,0.893,1.294,0,0,0.999
2023-01-24 21:00,1.969,0.015,0,0.853,1.293,0,0,0.998
2023-01-24 22:00,2.043,0.018,0,0.810,1.291,0,0,0.998
2023-01-24 23:00,2.120,0.023,0,0.764,1.290,0,0,0.998
2023-01-25 00:00,2.205,0.025,0,0.717,1.288,0,0,0.996
2023-01-25 01:00,2.291,0.026,0,0.671,1.287,0,0,0.981
2023-01-25 02:00,2.381,0.037,0,0.624,1.285,0,0,0.970
2023-01-25 03:00,2.482,0.032,0,0.580,1.284,0,0,0.951
2023-01-25 04:00,2.586,0.026,0,0.539,1.282,0,0,0.911
2023-01-25 05:00,2.674,0.025,0,0.501,1.281,0,0,0.885
2023-01-25 06:00,2.764,0.018,0,0.466,1.280,0,0,0.923
2023-01-25 07:00,2.861,0.016,0,0.434,1.279,3.029,45.272,0.954
2023-01-25 08:00,2.961,0.014,0,0.403,1.278,15.783,160.597,0.962
2023-01-25 09:00,3.076,0.015,0,0.374,1.277,30.205,240.658,0.981
2023-01-25 10:00,3.121,0.019,0,0.346,1.276,35.290,277.275,0.989
2023-01-25 11:00,3.064,0.029,0,0.320,1.276,31.903,268.096,0.987
2023-01-25 12:00,2.970,0.036,0,0.296,1.275,15.798,213.681,0.993
2023-01-25 13:00,2.842,0.055,0,0.276,1.275,5.567,117.736,0.992
2023-01-25 14:00,2.739,0.076,0,0.260,1.275,0.238,12.247,0.995
2023-01-25 15:00,2.657,0.089,0,0.246,1.275,0,0,0.997
2023-01-25 16:00,2.579,0.096,0,0.235,1.275,0,0,0.997
2023-01-25 17:00,2.496,0.079,0,0.225,1.275,0,0,0.997
2023-01-25 18:00,2.418,0.053,0,0.217,1.276,0,0,0.997
2023-01-25 19:00,2.379,0.027,0,0.211,1.276,0,0,0.995
2023-01-25 20:00,2.417,0.031,0,0.204,1.275,0,0,0.989
2023-01-25 21:00,2.538,0.041,0,0.198,1.274,0,0,0.987
2023-01-25 22:00,2.630,0.047,0,0.192,1.274,0,0,0.969
2023-01-25 23:00,2.534,0.051,0,0.188,1.274,0,0,0.929
2023-01-26 00:00,2.354,0.053,0,0.185,1.275,0,0,0.919
2023-01-26 01:00,2.132,0.071,0,0.182,1.276,0,0,0.933
2023-01-26 02:00,1.934,0.106,0,0.180,1.277,0,0,0.949
2023-01-26 03:00,1.817,0.125,0,0.178,1.278,0,0,0.957
2023-01-26 04:00,1.634,0.125,0,0.176,1.280,0,0,0.953
2023-01-26 05:00,1.411,0.064,0,0.174,1.282,0,0,0.956
2023-01-26 06:00,1.244,0.028,0,0.172,1.285,0,0,0.960
2023-01-26 07:00,1.065,0.016,0.004,0.172,1.288,7.679,49.888,0.946
2023-01-26 08:00,1.114,0.005,0.001,0.170,1.289,37.922,166.285,0.763
2023-01-26 09:00,1.313,0.001,0,0.163,1.289,106.820,246.450,0.555
2023-01-26 10:00,1.566,0,0,0.155,1.289,138.263,283.143,0.424
2023-01-26 11:00,1.757,0,0,0.148,1.288,146.920,273.971,0.253
2023-01-26 12:00,1.758,0,0,0.142,1.288,118.081,219.431,0.226
2023-01-26 13:00,1.314,0,0,0.139,1.290,58.016,123.381,0.177
2023-01-26 14:00,0.446,0.001,0.001,0.139,1.294,4.648,14.657,0.162
2023-01-26 15:00,-0.637,0.001,0.001,0.139,1.299,0,0,0.203
2023-01-26 16:00,-1.443,0.003,0.003,0.142,1.304,0,0,0.397
2023-01-26 17:00,-1.093,0.005,0.005,0.146,1.307,0,0,0.451
2023-01-26 18:00,-1.061,0.004,0.004,0.150,1.309,0,0,0.385
2023-01-26 19:00,-1.309,0.003,0.003,0.153,1.310,0,0,0.360
2023-01-26 20:00,-1.540,0.003,0.003,0.157,1.312,0,0,0.421
2023-01-26 21:00,-1.726,0.004,0.004,0.160,1.314,0,0,0.433
2023-01-26 22:00,-1.675,0.003,0.003,0.163,1.314,0,0,0.277
2023-01-26 23:00,-2.044,0.005,0.005,0.166,1.316,0,0,0.495
2023-01-27 00:00,-2.116,0.007,0.007,0.173,1.317,0,0,0.494
2023-01-27 01:00,-2.356,0.010,0.010,0.181,1.318,0,0,0.527
2023-01-27 02:00,-2.462,0.014,0.014,0.192,1.319,0,0,0.587
2023-01-27 03:00,-2.417,0.015,0.015,0.207,1.319,0,0,0.609
2023-01-27 04:00,-2.466,0.014,0.014,0.221,1.319,0,0,0.598
2023-01-27 05:00,-2.572,0.014,0.014,0.235,1.320,0,0,0.619
2023-01-27 06:00,-2.697,0.013,0.013,0.248,1.321,0,0,0.646
2023-01-27 07:00,-2.725,0.012,0.012,0.261,1.322,16.775,54.820,0.765
2023-01-27 08:00,-2.348,0.006,0.006,0.270,1.321,62.803,172.097,0.915
2023-01-27 09:00,-1.724,0,0,0.272,1.317,91.660,252.351,0.967
2023-01-27 10:00,-1.158,0,0,0.271,1.314,118.585,289.100,0.810
2023-01-27 11:00,-0.749,0,0,0.270,1.312,126.804,279.893,0.511
2023-01-27 12:00,-0.563,0,0,0.269,1.310,113.802,225.347,0.339
2023-01-27 13:00,-1.116,0,0,0.269,1.309,59.983,129.155,0.179
2023-01-27 14:00,-2.751,0,0,0.269,1.310,6.193,17.343,0.097
2023-01-27 15:00,-3.041,0,0,0.269,1.311,0,0,0.103
2023-01-27 16:00,-3.036,0,0,0.269,1.312,0,0,0.190
2023-01-27 17:00,-2.822,0,0,0.269,1.312,0,0,0.289
2023-01-27 18:00,-2.569,0.002,0.002,0.270,1.313,0,0,0.364
2023-01-27 19:00,-2.274,0.001,0.001,0.273,1.312,0,0,0.320
2023-01-27 20:00,-2.399,0.001,0.001,0.273,1.312,0,0,0.462
2023-01-27 21:00,-2.373,0.002,0.002,0.275,1.312,0,0,0.708
2023-01-27 22:00,-2.241,0.001,0.001,0.277,1.311,0,0,0.691
2023-01-27 23:00,-2.246,0,0,0.277,1.309,0,0,0.764
2023-01-28 00:00,-2.294,0,0,0.278,1.307,0,0,0.936
2023-01-28 01:00,-2.208,0,0,0.278,1.306,0,0,0.982
2023-01-28 02:00,-2.029,0,0,0.278,1.304,0,0,0.990
2023-01-28 03:00,-1.787,0,0,0.278,1.301,0,0,0.994
2023-01-28 04:00,-1.542,0,0,0.278,1.299,0,0,0.996
2023-01-28 05:00,-1.289,0.002,0.002,0.278,1.297,0,0,0.995
2023-01-28 06:00,-1.057,0.006,0.006,0.282,1.295,0,0.003,0.986
2023-01-28 07:00,-0.761,0.007,0.007,0.288,1.293,12.846,60.090,0.981
2023-01-28 08:00,-0.136,0.008,0.008,0.294,1.290,46.575,178.013,0.931
2023-01-28 09:00,0.460,0.008,0.003,0.298,1.287,90.463,258.388,0.691
2023-01-28 10:00,1.087,0.006,0,0.291,1.284,109.810,295.225,0.548
2023-01-28 11:00,1.567,0.004,0,0.279,1.280,115.739,285.971,0.624
2023-01-28 12:00,1.697,0.004,0,0.268,1.279,89.191,231.347,0.884
2023-01-28 13:00,1.549,0.009,0,0.261,1.278,37.391,135.069,0.961
2023-01-28 14:00,1.234,0.006,0,0.257,1.279,3.572,20.309,0.978
2023-01-28 15:00,0.768,0.002,0,0.255,1.281,0,0,0.983
2023-01-28 16:00,0.564,0.003,0.001,0.255,1.283,0,0,0.996
2023-01-28 17:00,0.457,0.007,0.005,0.256,1.284,0,0,0.990
2023-01-28 18:00,0.368,0.019,0.018,0.267,1.285,0,0,0.988
2023-01-28 19:00,0.205,0.027,0.027,0.290,1.287,0,0,0.994
2023-01-28 20:00,0.113,0.022,0.022,0.314,1.287,0,0,0.998
2023-01-28 21:00,0.031,0.012,0.012,0.331,1.287,0,0,0.998
2023-01-28 22:00,-0.047,0.006,0.006,0.339,1.287,0,0,0.997
2023-01-28 23:00,-0.052,0.004,0.004,0.343,1.286,0,0,0.995
2023-01-29 00:00,-0.059,0.004,0.004,0.347,1.285,0,0,0.995
2023-01-29 01:00,-0.083,0.007,0.007,0.352,1.285,0,0,0.996
2023-01-29 02:00,-0.107,0.025,0.025,0.367,1.285,0,0,0.995
2023-01-29 03:00,-0.178,0.027,0.027,0.397,1.284,0,0,0.996
2023-01-29 04:00,-0.297,0.018,0.018,0.418,1.284,0,0,0.996
2023-01-29 05:00,-0.344,0.008,0.008,0.431,1.283,0,0,0.995
2023-01-29 06:00,-0.643,0.009,0.009,0.437,1.283,0.002,0.025,0.984
2023-01-29 07:00,-0.732,0.012,0.012,0.449,1.283,14.157,65.668,0.983
2023-01-29 08:00,-0.595,0.013,0.013,0.460,1.282,38.923,184.075,0.992
2023-01-29 09:00,-0.096,0.006,0.006,0.467,1.278,52.560,264.513,0.997
2023-01-29 10:00,0.538,0.002,0.001,0.466,1.273,71.765,301.360,0.997
2023-01-29 11:00,0.998,0.003,0,0.456,1.269,72.824,292.218,0.996
2023-01-29 12:00,1.231,0.016,0,0.442,1.266,49.067,237.475,0.997
2023-01-29 13:00,1.401,0.066,0,0.424,1.262,17.042,141.072,0.998
2023-01-29 14:00,1.692,0.148,0,0.403,1.259,1.384,23.560,0.998
2023-01-29 15:00,2.021,0.217,0,0.376,1.255,0,0,0.997
2023-01-29 16:00,2.234,0.227,0,0.346,1.251,0,0,0.997
2023-01-29 17:00,2.371,0.160,0,0.314,1.248,0,0,0.998
2023-01-29 18:00,2.466,0.077,0,0.281,1.246,0,0,0.999
2023-01-29 19:00,2.592,0.040,0,0.250,1.243,0,0,1.000
2023-01-29 20:00,2.762,0.033,0,0.217,1.240,0,0,0.999
2023-01-29 21:00,3.096,0.033,0,0.185,1.236,0,0,0.999
2023-01-29 22:00,3.657,0.043,0,0.148,1.230,0,0,0.999
2023-01-29 23:00,3.914,0.041,0,0.118,1.227,0,0,0.996
2023-01-30 00:00,4.056,0.025,0,0.095,1.224,0,0,0.915
2023-01-30 01:00,4.100,0.007,0,0.078,1.222,0,0,0.762
2023-01-30 02:00,4.030,0.002,0,0.065,1.221,0,0,0.321
2023-01-30 03:00,3.592,0,0,0.055,1.222,0,0,0.079
2023-01-30 04:00,2.964,0,0,0.048,1.225,0,0,0.081
2023-01-30 05:00,2.405,0,0,0.043,1.228,0,0,0.186
2023-01-30 06:00,2.037,0,0,0.039,1.229,0.020,0.091,0.329
2023-01-30 07:00,1.941,0.014,0,0.036,1.230,27.624,71.548,0.499
2023-01-30 08:00,2.229,0.059,0,0.033,1.229,75.377,190.241,0.759
2023-01-30 09:00,2.578,0.060,0,0.030,1.228,86.005,270.770,0.814
2023-01-30 10:00,2.979,0.011,0,0.026,1.225,111.018,307.725,0.613
2023-01-30 11:00,3.465,0.001,0,0.023,1.223,161.027,298.478,0.345
2023-01-30 12:00,3.533,0.001,0,0.020,1.224,134.675,243.725,0.325
2023-01-30 13:00,3.180,0.002,0,0.017,1.226,69.803,147.234,0.286
2023-01-30 14:00,2.707,0.005,0,0.015,1.230,8.443,27.121,0.279
2023-01-30 15:00,2.392,0.007,0,0.014,1.233,0,0,0.366
2023-01-30 16:00,2.197,0.006,0,0.014,1.236,0,0,0.396
2023-01-30 17:00,2.074,0.005,0,0.013,1.239,0,0,0.448
2023-01-30 18:00,1.951,0.002,0,0.013,1.241,0,0,0.486
2023-01-30 19:00,1.783,0,0,0.012,1.244,0,0,0.280
2023-01-30 20:00,1.400,0,0,0.012,1.247,0,0,0.074
2023-01-30 21:00,0.977,0,0,0.012,1.250,0,0,0.047
2023-01-30 22:00,0.634,0,0,0.011,1.253,0,0,0.064
2023-01-30 23:00,-0.044,0,0,0.011,1.258,0,0,0.079
2023-01-31 00:00,-0.545,0,0,0.011,1.261,0,0,0.106
2023-01-31 01:00,-0.944,0,0,0.011,1.264,0,0,0.142
2023-01-31 02:00,-1.226,0,0,0.011,1.266,0,0,0.147
2023-01-31 03:00,-1.455,0,0,0.011,1.268,0,0,0.102
2023-01-31 04:00,-1.707,0,0,0.011,1.270,0,0,0.059
2023-01-31 05:00,-1.974,0,0,0.011,1.272,0,0,0.042
2023-01-31 06:00,-2.208,0,0,0.011,1.273,0.065,0.299,0.034
2023-01-31 07:00,-2.252,0,0,0.012,1.274,35.153,77.631,0.025
2023-01-31 08:00,-1.703,0,0,0.012,1.273,113.494,196.511,0.018
2023-01-31 09:00,-0.866,0,0,0.011,1.270,176.807,277.219,0.031
2023-01-31 10:00,-0.049,0,0,0.011,1.266,207.705,314.107,0.193
2023-01-31 11:00,0.343,0,0,0.011,1.263,194.492,304.928,0.454
2023-01-31 12:00,0.244,0,0,0.011,1.263,141.375,250.081,0.642
2023-01-31 13:00,-0.372,0,0,0.011,1.264,69.691,153.464,0.661
2023-01-31 14:00,-1.543,0,0,0.011,1.266,10.893,30.985,0.362
2023-01-31 15:00,-2.524,0,0,0.011,1.268,0,0,0.186
2023-01-31 16:00,-3.224,0,0,0.011,1.269,0,0,0.419
2023-01-31 17:00,-3.635,0,0,0.011,1.270,0,0,0.820
2023-01-31 18:00,-3.385,0.001,0.001,0.011,1.269,0,0,0.945
2023-01-31 19:00,-2.739,0.003,0.003,0.013,1.270,0,0,0.951
2023-01-31 20:00,-2.591,0.002,0.002,0.014,1.269,0,0,0.970
2023-01-31 21:00,-2.659,0.003,0.002,0.014,1.269,0,0,0.985
2023-01-31 22:00,-2.427,0.005,0.003,0.016,1.269,0,0,0.972
2023-01-31 23:00,-2.320,0.008,0.006,0.018,1.269,0,0,0.932
2023-02-01 00:00,-2.316,0.012,0.010,0.021,1.270,0,0,0.914
2023-02-01 01:00,-2.299,0.014,0.013,0.025,1.269,0,0,0.926
2023-02-01 02:00,-2.211,0.013,0.012,0.028,1.269,0,0,0.936
2023-02-01 03:00,-2.202,0.012,0.010,0.029,1.268,0,0,0.959
2023-02-01 04:00,-2.178,0.012,0.010,0.030,1.268,0,0,0.938
2023-02-01 05:00,-2.121,0.014,0.012,0.033,1.267,0,0,0.887
2023-02-01 06:00,-2.021,0.015,0.012,0.036,1.267,0.084,0.736,0.804
2023-02-01 07:00,-1.679,0.015,0.012,0.040,1.267,20.544,83.848,0.751
2023-02-01 08:00,-1.032,0.013,0.011,0.045,1.265,65.357,202.923,0.693
2023-02-01 09:00,-0.310,0.010,0.007,0.050,1.263,113.970,283.719,0.557
2023-02-01 10:00,0.168,0.012,0.010,0.055,1.261,143.320,320.725,0.554
2023-02-01 11:00,0.340,0.016,0.015,0.062,1.260,128.057,311.475,0.617
2023-02-01 12:00,0.210,0.018,0.016,0.071,1.261,95.023,256.577,0.651
2023-02-01 13:00,-0.327,0.018,0.015,0.080,1.262,49.299,159.837,0.660
2023-02-01 14:00,-1.422,0.019,0.016,0.089,1.264,8.116,35.178,0.785
2023-02-01 15:00,-1.814,0.021,0.018,0.099,1.266,0,0,0.943
2023-02-01 16:00,-1.761,0.026,0.024,0.113,1.268,0,0,0.972
2023-02-01 17:00,-1.590,0.031,0.028,0.132,1.270,0,0,0.968
2023-02-01 18:00,-1.569,0.033,0.031,0.152,1.271,0,0,0.986
2023-02-01 19:00,-1.518,0.043,0.041,0.173,1.272,0,0,0.988
2023-02-01 20:00,-1.493,0.042,0.039,0.196,1.273,0,0,0.981
2023-02-01 21:00,-1.455,0.059,0.052,0.221,1.273,0,0,0.963
2023-02-01 22:00,-1.479,0.083,0.073,0.262,1.275,0,0,0.901
2023-02-01 23:00,-1.616,0.083,0.069,0.325,1.277,0,0,0.791
2023-02-02 00:00,-1.770,0.064,0.047,0.378,1.278,0,0,0.651
2023-02-02 01:00,-2.094,0.046,0.033,0.412,1.281,0,0,0.506
2023-02-02 02:00,-2.536,0.032,0.031,0.444,1.285,0,0,0.445
2023-02-02 03:00,-2.939,0.021,0.020,0.469,1.289,0,0,0.430
2023-02-02 04:00,-3.277,0.013,0.013,0.484,1.292,0,0,0.407
2023-02-02 05:00,-3.572,0.010,0.010,0.494,1.295,0,0,0.343
2023-02-02 06:00,-3.956,0.008,0.008,0.503,1.298,0.218,1.416,0.274
2023-02-02 07:00,-4.332,0.005,0.005,0.509,1.302,33.573,90.210,0.234
2023-02-02 08:00,-3.945,0.003,0.003,0.512,1.302,101.864,209.403,0.127
2023-02-02 09:00,-3.311,0.002,0.002,0.513,1.301,167.512,290.259,0.137
2023-02-02 10:00,-2.739,0.001,0.001,0.511,1.299,191.113,327.350,0.205
2023-02-02 11:00,-2.381,0.001,0.001,0.509,1.299,186.734,318.100,0.178
2023-02-02 12:00,-2.338,0,0,0.507,1.299,157.763,263.198,0.031
2023-02-02 13:00,-2.786,0,0,0.505,1.301,92.732,166.280,0.020
2023-02-02 14:00,-4.009,0,0,0.505,1.305,16.875,39.690,0.006
2023-02-02 15:00,-5.115,0,0,0.505,1.309,0,0,0.004
2023-02-02 16:00,-5.634,0,0,0.505,1.313,0,0,0.003
2023-02-02 17:00,-6.156,0,0,0.505,1.316,0,0,0.005
2023-02-02 18:00,-6.654,0,0,0.505,1.317,0,0,0.016
2023-02-02 19:00,-7.065,0,0,0.505,1.319,0,0,0.074
2023-02-02 20:00,-7.288,0,0,0.505,1.321,0,0,0.219
2023-02-02 21:00,-7.268,0.002,0.002,0.507,1.322,0,0,0.365
2023-02-02 22:00,-7.038,0.003,0.003,0.510,1.323,0,0,0.451
2023-02-02 23:00,-7.014,0.003,0.003,0.513,1.323,0,0,0.587
2023-02-03 00:00,-7.016,0.004,0.004,0.516,1.323,0,0,0.790
2023-02-03 01:00,-7.025,0.005,0.005,0.521,1.323,0,0,0.939
2023-02-03 02:00,-7.069,0.006,0.006,0.527,1.323,0,0,0.908
2023-02-03 03:00,-7.080,0.006,0.006,0.533,1.323,0,0,0.817
2023-02-03 04:00,-7.018,0.004,0.004,0.537,1.321,0,0,0.828
2023-02-03 05:00,-6.913,0.003,0.003,0.541,1.319,0,0,0.885
2023-02-03 06:00,-6.670,0.002,0.002,0.543,1.316,0.521,2.369,0.946
2023-02-03 07:00,-5.952,0.001,0.001,0.545,1.312,30.145,96.649,0.985
2023-02-03 08:00,-4.793,0.001,0.001,0.545,1.308,79.617,215.989,0.988
2023-02-03 09:00,-3.679,0.001,0.001,0.545,1.304,122.262,296.969,0.979
2023-02-03 10:00,-2.618,0,0,0.544,1.299,147.227,334.100,0.960
2023-02-03 11:00,-1.845,0.001,0.001,0.542,1.295,137.660,324.810,0.916
2023-02-03 12:00,-1.549,0.001,0.001,0.540,1.295,94.753,269.827,0.902
2023-02-03 13:00,-1.717,0.001,0.001,0.540,1.296,47.815,172.843,0.902
2023-02-03 14:00,-2.230,0.001,0.001,0.541,1.299,9.493,44.541,0.904
2023-02-03 15:00,-2.716,0.003,0.003,0.542,1.303,0,0,0.874
2023-02-03 16:00,-2.848,0.005,0.005,0.546,1.305,0,0,0.563
2023-02-03 17:00,-3.161,0.006,0.006,0.551,1.308,0,0,0.371
2023-02-03 18:00,-3.524,0.007,0.007,0.557,1.312,0,0,0.272
2023-02-03 19:00,-3.861,0.009,0.009,0.565,1.316,0,0,0.455
2023-02-03 20:00,-3.865,0.011,0.011,0.574,1.318,0,0,0.565
2023-02-03 21:00,-3.971,0.012,0.012,0.585,1.320,0,0,0.645
2023-02-03 22:00,-4.088,0.014,0.014,0.597,1.322,0,0,0.686
2023-02-03 23:00,-4.245,0.014,0.014,0.609,1.325,0,0,0.679
2023-02-04 00:00,-4.443,0.012,0.012,0.620,1.328,0,0,0.661
2023-02-04 01:00,-4.567,0.010,0.010,0.630,1.329,0,0,0.673
2023-02-04 02:00,-4.812,0.007,0.007,0.636,1.332,0,0,0.596
2023-02-04 03:00,-5.043,0.006,0.006,0.641,1.334,0,0,0.543
2023-02-04 04:00,-5.260,0.004,0.004,0.644,1.337,0,0,0.525
2023-02-04 05:00,-5.421,0.003,0.003,0.646,1.339,0,0,0.462
2023-02-04 06:00,-5.378,0.002,0.002,0.647,1.339,0.844,3.611,0.235
2023-02-04 07:00,-5.375,0.001,0.001,0.647,1.340,46.642,103.199,0.176
2023-02-04 08:00,-4.867,0.001,0.001,0.646,1.340,127.760,222.714,0.116
2023-02-04 09:00,-4.210,0,0,0.644,1.338,193.184,303.840,0.050
2023-02-04 10:00,-3.377,0,0,0.640,1.335,231.763,340.931,0.018
2023-02-04 11:00,-2.759,0,0,0.636,1.332,225.301,331.685,0.005
2023-02-04 12:00,-2.641,0,0,0.632,1.332,180.688,276.584,0.025
2023-02-04 13:00,-3.066,0,0,0.630,1.334,105.728,179.509,0.048
2023-02-04 14:00,-4.474,0,0,0.629,1.338,22.650,49.746,0.045
2023-02-04 15:00,-6.016,0,0,0.629,1.342,0,0,0.038
2023-02-04 16:00,-6.926,0,0,0.629,1.346,0,0,0.022
2023-02-04 17:00,-7.674,0,0,0.629,1.349,0,0,0.030
2023-02-04 18:00,-8.253,0,0,0.629,1.352,0,0,0.144
2023-02-04 19:00,-8.672,0,0,0.629,1.355,0,0,0.114
2023-02-04 20:00,-8.726,0.001,0.001,0.630,1.358,0,0,0.293
2023-02-04 21:00,-8.545,0.001,0.001,0.631,1.359,0,0,0.311
2023-02-04 22:00,-8.650,0,0,0.631,1.358,0,0,0.455
2023-02-04 23:00,-8.447,0,0,0.631,1.358,0,0,0.719
2023-02-05 00:00,-8.113,0,0,0.632,1.356,0,0,0.903
2023-02-05 01:00,-7.837,0,0,0.632,1.353,0,0,0.981
2023-02-05 02:00,-7.489,0,0,0.632,1.351,0,0,0.986
2023-02-05 03:00,-7.087,0,0,0.632,1.348,0,0,0.994
2023-02-05 04:00,-6.592,0,0,0.631,1.344,0,0,0.994
2023-02-05 05:00,-6.101,0,0,0.630,1.341,0,0,0.995
2023-02-05 06:00,-5.695,0.004,0.004,0.630,1.339,0.546,5.132,0.996
2023-02-05 07:00,-5.304,0.039,0.039,0.650,1.337,15.473,109.873,0.997
2023-02-05 08:00,-4.816,0.123,0.123,0.727,1.336,34.246,229.506,0.997
2023-02-05 09:00,-4.322,0.261,0.261,0.926,1.334,42.855,310.715,0.998
2023-02-05 10:00,-3.862,0.287,0.287,1.208,1.331,39.793,347.931,0.998
2023-02-05 11:00,-3.445,0.264,0.264,1.476,1.329,36.821,338.674,0.998
2023-02-05 12:00,-3.191,0.233,0.233,1.717,1.327,31.052,283.533,0.997
2023-02-05 13:00,-3.092,0.163,0.163,1.914,1.326,21.300,186.296,0.966
2023-02-05 14:00,-3.154,0.053,0.053,2.008,1.326,8.011,55.300,0.787
2023-02-05 15:00,-3.467,0.006,0.006,2.027,1.327,0,0,0.598
2023-02-05 16:00,-3.814,0.001,0.001,2.028,1.329,0,0,0.512
2023-02-05 17:00,-4.390,0.002,0.002,2.030,1.332,0,0,0.336
2023-02-05 18:00,-4.695,0.002,0.002,2.033,1.334,0,0,0.328
2023-02-05 19:00,-4.926,0.001,0.001,2.035,1.335,0,0,0.275
2023-02-05 20:00,-5.286,0.002,0.002,2.037,1.337,0,0,0.344
2023-02-05 21:00,-5.376,0.001,0.001,2.039,1.338,0,0,0.269
2023-02-05 22:00,-5.776,0.001,0.001,2.040,1.341,0,0,0.302
2023-02-05 23:00,-5.902,0.001,0.001,2.043,1.342,0,0,0.346
2023-02-06 00:00,-6.050,0.002,0.002,2.045,1.343,0,0,0.398
2023-02-06 01:00,-5.877,0.002,0.002,2.048,1.342,0,0,0.382
2023-02-06 02:00,-6.064,0.004,0.004,2.051,1.344,0,0,0.456
2023-02-06 03:00,-5.850,0.003,0.003,2.057,1.343,0,0,0.441
2023-02-06 04:00,-5.772,0.004,0.004,2.060,1.343,0,0,0.559
2023-02-06 05:00,-5.723,0.003,0.003,2.064,1.343,0,0,0.663
2023-02-06 06:00,-5.696,0.003,0.003,2.067,1.343,1.746,6.956,0.783
2023-02-06 07:00,-5.253,0.002,0.002,2.070,1.342,41.821,116.612,0.642
2023-02-06 08:00,-4.208,0,0,2.068,1.338,131.300,236.385,0.155
2023-02-06 09:00,-3.215,0,0,2.062,1.335,208.954,317.715,0.043
2023-02-06 10:00,-2.036,0,0,2.053,1.329,240.855,354.931,0.682
2023-02-06 11:00,-1.340,0,0,2.043,1.324,174.317,345.685,0.940
2023-02-06 12:00,-1.148,0,0,2.034,1.321,121.499,290.455,0.941
2023-02-06 13:00,-1.543,0,0,2.029,1.322,57.993,193.134,0.944
2023-02-06 14:00,-2.395,0,0,2.029,1.323,14.103,61.214,0.917
2023-02-06 15:00,-3.583,0,0,2.030,1.325,0,0,0.370
2023-02-06 16:00,-4.051,0,0,2.031,1.327,0,0,0.409
2023-02-06 17:00,-3.530,0,0,2.032,1.329,0,0,0.635
2023-02-06 18:00,-3.639,0.001,0.001,2.034,1.331,0,0,0.726
2023-02-06 19:00,-3.592,0.002,0.002,2.036,1.332,0,0,0.795
2023-02-06 20:00,-3.415,0.002,0.002,2.039,1.331,0,0,0.747
2023-02-06 21:00,-3.375,0.005,0.005,2.043,1.331,0,0,0.701
2023-02-06 22:00,-3.479,0.010,0.010,2.051,1.332,0,0,0.753
2023-02-06 23:00,-3.452,0.015,0.015,2.064,1.332,0,0,0.895
2023-02-07 00:00,-3.226,0.016,0.016,2.079,1.330,0,0,0.975
2023-02-07 01:00,-2.899,0.018,0.018,2.096,1.328,0,0,0.984
2023-02-07 02:00,-2.451,0.017,0.017,2.113,1.325,0,0,0.984
2023-02-07 03:00,-1.920,0.014,0.013,2.127,1.321,0,0,0.981
2023-02-07 04:00,-1.461,0.010,0.010,2.135,1.318,0,0,0.979
2023-02-07 05:00,-1.144,0.010,0.008,2.139,1.316,0,0,0.982
2023-02-07 06:00,-0.906,0.013,0.012,2.143,1.314,1.315,9.095,0.981
2023-02-07 07:00,-0.520,0.020,0.018,2.151,1.313,24.717,123.455,0.990
2023-02-07 08:00,0.084,0.021,0.018,2.156,1.310,53.521,243.379,0.992
2023-02-07 09:00,0.682,0.030,0.006,2.124,1.307,71.268,324.801,0.993
2023-02-07 10:00,1.106,0.027,0,2.041,1.305,81.632,362.056,0.989
2023-02-07 11:00,1.453,0.009,0,1.935,1.303,93.264,352.806,0.985
2023-02-07 12:00,1.667,0.009,0,1.821,1.301,94.765,297.533,0.984
2023-02-07 13:00,1.656,0.012,0,1.712,1.301,58.626,200.112,0.986
2023-02-07 14:00,1.483,0.012,0,1.604,1.301,14.021,67.481,0.990
2023-02-07 15:00,1.303,0.009,0,1.520,1.302,0,0.003,0.989
2023-02-07 16:00,1.246,0.007,0,1.446,1.303,0,0,0.987
2023-02-07 17:00,1.271,0.008,0,1.377,1.302,0,0,0.989
2023-02-07 18:00,1.328,0.008,0,1.311,1.302,0,0,0.993
2023-02-07 19:00,1.403,0.008,0,1.247,1.302,0,0,0.995
2023-02-07 20:00,1.516,0.014,0,1.183,1.301,0,0,0.994
2023-02-07 21:00,1.509,0.017,0,1.128,1.301,0,0,0.993
2023-02-07 22:00,1.473,0.017,0,1.085,1.301,0,0,0.992
2023-02-07 23:00,1.390,0.013,0,1.044,1.302,0,0,0.994
2023-02-08 00:00,1.291,0.011,0,1.015,1.303,0,0,0.997
2023-02-08 01:00,1.227,0.011,0,0.990,1.303,0,0,0.998
2023-02-08 02:00,1.147,0.012,0,0.973,1.303,0,0,0.998
2023-02-08 03:00,1.218,0.014,0,0.958,1.303,0,0,0.997
2023-02-08 04:00,1.326,0.030,0,0.941,1.303,0,0,0.996
2023-02-08 05:00,1.280,0.033,0,0.930,1.303,0,0,0.993
2023-02-08 06:00,1.353,0.029,0,0.919,1.303,0.840,11.543,0.993
2023-02-08 07:00,1.557,0.023,0,0.903,1.302,16.992,130.371,0.991
2023-02-08 08:00,1.859,0.021,0,0.877,1.301,43.195,250.425,0.972
2023-02-08 09:00,2.196,0.020,0,0.843,1.299,65.073,331.926,0.950
2023-02-08 10:00,2.451,0.021,0,0.803,1.297,83.325,369.306,0.941
2023-02-08 11:00,2.615,0.019,0,0.759,1.296,79.998,360.009,0.951
2023-02-08 12:00,2.640,0.018,0,0.719,1.295,57.901,304.665,0.968
2023-02-08 13:00,2.537,0.021,0,0.687,1.295,34.093,207.154,0.981
2023-02-08 14:00,2.319,0.023,0,0.662,1.296,9.756,74.113,0.987
2023-02-08 15:00,2.075,0.017,0,0.639,1.296,0.001,0.028,0.988
2023-02-08 16:00,1.866,0.013,0,0.614,1.297,0,0,0.990
2023-02-08 17:00,1.791,0.011,0,0.579,1.298,0,0,0.968
2023-02-08 18:00,1.523,0.014,0,0.541,1.298,0,0,0.917
2023-02-08 19:00,1.158,0.019,0.002,0.510,1.300,0,0,0.912
2023-02-08 20:00,0.694,0.013,0.004,0.493,1.301,0,0,0.957
2023-02-08 21:00,0.250,0.008,0.008,0.494,1.303,0,0,0.978
2023-02-08 22:00,-0.082,0.004,0.004,0.499,1.303,0,0,0.973
2023-02-08 23:00,-0.305,0.001,0.001,0.501,1.303,0,0,0.973
2023-02-09 00:00,-0.343,0,0,0.500,1.301,0,0,0.985
2023-02-09 01:00,-0.234,0,0,0.498,1.299,0,0,0.994
2023-02-09 02:00,-0.064,0,0,0.496,1.297,0,0,0.994
2023-02-09 03:00,0.121,0,0,0.493,1.295,0,0,0.991
2023-02-09 04:00,0.243,0,0,0.490,1.293,0,0,0.987
2023-02-09 05:00,0.279,0,0,0.487,1.292,0,0,0.987
2023-02-09 06:00,0.317,0,0,0.484,1.291,1.975,14.310,0.990
2023-02-09 07:00,0.427,0,0,0.480,1.289,21.637,137.428,0.993
2023-02-09 08:00,0.626,0,0,0.476,1.288,47.525,257.627,0.993
2023-02-09 09:00,0.842,0,0,0.470,1.286,60.928,339.176,0.991
2023-02-09 10:00,0.972,0,0,0.465,1.285,54.129,376.637,0.991
2023-02-09 11:00,1.098,0.001,0,0.459,1.284,49.274,367.266,0.992
2023-02-09 12:00,1.235,0.001,0,0.453,1.282,50.544,311.915,0.990
2023-02-09 13:00,1.335,0.001,0,0.445,1.281,44.697,214.277,0.958
2023-02-09 14:00,1.152,0.001,0,0.436,1.280,23.721,81.015,0.950
2023-02-09 15:00,0.743,0.001,0,0.429,1.280,0.031,0.150,0.941
2023-02-09 16:00,0.590,0.003,0,0.421,1.279,0,0,0.940
2023-02-09 17:00,0.707,0.005,0,0.410,1.277,0,0,0.817
2023-02-09 18:00,0.940,0.009,0,0.392,1.275,0,0,0.461
2023-02-09 19:00,1.237,0.019,0,0.365,1.272,0,0,0.599
2023-02-09 20:00,1.655,0.027,0,0.329,1.268,0,0,0.664
2023-02-09 21:00,2.097,0.067,0,0.285,1.264,0,0,0.765
2023-02-09 22:00,2.504,0.211,0,0.239,1.260,0,0,0.827
2023-02-09 23:00,2.759,0.227,0,0.192,1.259,0,0,0.759
2023-02-10 00:00,2.333,0.049,0,0.165,1.263,0,0,0.599
2023-02-10 01:00,1.581,0.001,0,0.158,1.269,0,0,0.473
2023-02-10 02:00,0.821,0,0,0.156,1.274,0,0,0.298
2023-02-10 03:00,0.424,0,0,0.153,1.277,0,0,0.357
2023-02-10 04:00,0.274,0,0,0.152,1.279,0,0,0.370
2023-02-10 05:00,0.018,0,0,0.150,1.282,0,0,0.334
2023-02-10 06:00,-0.166,0,0,0.149,1.284,5.592,17.421,0.291
2023-02-10 07:00,-0.277,0,0,0.147,1.287,70.605,144.494,0.177
2023-02-10 08:00,0.087,0,0,0.145,1.287,160.255,264.837,0.059
2023-02-10 09:00,0.599,0,0,0.143,1.287,229.309,346.547,0.029
2023-02-10 10:00,1.035,0,0,0.141,1.286,263.345,384.012,0.170
2023-02-10 11:00,1.248,0,0,0.139,1.286,258.449,374.641,0.796
2023-02-10 12:00,1.092,0,0,0.137,1.287,195.009,319.240,0.925
2023-02-10 13:00,0.524,0,0,0.135,1.289,105.523,221.465,0.862
2023-02-10 14:00,-0.371,0,0,0.135,1.292,32.831,88.078,0.813
2023-02-10 15:00,-1.231,0,0,0.135,1.295,0.085,0.504,0.980
2023-02-10 16:00,-1.428,0,0,0.135,1.296,0,0,0.993
2023-02-10 17:00,-1.445,0.017,0.016,0.142,1.294,0,0,0.995
2023-02-10 18:00,-1.416,0.151,0.144,0.215,1.293,0,0,0.997
2023-02-10 19:00,-1.385,0.522,0.484,0.531,1.290,0,0,0.997
2023-02-10 20:00,-1.178,1.079,0.981,1.277,1.285,0,0,0.998
2023-02-10 21:00,-0.724,1.530,1.362,2.514,1.278,0,0,0.994
2023-02-10 22:00,-0.244,0.939,0.700,3.521,1.273,0,0,0.990
2023-02-10 23:00,0.330,0.302,0.209,3.817,1.268,0,0,0.994
2023-02-11 00:00,1.070,0.190,0.056,3.779,1.263,0,0,0.998
2023-02-11 01:00,1.578,0.192,0.002,3.570,1.260,0,0,0.999
2023-02-11 02:00,1.780,0.163,0.001,3.378,1.259,0,0,0.995
2023-02-11 03:00,1.563,0.077,0,3.235,1.262,0,0,0.938
2023-02-11 04:00,0.925,0.034,0.005,3.172,1.268,0,0,0.712
2023-02-11 05:00,-0.056,0.016,0.007,3.153,1.276,0,0,0.611
2023-02-11 06:00,-1.026,0.012,0.009,3.148,1.284,4.983,20.865,0.459
2023-02-11 07:00,-1.319,0.009,0.009,3.154,1.288,57.085,151.662,0.382
2023-02-11 08:00,-1.014,0.003,0.003,3.152,1.289,134.685,272.209,0.174
2023-02-11 09:00,-0.499,0.002,0.002,3.139,1.290,215.477,353.922,0.077
2023-02-11 10:00,-0.012,0.001,0.001,3.118,1.290,249.053,391.387,0.061
2023-02-11 11:00,0.404,0,0,3.088,1.290,256.209,382.130,0.021
2023-02-11 12:00,0.526,0,0,3.058,1.291,214.953,326.615,0.010
2023-02-11 13:00,0.235,0,0,3.038,1.293,139.493,228.757,0.005
2023-02-11 14:00,-0.829,0,0,3.033,1.298,47.123,95.195,0.001
2023-02-11 15:00,-2.942,0,0,3.034,1.303,0.297,1.169,0
2023-02-11 16:00,-3.697,0,0,3.036,1.307,0,0,0.001
2023-02-11 17:00,-4.154,0,0,3.037,1.311,0,0,0.014
2023-02-11 18:00,-4.475,0,0,3.038,1.314,0,0,0.016
2023-02-11 19:00,-4.684,0,0,3.039,1.317,0,0,0.032
2023-02-11 20:00,-4.726,0,0,3.040,1.318,0,0,0.517
2023-02-11 21:00,-4.021,0,0,3.041,1.319,0,0,0.867
2023-02-11 22:00,-3.682,0,0,3.042,1.319,0,0,0.631
2023-02-11 23:00,-3.550,0,0,3.042,1.318,0,0,0.536
2023-02-12 00:00,-3.610,0,0,3.043,1.318,0,0,0.872
2023-02-12 01:00,-3.363,0,0,3.044,1.317,0,0,0.972
2023-02-12 02:00,-3.045,0,0,3.045,1.315,0,0,0.963
2023-02-12 03:00,-2.791,0,0,3.046,1.314,0,0,0.963
2023-02-12 04:00,-2.512,0.001,0.001,3.047,1.312,0,0,0.984
2023-02-12 05:00,-1.903,0.001,0.001,3.048,1.309,0,0,0.994
2023-02-12 06:00,-1.508,0.004,0.004,3.049,1.308,4.003,24.648,0.995
2023-02-12 07:00,-1.022,0.010,0.010,3.053,1.306,29.625,158.949,0.997
2023-02-12 08:00,-0.461,0.013,0.013,3.060,1.303,55.364,279.584,0.998
2023-02-12 09:00,0.269,0.005,0.005,3.044,1.299,89.728,361.422,0.997
2023-02-12 10:00,0.940,0.002,0,2.921,1.296,140.390,398.894,0.987
2023-02-12 11:00,1.430,0.002,0,2.737,1.293,162.264,389.637,0.978
2023-02-12 12:00,1.580,0.004,0,2.579,1.292,118.318,334.115,0.980
2023-02-12 13:00,1.481,0.003,0,2.469,1.291,69.546,236.130,0.977
2023-02-12 14:00,1.217,0.001,0,2.397,1.292,27.463,102.434,0.977
2023-02-12 15:00,0.870,0.001,0,2.355,1.294,0.383,2.145,0.982
2023-02-12 16:00,0.686,0.006,0.003,2.323,1.296,0,0,0.992
2023-02-12 17:00,0.501,0.026,0.025,2.322,1.298,0,0,0.965
2023-02-12 18:00,0.422,0.022,0.022,2.337,1.298,0,0,0.972
2023-02-12 19:00,0.420,0.024,0.024,2.354,1.298,0,0,0.976
2023-02-12 20:00,0.433,0.019,0.019,2.370,1.298,0,0,0.978
2023-02-12 21:00,0.456,0.016,0.016,2.379,1.298,0,0,0.981
2023-02-12 22:00,0.512,0.013,0.013,2.385,1.298,0,0,0.991
2023-02-12 23:00,0.526,0.012,0.012,2.386,1.297,0,0,0.994
2023-02-13 00:00,0.519,0.010,0.010,2.385,1.297,0,0,0.994
2023-02-13 01:00,0.518,0.009,0.009,2.381,1.297,0,0,0.991
2023-02-13 02:00,0.771,0.007,0.007,2.357,1.295,0,0,0.983
2023-02-13 03:00,0.822,0.006,0.005,2.315,1.293,0,0,0.975
2023-02-13 04:00,0.393,0.006,0.006,2.311,1.296,0,0,0.981
2023-02-13 05:00,0.219,0.011,0.011,2.313,1.298,0,0,0.988
2023-02-13 06:00,0.084,0.016,0.015,2.327,1.300,4.680,28.785,0.904
2023-02-13 07:00,0.561,0.004,0.004,2.306,1.298,46.055,166.265,0.693
2023-02-13 08:00,1.035,0.004,0.004,2.226,1.295,113.229,287.037,0.645
2023-02-13 09:00,1.764,0.001,0.001,2.103,1.292,190.873,368.996,0.784
2023-02-13 10:00,2.591,0,0,1.947,1.287,232.731,406.512,0.814
2023-02-13 11:00,3.262,0,0,1.790,1.283,223.840,397.215,0.935
2023-02-13 12:00,3.585,0,0,1.658,1.280,176.105,341.615,0.949
2023-02-13 13:00,3.565,0,0,1.557,1.279,119.054,243.511,0.859
2023-02-13 14:00,3.184,0,0,1.495,1.281,53.442,109.707,0.728
2023-02-13 15:00,2.628,0,0,1.461,1.284,1.001,3.443,0.600
2023-02-13 16:00,2.274,0,0,1.426,1.288,0,0,0.697
2023-02-13 17:00,1.902,0.001,0,1.388,1.291,0,0,0.839
2023-02-13 18:00,1.557,0.004,0,1.351,1.295,0,0,0.958
2023-02-13 19:00,1.205,0.005,0.001,1.316,1.298,0,0,0.982
2023-02-13 20:00,0.906,0.007,0.005,1.287,1.301,0,0,0.989
2023-02-13 21:00,0.837,0.006,0.004,1.262,1.303,0,0,0.989
2023-02-13 22:00,0.653,0.010,0.010,1.251,1.304,0,0,0.989
2023-02-13 23:00,0.505,0.013,0.013,1.256,1.306,0,0,0.988
2023-02-14 00:00,0.376,0.012,0.012,1.266,1.307,0,0,0.988
2023-02-14 01:00,0.231,0.013,0.013,1.278,1.308,0,0,0.987
2023-02-14 02:00,0.032,0.014,0.014,1.290,1.310,0,0,0.981
2023-02-14 03:00,-0.022,0.011,0.011,1.302,1.311,0,0,0.897
2023-02-14 04:00,-0.022,0.010,0.010,1.312,1.311,0,0,0.861
2023-02-14 05:00,-0.181,0.014,0.014,1.324,1.312,0,0,0.892
2023-02-14 06:00,-0.162,0.012,0.011,1.336,1.312,9.065,33.278,0.888
2023-02-14 07:00,0.523,0.003,0.002,1.336,1.309,55.545,173.677,0.853
2023-02-14 08:00,1.385,0,0,1.302,1.304,122.687,294.544,0.782
2023-02-14 09:00,2.118,0,0,1.242,1.300,180.462,376.547,0.615
2023-02-14 10:00,3.004,0,0,1.161,1.295,240.407,414.218,0.302
2023-02-14 11:00,3.790,0,0,1.071,1.290,271.360,404.847,0.178
2023-02-14 12:00,4.144,0,0,0.993,1.287,228.406,349.196,0.163
2023-02-14 13:00,3.601,0,0,0.940,1.285,152.044,251.028,0.232
2023-02-14 14:00,1.731,0,0,0.921,1.285,58.089,117.071,0.307
2023-02-14 15:00,0.270,0,0,0.920,1.288,1.515,5.069,0.436
2023-02-14 16:00,0.091,0,0,0.921,1.293,0,0,0.745
2023-02-14 17:00,0.813,0.002,0,0.919,1.300,0,0,0.964
2023-02-14 18:00,0.636,0.017,0.016,0.921,1.305,0,0,0.989
2023-02-14 19:00,0.097,0.020,0.020,0.939,1.308,0,0,0.991
2023-02-14 20:00,-0.336,0.025,0.025,0.961,1.310,0,0,0.990
2023-02-14 21:00,-0.555,0.024,0.024,0.986,1.311,0,0,0.988
2023-02-14 22:00,-0.684,0.018,0.018,1.006,1.312,0,0,0.986
2023-02-14 23:00,-0.790,0.016,0.016,1.022,1.312,0,0,0.984
2023-02-15 00:00,-0.895,0.012,0.012,1.034,1.312,0,0,0.981
2023-02-15 01:00,-0.879,0.011,0.011,1.045,1.311,0,0,0.981
2023-02-15 02:00,-0.730,0.009,0.009,1.054,1.310,0,0,0.980
2023-02-15 03:00,-0.496,0.005,0.005,1.061,1.307,0,0,0.978
2023-02-15 04:00,-0.196,0.005,0.005,1.066,1.305,0,0,0.976
2023-02-15 05:00,-0.081,0.008,0.007,1.072,1.303,0,0,0.993
2023-02-15 06:00,0.115,0.013,0.010,1.081,1.302,6.950,38.136,0.994
2023-02-15 07:00,0.483,0.019,0.015,1.092,1.301,39.898,181.138,0.989
2023-02-15 08:00,0.963,0.019,0.006,1.086,1.298,74.221,302.158,0.978
2023-02-15 09:00,1.394,0.019,0,1.053,1.295,100.550,384.253,0.978
2023-02-15 10:00,1.665,0.016,0,1.013,1.294,119.944,421.887,0.977
2023-02-15 11:00,1.804,0.015,0,0.970,1.292,119.899,412.512,0.978
2023-02-15 12:00,1.772,0.018,0,0.932,1.291,99.011,356.828,0.979
2023-02-15 13:00,1.549,0.016,0,0.905,1.291,65.250,258.612,0.979
2023-02-15 14:00,1.137,0.016,0,0.891,1.292,26.275,124.507,0.978
2023-02-15 15:00,0.615,0.017,0,0.884,1.294,1.010,7.037,0.981
2023-02-15 16:00,0.444,0.020,0.004,0.880,1.295,0,0,0.990
2023-02-15 17:00,0.371,0.017,0.013,0.885,1.295,0,0,0.992
2023-02-15 18:00,0.240,0.014,0.011,0.895,1.295,0,0,0.955
2023-02-15 19:00,0.054,0.012,0.010,0.906,1.295,0,0,0.960
2023-02-15 20:00,-0.124,0.012,0.010,0.916,1.295,0,0,0.981
2023-02-15 21:00,-0.183,0.013,0.011,0.926,1.295,0,0,0.983
2023-02-15 22:00,-0.176,0.014,0.011,0.937,1.295,0,0,0.982
2023-02-15 23:00,-0.140,0.013,0.011,0.948,1.294,0,0,0.973
2023-02-16 00:00,-0.082,0.012,0.011,0.960,1.293,0,0,0.967
2023-02-16 01:00,0.106,0.008,0.008,0.969,1.291,0,0,0.994
2023-02-16 02:00,0.375,0.010,0.010,0.977,1.289,0,0,0.999
2023-02-16 03:00,0.587,0.009,0.008,0.982,1.287,0,0,0.999
2023-02-16 04:00,0.685,0.004,0.003,0.977,1.286,0,0,0.993
2023-02-16 05:00,0.659,0.004,0.002,0.969,1.285,0,0,0.978
2023-02-16 06:00,0.576,0.008,0.007,0.967,1.285,7.727,43.357,0.983
2023-02-16 07:00,0.750,0.014,0.004,0.959,1.284,33.175,188.675,0.994
2023-02-16 08:00,0.917,0.015,0,0.936,1.283,51.325,309.790,0.996
2023-02-16 09:00,1.236,0.012,0,0.902,1.281,77.682,391.963,0.993
2023-02-16 10:00,1.618,0.007,0,0.857,1.279,113.201,429.604,0.993
2023-02-16 11:00,1.962,0.006,0,0.808,1.276,130.735,420.296,0.990
2023-02-16 12:00,2.235,0.006,0,0.765,1.274,126.808,364.571,0.985
2023-02-16 13:00,2.267,0.014,0,0.732,1.272,76.823,266.197,0.991
2023-02-16 14:00,2.120,0.020,0,0.711,1.272,24.336,132.008,0.997
2023-02-16 15:00,1.943,0.017,0,0.698,1.272,1.023,9.345,0.998
2023-02-16 16:00,1.900,0.013,0,0.687,1.272,0,0,0.998
2023-02-16 17:00,1.827,0.012,0,0.677,1.272,0,0,0.999
2023-02-16 18:00,1.877,0.013,0,0.668,1.272,0,0,0.997
2023-02-16 19:00,1.904,0.016,0,0.658,1.271,0,0,0.992
2023-02-16 20:00,2.182,0.013,0,0.647,1.269,0,0,0.978
2023-02-16 21:00,2.158,0.013,0,0.637,1.268,0,0,0.977
2023-02-16 22:00,1.915,0.014,0,0.631,1.269,0,0,0.985
2023-02-16 23:00,2.050,0.015,0,0.622,1.269,0,0,0.992
2023-02-17 00:00,2.075,0.013,0,0.612,1.268,0,0,0.996
2023-02-17 01:00,2.053,0.013,0,0.602,1.268,0,0,0.993
2023-02-17 02:00,2.056,0.013,0,0.592,1.267,0,0,0.996
2023-02-17 03:00,2.016,0.014,0,0.583,1.267,0,0,0.998
2023-02-17 04:00,2.090,0.016,0,0.574,1.266,0,0,0.999
2023-02-17 05:00,2.199,0.065,0,0.564,1.264,0,0,0.999
2023-02-17 06:00,2.354,0.149,0,0.553,1.263,1.843,48.948,0.998
2023-02-17 07:00,2.356,0.156,0,0.541,1.262,13.977,196.278,0.998
2023-02-17 08:00,2.411,0.116,0,0.527,1.261,37.629,317.493,0.996
2023-02-17 09:00,2.568,0.031,0,0.507,1.260,80.504,399.753,0.991
2023-02-17 10:00,2.788,0.005,0,0.483,1.257,113.549,437.468,0.984
2023-02-17 11:00,2.930,0.016,0,0.452,1.254,136.148,428.097,0.980
2023-02-17 12:00,2.807,0.089,0,0.422,1.251,97.217,372.321,0.993
2023-02-17 13:00,2.460,0.301,0,0.390,1.249,37.398,273.862,0.997
2023-02-17 14:00,2.172,0.763,0.005,0.354,1.247,11.575,139.568,0.997
2023-02-17 15:00,1.964,1.407,0.036,0.339,1.245,0.314,11.998,0.998
2023-02-17 16:00,1.707,1.454,0.088,0.364,1.243,0,0,0.996
2023-02-17 17:00,1.445,1.231,0.097,0.436,1.242,0,0,0.990
2023-02-17 18:00,1.264,0.909,0.303,0.636,1.240,0,0,0.968
2023-02-17 19:00,1.304,0.536,0.029,0.771,1.237,0,0,0.899
2023-02-17 20:00,1.279,0.282,0.009,0.782,1.233,0,0,0.753
2023-02-17 21:00,1.273,0.246,0.018,0.802,1.231,0,0,0.709
2023-02-17 22:00,1.394,0.173,0.019,0.827,1.231,0,0,0.721
2023-02-17 23:00,1.440,0.114,0.013,0.841,1.234,0,0,0.713
2023-02-18 00:00,1.190,0.099,0.025,0.848,1.238,0,0,0.755
2023-02-18 01:00,0.768,0.198,0.105,0.896,1.242,0,0,0.808
2023-02-18 02:00,0.611,0.389,0.290,1.097,1.245,0,0,0.827
2023-02-18 03:00,0.622,0.470,0.270,1.376,1.246,0,0,0.825
2023-02-18 04:00,0.691,0.347,0.137,1.526,1.247,0,0,0.831
2023-02-18 05:00,0.751,0.203,0.020,1.526,1.249,0,0,0.847
2023-02-18 06:00,0.782,0.083,0.010,1.488,1.250,8.047,54.909,0.803
2023-02-18 07:00,0.881,0.026,0.003,1.435,1.252,53.683,203.903,0.749
2023-02-18 08:00,1.118,0.010,0,1.354,1.253,119.269,325.243,0.694
2023-02-18 09:00,1.536,0.004,0,1.237,1.252,181.281,407.588,0.553
2023-02-18 10:00,2.154,0.002,0,1.091,1.250,254.615,445.343,0.210
2023-02-18 11:00,2.803,0.001,0,0.936,1.247,270.112,435.972,0.146
2023-02-18 12:00,3.288,0.001,0,0.798,1.244,228.257,380.078,0.136
2023-02-18 13:00,3.415,0.001,0,0.690,1.244,159.557,281.572,0.122
2023-02-18 14:00,3.061,0.001,0,0.615,1.246,69.422,147.173,0.115
2023-02-18 15:00,2.279,0,0,0.573,1.251,4.720,15.002,0.079
2023-02-18 16:00,1.535,0,0,0.558,1.257,0,0,0.061
2023-02-18 17:00,0.993,0,0,0.554,1.261,0,0,0.053
2023-02-18 18:00,0.562,0,0,0.551,1.264,0,0,0.040
2023-02-18 19:00,0.169,0,0,0.549,1.267,0,0,0.029
2023-02-18 20:00,-0.267,0,0,0.548,1.270,0,0,0.029
2023-02-18 21:00,-0.757,0,0,0.547,1.273,0,0,0.040
2023-02-18 22:00,-1.130,0,0,0.545,1.275,0,0,0.059
2023-02-18 23:00,-1.363,0,0,0.544,1.277,0,0,0.099
2023-02-19 00:00,-1.473,0,0,0.542,1.278,0,0,0.170
2023-02-19 01:00,-1.533,0,0,0.541,1.279,0,0,0.189
2023-02-19 02:00,-1.630,0,0,0.539,1.279,0,0,0.162
2023-02-19 03:00,-1.878,0,0,0.537,1.281,0,0,0.315
2023-02-19 04:00,-2.061,0,0,0.536,1.282,0,0,0.416
2023-02-19 05:00,-2.237,0,0,0.534,1.283,0,0,0.417
2023-02-19 06:00,-2.369,0,0,0.532,1.284,22.323,61.258,0.386
2023-02-19 07:00,-2.048,0,0,0.530,1.283,102.585,211.632,0.329
2023-02-19 08:00,-1.296,0,0,0.527,1.281,194.192,333.040,0.270
2023-02-19 09:00,-0.324,0,0,0.522,1.277,266.397,415.459,0.200
2023-02-19 10:00,0.634,0,0,0.514,1.273,309.179,453.300,0.087
2023-02-19 11:00,1.291,0,0,0.505,1.271,310.976,443.921,0.029
2023-02-19 12:00,1.533,0,0,0.495,1.270,264.786,387.953,0.017
2023-02-19 13:00,1.342,0,0,0.486,1.270,184.106,289.403,0.018
2023-02-19 14:00,0.687,0,0,0.481,1.272,83.711,154.859,0.021
2023-02-19 15:00,-0.321,0,0,0.478,1.277,6.627,18.363,0.021
2023-02-19 16:00,-1.121,0,0,0.477,1.281,0,0,0.018
2023-02-19 17:00,-2.059,0,0,0.476,1.285,0,0,0.014
2023-02-19 18:00,-2.721,0,0,0.476,1.288,0,0,0.018
2023-02-19 19:00,-3.298,0,0,0.477,1.291,0,0,0.323
2023-02-19 20:00,-3.719,0,0,0.477,1.293,0,0,0.929
2023-02-19 21:00,-4.003,0,0,0.477,1.294,0,0,0.946
2023-02-19 22:00,-4.095,0,0,0.477,1.295,0,0,0.943
2023-02-19 23:00,-3.983,0,0,0.478,1.294,0,0,0.945
2023-02-20 00:00,-3.792,0,0,0.478,1.293,0,0,0.954
2023-02-20 01:00,-3.622,0,0,0.478,1.291,0,0,0.976
2023-02-20 02:00,-3.378,0,0,0.478,1.288,0,0,0.985
2023-02-20 03:00,-3.028,0.009,0.009,0.482,1.285,0,0,0.992
2023-02-20 04:00,-2.667,0.138,0.133,0.545,1.281,0,0,0.993
2023-02-20 05:00,-2.359,0.494,0.458,0.845,1.276,0,0,0.994
2023-02-20 06:00,-1.931,0.741,0.736,1.464,1.271,4.222,67.974,0.963
2023-02-20 07:00,-1.141,1.180,1.126,2.384,1.263,28.388,219.380,0.918
2023-02-20 08:00,-0.140,2.042,1.968,3.953,1.254,48.548,340.871,0.895
2023-02-20 09:00,0.573,1.768,1.538,5.587,1.247,64.890,423.412,0.871
2023-02-20 10:00,0.772,0.814,0.449,6.148,1.244,65.428,461.175,0.868
2023-02-20 11:00,1.274,0.161,0.024,5.868,1.239,72.706,451.803,0.721
2023-02-20 12:00,1.829,0.016,0.002,5.254,1.236,122.618,395.902,0.417
2023-02-20 13:00,1.941,0.002,0,4.544,1.236,155.583,297.193,0.211
2023-02-20 14:00,1.650,0.001,0.001,4.075,1.238,76.301,162.552,0.188
2023-02-20 15:00,1.223,0.002,0.001,3.844,1.241,6.667,22.089,0.220
2023-02-20 16:00,0.807,0.004,0.003,3.750,1.245,0,0,0.200
2023-02-20 17:00,0.379,0.002,0.002,3.696,1.249,0,0,0.244
2023-02-20 18:00,-0.155,0.002,0.002,3.668,1.253,0,0,0.415
2023-02-20 19:00,-0.633,0.008,0.008,3.665,1.256,0,0,0.518
2023-02-20 20:00,-1.041,0.011,0.011,3.674,1.259,0,0,0.554
2023-02-20 21:00,-1.419,0.022,0.022,3.690,1.261,0,0,0.700
2023-02-20 22:00,-1.542,0.066,0.063,3.733,1.263,0,0,0.929
2023-02-20 23:00,-1.514,0.109,0.104,3.822,1.264,0,0,0.970
2023-02-21 00:00,-1.553,0.092,0.087,3.922,1.265,0,0,0.964
2023-02-21 01:00,-1.623,0.035,0.032,3.978,1.266,0,0,0.915
2023-02-21 02:00,-1.795,0.010,0.010,3.995,1.267,0,0,0.694
2023-02-21 03:00,-1.955,0.007,0.007,4.003,1.269,0,0,0.576
2023-02-21 04:00,-2.021,0.008,0.008,4.012,1.270,0,0,0.568
2023-02-21 05:00,-1.999,0.025,0.024,4.027,1.272,0,0.002,0.626
2023-02-21 06:00,-1.658,0.115,0.112,4.094,1.274,19.328,75.074,0.759
2023-02-21 07:00,-0.891,0.265,0.255,4.291,1.275,54.167,227.172,0.830
2023-02-21 08:00,-0.476,0.235,0.215,4.524,1.275,79.221,348.820,0.836
2023-02-21 09:00,-0.191,0.140,0.138,4.678,1.277,111.442,431.334,0.813
2023-02-21 10:00,0.044,0.092,0.087,4.758,1.279,136.522,469.175,0.752
2023-02-21 11:00,0.193,0.065,0.054,4.785,1.281,162.612,459.803,0.541
2023-02-21 12:00,0.140,0.052,0.045,4.796,1.283,173.240,403.788,0.367
2023-02-21 13:00,-0.217,0.032,0.032,4.799,1.286,133.726,305.068,0.354
2023-02-21 14:00,-0.890,0.013,0.012,4.795,1.290,62.524,170.339,0.332
2023-02-21 15:00,-1.799,0.009,0.009,4.794,1.294,6.995,26.180,0.329
2023-02-21 16:00,-2.723,0.005,0.005,4.799,1.298,0,0,0.231
2023-02-21 17:00,-3.527,0.004,0.004,4.804,1.302,0,0,0.226
2023-02-21 18:00,-4.082,0.003,0.003,4.808,1.305,0,0,0.239
2023-02-21 19:00,-4.379,0.002,0.002,4.811,1.307,0,0,0.239
2023-02-21 20:00,-4.538,0.002,0.002,4.814,1.309,0,0,0.204
2023-02-21 21:00,-4.672,0.003,0.003,4.818,1.310,0,0,0.218
2023-02-21 22:00,-4.768,0.005,0.005,4.823,1.311,0,0,0.306
2023-02-21 23:00,-4.680,0.006,0.006,4.830,1.312,0,0,0.478
2023-02-22 00:00,-4.544,0.007,0.007,4.837,1.313,0,0,0.506
2023-02-22 01:00,-4.419,0.007,0.007,4.845,1.313,0,0,0.517
2023-02-22 02:00,-4.359,0.006,0.006,4.852,1.313,0,0,0.499
2023-02-22 03:00,-4.484,0.005,0.005,4.858,1.314,0,0,0.641
2023-02-22 04:00,-4.619,0.005,0.005,4.864,1.315,0,0,0.850
2023-02-22 05:00,-4.578,0.005,0.005,4.870,1.315,0.004,0.029,0.958
2023-02-22 06:00,-4.340,0.005,0.005,4.875,1.315,28.697,82.540,0.974
2023-02-22 07:00,-3.128,0.006,0.006,4.878,1.313,101.231,235.025,0.974
2023-02-22 08:00,-1.994,0.009,0.009,4.859,1.309,168.625,356.746,0.978
2023-02-22 09:00,-1.305,0.013,0.013,4.829,1.307,209.682,439.334,0.983
2023-02-22 10:00,-0.852,0.015,0.015,4.802,1.306,204.787,477.256,0.979
2023-02-22 11:00,-0.629,0.011,0.011,4.776,1.305,210.659,467.803,0.984
2023-02-22 12:00,-0.641,0.010,0.010,4.746,1.304,167.465,411.784,0.981
2023-02-22 13:00,-0.835,0.013,0.013,4.719,1.304,110.112,313.025,0.984
2023-02-22 14:00,-1.227,0.008,0.008,4.713,1.304,48.947,178.130,0.985
2023-02-22 15:00,-2.198,0.002,0.002,4.716,1.305,6.823,30.635,0.978
2023-02-22 16:00,-3.138,0.001,0.001,4.717,1.305,0,0,0.970
2023-02-22 17:00,-3.376,0.001,0.001,4.719,1.306,0,0,0.973
2023-02-22 18:00,-3.328,0.002,0.002,4.721,1.307,0,0,0.976
2023-02-22 19:00,-3.335,0.002,0.001,4.724,1.307,0,0,0.978
2023-02-22 20:00,-3.297,0.002,0.001,4.726,1.306,0,0,0.980
2023-02-22 21:00,-3.104,0.003,0.003,4.728,1.305,0,0,0.982
2023-02-22 22:00,-2.820,0.007,0.006,4.732,1.304,0,0,0.985
2023-02-22 23:00,-2.429,0.012,0.011,4.740,1.302,0,0,0.987
2023-02-23 00:00,-2.082,0.022,0.021,4.755,1.300,0,0,0.983
2023-02-23 01:00,-1.866,0.047,0.046,4.786,1.298,0,0,0.982
2023-02-23 02:00,-1.726,0.113,0.109,4.859,1.296,0,0,0.984
2023-02-23 03:00,-1.571,0.254,0.243,5.031,1.295,0,0,0.992
2023-02-23 04:00,-1.418,0.425,0.397,5.367,1.294,0,0,0.996
2023-02-23 05:00,-1.291,0.466,0.422,5.779,1.292,0.003,0.197,0.997
2023-02-23 06:00,-1.121,0.453,0.403,6.182,1.291,8.254,90.252,0.996
2023-02-23 07:00,-0.789,0.505,0.449,6.601,1.289,30.876,242.900,0.997
2023-02-23 08:00,-0.455,0.466,0.414,7.034,1.287,42.806,364.702,0.997
2023-02-23 09:00,-0.119,0.351,0.303,7.370,1.285,55.301,447.409,0.996
2023-02-23 10:00,0.239,0.276,0.239,7.569,1.283,80.678,485.256,0.989
2023-02-23 11:00,0.491,0.278,0.246,7.650,1.280,93.161,475.885,0.989
2023-02-23 12:00,0.553,0.287,0.233,7.717,1.279,72.840,419.858,0.990
2023-02-23 13:00,0.518,0.233,0.200,7.812,1.278,49.393,320.903,0.989
2023-02-23 14:00,0.321,0.140,0.105,7.907,1.277,27.045,186.005,0.978
2023-02-23 15:00,-0.544,0.066,0.034,7.959,1.277,5.032,35.462,0.917
2023-02-23 16:00,-1.420,0.033,0.009,7.972,1.277,0,0,0.765
2023-02-23 17:00,-1.926,0.013,0.005,7.975,1.279,0,0,0.584
2023-02-23 18:00,-2.162,0.009,0.008,7.980,1.281,0,0,0.646
2023-02-23 19:00,-2.357,0.016,0.014,7.992,1.283,0,0,0.723
2023-02-23 20:00,-2.577,0.018,0.016,8.009,1.285,0,0,0.795
2023-02-23 21:00,-2.840,0.021,0.021,8.027,1.287,0,0,0.938
2023-02-23 22:00,-3.020,0.024,0.023,8.050,1.287,0,0,0.997
2023-02-23 23:00,-3.103,0.022,0.022,8.074,1.288,0,0,0.998
2023-02-24 00:00,-3.166,0.020,0.020,8.095,1.287,0,0,0.998
2023-02-24 01:00,-3.223,0.021,0.021,8.115,1.286,0,0,0.998
2023-02-24 02:00,-3.269,0.021,0.021,8.136,1.285,0,0,0.996
2023-02-24 03:00,-3.233,0.016,0.016,8.154,1.283,0,0,0.985
2023-02-24 04:00,-3.260,0.014,0.014,8.169,1.282,0,0,0.979
2023-02-24 05:00,-3.334,0.017,0.017,8.185,1.280,0.088,0.653,0.975
2023-02-24 06:00,-3.079,0.020,0.020,8.204,1.279,26.217,98.070,0.934
2023-02-24 07:00,-2.023,0.020,0.020,8.222,1.276,86.309,250.836,0.952
2023-02-24 08:00,-1.140,0.025,0.025,8.225,1.273,134.042,372.702,0.988
2023-02-24 09:00,-0.664,0.026,0.025,8.220,1.270,147.134,455.416,0.997
2023-02-24 10:00,-0.347,0.028,0.028,8.210,1.268,133.292,493.381,0.997
2023-02-24 11:00,-0.144,0.031,0.030,8.198,1.267,107.083,484.010,0.997
2023-02-24 12:00,-0.061,0.033,0.032,8.198,1.265,76.310,427.865,0.997
2023-02-24 13:00,-0.106,0.034,0.033,8.211,1.265,47.083,328.903,0.997
2023-02-24 14:00,-0.330,0.029,0.028,8.233,1.265,22.510,193.920,0.997
2023-02-24 15:00,-0.773,0.024,0.023,8.256,1.266,3.540,40.665,0.996
2023-02-24 16:00,-1.126,0.014,0.013,8.273,1.268,0,0,0.996
2023-02-24 17:00,-1.392,0.009,0.008,8.282,1.269,0,0,0.996
2023-02-24 18:00,-1.687,0.009,0.008,8.289,1.271,0,0,0.996
2023-02-24 19:00,-1.980,0.014,0.013,8.298,1.272,0,0,0.995
2023-02-24 20:00,-2.273,0.025,0.024,8.317,1.274,0,0,0.989
2023-02-24 21:00,-2.517,0.046,0.046,8.352,1.276,0,0,0.979
2023-02-24 22:00,-2.751,0.084,0.084,8.417,1.278,0,0,0.969
2023-02-24 23:00,-2.723,0.119,0.119,8.522,1.278,0,0,0.972
2023-02-25 00:00,-2.496,0.245,0.245,8.708,1.278,0,0,0.985
2023-02-25 01:00,-2.521,0.285,0.285,8.975,1.279,0,0,0.990
2023-02-25 02:00,-2.446,0.269,0.269,9.248,1.279,0,0,0.992
2023-02-25 03:00,-2.307,0.215,0.215,9.478,1.278,0,0,0.981
2023-02-25 04:00,-2.252,0.180,0.180,9.663,1.279,0,0,0.952
2023-02-25 05:00,-2.281,0.151,0.151,9.814,1.279,0.115,1.444,0.925
2023-02-25 06:00,-2.217,0.161,0.161,9.958,1.280,22.220,105.934,0.884
2023-02-25 07:00,-1.764,0.150,0.150,10.088,1.279,71.584,258.789,0.843
2023-02-25 08:00,-1.128,0.137,0.135,10.185,1.277,122.218,380.777,0.795
2023-02-25 09:00,-0.516,0.147,0.144,10.258,1.275,166.164,463.541,0.718
2023-02-25 10:00,-0.035,0.125,0.109,10.290,1.274,214.773,501.506,0.654
2023-02-25 11:00,0.163,0.096,0.087,10.263,1.274,210.600,492.084,0.640
2023-02-25 12:00,0.082,0.089,0.085,10.225,1.276,171.034,435.990,0.544
2023-02-25 13:00,-0.123,0.065,0.062,10.186,1.278,126.798,336.985,0.509
2023-02-25 14:00,-0.468,0.056,0.040,10.144,1.280,75.502,201.836,0.435
2023-02-25 15:00,-1.089,0.033,0.025,10.109,1.284,14.658,46.248,0.280
2023-02-25 16:00,-1.723,0.016,0.014,10.085,1.289,0,0,0.148
2023-02-25 17:00,-2.434,0.005,0.005,10.068,1.293,0,0,0.056
2023-02-25 18:00,-3.290,0.002,0.002,10.061,1.298,0,0,0.214
2023-02-25 19:00,-3.951,0.004,0.004,10.061,1.302,0,0,0.393
2023-02-25 20:00,-4.303,0.005,0.005,10.064,1.305,0,0,0.390
2023-02-25 21:00,-4.686,0.009,0.009,10.069,1.307,0,0,0.499
2023-02-25 22:00,-4.951,0.012,0.012,10.079,1.309,0,0,0.503
2023-02-25 23:00,-4.997,0.015,0.015,10.092,1.310,0,0,0.511
2023-02-26 00:00,-4.936,0.023,0.022,10.112,1.310,0,0,0.488
2023-02-26 01:00,-4.695,0.030,0.029,10.139,1.309,0,0,0.455
2023-02-26 02:00,-4.330,0.036,0.030,10.172,1.308,0,0,0.431
2023-02-26 03:00,-4.259,0.046,0.030,10.209,1.309,0,0,0.436
2023-02-26 04:00,-4.129,0.041,0.027,10.246,1.309,0,0,0.445
2023-02-26 05:00,-4.312,0.030,0.018,10.276,1.310,0.373,2.585,0.417
2023-02-26 06:00,-4.288,0.043,0.032,10.307,1.311,37.397,113.829,0.444
2023-02-26 07:00,-3.712,0.053,0.039,10.337,1.310,115.865,266.792,0.370
2023-02-26 08:00,-2.495,0.051,0.041,10.348,1.305,202.577,388.827,0.341
2023-02-26 09:00,-1.356,0.049,0.033,10.333,1.300,255.203,471.626,0.422
2023-02-26 10:00,-0.308,0.061,0.033,10.292,1.296,265.486,509.627,0.469
2023-02-26 11:00,0.396,0.075,0.045,10.234,1.293,238.927,500.216,0.555
2023-02-26 12:00,0.631,0.060,0.028,10.051,1.292,186.954,444.065,0.557
2023-02-26 13:00,0.623,0.053,0.025,9.819,1.292,144.231,344.985,0.525
2023-02-26 14:00,0.449,0.040,0.027,9.728,1.293,82.907,209.777,0.447
2023-02-26 15:00,-0.095,0.022,0.014,9.722,1.295,16.613,52.200,0.375
2023-02-26 16:00,-0.962,0.008,0.004,9.725,1.298,0,0,0.342
2023-02-26 17:00,-1.891,0.006,0.001,9.728,1.301,0,0,0.355
2023-02-26 18:00,-2.530,0.033,0.029,9.747,1.304,0,0,0.482
2023-02-26 19:00,-2.983,0.044,0.043,9.788,1.307,0,0,0.565
2023-02-26 20:00,-3.144,0.052,0.052,9.839,1.309,0,0,0.541
2023-02-26 21:00,-3.351,0.062,0.062,9.899,1.310,0,0,0.611
2023-02-26 22:00,-3.407,0.065,0.065,9.965,1.311,0,0,0.731
2023-02-26 23:00,-3.332,0.077,0.076,10.039,1.312,0,0,0.774
2023-02-27 00:00,-3.369,0.115,0.109,10.136,1.312,0,0,0.687
2023-02-27 01:00,-3.409,0.143,0.129,10.264,1.313,0,0,0.624
2023-02-27 02:00,-3.440,0.131,0.124,10.398,1.314,0,0,0.632
2023-02-27 03:00,-3.331,0.147,0.140,10.537,1.314,0,0,0.610
2023-02-27 04:00,-3.106,0.069,0.064,10.641,1.313,0,0,0.596
2023-02-27 05:00,-3.073,0.018,0.015,10.682,1.312,0.811,4.089,0.520
2023-02-27 06:00,-2.502,0.015,0.013,10.698,1.311,46.308,121.756,0.510
2023-02-27 07:00,-0.666,0.007,0.005,10.672,1.306,130.497,274.792,0.387
2023-02-27 08:00,0.601,0.002,0,10.289,1.299,238.000,396.902,0.299
2023-02-27 09:00,1.515,0.001,0,9.520,1.294,310.595,479.747,0.108
2023-02-27 10:00,2.407,0,0,8.603,1.289,359.668,517.790,0.045
2023-02-27 11:00,3.170,0,0,7.703,1.284,355.055,508.381,0.059
2023-02-27 12:00,3.650,0,0,6.938,1.281,303.132,452.190,0.088
2023-02-27 13:00,3.647,0,0,6.374,1.279,228.351,353.066,0.011
2023-02-27 14:00,2.865,0,0,6.029,1.279,128.412,217.777,0.039
2023-02-27 15:00,1.629,0,0,5.886,1.280,26.746,58.529,0.331
2023-02-27 16:00,1.247,0,0,5.844,1.282,0,0,0.787
2023-02-27 17:00,1.241,0,0,5.804,1.285,0,0,0.949
2023-02-27 18:00,0.745,0,0,5.795,1.287,0,0,0.951
2023-02-27 19:00,0.643,0,0,5.792,1.288,0,0,0.907
2023-02-27 20:00,0.465,0,0,5.786,1.291,0,0,0.559
2023-02-27 21:00,0.078,0,0,5.776,1.294,0,0,0.249
2023-02-27 22:00,-0.260,0.003,0.003,5.766,1.298,0,0,0.170
2023-02-27 23:00,-0.474,0.003,0.003,5.763,1.301,0,0,0.192
2023-02-28 00:00,-0.686,0.006,0.006,5.765,1.303,0,0,0.262
2023-02-28 01:00,-0.661,0.003,0.003,5.767,1.304,0,0,0.330
2023-02-28 02:00,-0.756,0.008,0.008,5.771,1.306,0,0,0.465
2023-02-28 03:00,-0.693,0.010,0.010,5.778,1.307,0,0,0.558
2023-02-28 04:00,-0.548,0.013,0.013,5.788,1.307,0,0,0.605
2023-02-28 05:00,-0.546,0.013,0.013,5.796,1.308,1.113,5.951,0.610
2023-02-28 06:00,-0.118,0.005,0.005,5.795,1.306,40.421,129.725,0.547
2023-02-28 07:00,0.806,0,0,5.663,1.300,129.353,282.867,0.584
2023-02-28 08:00,1.685,0,0,5.290,1.295,253.728,405.027,0.788
2023-02-28 09:00,2.548,0,0,4.802,1.289,340.833,487.872,0.854
2023-02-28 10:00,3.388,0,0,4.263,1.283,373.993,525.884,0.922
2023-02-28 11:00,4.059,0,0,3.740,1.279,364.341,516.477,0.950
2023-02-28 12:00,4.424,0,0,3.298,1.276,314.358,460.322,0.947
2023-02-28 13:00,4.371,0,0,2.975,1.274,229.536,361.117,0.946
2023-02-28 14:00,3.717,0,0,2.774,1.275,122.843,225.818,0.946
2023-02-28 15:00,2.692,0,0,2.686,1.277,25.416,65.235,0.951
2023-02-28 16:00,2.059,0,0,2.651,1.281,0,0,0.953
2023-02-28 17:00,1.672,0,0,2.625,1.285,0,0,0.955
2023-02-28 18:00,1.288,0.001,0,2.604,1.289,0,0,0.960
2023-02-28 19:00,0.796,0.001,0,2.586,1.293,0,0,0.972
2023-02-28 20:00,0.815,0.003,0,2.570,1.297,0,0,0.984
2023-02-28 21:00,0.582,0.015,0.013,2.558,1.301,0,0,0.992
2023-02-28 22:00,0.363,0.020,0.020,2.558,1.303,0,0,0.992
2023-02-28 23:00,0.136,0.013,0.013,2.564,1.305,0,0,0.989
2023-03-01 00:00,-0.166,0.015,0.015,2.577,1.307,0,0,0.981
2023-03-01 01:00,-0.410,0.012,0.012,2.587,1.308,0,0,0.977
2023-03-01 02:00,-0.664,0.012,0.012,2.600,1.309,0,0,0.975
2023-03-01 03:00,-0.873,0.009,0.009,2.610,1.310,0,0,0.975
2023-03-01 04:00,-1.013,0.009,0.009,2.620,1.310,0,0,0.975
2023-03-01 05:00,-1.055,0.009,0.009,2.630,1.311,1.720,8.170,0.973
2023-03-01 06:00,-0.628,0.003,0.003,2.635,1.309,47.355,137.741,0.962
2023-03-01 07:00,0.081,0.001,0.001,2.629,1.306,134.702,290.877,0.967
2023-03-01 08:00,1.207,0,0,2.526,1.299,244.124,413.108,0.962
2023-03-01 09:00,2.365,0,0,2.313,1.292,320.868,496.071,0.928
2023-03-01 10:00,3.443,0,0,2.059,1.285,370.752,534.054,0.770
2023-03-01 11:00,4.315,0,0,1.807,1.279,367.635,524.705,0.562
2023-03-01 12:00,4.836,0,0,1.591,1.274,321.741,468.447,0.410
2023-03-01 13:00,4.849,0,0,1.430,1.271,239.976,369.198,0.273
2023-03-01 14:00,4.280,0,0,1.325,1.271,135.526,233.858,0.194
2023-03-01 15:00,3.014,0,0,1.279,1.274,32.180,72.348,0.293
2023-03-01 16:00,2.139,0,0,1.264,1.280,0,0,0.353
2023-03-01 17:00,1.799,0.001,0,1.254,1.285,0,0,0.568
2023-03-01 18:00,1.502,0.003,0,1.241,1.290,0,0,0.776
2023-03-01 19:00,1.097,0.008,0,1.218,1.295,0,0,0.940
2023-03-01 20:00,1.020,0.004,0,1.187,1.296,0,0,0.900
2023-03-01 21:00,0.769,0.004,0.001,1.160,1.298,0,0,0.942
2023-03-01 22:00,0.610,0.006,0.005,1.142,1.299,0,0,0.922
2023-03-01 23:00,0.488,0.009,0.008,1.135,1.299,0,0,0.919
2023-03-02 00:00,0.414,0.009,0.008,1.132,1.300,0,0,0.895
2023-03-02 01:00,0.260,0.009,0.009,1.130,1.300,0,0,0.916
2023-03-02 02:00,-0.012,0.014,0.014,1.142,1.301,0,0,0.955
2023-03-02 03:00,-0.075,0.010,0.010,1.153,1.301,0,0,0.954
2023-03-02 04:00,-0.243,0.009,0.009,1.162,1.302,0,0,0.905
2023-03-02 05:00,-0.565,0.011,0.011,1.171,1.303,2.225,10.751,0.764
2023-03-02 06:00,-0.309,0.003,0.003,1.178,1.301,46.353,145.741,0.374
2023-03-02 07:00,0.318,0,0,1.174,1.298,174.977,298.999,0.141
2023-03-02 08:00,1.463,0,0,1.124,1.291,295.244,421.240,0.424
2023-03-02 09:00,2.584,0,0,1.025,1.284,346.383,504.207,0.795
2023-03-02 10:00,3.478,0,0,0.919,1.278,347.980,542.290,0.947
2023-03-02 11:00,3.988,0,0,0.827,1.273,282.214,532.875,0.980
2023-03-02 12:00,4.154,0,0,0.755,1.269,206.191,476.572,0.984
2023-03-02 13:00,3.962,0,0,0.701,1.267,118.323,377.323,0.978
2023-03-02 14:00,3.555,0,0,0.666,1.268,51.374,241.921,0.991
2023-03-02 15:00,2.978,0,0,0.645,1.270,19.915,79.813,0.896
2023-03-02 16:00,2.113,0,0,0.635,1.274,0.001,0.003,0.349
2023-03-02 17:00,1.796,0,0,0.629,1.277,0,0,0.208
2023-03-02 18:00,1.555,0,0,0.618,1.279,0,0,0.155
2023-03-02 19:00,1.253,0,0,0.613,1.281,0,0,0.080
2023-03-02 20:00,1.047,0,0,0.610,1.282,0,0,0.078
2023-03-02 21:00,0.837,0,0,0.608,1.284,0,0,0.165
2023-03-02 22:00,0.623,0.001,0.001,0.606,1.285,0,0,0.237
2023-03-02 23:00,0.409,0.001,0.001,0.605,1.287,0,0,0.258
2023-03-03 00:00,0.165,0.001,0.001,0.605,1.288,0,0,0.362
2023-03-03 01:00,-0.091,0.002,0.002,0.606,1.289,0,0,0.871
2023-03-03 02:00,-0.172,0.001,0.001,0.606,1.290,0,0,0.993
2023-03-03 03:00,-0.048,0.001,0.001,0.606,1.289,0,0,0.994
2023-03-03 04:00,0.120,0.001,0.001,0.606,1.287,0,0,0.992
2023-03-03 05:00,0.176,0.001,0.001,0.606,1.286,1.974,13.699,0.951
2023-03-03 06:00,0.450,0.001,0,0.605,1.285,45.647,153.802,0.851
2023-03-03 07:00,1.177,0.001,0,0.599,1.282,129.447,307.124,0.930
2023-03-03 08:00,1.928,0.001,0,0.573,1.277,165.631,429.365,0.992
2023-03-03 09:00,2.381,0.003,0,0.537,1.273,177.789,512.442,0.992
2023-03-03 10:00,2.583,0.020,0,0.495,1.271,189.608,550.533,0.982
2023-03-03 11:00,2.564,0.034,0,0.451,1.269,171.484,541.118,0.910
2023-03-03 12:00,2.613,0.013,0,0.408,1.266,141.793,484.778,0.752
2023-03-03 13:00,3.255,0,0,0.360,1.259,167.912,385.522,0.308
2023-03-03 14:00,3.754,0,0,0.311,1.254,133.893,250.026,0.103
2023-03-03 15:00,3.666,0.001,0,0.274,1.252,37.949,87.632,0.168
2023-03-03 16:00,3.470,0.003,0,0.247,1.252,0.007,0.048,0.184
2023-03-03 17:00,3.204,0,0,0.226,1.254,0,0,0.163
2023-03-03 18:00,2.671,0,0,0.213,1.257,0,0,0.145
2023-03-03 19:00,2.090,0,0,0.207,1.261,0,0,0.201
2023-03-03 20:00,1.624,0,0,0.204,1.264,0,0,0.244
2023-03-03 21:00,1.065,0,0,0.201,1.268,0,0,0.160
2023-03-03 22:00,0.426,0,0,0.199,1.271,0,0,0.113
2023-03-03 23:00,-0.290,0,0,0.198,1.275,0,0,0.083
2023-03-04 00:00,-0.976,0,0,0.196,1.279,0,0,0.071
2023-03-04 01:00,-1.566,0,0,0.194,1.282,0,0,0.074
2023-03-04 02:00,-2.109,0,0,0.193,1.285,0,0,0.084
2023-03-04 03:00,-2.468,0,0,0.191,1.287,0,0,0.095
2023-03-04 04:00,-2.606,0,0,0.189,1.288,0,0,0.125
2023-03-04 05:00,-2.665,0.001,0.001,0.188,1.289,5.024,17.017,0.230
2023-03-04 06:00,-2.369,0.001,0.001,0.186,1.289,62.536,161.848,0.555
2023-03-04 07:00,-1.727,0.001,0.001,0.184,1.287,134.787,315.205,0.760
2023-03-04 08:00,-0.870,0.001,0.001,0.182,1.283,219.607,437.564,0.566
2023-03-04 09:00,-0.059,0.001,0.001,0.178,1.280,304.467,520.605,0.594
2023-03-04 10:00,0.399,0.001,0.001,0.174,1.278,300.757,558.703,0.675
2023-03-04 11:00,0.738,0,0,0.170,1.276,306.367,549.219,0.586
2023-03-04 12:00,0.972,0,0,0.166,1.275,294.630,492.903,0.447
2023-03-04 13:00,0.991,0,0,0.163,1.274,237.550,393.647,0.313
2023-03-04 14:00,0.684,0,0,0.160,1.274,134.365,258.143,0.286
2023-03-04 15:00,0.190,0.001,0.001,0.159,1.275,34.254,95.655,0.401
2023-03-04 16:00,-0.182,0.003,0.003,0.160,1.277,0.034,0.256,0.467
2023-03-04 17:00,-0.365,0.004,0.003,0.163,1.278,0,0,0.472
2023-03-04 18:00,-0.519,0.004,0.004,0.166,1.278,0,0,0.481
2023-03-04 19:00,-0.627,0.003,0.003,0.168,1.278,0,0,0.488
2023-03-04 20:00,-0.739,0.002,0.002,0.170,1.278,0,0,0.519
2023-03-04 21:00,-0.967,0.003,0.003,0.172,1.279,0,0,0.601
2023-03-04 22:00,-1.591,0.005,0.005,0.176,1.282,0,0,0.758
2023-03-04 23:00,-1.875,0.011,0.011,0.183,1.284,0,0,0.894
2023-03-05 00:00,-2.042,0.023,0.023,0.199,1.284,0,0,0.925
2023-03-05 01:00,-2.235,0.031,0.031,0.224,1.285,0,0,0.928
2023-03-05 02:00,-2.430,0.025,0.025,0.248,1.286,0,0,0.928
2023-03-05 03:00,-2.621,0.013,0.013,0.260,1.286,0,0,0.930
2023-03-05 04:00,-2.864,0.005,0.005,0.264,1.287,0,0,0.923
2023-03-05 05:00,-3.115,0.002,0.002,0.265,1.287,3.660,20.703,0.911
2023-03-05 06:00,-3.020,0.001,0.001,0.266,1.287,48.975,169.948,0.829
2023-03-05 07:00,-2.366,0,0,0.265,1.284,144.442,323.330,0.630
2023-03-05 08:00,-1.207,0.001,0.001,0.264,1.279,274.750,445.689,0.372
2023-03-05 09:00,-0.067,0.008,0.008,0.265,1.274,339.977,528.707,0.488
2023-03-05 10:00,0.423,0.032,0.032,0.281,1.271,281.968,566.804,0.644
2023-03-05 11:00,0.472,0.062,0.062,0.327,1.270,205.836,557.389,0.753
2023-03-05 12:00,0.365,0.116,0.116,0.410,1.270,152.291,501.113,0.806
2023-03-05 13:00,0.118,0.168,0.167,0.552,1.270,100.557,401.772,0.812
2023-03-05 14:00,-0.281,0.213,0.213,0.742,1.271,56.945,266.191,0.783
2023-03-05 15:00,-0.862,0.226,0.226,0.963,1.273,15.928,103.727,0.810
2023-03-05 16:00,-1.440,0.193,0.193,1.173,1.276,0.046,0.799,0.873
2023-03-05 17:00,-1.825,0.180,0.180,1.358,1.278,0,0,0.887
2023-03-05 18:00,-2.095,0.100,0.100,1.493,1.279,0,0,0.892
2023-03-05 19:00,-2.327,0.067,0.067,1.568,1.280,0,0,0.888
2023-03-05 20:00,-2.596,0.051,0.051,1.626,1.281,0,0,0.842
2023-03-05 21:00,-2.842,0.030,0.030,1.665,1.282,0,0,0.791
2023-03-05 22:00,-3.024,0.017,0.017,1.685,1.282,0,0,0.816
2023-03-05 23:00,-3.061,0.018,0.018,1.702,1.282,0,0,0.807
2023-03-06 00:00,-3.074,0.015,0.015,1.719,1.282,0,0,0.736
2023-03-06 01:00,-3.169,0.012,0.012,1.731,1.282,0,0,0.617
2023-03-06 02:00,-3.387,0.011,0.011,1.742,1.282,0,0,0.535
2023-03-06 03:00,-3.758,0.011,0.011,1.753,1.284,0,0,0.461
2023-03-06 04:00,-4.142,0.013,0.013,1.765,1.286,0,0,0.491
2023-03-06 05:00,-4.273,0.017,0.017,1.781,1.287,5.629,24.754,0.576
2023-03-06 06:00,-3.910,0.019,0.019,1.797,1.287,60.410,178.051,0.615
2023-03-06 07:00,-3.288,0.018,0.018,1.810,1.285,132.135,331.455,0.682
2023-03-06 08:00,-2.482,0.015,0.015,1.816,1.282,218.827,453.821,0.685
2023-03-06 09:00,-1.621,0.019,0.019,1.817,1.279,263.789,536.949,0.681
2023-03-06 10:00,-1.025,0.028,0.028,1.824,1.277,271.949,575.047,0.706
2023-03-06 11:00,-0.671,0.031,0.031,1.835,1.276,264.251,565.618,0.664
2023-03-06 12:00,-0.535,0.023,0.023,1.843,1.275,237.430,509.278,0.632
2023-03-06 13:00,-0.553,0.012,0.012,1.844,1.274,190.849,409.904,0.653
2023-03-06 14:00,-0.834,0.007,0.007,1.841,1.274,123.251,274.316,0.698
2023-03-06 15:00,-1.671,0.004,0.004,1.842,1.276,35.795,111.811,0.666
2023-03-06 16:00,-2.896,0.002,0.002,1.844,1.278,0.284,1.712,0.607
2023-03-06 17:00,-3.348,0.002,0.002,1.847,1.280,0,0,0.533
2023-03-06 18:00,-3.681,0.001,0.001,1.848,1.282,0,0,0.450
2023-03-06 19:00,-3.898,0.001,0.001,1.849,1.284,0,0,0.383
2023-03-06 20:00,-4.113,0.001,0.001,1.850,1.285,0,0,0.303
2023-03-06 21:00,-4.278,0.001,0.001,1.851,1.285,0,0,0.181
2023-03-06 22:00,-4.888,0.001,0.001,1.851,1.286,0,0,0.143
2023-03-06 23:00,-5.743,0.001,0.001,1.853,1.287,0,0,0.084
2023-03-07 00:00,-6.480,0.001,0.001,1.854,1.287,0,0,0.040
2023-03-07 01:00,-6.984,0.001,0.001,1.855,1.288,0,0,0.050
2023-03-07 02:00,-7.263,0,0,1.856,1.288,0,0,0.217
2023-03-07 03:00,-7.473,0,0,1.856,1.289,0,0,0.480
2023-03-07 04:00,-7.528,0,0,1.857,1.289,0,0,0.864
2023-03-07 05:00,-7.431,0,0,1.857,1.289,9.975,29.169,0.966
2023-03-07 06:00,-6.451,0.001,0.001,1.858,1.289,82.231,186.174,0.986
2023-03-07 07:00,-4.716,0.001,0.001,1.855,1.286,157.661,339.580,0.991
2023-03-07 08:00,-3.470,0.001,0.001,1.845,1.280,210.278,462.060,0.990
2023-03-07 09:00,-2.580,0.010,0.010,1.835,1.274,216.132,545.119,0.992
2023-03-07 10:00,-2.016,0.020,0.020,1.833,1.271,188.206,583.203,0.992
2023-03-07 11:00,-1.669,0.042,0.042,1.848,1.268,154.466,573.788,0.992
2023-03-07 12:00,-1.516,0.093,0.093,1.900,1.266,107.110,517.441,0.994
2023-03-07 13:00,-1.563,0.217,0.217,2.042,1.265,64.121,418.104,0.994
2023-03-07 14:00,-1.727,0.385,0.385,2.343,1.264,28.963,282.519,0.996
2023-03-07 15:00,-1.836,0.549,0.549,2.812,1.263,8.589,119.923,0.996
2023-03-07 16:00,-1.850,0.581,0.581,3.375,1.261,0.074,2.985,0.997
2023-03-07 17:00,-1.737,0.518,0.518,3.910,1.259,0,0,0.997
2023-03-07 18:00,-1.615,0.422,0.422,4.351,1.257,0,0,0.997
2023-03-07 19:00,-1.540,0.361,0.361,4.711,1.256,0,0,0.997
2023-03-07 20:00,-1.542,0.361,0.361,5.045,1.255,0,0,0.995
2023-03-07 21:00,-1.535,0.388,0.387,5.394,1.254,0,0,0.993
2023-03-07 22:00,-1.496,0.433,0.432,5.783,1.253,0,0,0.994
2023-03-07 23:00,-1.470,0.464,0.457,6.209,1.252,0,0,0.993
2023-03-08 00:00,-1.494,0.494,0.490,6.658,1.252,0,0,0.993
2023-03-08 01:00,-1.526,0.506,0.505,7.133,1.252,0,0,0.993
2023-03-08 02:00,-1.624,0.470,0.470,7.592,1.253,0,0,0.985
2023-03-08 03:00,-1.842,0.369,0.369,7.970,1.255,0,0,0.979
2023-03-08 04:00,-2.126,0.307,0.307,8.255,1.257,0,0,0.971
2023-03-08 05:00,-2.356,0.330,0.329,8.526,1.259,2.806,33.961,0.964
2023-03-08 06:00,-2.467,0.363,0.362,8.832,1.260,24.554,194.279,0.965
2023-03-08 07:00,-2.411,0.382,0.382,9.158,1.262,52.968,347.779,0.968
2023-03-08 08:00,-2.222,0.346,0.346,9.466,1.262,76.903,470.193,0.984
2023-03-08 09:00,-2.087,0.292,0.292,9.714,1.263,87.808,553.348,0.990
2023-03-08 10:00,-2.057,0.263,0.263,9.917,1.264,91.293,591.445,0.989
2023-03-08 11:00,-2.051,0.246,0.246,10.099,1.265,88.380,581.889,0.987
2023-03-08 12:00,-2.051,0.243,0.243,10.273,1.266,77.843,525.528,0.981
2023-03-08 13:00,-2.124,0.219,0.219,10.443,1.267,54.668,426.229,0.972
2023-03-08 14:00,-2.264,0.165,0.165,10.577,1.269,35.965,290.644,0.964
2023-03-08 15:00,-2.472,0.108,0.108,10.662,1.271,14.219,128.039,0.956
2023-03-08 16:00,-2.785,0.058,0.058,10.700,1.273,0.389,4.618,0.950
2023-03-08 17:00,-3.135,0.029,0.029,10.707,1.275,0,0,0.947
2023-03-08 18:00,-3.525,0.017,0.017,10.703,1.277,0,0,0.942
2023-03-08 19:00,-4.053,0.011,0.011,10.699,1.280,0,0,0.918
2023-03-08 20:00,-4.694,0.008,0.008,10.699,1.283,0,0,0.827
2023-03-08 21:00,-5.460,0.005,0.005,10.699,1.284,0,0,0.639
2023-03-08 22:00,-6.063,0.003,0.003,10.698,1.286,0,0,0.398
2023-03-08 23:00,-6.406,0.001,0.001,10.696,1.287,0,0,0.323
2023-03-09 00:00,-6.438,0.001,0.001,10.696,1.288,0,0,0.315
2023-03-09 01:00,-6.203,0.001,0.001,10.698,1.288,0,0,0.341
2023-03-09 02:00,-6.227,0.001,0.001,10.700,1.289,0,0,0.404
2023-03-09 03:00,-6.659,0.001,0.001,10.701,1.290,0,0,0.499
2023-03-09 04:00,-7.334,0.001,0.001,10.703,1.291,0,0,0.474
2023-03-09 05:00,-7.839,0.002,0.002,10.706,1.292,14.723,39.120,0.503
2023-03-09 06:00,-6.569,0,0,10.709,1.290,107.447,202.402,0.510
2023-03-09 07:00,-4.012,0,0,10.688,1.286,215.534,355.904,0.641
2023-03-09 08:00,-2.618,0,0,10.611,1.280,317.762,478.278,0.675
2023-03-09 09:00,-1.574,0.001,0.001,10.491,1.276,393.303,561.369,0.649
2023-03-09 10:00,-0.726,0.002,0.002,10.342,1.273,398.050,599.467,0.763
2023-03-09 11:00,-0.201,0.002,0.002,10.178,1.270,360.391,590.038,0.764
2023-03-09 12:00,-0.067,0.012,0.012,10.018,1.269,315.469,533.691,0.764
2023-03-09 13:00,-0.302,0.027,0.027,9.900,1.269,189.724,434.354,0.870
2023-03-09 14:00,-0.779,0.038,0.038,9.842,1.270,79.726,298.729,0.892
2023-03-09 15:00,-1.236,0.036,0.036,9.818,1.272,25.826,136.161,0.899
2023-03-09 16:00,-1.670,0.043,0.043,9.815,1.273,0.669,6.617,0.891
2023-03-09 17:00,-1.987,0.052,0.051,9.833,1.275,0,0,0.884
2023-03-09 18:00,-2.230,0.061,0.061,9.863,1.275,0,0,0.872
2023-03-09 19:00,-2.549,0.088,0.088,9.918,1.276,0,0,0.876
2023-03-09 20:00,-2.697,0.086,0.086,9.986,1.277,0,0,0.878
2023-03-09 21:00,-2.942,0.094,0.094,10.054,1.278,0,0,0.891
2023-03-09 22:00,-3.153,0.123,0.122,10.144,1.280,0,0,0.900
2023-03-09 23:00,-3.237,0.175,0.175,10.278,1.282,0,0,0.910
2023-03-10 00:00,-3.289,0.208,0.208,10.461,1.283,0,0,0.923
2023-03-10 01:00,-3.390,0.206,0.206,10.654,1.283,0,0,0.923
2023-03-10 02:00,-3.517,0.207,0.207,10.847,1.283,0,0,0.917
2023-03-10 03:00,-3.651,0.186,0.186,11.032,1.283,0,0,0.896
2023-03-10 04:00,-3.702,0.144,0.144,11.184,1.282,0,0,0.870
2023-03-10 05:00,-3.708,0.098,0.098,11.291,1.282,7.619,44.645,0.821
2023-03-10 06:00,-3.048,0.075,0.075,11.359,1.281,66.176,210.511,0.761
2023-03-10 07:00,-2.009,0.065,0.065,11.394,1.279,160.104,363.992,0.669
2023-03-10 08:00,-1.163,0.052,0.052,11.380,1.276,263.514,486.477,0.589
2023-03-10 09:00,-0.431,0.048,0.048,11.317,1.273,305.852,569.612,0.647
2023-03-10 10:00,0.006,0.048,0.048,11.223,1.271,290.675,607.695,0.579
2023-03-10 11:00,0.277,0.032,0.031,11.095,1.270,315.740,598.280,0.577
2023-03-10 12:00,0.319,0.026,0.024,10.959,1.270,241.807,541.941,0.583
2023-03-10 13:00,0.321,0.020,0.018,10.860,1.270,198.945,442.482,0.522
2023-03-10 14:00,0.058,0.015,0.015,10.808,1.270,127.480,306.854,0.634
2023-03-10 15:00,-0.806,0.008,0.008,10.799,1.272,49.398,144.286,0.939
2023-03-10 16:00,-2.224,0.003,0.003,10.804,1.273,1.978,8.982,0.941
2023-03-10 17:00,-3.017,0.002,0.002,10.808,1.274,0,0,0.865
2023-03-10 18:00,-3.618,0.001,0.001,10.812,1.274,0,0,0.953
2023-03-10 19:00,-4.035,0.001,0.001,10.816,1.275,0,0,0.969
2023-03-10 20:00,-4.162,0,0,10.819,1.275,0,0,0.972
2023-03-10 21:00,-4.120,0,0,10.822,1.276,0,0,0.973
2023-03-10 22:00,-3.895,0,0,10.824,1.276,0,0,0.979
2023-03-10 23:00,-3.547,0,0,10.825,1.276,0,0,0.982
2023-03-11 00:00,-3.563,0.001,0.001,10.827,1.277,0,0,0.988
2023-03-11 01:00,-4.002,0.002,0.002,10.830,1.278,0,0,0.995
2023-03-11 02:00,-4.439,0.001,0.001,10.832,1.279,0,0,0.995
2023-03-11 03:00,-4.712,0.002,0.002,10.834,1.279,0,0,0.994
2023-03-11 04:00,-4.824,0.002,0.002,10.837,1.280,0,0,0.995
2023-03-11 05:00,-4.913,0.003,0.003,10.839,1.281,8.089,50.538,0.995
2023-03-11 06:00,-3.977,0.003,0.003,10.839,1.282,50.253,218.671,0.996
2023-03-11 07:00,-3.172,0.003,0.003,10.819,1.281,110.400,372.117,0.995
2023-03-11 08:00,-2.424,0.003,0.003,10.777,1.278,170.802,494.602,0.995
2023-03-11 09:00,-1.763,0.004,0.004,10.714,1.275,206.125,577.619,0.995
2023-03-11 10:00,-1.269,0.005,0.005,10.637,1.272,220.258,615.717,0.993
2023-03-11 11:00,-1.015,0.008,0.008,10.556,1.271,205.600,606.302,0.992
2023-03-11 12:00,-0.992,0.009,0.009,10.483,1.271,172.064,549.941,0.984
2023-03-11 13:00,-1.056,0.006,0.006,10.420,1.271,140.026,450.567,0.949
2023-03-11 14:00,-1.230,0.003,0.003,10.371,1.271,105.755,314.979,0.835
2023-03-11 15:00,-1.953,0.001,0.001,10.346,1.272,54.201,152.395,0.670
2023-03-11 16:00,-3.872,0,0,10.340,1.274,3.460,11.718,0.441
2023-03-11 17:00,-5.412,0,0,10.339,1.276,0,0,0.116
2023-03-11 18:00,-6.432,0,0,10.341,1.278,0,0,0.053
2023-03-11 19:00,-7.123,0,0,10.345,1.280,0,0,0.092
2023-03-11 20:00,-7.604,0,0,10.348,1.283,0,0,0.203
2023-03-11 21:00,-7.926,0,0,10.352,1.286,0,0,0.362
2023-03-11 22:00,-7.975,0,0,10.355,1.288,0,0,0.585
2023-03-11 23:00,-7.813,0.001,0.001,10.358,1.290,0,0,0.767
2023-03-12 00:00,-7.549,0.003,0.003,10.362,1.290,0,0,0.844
2023-03-12 01:00,-7.234,0.011,0.011,10.371,1.291,0,0,0.924
2023-03-12 02:00,-6.865,0.028,0.028,10.392,1.290,0,0,0.943
2023-03-12 03:00,-6.730,0.050,0.050,10.434,1.290,0,0,0.967
2023-03-12 04:00,-6.631,0.070,0.070,10.497,1.291,0,0,0.972
2023-03-12 05:00,-6.358,0.075,0.075,10.572,1.292,7.082,56.791,0.974
2023-03-12 06:00,-5.492,0.061,0.061,10.636,1.292,36.340,226.776,0.969
2023-03-12 07:00,-4.764,0.032,0.032,10.664,1.290,81.457,380.242,0.937
2023-03-12 08:00,-3.751,0.009,0.009,10.644,1.287,183.888,502.727,0.726
2023-03-12 09:00,-2.206,0.002,0.002,10.572,1.281,374.851,585.782,0.248
2023-03-12 10:00,-0.909,0.003,0.003,10.452,1.276,452.879,623.865,0.132
2023-03-12 11:00,-0.398,0.003,0.003,10.307,1.274,454.367,614.450,0.042
2023-03-12 12:00,-0.353,0.002,0.002,10.149,1.274,401.019,558.103,0.185
2023-03-12 13:00,-0.516,0.002,0.002,10.004,1.274,296.202,458.692,0.457
2023-03-12 14:00,-0.829,0.002,0.002,9.894,1.275,147.479,323.100,0.456
2023-03-12 15:00,-1.280,0.001,0.001,9.822,1.276,72.971,160.555,0.346
2023-03-12 16:00,-2.109,0.001,0.001,9.784,1.279,4.454,14.818,0.194
2023-03-12 17:00,-3.517,0,0,9.770,1.284,0,0,0.021
2023-03-12 18:00,-4.745,0,0,9.768,1.288,0,0,0.027
2023-03-12 19:00,-5.483,0,0,9.766,1.291,0,0,0.083
2023-03-12 20:00,-6.193,0,0,9.765,1.293,0,0,0.137
2023-03-12 21:00,-7.160,0,0,9.765,1.296,0,0,0.221
2023-03-12 22:00,-7.751,0,0,9.768,1.298,0,0,0.367
2023-03-12 23:00,-8.117,0,0,9.771,1.301,0,0,0.760
2023-03-13 00:00,-7.920,0,0,9.774,1.302,0,0,0.986
2023-03-13 01:00,-7.389,0,0,9.775,1.302,0,0,0.959
2023-03-13 02:00,-7.205,0,0,9.777,1.300,0,0,0.917
2023-03-13 03:00,-7.329,0,0,9.779,1.296,0,0,0.909
2023-03-13 04:00,-6.949,0,0,9.782,1.291,0,0,0.956
2023-03-13 05:00,-5.202,0.001,0.001,9.784,1.285,14.126,63.414,0.993
2023-03-13 06:00,-3.113,0.009,0.008,9.773,1.278,48.742,234.899,0.993
2023-03-13 07:00,-1.767,0.036,0.034,9.754,1.272,91.338,388.324,0.993
2023-03-13 08:00,-0.751,0.091,0.066,9.721,1.266,118.797,510.774,0.996
2023-03-13 09:00,0.071,0.155,0.081,9.598,1.260,142.307,593.782,0.996
2023-03-13 10:00,0.472,0.358,0.202,9.307,1.257,138.224,631.959,0.996
2023-03-13 11:00,0.509,0.558,0.478,9.219,1.255,95.406,622.530,0.997
2023-03-13 12:00,0.430,0.651,0.643,9.438,1.252,61.827,566.111,0.996
2023-03-13 13:00,0.370,0.910,0.892,9.930,1.249,43.085,466.766,0.994
2023-03-13 14:00,0.388,1.373,1.337,10.802,1.245,23.602,331.185,0.994
2023-03-13 15:00,0.376,1.215,1.089,11.707,1.242,9.820,168.680,0.984
2023-03-13 16:00,0.376,0.884,0.697,12.231,1.239,1.188,18.282,0.856
2023-03-13 17:00,0.519,0.499,0.405,12.389,1.236,0,0,0.800
2023-03-13 18:00,0.776,0.115,0.029,11.993,1.232,0,0,0.690
2023-03-13 19:00,1.306,0.022,0,10.841,1.227,0,0,0.526
2023-03-13 20:00,1.387,0.020,0,9.706,1.226,0,0,0.671
2023-03-13 21:00,1.640,0.041,0,8.753,1.224,0,0,0.781
2023-03-13 22:00,2.051,0.070,0,7.821,1.220,0,0,0.796
2023-03-13 23:00,2.645,0.153,0,6.853,1.215,0,0,0.884
2023-03-14 00:00,3.324,0.482,0,5.703,1.210,0,0,0.946
2023-03-14 01:00,3.712,0.106,0,4.755,1.209,0,0,0.841
2023-03-14 02:00,3.900,0.086,0,4.078,1.208,0,0,0.779
2023-03-14 03:00,3.913,0.092,0,3.552,1.210,0,0,0.833
2023-03-14 04:00,3.820,0.101,0,3.191,1.212,0,0,0.863
2023-03-14 05:00,3.700,0.137,0,2.949,1.214,3.907,70.406,0.877
2023-03-14 06:00,3.577,0.101,0,2.759,1.217,22.382,243.004,0.864
2023-03-14 07:00,3.548,0.049,0,2.598,1.218,59.565,396.449,0.853
2023-03-14 08:00,3.557,0.045,0,2.441,1.220,90.740,518.774,0.824
2023-03-14 09:00,3.554,0.046,0,2.277,1.221,115.787,601.782,0.801
2023-03-14 10:00,3.600,0.087,0,2.116,1.223,135.284,639.959,0.802
2023-03-14 11:00,3.651,0.122,0,1.965,1.224,146.423,630.530,0.753
2023-03-14 12:00,3.593,0.112,0,1.832,1.225,138.884,574.191,0.783
2023-03-14 13:00,3.335,0.164,0,1.729,1.226,108.349,474.887,0.970
2023-03-14 14:00,2.648,0.263,0,1.662,1.229,60.434,339.310,0.998
2023-03-14 15:00,1.750,0.245,0,1.628,1.234,15.450,176.783,0.998
2023-03-14 16:00,1.185,0.067,0.003,1.616,1.239,1.809,22.109,0.997
2023-03-14 17:00,0.747,0.034,0.005,1.612,1.244,0,0,0.995
2023-03-14 18:00,0.270,0.034,0.022,1.624,1.249,0,0,0.994
2023-03-14 19:00,-0.062,0.028,0.025,1.648,1.252,0,0,0.989
2023-03-14 20:00,-0.355,0.013,0.013,1.666,1.256,0,0,0.977
2023-03-14 21:00,-0.653,0.010,0.010,1.677,1.259,0,0,0.925
2023-03-14 22:00,-1.069,0.006,0.005,1.684,1.262,0,0,0.904
2023-03-14 23:00,-1.426,0.005,0.004,1.690,1.265,0,0,0.860
2023-03-15 00:00,-1.756,0.002,0.002,1.692,1.269,0,0,0.669
2023-03-15 01:00,-2.318,0.001,0.001,1.694,1.272,0,0,0.367
2023-03-15 02:00,-2.572,0.001,0.001,1.696,1.274,0,0,0.255
2023-03-15 03:00,-2.778,0.001,0.001,1.697,1.275,0,0,0.285
2023-03-15 04:00,-2.714,0.002,0.002,1.700,1.276,0,0,0.332
2023-03-15 05:00,-2.319,0.002,0.002,1.702,1.276,31.611,77.752,0.224
2023-03-15 06:00,-1.359,0.001,0.001,1.702,1.274,145.886,251.107,0.115
2023-03-15 07:00,-0.308,0,0,1.695,1.270,277.564,404.523,0.039
2023-03-15 08:00,0.719,0,0,1.674,1.267,384.795,526.922,0.047
2023-03-15 09:00,1.580,0,0,1.594,1.264,460.267,609.931,0.125
2023-03-15 10:00,2.203,0,0,1.447,1.261,494.102,647.879,0.234
2023-03-15 11:00,2.630,0,0,1.281,1.260,483.298,638.544,0.204
2023-03-15 12:00,2.876,0,0,1.131,1.258,429.605,582.191,0.200
2023-03-15 13:00,2.839,0.001,0,1.022,1.258,303.610,482.898,0.367
2023-03-15 14:00,2.470,0.002,0,0.960,1.260,171.768,347.391,0.474
2023-03-15 15:00,1.877,0.001,0,0.935,1.263,68.003,184.908,0.449
2023-03-15 16:00,0.852,0,0,0.931,1.267,7.834,26.298,0.247
2023-03-15 17:00,-0.003,0,0,0.931,1.272,0,0,0.269
2023-03-15 18:00,-0.811,0,0,0.932,1.277,0,0,0.330
2023-03-15 19:00,-1.179,0,0,0.932,1.280,0,0,0.376
2023-03-15 20:00,-1.364,0,0,0.933,1.283,0,0,0.392
2023-03-15 21:00,-1.613,0,0,0.934,1.285,0,0,0.380
2023-03-15 22:00,-1.701,0.001,0.001,0.935,1.288,0,0,0.419
2023-03-15 23:00,-1.753,0.003,0.003,0.937,1.291,0,0,0.480
2023-03-16 00:00,-1.857,0.002,0.002,0.940,1.293,0,0,0.386
2023-03-16 01:00,-2.141,0.003,0.003,0.943,1.296,0,0,0.463
2023-03-16 02:00,-2.246,0.003,0.003,0.946,1.298,0,0,0.451
2023-03-16 03:00,-2.432,0.002,0.002,0.949,1.300,0,0,0.408
2023-03-16 04:00,-2.678,0.001,0.001,0.951,1.302,0.001,0.004,0.462
2023-03-16 05:00,-2.599,0.001,0.001,0.952,1.303,33.291,85.461,0.361
2023-03-16 06:00,-1.671,0,0,0.952,1.301,157.412,259.193,0.077
2023-03-16 07:00,-0.242,0,0,0.947,1.297,286.433,412.530,0.006
2023-03-16 08:00,1.263,0,0,0.918,1.291,391.268,534.936,0.005
2023-03-16 09:00,2.095,0,0,0.825,1.287,463.906,617.931,0.004
2023-03-16 10:00,2.690,0,0,0.716,1.285,497.575,655.879,0.003
2023-03-16 11:00,3.076,0,0,0.617,1.283,489.707,646.464,0.002
2023-03-16 12:00,3.229,0,0,0.536,1.282,440.899,590.111,0.004
2023-03-16 13:00,3.158,0,0,0.478,1.282,355.185,490.969,0.004
2023-03-16 14:00,2.821,0,0,0.443,1.282,241.061,355.391,0.004
2023-03-16 15:00,1.962,0,0,0.431,1.284,113.342,193.011,0.003
2023-03-16 16:00,1.577,0,0,0.431,1.285,12.784,30.854,0.018
2023-03-16 17:00,1.130,0,0,0.431,1.287,0,0,0.060
2023-03-16 18:00,-0.010,0,0,0.431,1.289,0,0,0.181
2023-03-16 19:00,-1.170,0,0,0.431,1.290,0,0,0.544
2023-03-16 20:00,-1.353,0,0,0.431,1.292,0,0,0.783
2023-03-16 21:00,-0.912,0,0,0.431,1.294,0,0,0.969
2023-03-16 22:00,-0.403,0,0,0.431,1.297,0,0,0.978
2023-03-16 23:00,-0.409,0,0,0.432,1.299,0,0,0.979
2023-03-17 00:00,-0.448,0,0,0.432,1.299,0,0,0.985
2023-03-17 01:00,-0.442,0,0,0.432,1.299,0,0,0.990
2023-03-17 02:00,-0.400,0,0,0.432,1.299,0,0,0.994
2023-03-17 03:00,-0.294,0,0,0.432,1.298,0,0,0.994
2023-03-17 04:00,-0.143,0,0,0.432,1.297,0.003,0.069,0.994
2023-03-17 05:00,0.036,0,0,0.432,1.296,13.057,93.459,0.990
2023-03-17 06:00,0.442,0,0,0.431,1.294,61.063,267.271,0.980
2023-03-17 07:00,1.091,0,0,0.425,1.292,126.066,420.530,0.970
2023-03-17 08:00,1.749,0,0,0.401,1.288,195.399,542.856,0.980
2023-03-17 09:00,2.213,0,0,0.362,1.285,259.297,625.782,0.978
2023-03-17 10:00,2.619,0,0,0.316,1.283,326.605,663.872,0.940
2023-03-17 11:00,2.844,0.004,0,0.272,1.281,336.182,654.450,0.755
2023-03-17 12:00,2.776,0.017,0,0.236,1.280,268.797,598.103,0.844
2023-03-17 13:00,2.361,0.055,0,0.210,1.280,143.583,498.929,0.992
2023-03-17 14:00,1.940,0.137,0,0.191,1.280,75.823,363.473,0.952
2023-03-17 15:00,1.683,0.082,0,0.175,1.280,52.972,201.114,0.891
2023-03-17 16:00,1.461,0.013,0,0.162,1.280,7.882,35.766,0.901
2023-03-17 17:00,1.423,0.005,0,0.151,1.280,0,0,0.865
2023-03-17 18:00,1.570,0.011,0,0.142,1.278,0,0,0.931
2023-03-17 19:00,1.733,0.098,0,0.133,1.277,0,0,0.969
2023-03-17 20:00,1.700,0.272,0,0.123,1.277,0,0,0.990
2023-03-17 21:00,1.633,0.238,0,0.115,1.276,0,0,0.994
2023-03-17 22:00,1.721,0.135,0,0.108,1.275,0,0,0.996
2023-03-17 23:00,1.888,0.100,0,0.102,1.273,0,0,0.997
2023-03-18 00:00,2.029,0.199,0,0.097,1.271,0,0,0.997
2023-03-18 01:00,2.033,0.609,0,0.092,1.271,0,0,0.997
2023-03-18 02:00,1.857,0.740,0.002,0.089,1.271,0,0,0.996
2023-03-18 03:00,1.772,0.609,0.002,0.087,1.271,0,0,0.997
2023-03-18 04:00,1.802,0.726,0.001,0.086,1.271,0.007,0.392,0.996
2023-03-18 05:00,1.793,0.661,0,0.083,1.271,5.025,101.563,0.996
2023-03-18 06:00,1.880,0.526,0,0.080,1.271,19.602,275.356,0.997
2023-03-18 07:00,2.051,0.463,0,0.077,1.271,36.581,428.530,0.996
2023-03-18 08:00,2.227,0.370,0,0.074,1.270,58.790,550.842,0.996
2023-03-18 09:00,2.443,0.333,0,0.070,1.270,86.289,633.695,0.996
2023-03-18 10:00,2.622,0.432,0,0.066,1.269,99.436,671.778,0.997
2023-03-18 11:00,2.595,0.517,0,0.062,1.269,78.870,662.443,0.998
2023-03-18 12:00,2.464,0.452,0,0.059,1.270,59.834,606.103,0.998
2023-03-18 13:00,2.344,0.271,0,0.057,1.270,50.627,506.851,0.984
2023-03-18 14:00,2.233,0.102,0,0.054,1.271,40.255,371.473,0.935
2023-03-18 15:00,2.082,0.045,0,0.053,1.271,23.343,209.177,0.880
2023-03-18 16:00,1.783,0.016,0,0.052,1.272,3.409,41.045,0.839
2023-03-18 17:00,1.566,0.006,0,0.051,1.273,0,0,0.761
2023-03-18 18:00,1.017,0.005,0,0.051,1.274,0,0,0.731
2023-03-18 19:00,0.837,0.006,0,0.051,1.274,0,0,0.783
2023-03-18 20:00,0.915,0.007,0,0.051,1.275,0,0,0.804
2023-03-18 21:00,0.923,0.009,0,0.051,1.275,0,0,0.763
2023-03-18 22:00,0.914,0.015,0,0.051,1.276,0,0,0.767
2023-03-18 23:00,0.896,0.015,0,0.051,1.277,0,0,0.834
2023-03-19 00:00,0.861,0.015,0.001,0.051,1.278,0,0,0.900
2023-03-19 01:00,0.859,0.019,0.005,0.055,1.281,0,0,0.914
2023-03-19 02:00,0.704,0.026,0.020,0.067,1.283,0,0,0.902
2023-03-19 03:00,0.454,0.026,0.020,0.089,1.285,0,0,0.894
2023-03-19 04:00,0.279,0.029,0.022,0.110,1.287,0.092,1.050,0.868
2023-03-19 05:00,0.333,0.031,0.023,0.133,1.288,22.799,109.667,0.819
2023-03-19 06:00,0.777,0.023,0.016,0.152,1.287,76.543,283.356,0.800
2023-03-19 07:00,1.630,0.013,0.004,0.158,1.284,148.884,436.490,0.849
2023-03-19 08:00,2.885,0.006,0,0.147,1.279,242.490,558.686,0.855
2023-03-19 09:00,4.291,0.003,0,0.129,1.273,322.036,641.687,0.756
2023-03-19 10:00,6.187,0.002,0,0.109,1.264,397.002,679.622,0.612
2023-03-19 11:00,7.077,0.003,0,0.093,1.259,373.809,670.207,0.610
2023-03-19 12:00,7.122,0.005,0,0.080,1.257,297.162,614.016,0.711
2023-03-19 13:00,6.727,0.006,0,0.072,1.257,215.350,514.804,0.763
2023-03-19 14:00,5.985,0.005,0,0.066,1.259,149.644,379.473,0.691
2023-03-19 15:00,4.739,0.003,0,0.062,1.262,81.670,217.217,0.658
2023-03-19 16:00,2.689,0.002,0,0.061,1.267,14.096,46.677,0.752
2023-03-19 17:00,1.937,0.003,0,0.060,1.271,0,0,0.883
2023-03-19 18:00,2.316,0.011,0,0.059,1.276,0,0,0.956
2023-03-19 19:00,2.150,0.023,0,0.058,1.277,0,0,0.981
2023-03-19 20:00,2.014,0.037,0,0.057,1.278,0,0,0.978
2023-03-19 21:00,1.917,0.035,0,0.056,1.278,0,0,0.981
2023-03-19 22:00,1.918,0.027,0,0.055,1.277,0,0,0.981
2023-03-19 23:00,2.013,0.025,0,0.054,1.275,0,0,0.974
2023-03-20 00:00,2.183,0.022,0,0.053,1.273,0,0,0.960
2023-03-20 01:00,2.402,0.017,0,0.052,1.270,0,0,0.952
2023-03-20 02:00,2.559,0.018,0,0.051,1.268,0,0,0.977
2023-03-20 03:00,2.634,0.029,0,0.050,1.267,0,0,0.997
2023-03-20 04:00,2.635,0.062,0.001,0.049,1.267,0.045,2.063,0.999
2023-03-20 05:00,2.712,0.111,0,0.048,1.266,5.616,117.749,0.999
2023-03-20 06:00,2.731,0.158,0,0.046,1.265,20.460,291.356,0.999
2023-03-20 07:00,2.852,0.169,0,0.045,1.264,35.558,444.486,0.999
2023-03-20 08:00,3.144,0.127,0,0.043,1.263,58.490,566.606,0.999
2023-03-20 09:00,3.792,0.113,0,0.041,1.259,97.430,649.445,0.997
2023-03-20 10:00,4.589,0.131,0,0.038,1.255,138.700,687.520,0.997
2023-03-20 11:00,4.974,0.198,0,0.036,1.252,113.737,677.957,0.998
2023-03-20 12:00,5.037,0.385,0,0.034,1.251,75.378,621.766,0.994
2023-03-20 13:00,4.757,0.582,0,0.032,1.252,52.991,522.642,0.992
2023-03-20 14:00,4.129,0.360,0,0.031,1.255,38.969,387.429,0.974
2023-03-20 15:00,3.282,0.209,0,0.030,1.261,25.276,225.258,0.921
2023-03-20 16:00,2.331,0.103,0,0.029,1.267,6.093,52.654,0.865
2023-03-20 17:00,1.645,0.029,0,0.028,1.272,0,0,0.796
2023-03-20 18:00,1.207,0.028,0,0.027,1.275,0,0,0.773
2023-03-20 19:00,0.889,0.023,0.002,0.028,1.278,0,0,0.766
2023-03-20 20:00,0.600,0.030,0.018,0.036,1.280,0,0,0.796
2023-03-20 21:00,0.270,0.035,0.032,0.058,1.283,0,0,0.803
2023-03-20 22:00,-0.079,0.032,0.031,0.083,1.285,0,0,0.785
2023-03-20 23:00,-0.458,0.026,0.026,0.104,1.287,0,0,0.807
2023-03-21 00:00,-0.762,0.026,0.026,0.123,1.288,0,0,0.751
2023-03-21 01:00,-1.011,0.021,0.021,0.139,1.289,0,0,0.728
2023-03-21 02:00,-1.016,0.020,0.020,0.153,1.290,0,0,0.741
2023-03-21 03:00,-1.058,0.017,0.017,0.166,1.291,0,0,0.901
2023-03-21 04:00,-1.421,0.013,0.013,0.176,1.291,0.740,3.437,0.969
2023-03-21 05:00,-1.029,0.009,0.009,0.184,1.292,43.921,125.834,0.964
2023-03-21 06:00,-0.059,0.001,0.001,0.186,1.289,146.175,299.352,0.869
2023-03-21 07:00,1.385,0,0,0.180,1.283,312.426,452.361,0.335
2023-03-21 08:00,3.049,0,0,0.161,1.276,422.292,574.356,0.050
2023-03-21 09:00,4.538,0,0,0.139,1.268,487.187,657.195,0.400
2023-03-21 10:00,5.002,0,0,0.119,1.265,395.149,695.270,0.877
2023-03-21 11:00,4.828,0,0,0.105,1.263,262.585,685.855,0.962
2023-03-21 12:00,4.684,0,0,0.095,1.263,226.546,629.523,0.980
2023-03-21 13:00,4.413,0,0,0.087,1.264,181.218,530.628,0.988
2023-03-21 14:00,3.967,0,0,0.082,1.265,129.508,395.344,0.980
2023-03-21 15:00,3.151,0,0,0.079,1.267,70.645,233.299,0.973
2023-03-21 16:00,1.521,0,0,0.078,1.268,16.023,58.985,0.958
2023-03-21 17:00,0.915,0,0,0.078,1.270,0,0,0.978
2023-03-21 18:00,1.165,0,0,0.078,1.273,0,0,0.977
2023-03-21 19:00,0.603,0,0,0.078,1.275,0,0,0.969
2023-03-21 20:00,0.255,0.001,0,0.078,1.277,0,0,0.964
2023-03-21 21:00,0.503,0.003,0.002,0.078,1.277,0,0,0.974
2023-03-21 22:00,0.492,0.012,0.006,0.082,1.277,0,0,0.982
2023-03-21 23:00,0.524,0.031,0.013,0.091,1.277,0,0,0.984
2023-03-22 00:00,0.547,0.104,0.032,0.115,1.276,0,0,0.997
2023-03-22 01:00,0.615,0.194,0.067,0.163,1.274,0,0,0.997
2023-03-22 02:00,0.855,0.279,0.059,0.240,1.271,0,0,0.997
2023-03-22 03:00,1.081,0.295,0.004,0.255,1.268,0,0,0.990
2023-03-22 04:00,1.255,0.285,0.008,0.255,1.266,0.107,5.174,0.990
2023-03-22 05:00,1.563,0.207,0.002,0.254,1.263,10.318,133.886,0.993
2023-03-22 06:00,2.023,0.204,0,0.249,1.260,33.717,307.312,0.953
2023-03-22 07:00,2.614,0.149,0,0.240,1.257,75.205,460.196,0.844
2023-03-22 08:00,3.591,0.046,0,0.225,1.251,154.126,582.255,0.681
2023-03-22 09:00,4.720,0.015,0,0.204,1.245,226.968,664.945,0.689
2023-03-22 10:00,5.644,0.005,0,0.179,1.241,257.855,703.020,0.837
2023-03-22 11:00,6.457,0.004,0,0.154,1.236,261.910,693.605,0.977
2023-03-22 12:00,7.065,0.003,0,0.134,1.232,229.399,637.414,0.968
2023-03-22 13:00,7.302,0.004,0,0.119,1.229,174.886,538.378,0.979
2023-03-22 14:00,6.957,0.041,0,0.108,1.228,69.392,403.293,0.994
2023-03-22 15:00,6.441,0.275,0,0.100,1.230,22.077,241.277,0.992
2023-03-22 16:00,6.075,0.470,0,0.093,1.231,4.103,65.675,0.994
2023-03-22 17:00,5.835,0.223,0,0.087,1.231,0,0,0.988
2023-03-22 18:00,5.600,0.350,0,0.081,1.232,0,0,0.984
2023-03-22 19:00,5.400,0.276,0,0.076,1.232,0,0,0.955
2023-03-22 20:00,5.261,0.277,0,0.070,1.232,0,0,0.832
2023-03-22 21:00,5.283,0.138,0,0.064,1.232,0,0,0.809
2023-03-22 22:00,5.543,0.090,0,0.057,1.230,0,0,0.819
2023-03-22 23:00,5.698,0.045,0,0.050,1.230,0,0,0.786
2023-03-23 00:00,5.412,0.009,0,0.043,1.232,0,0,0.579
2023-03-23 01:00,4.787,0.006,0,0.038,1.236,0,0,0.471
2023-03-23 02:00,4.226,0.002,0,0.035,1.239,0,0,0.488
2023-03-23 03:00,3.827,0.001,0,0.032,1.242,0,0,0.302
2023-03-23 04:00,3.286,0.001,0,0.030,1.245,1.984,7.269,0.130
2023-03-23 05:00,3.170,0.003,0,0.028,1.247,70.554,141.926,0.110
2023-03-23 06:00,3.795,0.003,0,0.026,1.245,196.847,315.269,0.188
2023-03-23 07:00,4.774,0.002,0,0.024,1.241,311.839,468.067,0.209
2023-03-23 08:00,5.811,0.001,0,0.021,1.237,413.222,590.005,0.147
2023-03-23 09:00,6.815,0.001,0,0.017,1.232,506.252,672.687,0.024
2023-03-23 10:00,7.711,0,0,0.014,1.228,540.481,710.690,0.136
2023-03-23 11:00,8.368,0.002,0,0.006,1.224,517.626,701.127,0.378
2023-03-23 12:00,8.535,0.009,0,0.004,1.222,382.213,645.016,0.808
2023-03-23 13:00,8.019,0.016,0,0.003,1.222,203.251,546.142,0.819
2023-03-23 14:00,7.100,0.062,0,0.003,1.224,122.888,411.128,0.822
2023-03-23 15:00,5.870,0.069,0,0.003,1.228,63.072,249.214,0.844
2023-03-23 16:00,4.415,0.068,0,0.003,1.232,16.640,72.692,0.843
2023-03-23 17:00,3.286,0.189,0,0.003,1.236,0,0,0.801
2023-03-23 18:00,3.555,0.069,0,0.003,1.239,0,0,0.818
2023-03-23 19:00,3.585,0.088,0,0.003,1.241,0,0,0.883
2023-03-23 20:00,3.394,0.076,0,0.003,1.242,0,0,0.855
2023-03-23 21:00,3.301,0.047,0,0.003,1.243,0,0,0.802
2023-03-23 22:00,3.570,0.026,0,0.003,1.244,0,0,0.824
2023-03-23 23:00,3.808,0.017,0,0.002,1.243,0,0,0.757
2023-03-24 00:00,3.918,0.012,0,0.002,1.243,0,0,0.631
2023-03-24 01:00,3.714,0.007,0,0.002,1.244,0,0,0.682
2023-03-24 02:00,3.551,0.005,0,0.002,1.245,0,0,0.704
2023-03-24 03:00,3.385,0.004,0,0.002,1.246,0,0,0.638
2023-03-24 04:00,3.174,0.005,0,0.002,1.247,1.565,9.713,0.671
2023-03-24 05:00,2.952,0.009,0,0.002,1.249,43.349,149.926,0.667
2023-03-24 06:00,3.027,0.021,0,0.002,1.249,83.639,323.144,0.907
2023-03-24 07:00,3.025,0.032,0,0.002,1.249,57.064,475.892,0.986
2023-03-24 08:00,3.149,0.025,0,0.002,1.248,75.653,597.747,0.995
2023-03-24 09:00,3.460,0.027,0,0.002,1.246,83.080,680.357,0.999
2023-03-24 10:00,3.900,0.114,0,0.002,1.243,95.993,718.205,0.998
2023-03-24 11:00,4.255,0.457,0,0,1.239,96.092,708.855,0.997
2023-03-24 12:00,4.409,1.066,0,0,1.236,90.054,652.766,0.975
2023-03-24 13:00,4.485,1.597,0,0,1.232,77.464,553.884,0.906
2023-03-24 14:00,4.495,1.393,0,0,1.230,64.722,418.885,0.860
2023-03-24 15:00,4.449,0.770,0,0,1.227,30.833,257.130,0.832
2023-03-24 16:00,4.380,0.296,0,0,1.225,9.813,80.062,0.758
2023-03-24 17:00,4.858,0.120,0,0,1.221,0,0.001,0.716
2023-03-24 18:00,5.686,0.091,0.002,0,1.216,0,0,0.766
2023-03-24 19:00,5.995,0.134,0.001,0,1.215,0,0,0.899
2023-03-24 20:00,5.655,0.193,0.001,0,1.217,0,0,0.919
2023-03-24 21:00,4.908,0.228,0.001,0,1.223,0,0,0.824
2023-03-24 22:00,3.954,0.194,0.005,0.001,1.229,0,0,0.922
2023-03-24 23:00,3.060,0.148,0.004,0.003,1.236,0,0,0.927
2023-03-25 00:00,2.161,0.114,0.013,0.008,1.243,0,0,0.955
2023-03-25 01:00,1.292,0.077,0.011,0.018,1.250,0,0,0.990
2023-03-25 02:00,0.626,0.033,0.022,0.025,1.255,0,0,0.996
2023-03-25 03:00,0.102,0.019,0.014,0.027,1.259,0,0,0.994
2023-03-25 04:00,-0.385,0.025,0.023,0.033,1.263,1.525,12.506,0.994
2023-03-25 05:00,-0.562,0.041,0.039,0.046,1.265,30.342,157.908,0.988
2023-03-25 06:00,-0.409,0.067,0.064,0.074,1.266,91.619,331.019,0.982
2023-03-25 07:00,0.033,0.160,0.140,0.156,1.265,147.958,483.649,0.982
2023-03-25 08:00,0.628,0.349,0.266,0.356,1.263,177.609,605.269,0.985
2023-03-25 09:00,1.178,0.464,0.351,0.672,1.260,168.587,687.857,0.981
2023-03-25 10:00,1.566,0.522,0.280,0.970,1.257,148.089,725.784,0.957
2023-03-25 11:00,1.653,0.615,0.310,1.206,1.256,109.673,716.370,0.957
2023-03-25 12:00,1.674,0.584,0.451,1.557,1.255,90.693,660.428,0.956
2023-03-25 13:00,1.553,0.529,0.383,1.928,1.255,78.497,561.540,0.956
2023-03-25 14:00,1.136,0.441,0.312,2.254,1.258,56.216,426.710,0.961
2023-03-25 15:00,0.457,0.306,0.208,2.495,1.262,30.875,265.079,0.948
2023-03-25 16:00,-0.473,0.198,0.148,2.653,1.267,9.564,87.750,0.925
2023-03-25 17:00,-1.278,0.114,0.095,2.763,1.272,0.001,0.018,0.924
2023-03-25 18:00,-1.723,0.073,0.071,2.831,1.276,0,0,0.902
2023-03-25 19:00,-1.894,0.056,0.054,2.888,1.277,0,0,0.798
2023-03-25 20:00,-2.037,0.035,0.035,2.929,1.278,0,0,0.626
2023-03-25 21:00,-2.179,0.023,0.023,2.956,1.279,0,0,0.546
2023-03-25 22:00,-2.317,0.018,0.018,2.975,1.280,0,0,0.505
2023-03-25 23:00,-2.500,0.013,0.013,2.991,1.280,0,0,0.464
2023-03-26 00:00,-2.802,0.008,0.008,3.002,1.281,0,0,0.399
2023-03-26 01:00,-3.007,0.006,0.005,3.009,1.282,0,0,0.373
2023-03-26 02:00,-3.054,0.007,0.006,3.016,1.282,0,0,0.375
2023-03-26 03:00,-3.032,0.010,0.009,3.024,1.282,0,0,0.400
2023-03-26 04:00,-2.999,0.013,0.012,3.036,1.282,4.158,15.652,0.373
2023-03-26 05:00,-2.239,0.015,0.015,3.049,1.281,73.276,165.882,0.339
2023-03-26 06:00,-1.090,0.015,0.015,3.052,1.277,186.415,338.850,0.302
2023-03-26 07:00,-0.174,0.016,0.016,3.039,1.273,290.649,491.274,0.260
2023-03-26 08:00,0.617,0.016,0.016,3.013,1.271,388.144,613.011,0.289
2023-03-26 09:00,1.240,0.018,0.018,2.961,1.268,482.063,695.506,0.266
2023-03-26 10:00,1.472,0.023,0.020,2.867,1.267,477.029,733.433,0.440
2023-03-26 11:00,1.476,0.038,0.023,2.758,1.267,423.708,723.870,0.674
2023-03-26 12:00,1.217,0.062,0.047,2.710,1.268,306.674,667.928,0.875
2023-03-26 13:00,0.702,0.091,0.072,2.722,1.269,194.759,569.134,0.945
2023-03-26 14:00,0.036,0.201,0.177,2.805,1.272,114.482,434.456,0.929
2023-03-26 15:00,-0.609,0.403,0.403,3.087,1.276,52.206,272.954,0.901
2023-03-26 16:00,-1.237,0.569,0.569,3.579,1.279,12.329,95.660,0.899
2023-03-26 17:00,-1.775,0.589,0.589,4.153,1.282,0.004,0.138,0.931
2023-03-26 18:00,-2.061,0.502,0.502,4.682,1.283,0,0,0.933
2023-03-26 19:00,-2.143,0.359,0.359,5.085,1.283,0,0,0.927
2023-03-26 20:00,-2.088,0.217,0.217,5.342,1.283,0,0,0.916
2023-03-26 21:00,-2.035,0.119,0.119,5.477,1.282,0,0,0.913
2023-03-26 22:00,-2.061,0.089,0.089,5.554,1.282,0,0,0.877
2023-03-26 23:00,-2.168,0.077,0.077,5.613,1.283,0,0,0.871
2023-03-27 00:00,-2.325,0.057,0.057,5.656,1.284,0,0,0.862
2023-03-27 01:00,-2.496,0.056,0.056,5.690,1.285,0,0,0.848
2023-03-27 02:00,-2.716,0.054,0.054,5.725,1.286,0,0,0.836
2023-03-27 03:00,-2.942,0.051,0.051,5.756,1.288,0,0,0.843
2023-03-27 04:00,-3.118,0.054,0.054,5.789,1.289,3.335,19.149,0.839
2023-03-27 05:00,-3.054,0.074,0.074,5.831,1.289,44.104,173.800,0.851
2023-03-27 06:00,-2.811,0.104,0.104,5.888,1.288,90.625,346.600,0.877
2023-03-27 07:00,-2.495,0.149,0.149,5.972,1.287,123.473,498.980,0.914
2023-03-27 08:00,-2.204,0.201,0.201,6.098,1.286,137.063,620.511,0.928
2023-03-27 09:00,-1.944,0.272,0.272,6.280,1.285,152.286,703.006,0.920
2023-03-27 10:00,-1.850,0.323,0.323,6.520,1.284,147.683,740.705,0.930
2023-03-27 11:00,-1.880,0.351,0.351,6.797,1.284,124.680,731.290,0.959
2023-03-27 12:00,-2.012,0.346,0.346,7.085,1.285,81.675,675.428,0.960
2023-03-27 13:00,-2.167,0.330,0.330,7.363,1.286,80.919,576.790,0.964
2023-03-27 14:00,-2.460,0.340,0.340,7.636,1.288,52.300,442.092,0.960
2023-03-27 15:00,-2.790,0.311,0.311,7.905,1.290,27.584,280.711,0.968
2023-03-27 16:00,-3.036,0.306,0.306,8.158,1.292,7.107,103.619,0.975
2023-03-27 17:00,-3.197,0.290,0.290,8.411,1.293,0.008,0.535,0.972
2023-03-27 18:00,-3.229,0.287,0.287,8.647,1.294,0,0,0.972
2023-03-27 19:00,-3.220,0.311,0.311,8.907,1.294,0,0,0.981
2023-03-27 20:00,-3.172,0.290,0.290,9.163,1.295,0,0,0.982
2023-03-27 21:00,-3.122,0.296,0.296,9.406,1.295,0,0,0.984
2023-03-27 22:00,-3.095,0.294,0.294,9.652,1.295,0,0,0.983
2023-03-27 23:00,-3.065,0.302,0.302,9.899,1.295,0,0,0.952
2023-03-28 00:00,-3.064,0.290,0.290,10.143,1.295,0,0,0.931
2023-03-28 01:00,-3.078,0.261,0.261,10.362,1.296,0,0,0.935
2023-03-28 02:00,-3.092,0.228,0.228,10.549,1.296,0,0,0.938
2023-03-28 03:00,-3.137,0.190,0.190,10.702,1.297,0,0,0.932
2023-03-28 04:00,-3.212,0.158,0.158,10.821,1.298,1.871,22.984,0.925
2023-03-28 05:00,-3.199,0.136,0.136,10.914,1.299,25.668,181.716,0.935
2023-03-28 06:00,-3.021,0.125,0.125,10.978,1.299,68.159,354.357,0.944
2023-03-28 07:00,-2.746,0.126,0.126,11.030,1.298,109.390,506.605,0.947
2023-03-28 08:00,-2.440,0.122,0.122,11.067,1.298,133.707,628.011,0.937
2023-03-28 09:00,-2.049,0.114,0.114,11.083,1.297,170.578,710.350,0.933
2023-03-28 10:00,-1.636,0.101,0.101,11.071,1.295,191.717,748.197,0.910
2023-03-28 11:00,-1.319,0.081,0.081,11.028,1.295,207.481,738.768,0.836
2023-03-28 12:00,-1.117,0.060,0.060,10.958,1.295,214.549,682.848,0.717
2023-03-28 13:00,-1.029,0.040,0.040,10.868,1.295,208.996,584.290,0.593
2023-03-28 14:00,-1.087,0.038,0.038,10.778,1.295,174.056,449.791,0.460
2023-03-28 15:00,-1.356,0.039,0.039,10.724,1.297,105.975,288.536,0.439
2023-03-28 16:00,-1.822,0.015,0.015,10.688,1.299,32.809,111.565,0.428
2023-03-28 17:00,-2.420,0.008,0.008,10.666,1.301,0.185,1.277,0.388
2023-03-28 18:00,-2.896,0.004,0.004,10.654,1.303,0,0,0.374
2023-03-28 19:00,-3.596,0.002,0.002,10.648,1.304,0,0,0.317
2023-03-28 20:00,-4.226,0.001,0.001,10.643,1.306,0,0,0.246
2023-03-28 21:00,-4.843,0.001,0.001,10.639,1.307,0,0,0.183
2023-03-28 22:00,-5.307,0.001,0.001,10.635,1.309,0,0,0.140
2023-03-28 23:00,-5.605,0,0,10.635,1.311,0,0,0.096
2023-03-29 00:00,-5.848,0,0,10.637,1.312,0,0,0.063
2023-03-29 01:00,-6.057,0,0,10.639,1.313,0,0,0.075
2023-03-29 02:00,-6.142,0,0,10.640,1.314,0,0,0.227
2023-03-29 03:00,-6.117,0,0,10.642,1.315,0,0,0.583
2023-03-29 04:00,-6.002,0.001,0.001,10.643,1.315,7.851,27.158,0.845
2023-03-29 05:00,-5.064,0.003,0.003,10.645,1.314,56.596,189.569,0.863
2023-03-29 06:00,-3.488,0.011,0.011,10.644,1.310,111.806,362.056,0.898
2023-03-29 07:00,-2.191,0.031,0.031,10.614,1.305,142.915,514.183,0.939
2023-03-29 08:00,-1.591,0.077,0.077,10.586,1.302,153.569,635.432,0.950
2023-03-29 09:00,-1.383,0.148,0.148,10.614,1.301,155.143,717.770,0.957
2023-03-29 10:00,-1.281,0.181,0.181,10.695,1.300,151.570,755.447,0.962
2023-03-29 11:00,-1.257,0.219,0.219,10.803,1.299,150.230,746.040,0.953
2023-03-29 12:00,-1.319,0.315,0.314,10.987,1.298,135.120,690.178,0.956
2023-03-29 13:00,-1.456,0.457,0.457,11.313,1.298,99.229,591.783,0.949
2023-03-29 14:00,-1.674,0.541,0.541,11.767,1.298,66.264,457.412,0.945
2023-03-29 15:00,-1.951,0.484,0.484,12.242,1.299,36.500,296.286,0.942
2023-03-29 16:00,-2.241,0.325,0.323,12.608,1.300,13.596,119.490,0.915
2023-03-29 17:00,-2.559,0.170,0.168,12.817,1.301,0.186,2.369,0.816
2023-03-29 18:00,-2.886,0.073,0.072,12.906,1.302,0,0,0.682
2023-03-29 19:00,-3.429,0.029,0.028,12.933,1.302,0,0,0.496
2023-03-29 20:00,-3.949,0.011,0.011,12.936,1.302,0,0,0.380
2023-03-29 21:00,-4.423,0.005,0.005,12.932,1.302,0,0,0.215
2023-03-29 22:00,-5.049,0.003,0.003,12.923,1.302,0,0,0.145
2023-03-29 23:00,-5.769,0.003,0.003,12.915,1.303,0,0,0.135
2023-03-30 00:00,-6.164,0.002,0.002,12.909,1.304,0,0,0.131
2023-03-30 01:00,-6.483,0.001,0.001,12.902,1.304,0,0,0.143
2023-03-30 02:00,-6.733,0.001,0.001,12.896,1.305,0,0,0.147
2023-03-30 03:00,-6.802,0.001,0.001,12.892,1.305,0,0,0.175
2023-03-30 04:00,-6.729,0.001,0.001,12.889,1.305,12.222,31.675,0.171
2023-03-30 05:00,-5.231,0.001,0.001,12.885,1.304,109.739,197.381,0.134
2023-03-30 06:00,-2.714,0.001,0.001,12.856,1.301,243.406,369.688,0.178
2023-03-30 07:00,-1.430,0.002,0.002,12.760,1.296,366.671,521.690,0.240
2023-03-30 08:00,-0.575,0.002,0.002,12.613,1.292,459.656,642.910,0.350
2023-03-30 09:00,0.076,0.004,0.004,12.421,1.290,512.712,725.020,0.630
2023-03-30 10:00,0.469,0.004,0.004,12.192,1.287,486.700,762.846,0.954
2023-03-30 11:00,0.578,0.005,0.005,11.894,1.285,397.596,753.438,0.990
2023-03-30 12:00,0.634,0.005,0.005,11.559,1.284,360.005,697.591,0.949
2023-03-30 13:00,0.656,0.006,0.005,11.211,1.282,349.359,599.203,0.795
2023-03-30 14:00,0.496,0.008,0.008,10.993,1.282,261.032,464.912,0.762
2023-03-30 15:00,0.090,0.010,0.009,10.899,1.282,147.447,304.032,0.825
2023-03-30 16:00,-0.605,0.011,0.011,10.876,1.283,42.694,127.354,0.936
2023-03-30 17:00,-1.543,0.009,0.009,10.878,1.285,0.660,3.821,0.967
2023-03-30 18:00,-1.856,0.007,0.006,10.879,1.286,0,0,0.972
2023-03-30 19:00,-2.031,0.007,0.005,10.879,1.286,0,0,0.970
2023-03-30 20:00,-2.146,0.008,0.006,10.880,1.285,0,0,0.984
2023-03-30 21:00,-2.147,0.009,0.007,10.882,1.285,0,0,0.985
2023-03-30 22:00,-2.165,0.013,0.008,10.885,1.284,0,0,0.978
2023-03-30 23:00,-2.181,0.024,0.012,10.890,1.284,0,0,0.979
2023-03-31 00:00,-2.146,0.050,0.027,10.907,1.284,0,0,0.986
2023-03-31 01:00,-1.833,0.082,0.068,10.948,1.283,0,0,0.989
2023-03-31 02:00,-1.676,0.117,0.114,11.027,1.284,0,0,0.995
2023-03-31 03:00,-1.691,0.136,0.134,11.131,1.284,0,0,0.997
2023-03-31 04:00,-1.687,0.125,0.123,11.236,1.284,4.077,36.520,0.996
2023-03-31 05:00,-1.577,0.096,0.095,11.314,1.284,33.628,205.172,0.996
2023-03-31 06:00,-1.251,0.072,0.072,11.356,1.284,84.935,377.313,0.994
2023-03-31 07:00,-0.811,0.052,0.052,11.348,1.282,159.426,529.103,0.990
2023-03-31 08:00,-0.450,0.037,0.036,11.285,1.281,233.631,650.182,0.980
2023-03-31 09:00,-0.017,0.024,0.023,11.172,1.280,307.688,732.270,0.974
2023-03-31 10:00,0.376,0.015,0.014,11.005,1.278,354.102,769.867,0.972
2023-03-31 11:00,0.598,0.010,0.007,10.802,1.277,368.425,760.532,0.973
2023-03-31 12:00,0.643,0.007,0.003,10.589,1.276,342.215,704.841,0.976
2023-03-31 13:00,0.520,0.003,0.002,10.393,1.276,280.861,606.467,0.970
2023-03-31 14:00,0.264,0.002,0.001,10.231,1.277,213.146,472.412,0.905
2023-03-31 15:00,-0.126,0.001,0,10.116,1.278,141.199,311.657,0.761
2023-03-31 16:00,-0.831,0,0,10.048,1.281,59.543,135.194,0.368
2023-03-31 17:00,-2.336,0,0,10.016,1.284,1.632,5.614,0.316
2023-03-31 18:00,-3.444,0,0,9.997,1.287,0,0,0.148
2023-03-31 19:00,-4.296,0,0,9.983,1.290,0,0,0.020
2023-03-31 20:00,-4.724,0,0,9.971,1.291,0,0,0
2023-03-31 21:00,-5.041,0,0,9.961,1.293,0,0,0.015
2023-03-31 22:00,-5.417,0,0,9.954,1.294,0,0,0.067
2023-03-31 23:00,-5.533,0,0,9.949,1.295,0,0,0.076
2023-04-01 00:00,-5.713,0,0,9.945,1.296,0,0,0.084
2023-04-01 01:00,-5.641,0.001,0.001,9.945,1.297,0,0,0.267
2023-04-01 02:00,-5.209,0.004,0.004,9.946,1.298,0,0,0.368
2023-04-01 03:00,-4.732,0.005,0.005,9.952,1.300,0,0,0.397
2023-04-01 04:00,-4.506,0.004,0.004,9.955,1.300,15.622,41.689,0.366
2023-04-01 05:00,-2.932,0.003,0.003,9.951,1.298,104.140,212.900,0.287
2023-04-01 06:00,-1.405,0.003,0.003,9.923,1.293,223.570,384.887,0.198
2023-04-01 07:00,0.224,0,0,9.795,1.286,389.515,536.440,0.020
2023-04-01 08:00,1.239,0,0,9.097,1.281,499.277,657.424,0.002
2023-04-01 09:00,1.985,0,0,7.818,1.277,569.919,739.512,0.002
2023-04-01 10:00,2.723,0,0,6.420,1.273,601.374,777.110,0.001
2023-04-01 11:00,3.236,0,0,5.179,1.271,592.135,767.688,0.001
2023-04-01 12:00,3.407,0,0,4.200,1.270,543.415,712.091,0.001
2023-04-01 13:00,3.245,0,0,3.506,1.272,459.377,613.717,0
2023-04-01 14:00,2.760,0,0,3.078,1.275,345.497,479.868,0
2023-04-01 15:00,1.940,0,0,2.880,1.280,212.191,319.242,0
2023-04-01 16:00,0.753,0,0,2.833,1.286,78.424,143.005,0
2023-04-01 17:00,-0.704,0,0,2.825,1.292,2.478,7.748,0
2023-04-01 18:00,-1.833,0,0,2.824,1.297,0,0,0
2023-04-01 19:00,-2.364,0,0,2.825,1.301,0,0,0
2023-04-01 20:00,-2.695,0,0,2.826,1.304,0,0,0.019
2023-04-01 21:00,-2.856,0,0,2.826,1.306,0,0,0.081
2023-04-01 22:00,-2.899,0,0,2.827,1.307,0,0,0.127
2023-04-01 23:00,-2.909,0,0,2.828,1.309,0,0,0.144
2023-04-02 00:00,-2.843,0,0,2.828,1.309,0,0,0.071
2023-04-02 01:00,-2.785,0,0,2.829,1.309,0,0,0.001
2023-04-02 02:00,-3.376,0,0,2.829,1.310,0,0,0.003
2023-04-02 03:00,-3.800,0,0,2.830,1.312,0,0,0.064
2023-04-02 04:00,-3.648,0.001,0.001,2.832,1.314,19.911,47.190,0.228
2023-04-02 05:00,-1.877,0.001,0.001,2.831,1.313,116.838,220.591,0.123
2023-04-02 06:00,-0.256,0,0,2.817,1.308,271.522,392.387,0.012
2023-04-02 07:00,1.413,0,0,2.692,1.301,398.447,543.853,0.017
2023-04-02 08:00,2.345,0,0,2.378,1.297,501.566,664.594,0.022
2023-04-02 09:00,2.902,0.001,0,2.009,1.295,569.439,746.668,0.079
2023-04-02 10:00,3.054,0.007,0,1.674,1.295,555.529,784.110,0.330
2023-04-02 11:00,2.892,0.003,0,1.420,1.297,502.393,774.702,0.334
2023-04-02 12:00,2.665,0.001,0,1.247,1.299,495.635,719.091,0.188
2023-04-02 13:00,2.338,0,0,1.141,1.302,434.384,620.967,0.145
2023-04-02 14:00,1.953,0,0,1.086,1.304,339.709,487.243,0.046
2023-04-02 15:00,1.317,0,0,1.060,1.306,210.543,326.749,0.059
2023-04-02 16:00,0.310,0,0,1.050,1.311,76.605,150.733,0.063
2023-04-02 17:00,-0.886,0,0,1.048,1.316,3.101,10.219,0.048
2023-04-02 18:00,-1.583,0,0,1.048,1.320,0,0,0.032
2023-04-02 19:00,-2.005,0,0,1.049,1.323,0,0,0.016
2023-04-02 20:00,-2.299,0,0,1.049,1.325,0,0,0.012
2023-04-02 21:00,-2.530,0,0,1.049,1.326,0,0,0.014
2023-04-02 22:00,-2.728,0,0,1.050,1.328,0,0,0.015
2023-04-02 23:00,-2.812,0,0,1.050,1.328,0,0,0.058
2023-04-03 00:00,-2.860,0.001,0,1.051,1.329,0,0,0.169
2023-04-03 01:00,-2.858,0.001,0.001,1.052,1.330,0,0,0.181
2023-04-03 02:00,-3.019,0.003,0.003,1.054,1.331,0,0,0.324
2023-04-03 03:00,-3.237,0.008,0.008,1.060,1.333,0,0,0.503
2023-04-03 04:00,-3.308,0.009,0.009,1.070,1.335,16.429,53.000,0.513
2023-04-03 05:00,-2.646,0.003,0.003,1.075,1.333,102.488,228.216,0.268
2023-04-03 06:00,-1.133,0,0,1.072,1.326,268.006,399.769,0.111
2023-04-03 07:00,0.483,0,0,1.059,1.319,400.319,551.103,0.043
2023-04-03 08:00,1.652,0,0,0.993,1.313,506.417,671.830,0.013
2023-04-03 09:00,2.467,0,0,0.856,1.309,581.872,753.682,0.008
2023-04-03 10:00,3.089,0,0,0.710,1.305,617.206,791.110,0.003
2023-04-03 11:00,3.472,0,0,0.583,1.302,610.092,781.702,0.001
2023-04-03 12:00,3.620,0,0,0.483,1.300,561.646,726.239,0.001
2023-04-03 13:00,3.523,0,0,0.411,1.299,474.318,628.217,0.002
2023-04-03 14:00,3.217,0,0,0.365,1.298,357.491,494.575,0.003
2023-04-03 15:00,2.552,0,0,0.341,1.299,222.572,334.319,0.013
2023-04-03 16:00,0.766,0,0,0.335,1.301,87.821,158.424,0.023
2023-04-03 17:00,-0.605,0,0,0.335,1.303,4.505,13.029,0.003
2023-04-03 18:00,-1.061,0,0,0.335,1.306,0,0,0
2023-04-03 19:00,-1.350,0,0,0.335,1.309,0,0,0
2023-04-03 20:00,-1.557,0,0,0.335,1.311,0,0,0.004
2023-04-03 21:00,-1.715,0,0,0.335,1.312,0,0,0.041
2023-04-03 22:00,-1.856,0,0,0.335,1.313,0,0,0.071
2023-04-03 23:00,-2.009,0,0,0.335,1.314,0,0,0.083
2023-04-04 00:00,-2.392,0,0,0.335,1.314,0,0,0.148
2023-04-04 01:00,-2.896,0,0,0.335,1.314,0,0,0.355
2023-04-04 02:00,-3.367,0,0,0.335,1.315,0,0,0.369
2023-04-04 03:00,-3.870,0,0,0.335,1.316,0,0,0.274
2023-04-04 04:00,-4.142,0,0,0.335,1.318,24.396,59.131,0.422
2023-04-04 05:00,-2.580,0,0,0.335,1.318,122.180,235.819,0.627
2023-04-04 06:00,-1.073,0,0,0.334,1.315,233.726,407.226,0.660
2023-04-04 07:00,0.475,0.002,0.002,0.332,1.309,346.902,558.353,0.543
2023-04-04 08:00,1.858,0.005,0,0.310,1.303,449.200,678.844,0.414
2023-04-04 09:00,2.752,0.006,0,0.268,1.299,489.956,760.675,0.335
2023-04-04 10:00,3.318,0.008,0,0.228,1.295,497.999,798.030,0.356
2023-04-04 11:00,3.690,0.009,0,0.193,1.292,485.174,788.695,0.403
2023-04-04 12:00,3.810,0.012,0,0.165,1.290,420.204,733.253,0.492
2023-04-04 13:00,3.649,0.017,0,0.146,1.289,318.289,635.366,0.529
2023-04-04 14:00,3.303,0.016,0,0.133,1.289,228.642,501.825,0.527
2023-04-04 15:00,2.752,0.007,0,0.125,1.290,149.963,341.745,0.381
2023-04-04 16:00,1.418,0.002,0,0.122,1.291,74.840,166.086,0.256
2023-04-04 17:00,0.080,0.001,0,0.122,1.293,5.066,16.169,0.161
2023-04-04 18:00,-0.606,0,0,0.122,1.296,0,0,0.119
2023-04-04 19:00,-1.075,0,0,0.122,1.298,0,0,0.096
2023-04-04 20:00,-1.511,0,0,0.122,1.301,0,0,0.019
2023-04-04 21:00,-1.847,0,0,0.122,1.304,0,0,0.010
2023-04-04 22:00,-2.124,0,0,0.123,1.306,0,0,0.014
2023-04-04 23:00,-2.229,0,0,0.123,1.308,0,0,0.014
2023-04-05 00:00,-2.306,0,0,0.123,1.310,0,0,0.061
2023-04-05 01:00,-2.126,0.001,0.001,0.124,1.311,0,0,0.239
2023-04-05 02:00,-2.211,0.002,0.002,0.125,1.313,0,0,0.372
2023-04-05 03:00,-2.254,0.003,0.002,0.128,1.313,0,0,0.337
2023-04-05 04:00,-2.349,0.008,0.007,0.132,1.313,25.050,65.580,0.620
2023-04-05 05:00,-1.389,0.023,0.021,0.147,1.311,89.345,243.362,0.789
2023-04-05 06:00,-0.357,0.035,0.033,0.172,1.306,124.289,414.519,0.880
2023-04-05 07:00,0.488,0.038,0.034,0.208,1.301,143.400,565.367,0.929
2023-04-05 08:00,1.240,0.026,0.006,0.220,1.297,200.907,685.844,0.914
2023-04-05 09:00,1.867,0.146,0.104,0.260,1.295,274.395,767.432,0.879
2023-04-05 10:00,1.921,0.442,0.157,0.381,1.294,262.922,804.928,0.890
2023-04-05 11:00,1.526,0.707,0.320,0.574,1.296,189.649,795.593,0.920
2023-04-05 12:00,1.253,0.573,0.239,0.867,1.297,153.143,740.003,0.868
2023-04-05 13:00,1.159,0.363,0.054,0.950,1.297,155.055,642.366,0.759
2023-04-05 14:00,1.108,0.226,0.013,0.924,1.297,144.614,509.024,0.699
2023-04-05 15:00,0.881,0.140,0.036,0.910,1.297,83.620,349.194,0.676
2023-04-05 16:00,0.581,0.080,0.060,0.946,1.298,37.239,173.709,0.637
2023-04-05 17:00,0.255,0.046,0.041,0.993,1.299,2.860,19.639,0.604
2023-04-05 18:00,0.093,0.031,0.029,1.025,1.300,0,0,0.527
2023-04-05 19:00,0.014,0.027,0.026,1.050,1.301,0,0,0.447
2023-04-05 20:00,-0.228,0.019,0.018,1.072,1.302,0,0,0.409
2023-04-05 21:00,-0.664,0.014,0.013,1.085,1.303,0,0,0.376
2023-04-05 22:00,-0.651,0.016,0.014,1.096,1.303,0,0,0.420
2023-04-05 23:00,-0.363,0.015,0.013,1.109,1.302,0,0,0.417
2023-04-06 00:00,-0.453,0.010,0.005,1.117,1.301,0,0,0.406
2023-04-06 01:00,-0.575,0.009,0.002,1.121,1.300,0,0,0.398
2023-04-06 02:00,-0.593,0.007,0.002,1.123,1.300,0,0,0.371
2023-04-06 03:00,-0.752,0.007,0.003,1.126,1.300,0,0,0.356
2023-04-06 04:00,-0.691,0.005,0.001,1.129,1.300,23.474,72.321,0.373
2023-04-06 05:00,0.586,0.012,0.002,1.124,1.300,110.101,250.863,0.421
2023-04-06 06:00,1.556,0.010,0.001,1.082,1.299,210.569,421.851,0.448
2023-04-06 07:00,2.321,0.008,0,0.993,1.296,331.640,572.515,0.527
2023-04-06 08:00,2.997,0.003,0,0.871,1.294,443.066,692.757,0.654
2023-04-06 09:00,3.636,0.001,0,0.735,1.292,534.578,774.345,0.658
2023-04-06 10:00,4.143,0.001,0,0.605,1.290,579.964,811.678,0.686
2023-04-06 11:00,4.180,0.001,0,0.504,1.289,472.774,802.343,0.725
2023-04-06 12:00,4.017,0.002,0.001,0.434,1.288,402.640,747.003,0.804
2023-04-06 13:00,3.761,0.002,0.001,0.384,1.289,331.764,649.366,0.876
2023-04-06 14:00,3.303,0.001,0,0.351,1.290,240.710,516.118,0.883
2023-04-06 15:00,2.581,0.002,0,0.332,1.291,150.103,356.526,0.882
2023-04-06 16:00,1.192,0.003,0.001,0.325,1.294,61.287,181.251,0.900
2023-04-06 17:00,-0.053,0.006,0.002,0.327,1.296,5.466,23.420,0.900
2023-04-06 18:00,-0.503,0.012,0.004,0.330,1.299,0,0,0.904
2023-04-06 19:00,-0.501,0.016,0.008,0.336,1.301,0,0,0.938
2023-04-06 20:00,-0.346,0.023,0.018,0.349,1.302,0,0,0.951
2023-04-06 21:00,-0.239,0.048,0.042,0.379,1.302,0,0,0.970
2023-04-06 22:00,-0.247,0.080,0.072,0.438,1.302,0,0,0.975
2023-04-06 23:00,-0.282,0.078,0.072,0.513,1.303,0,0,0.975
2023-04-07 00:00,-0.173,0.041,0.039,0.567,1.303,0,0,0.973
2023-04-07 01:00,-0.182,0.013,0.011,0.585,1.303,0,0,0.975
2023-04-07 02:00,-0.273,0.006,0.004,0.590,1.304,0,0,0.978
2023-04-07 03:00,-0.400,0.006,0.003,0.592,1.305,0,0,0.976
2023-04-07 04:00,-0.318,0.005,0.004,0.593,1.306,21.492,79.346,0.972
2023-04-07 05:00,0.316,0.004,0.003,0.591,1.305,96.170,258.301,0.961
2023-04-07 06:00,1.347,0.007,0.001,0.568,1.301,195.378,429.057,0.924
2023-04-07 07:00,2.308,0.014,0,0.521,1.297,258.786,579.515,0.887
2023-04-07 08:00,2.967,0.028,0,0.470,1.294,274.353,699.594,0.839
2023-04-07 09:00,3.390,0.030,0,0.420,1.292,284.855,781.095,0.780
2023-04-07 10:00,3.763,0.024,0,0.372,1.290,299.525,818.428,0.750
2023-04-07 11:00,4.102,0.019,0,0.328,1.288,301.565,809.093,0.738
2023-04-07 12:00,4.356,0.014,0,0.288,1.287,286.785,753.753,0.714
2023-04-07 13:00,4.484,0.010,0,0.255,1.285,260.175,656.278,0.652
2023-04-07 14:00,4.422,0.006,0,0.228,1.285,220.284,523.274,0.552
2023-04-07 15:00,3.984,0.004,0,0.209,1.286,151.713,363.776,0.523
2023-04-07 16:00,2.894,0.003,0,0.199,1.289,63.807,188.790,0.581
2023-04-07 17:00,1.609,0.001,0,0.195,1.293,6.705,27.526,0.607
2023-04-07 18:00,1.094,0,0,0.192,1.298,0,0,0.811
2023-04-07 19:00,0.738,0,0,0.191,1.302,0,0,0.865
2023-04-07 20:00,0.573,0,0,0.190,1.304,0,0,0.951
2023-04-07 21:00,0.283,0,0,0.189,1.306,0,0,0.962
2023-04-07 22:00,0.187,0,0,0.189,1.307,0,0,0.961
2023-04-07 23:00,0.053,0,0,0.189,1.307,0,0,0.960
2023-04-08 00:00,-0.135,0,0,0.189,1.308,0,0,0.959
2023-04-08 01:00,-0.291,0,0,0.188,1.309,0,0,0.959
2023-04-08 02:00,-0.460,0,0,0.189,1.310,0,0,0.959
2023-04-08 03:00,-0.614,0.001,0.001,0.189,1.312,0.001,0.006,0.959
2023-04-08 04:00,-0.470,0.001,0.001,0.189,1.312,28.085,86.670,0.950
2023-04-08 05:00,0.423,0,0,0.189,1.309,115.815,265.639,0.937
2023-04-08 06:00,1.697,0,0,0.182,1.304,206.513,436.182,0.960
2023-04-08 07:00,3.126,0,0,0.168,1.298,297.307,586.515,0.976
2023-04-08 08:00,4.354,0,0,0.148,1.292,386.938,706.344,0.987
2023-04-08 09:00,5.420,0,0,0.126,1.287,463.915,787.675,0.988
2023-04-08 10:00,6.228,0,0,0.103,1.282,492.452,824.942,0.986
2023-04-08 11:00,6.773,0,0,0.083,1.279,494.208,815.607,0.930
2023-04-08 12:00,7.182,0,0,0.068,1.276,494.412,760.416,0.651
2023-04-08 13:00,7.395,0,0,0.056,1.274,455.952,663.108,0.323
2023-04-08 14:00,7.290,0,0,0.048,1.272,371.107,530.266,0.219
2023-04-08 15:00,6.510,0,0,0.043,1.273,250.639,371.022,0.310
2023-04-08 16:00,4.634,0,0,0.041,1.274,112.279,196.228,0.495
2023-04-08 17:00,3.433,0,0,0.041,1.277,12.383,31.947,0.529
2023-04-08 18:00,2.881,0,0,0.041,1.280,0,0,0.636
2023-04-08 19:00,2.691,0,0,0.041,1.283,0,0,0.627
2023-04-08 20:00,2.781,0,0,0.041,1.286,0,0,0.526
2023-04-08 21:00,3.033,0,0,0.041,1.287,0,0,0.415
2023-04-08 22:00,3.040,0,0,0.041,1.289,0,0,0.271
2023-04-08 23:00,2.679,0,0,0.041,1.289,0,0,0.386
2023-04-09 00:00,1.974,0,0,0.041,1.290,0,0,0.429
2023-04-09 01:00,1.292,0,0,0.041,1.290,0,0,0.404
2023-04-09 02:00,0.839,0,0,0.041,1.290,0,0,0.379
2023-04-09 03:00,0.309,0,0,0.041,1.291,0.023,0.134,0.260
2023-04-09 04:00,0.275,0,0,0.041,1.293,38.546,94.173,0.151
2023-04-09 05:00,2.151,0,0,0.041,1.296,151.854,273.011,0.103
2023-04-09 06:00,3.437,0,0,0.038,1.294,285.622,443.267,0.073
2023-04-09 07:00,5.241,0,0,0.034,1.286,407.125,593.279,0.089
2023-04-09 08:00,6.617,0,0,0.029,1.279,504.634,713.007,0.086
2023-04-09 09:00,7.485,0,0,0.023,1.276,578.280,794.345,0.082
2023-04-09 10:00,8.335,0,0,0.017,1.272,610.863,831.442,0.089
2023-04-09 11:00,8.978,0.001,0,0.012,1.269,596.633,822.263,0.138
2023-04-09 12:00,9.318,0.001,0,0.010,1.266,530.523,767.152,0.402
2023-04-09 13:00,9.225,0.003,0,0.007,1.265,392.900,669.778,0.560
2023-04-09 14:00,8.849,0.002,0,0.003,1.264,233.047,537.186,0.588
2023-04-09 15:00,8.486,0,0,0.001,1.265,169.357,378.147,0.437
2023-04-09 16:00,6.658,0,0,0.001,1.268,93.500,203.640,0.151
2023-04-09 17:00,4.078,0,0,0,1.271,13.105,36.671,0.048
2023-04-09 18:00,2.449,0,0,0,1.277,0,0,0.037
2023-04-09 19:00,1.599,0,0,0,1.282,0,0,0.043
2023-04-09 20:00,1.114,0,0,0,1.286,0,0,0.041
2023-04-09 21:00,1.157,0,0,0,1.289,0,0,0.027
2023-04-09 22:00,1.599,0,0,0,1.291,0,0,0.020
2023-04-09 23:00,1.936,0,0,0,1.292,0,0,0.021
2023-04-10 00:00,1.960,0,0,0,1.293,0,0,0.034
2023-04-10 01:00,1.715,0,0,0,1.295,0,0,0.066
2023-04-10 02:00,1.364,0,0,0,1.296,0,0,0.150
2023-04-10 03:00,1.005,0,0,0,1.297,0.114,0.527,0.269
2023-04-10 04:00,0.900,0,0,0,1.299,45.838,101.687,0.473
2023-04-10 05:00,1.930,0,0,0,1.299,162.902,280.261,0.601
2023-04-10 06:00,3.228,0,0,0,1.296,294.769,450.267,0.605
2023-04-10 07:00,5.387,0,0,0,1.286,422.049,600.265,0.466
2023-04-10 08:00,6.964,0,0,0,1.278,531.783,719.757,0.374
2023-04-10 09:00,7.796,0,0,0,1.274,603.789,800.845,0.560
2023-04-10 10:00,8.314,0,0,0,1.271,612.401,837.942,0.859
2023-04-10 11:00,8.427,0,0,0,1.269,549.666,828.756,0.969
2023-04-10 12:00,8.200,0,0,0,1.268,458.919,773.652,0.988
2023-04-10 13:00,7.785,0,0,0,1.267,375.789,676.528,0.988
2023-04-10 14:00,7.175,0,0,0,1.268,294.075,544.030,0.979
2023-04-10 15:00,6.223,0,0,0,1.272,207.728,385.232,0.957
2023-04-10 16:00,4.544,0,0,0,1.276,104.676,210.993,0.886
2023-04-10 17:00,1.808,0,0,0,1.282,15.877,41.690,0.608
2023-04-10 18:00,0.610,0,0,0,1.287,0,0,0.363
2023-04-10 19:00,-0.117,0,0,0,1.291,0,0,0.512
2023-04-10 20:00,-0.793,0,0,0,1.292,0,0,0.687
2023-04-10 21:00,-0.993,0,0,0,1.293,0,0,0.935
2023-04-10 22:00,-0.715,0.001,0.001,0,1.292,0,0,0.966
2023-04-10 23:00,-0.101,0.002,0.002,0,1.291,0,0,0.976
2023-04-11 00:00,0.204,0.008,0.008,0.001,1.290,0,0,0.984
2023-04-11 01:00,0.400,0.010,0.010,0.001,1.289,0,0,0.986
2023-04-11 02:00,0.462,0.009,0.009,0.001,1.288,0,0,0.984
2023-04-11 03:00,0.385,0.012,0.010,0.001,1.287,0.203,1.234,0.985
2023-04-11 04:00,0.866,0.005,0.004,0.001,1.285,27.778,109.146,0.977
2023-04-11 05:00,1.961,0,0,0,1.280,133.538,287.471,0.950
2023-04-11 06:00,3.291,0,0,0,1.274,261.825,457.263,0.946
2023-04-11 07:00,5.150,0,0,0,1.265,382.989,606.928,0.949
2023-04-11 08:00,6.722,0,0,0,1.257,482.807,726.257,0.952
2023-04-11 09:00,8.149,0,0,0,1.249,554.301,807.257,0.945
2023-04-11 10:00,9.220,0,0,0,1.243,584.834,844.341,0.884
2023-04-11 11:00,9.934,0,0,0,1.239,578.456,835.013,0.638
2023-04-11 12:00,10.246,0,0,0,1.236,560.475,780.064,0.329
2023-04-11 13:00,10.203,0,0,0,1.235,483.925,683.028,0.114
2023-04-11 14:00,9.811,0,0,0,1.235,371.712,550.780,0.035
2023-04-11 15:00,8.870,0,0,0,1.239,238.037,392.232,0.068
2023-04-11 16:00,7.293,0,0,0,1.245,109.483,218.243,0.076
2023-04-11 17:00,5.656,0,0,0,1.252,16.371,47.006,0.078
2023-04-11 18:00,4.539,0,0,0,1.258,0,0,0.304
2023-04-11 19:00,4.123,0.002,0,0,1.261,0,0,0.567
2023-04-11 20:00,4.108,0.003,0,0,1.262,0,0,0.654
2023-04-11 21:00,4.244,0.002,0,0,1.261,0,0,0.600
2023-04-11 22:00,3.918,0.007,0,0,1.262,0,0,0.788
2023-04-11 23:00,3.723,0.016,0,0,1.264,0,0,0.875
2023-04-12 00:00,3.544,0.017,0,0,1.265,0,0,0.853
2023-04-12 01:00,3.322,0.016,0,0,1.266,0,0,0.902
2023-04-12 02:00,3.156,0.014,0,0,1.267,0,0,0.934
2023-04-12 03:00,3.039,0.014,0,0,1.268,0.222,2.258,0.924
2023-04-12 04:00,3.177,0.012,0,0,1.268,21.124,116.542,0.945
2023-04-12 05:00,3.968,0.004,0,0,1.264,73.541,294.596,0.938
2023-04-12 06:00,5.181,0.002,0,0,1.259,190.824,464.098,0.751
2023-04-12 07:00,6.663,0.002,0,0,1.253,315.344,613.529,0.560
2023-04-12 08:00,8.230,0.003,0,0,1.247,424.130,732.757,0.487
2023-04-12 09:00,9.600,0.003,0,0,1.240,505.645,813.587,0.773
2023-04-12 10:00,10.401,0.003,0,0,1.236,489.973,850.605,0.962
2023-04-12 11:00,10.582,0.007,0,0,1.235,438.210,841.426,0.977
2023-04-12 12:00,10.482,0.009,0,0,1.235,391.879,786.416,0.937
2023-04-12 13:00,10.194,0.009,0,0,1.236,348.857,689.542,0.860
2023-04-12 14:00,9.619,0.010,0,0,1.238,281.207,557.450,0.759
2023-04-12 15:00,8.490,0.006,0,0,1.243,178.507,399.188,0.722
2023-04-12 16:00,6.842,0.009,0,0,1.250,82.435,225.469,0.723
2023-04-12 17:00,5.339,0.011,0,0,1.257,11.211,52.613,0.807
2023-04-12 18:00,4.517,0.005,0,0,1.261,0,0,0.908
2023-04-12 19:00,4.384,0.003,0,0,1.262,0,0,0.925
2023-04-12 20:00,4.307,0.004,0,0,1.262,0,0,0.921
2023-04-12 21:00,4.237,0.009,0,0,1.262,0,0,0.939
2023-04-12 22:00,4.802,0.020,0,0,1.258,0,0,0.777
2023-04-12 23:00,4.882,0.075,0,0,1.257,0,0,0.766
2023-04-13 00:00,5.065,0.106,0,0,1.255,0,0,0.807
2023-04-13 01:00,5.131,0.054,0,0,1.255,0,0,0.843
2023-04-13 02:00,4.975,0.016,0,0,1.256,0,0,0.915
2023-04-13 03:00,4.824,0.014,0,0,1.257,0.243,3.620,0.953
2023-04-13 04:00,4.669,0.020,0,0,1.259,16.715,123.896,0.950
2023-04-13 05:00,4.734,0.030,0,0,1.260,47.820,301.677,0.981
2023-04-13 06:00,4.846,0.039,0,0,1.260,78.584,470.895,0.993
2023-04-13 07:00,5.068,0.067,0,0,1.261,130.793,620.178,0.988
2023-04-13 08:00,5.423,0.220,0,0,1.260,182.562,739.169,0.945
2023-04-13 09:00,5.921,0.459,0,0,1.258,221.409,819.757,0.941
2023-04-13 10:00,5.998,0.506,0,0,1.258,191.071,856.855,0.970
2023-04-13 11:00,5.785,0.221,0,0,1.260,186.880,847.520,0.959
2023-04-13 12:00,5.639,0.102,0,0,1.261,205.952,792.814,0.940
2023-04-13 13:00,5.552,0.119,0,0,1.262,207.208,696.021,0.976
2023-04-13 14:00,5.356,0.166,0,0,1.262,167.035,564.186,0.984
2023-04-13 15:00,4.914,0.195,0,0,1.264,96.850,406.063,0.988
2023-04-13 16:00,4.340,0.190,0,0,1.267,40.209,232.631,0.990
2023-04-13 17:00,3.847,0.096,0,0,1.270,7.154,58.495,0.991
2023-04-13 18:00,3.558,0.035,0,0,1.271,0,0,0.992
2023-04-13 19:00,3.520,0.019,0,0,1.272,0,0,0.992
2023-04-13 20:00,3.602,0.021,0,0,1.272,0,0,0.983
2023-04-13 21:00,3.741,0.026,0,0,1.271,0,0,0.988
2023-04-13 22:00,3.838,0.030,0,0,1.271,0,0,0.983
2023-04-13 23:00,3.764,0.037,0,0,1.272,0,0,0.981
2023-04-14 00:00,3.923,0.051,0,0,1.271,0,0,0.986
2023-04-14 01:00,3.968,0.084,0,0,1.271,0,0,0.992
2023-04-14 02:00,3.904,0.115,0,0,1.272,0,0,0.995
2023-04-14 03:00,3.744,0.109,0,0,1.273,0.162,5.289,0.995
2023-04-14 04:00,3.558,0.097,0,0,1.275,8.249,131.149,0.997
2023-04-14 05:00,3.460,0.112,0,0,1.276,24.516,308.677,0.996
2023-04-14 06:00,3.457,0.132,0,0,1.277,43.505,477.605,0.993
2023-04-14 07:00,3.551,0.150,0,0,1.277,62.982,626.678,0.993
2023-04-14 08:00,3.746,0.156,0,0,1.277,87.193,745.419,0.982
2023-04-14 09:00,3.983,0.129,0,0,1.276,112.383,826.007,0.983
2023-04-14 10:00,4.171,0.101,0,0,1.275,123.559,863.083,0.993
2023-04-14 11:00,4.323,0.095,0,0,1.275,130.695,853.676,0.996
2023-04-14 12:00,4.482,0.086,0,0,1.274,130.396,798.908,0.995
2023-04-14 13:00,4.710,0.078,0,0,1.273,140.194,702.441,0.989
2023-04-14 14:00,5.002,0.069,0,0,1.272,142.298,570.700,0.965
2023-04-14 15:00,5.092,0.052,0,0,1.271,116.207,412.927,0.903
2023-04-14 16:00,4.720,0.048,0,0,1.272,65.342,239.697,0.862
2023-04-14 17:00,4.021,0.055,0,0,1.276,12.971,64.659,0.879
2023-04-14 18:00,3.493,0.064,0,0,1.279,0,0,0.814
2023-04-14 19:00,3.252,0.048,0,0,1.280,0,0,0.700
2023-04-14 20:00,3.091,0.012,0,0,1.281,0,0,0.594
2023-04-14 21:00,3.090,0.003,0,0,1.281,0,0,0.445
2023-04-14 22:00,2.748,0.003,0,0,1.283,0,0,0.461
2023-04-14 23:00,2.233,0.001,0,0,1.286,0,0,0.634
2023-04-15 00:00,1.848,0.002,0,0,1.289,0,0,0.789
2023-04-15 01:00,1.751,0.004,0,0,1.290,0,0,0.969
2023-04-15 02:00,1.511,0.009,0.001,0,1.292,0,0,0.989
2023-04-15 03:00,1.347,0.011,0.001,0,1.293,0.872,7.259,0.987
2023-04-15 04:00,1.458,0.011,0.001,0,1.293,26.001,138.378,0.980
2023-04-15 05:00,1.952,0.006,0,0,1.292,80.619,315.552,0.949
2023-04-15 06:00,3.123,0.001,0,0,1.287,178.171,484.312,0.516
2023-04-15 07:00,5.011,0,0,0,1.279,391.527,632.949,0.180
2023-04-15 08:00,6.967,0,0,0,1.271,532.423,751.669,0.124
2023-04-15 09:00,8.363,0,0,0,1.264,614.316,832.170,0.124
2023-04-15 10:00,9.127,0,0,0,1.261,649.271,869.083,0.124
2023-04-15 11:00,9.443,0,0,0,1.260,637.458,859.770,0.119
2023-04-15 12:00,9.419,0,0,0,1.260,586.169,805.078,0.105
2023-04-15 13:00,9.196,0,0,0,1.260,522.082,708.691,0.015
2023-04-15 14:00,8.759,0,0,0,1.261,409.224,577.193,0
2023-04-15 15:00,7.962,0,0,0,1.264,277.437,419.637,0.001
2023-04-15 16:00,6.703,0,0,0,1.269,141.632,246.735,0.003
2023-04-15 17:00,4.873,0,0,0,1.275,29.776,71.083,0
2023-04-15 18:00,3.513,0,0,0,1.282,0,0,0.005
2023-04-15 19:00,2.743,0,0,0,1.287,0,0,0.090
2023-04-15 20:00,2.167,0,0,0,1.290,0,0,0.264
2023-04-15 21:00,2.020,0,0,0,1.292,0,0,0.242
2023-04-15 22:00,1.527,0,0,0,1.293,0,0,0.269
2023-04-15 23:00,1.313,0,0,0,1.295,0,0,0.339
2023-04-16 00:00,1.278,0,0,0,1.296,0,0,0.268
2023-04-16 01:00,0.964,0,0,0,1.297,0,0,0.209
2023-04-16 02:00,0.544,0,0,0,1.299,0,0,0.209
2023-04-16 03:00,0.299,0.001,0.001,0,1.301,2.501,9.528,0.289
2023-04-16 04:00,0.787,0.001,0.001,0,1.300,60.499,145.541,0.148
2023-04-16 05:00,1.807,0,0,0,1.297,197.676,322.434,0
2023-04-16 06:00,3.650,0,0,0,1.289,336.265,490.930,0
2023-04-16 07:00,5.367,0,0,0,1.281,464.388,639.428,0
2023-04-16 08:00,6.721,0,0,0,1.275,568.763,757.832,0
2023-04-16 09:00,7.876,0,0,0,1.270,641.058,838.170,0
2023-04-16 10:00,8.803,0,0,0,1.266,674.591,875.003,0.004
2023-04-16 11:00,9.359,0,0,0,1.263,666.800,865.676,0.042
2023-04-16 12:00,9.588,0,0,0,1.261,618.272,811.078,0.064
2023-04-16 13:00,9.520,0,0,0,1.260,532.802,714.933,0.060
2023-04-16 14:00,9.153,0,0,0,1.261,418.319,583.599,0.040
2023-04-16 15:00,8.440,0,0,0,1.263,285.134,426.270,0.017
2023-04-16 16:00,7.044,0,0,0,1.267,147.869,253.654,0.001
2023-04-16 17:00,4.319,0,0,0,1.272,33.484,77.789,0
2023-04-16 18:00,2.499,0,0,0,1.278,0.001,0.003,0
2023-04-16 19:00,1.666,0,0,0,1.284,0,0,0
2023-04-16 20:00,0.762,0,0,0,1.289,0,0,0
2023-04-16 21:00,0.044,0,0,0,1.293,0,0,0
2023-04-16 22:00,-0.462,0,0,0,1.297,0,0,0
2023-04-16 23:00,-0.909,0,0,0,1.299,0,0,0
2023-04-17 00:00,-1.145,0,0,0,1.302,0,0,0.030
2023-04-17 01:00,-1.273,0,0,0,1.305,0,0,0.239
2023-04-17 02:00,-0.957,0.003,0.003,0,1.307,0,0,0.453
2023-04-17 03:00,-0.548,0.003,0.003,0,1.310,2.897,12.110,0.420
2023-04-17 04:00,-0.190,0,0,0,1.310,71.689,152.607,0.048
2023-04-17 05:00,1.021,0,0,0,1.306,207.527,329.258,0.028
2023-04-17 06:00,3.223,0,0,0,1.297,347.117,497.437,0.034
2023-04-17 07:00,5.253,0,0,0,1.289,475.377,645.692,0.029
2023-04-17 08:00,7.129,0,0,0,1.280,579.688,763.919,0.024
2023-04-17 09:00,8.565,0,0,0,1.273,651.718,844.170,0.004
2023-04-17 10:00,9.542,0,0,0,1.268,684.404,880.767,0.001
2023-04-17 11:00,10.142,0,0,0,1.265,676.146,871.668,0.001
2023-04-17 12:00,10.444,0,0,0,1.263,627.815,817.078,0
2023-04-17 13:00,10.403,0,0,0,1.262,542.760,720.941,0
2023-04-17 14:00,10.050,0,0,0,1.263,428.274,590.091,0.001
2023-04-17 15:00,9.311,0,0,0,1.265,294.470,432.891,0.020
2023-04-17 16:00,7.985,0,0,0,1.270,155.652,260.509,0.105
2023-04-17 17:00,5.569,0,0,0,1.274,37.788,84.680,0.456
2023-04-17 18:00,3.929,0,0,0,1.279,0.007,0.036,0.727
2023-04-17 19:00,3.551,0,0,0,1.283,0,0,0.864
2023-04-17 20:00,3.070,0,0,0,1.288,0,0,0.862
2023-04-17 21:00,2.547,0,0,0,1.293,0,0,0.672
2023-04-17 22:00,2.062,0,0,0,1.298,0,0,0.449
2023-04-17 23:00,1.308,0,0,0,1.302,0,0,0.385
2023-04-18 00:00,0.888,0,0,0,1.306,0,0,0.262
2023-04-18 01:00,0.568,0,0,0,1.308,0,0,0.274
2023-04-18 02:00,0.617,0,0,0,1.310,0,0,0.731
2023-04-18 03:00,0.784,0.001,0,0,1.312,4.079,14.972,0.972
2023-04-18 04:00,1.678,0,0,0,1.310,51.645,159.647,0.955
2023-04-18 05:00,2.675,0,0,0,1.306,171.660,336.008,0.928
2023-04-18 06:00,4.763,0,0,0,1.297,350.297,503.812,0.890
2023-04-18 07:00,7.049,0,0,0,1.286,483.417,651.840,0.888
2023-04-18 08:00,8.595,0,0,0,1.279,585.330,769.832,0.902
2023-04-18 09:00,9.623,0,0,0,1.273,654.569,849.920,0.909
2023-04-18 10:00,10.328,0,0,0,1.269,682.880,886.517,0.905
2023-04-18 11:00,10.694,0,0,0,1.267,670.759,877.418,0.922
2023-04-18 12:00,10.789,0,0,0,1.265,624.777,822.977,0.934
2023-04-18 13:00,10.606,0,0,0,1.265,543.789,727.103,0.940
2023-04-18 14:00,10.162,0,0,0,1.266,434.163,596.341,0.809
2023-04-18 15:00,9.413,0,0,0,1.269,304.983,439.465,0.420
2023-04-18 16:00,8.275,0,0,0,1.274,167.268,267.373,0.116
2023-04-18 17:00,6.812,0,0,0,1.279,44.459,91.721,0.004
2023-04-18 18:00,5.419,0,0,0,1.286,0.040,0.187,0.001
2023-04-18 19:00,4.489,0,0,0,1.292,0,0,0.009
2023-04-18 20:00,3.768,0,0,0,1.296,0,0,0.018
2023-04-18 21:00,3.329,0,0,0,1.299,0,0,0.016
2023-04-18 22:00,3.033,0,0,0,1.301,0,0,0.031
2023-04-18 23:00,2.468,0,0,0,1.304,0,0,0.089
2023-04-19 00:00,1.927,0,0,0,1.307,0,0,0.280
2023-04-19 01:00,1.711,0.001,0,0,1.308,0,0,0.502
2023-04-19 02:00,2.130,0.001,0,0,1.307,0,0,0.243
2023-04-19 03:00,2.008,0,0,0,1.306,6.002,18.112,0.159
2023-04-19 04:00,2.502,0,0,0,1.306,80.087,166.585,0.203
2023-04-19 05:00,3.705,0,0,0,1.301,216.038,342.593,0.010
2023-04-19 06:00,5.424,0,0,0,1.294,363.595,510.147,0.001
2023-04-19 07:00,7.235,0,0,0,1.285,492.296,657.862,0
2023-04-19 08:00,8.717,0,0,0,1.278,596.610,775.832,0
2023-04-19 09:00,9.653,0,0,0,1.274,668.309,855.670,0
2023-04-19 10:00,10.178,0,0,0,1.271,701.327,892.267,0
2023-04-19 11:00,10.471,0,0,0,1.269,693.141,883.088,0
2023-04-19 12:00,10.560,0,0,0,1.268,644.921,828.741,0
2023-04-19 13:00,10.471,0,0,0,1.267,559.957,733.082,0
2023-04-19 14:00,10.173,0,0,0,1.266,445.821,602.349,0
2023-04-19 15:00,9.583,0,0,0,1.267,312.120,445.840,0
2023-04-19 16:00,8.431,0,0,0,1.270,172.135,274.083,0
2023-04-19 17:00,5.985,0,0,0,1.273,48.416,98.741,0
2023-04-19 18:00,4.095,0,0,0,1.278,0.134,0.595,0
2023-04-19 19:00,3.254,0,0,0,1.284,0,0,0
2023-04-19 20:00,2.608,0,0,0,1.288,0,0,0
2023-04-19 21:00,2.130,0,0,0,1.291,0,0,0
2023-04-19 22:00,1.798,0,0,0,1.293,0,0,0
2023-04-19 23:00,1.498,0,0,0,1.294,0,0,0
2023-04-20 00:00,1.296,0,0,0,1.294,0,0,0
2023-04-20 01:00,1.099,0,0,0,1.294,0,0,0
2023-04-20 02:00,0.868,0,0,0,1.295,0,0,0.024
2023-04-20 03:00,0.727,0,0,0,1.296,7.801,21.534,0.193
2023-04-20 04:00,2.178,0,0,0,1.296,94.766,173.440,0.324
2023-04-20 05:00,4.040,0,0,0,1.294,227.160,349.215,0.399
2023-04-20 06:00,5.901,0,0,0,1.288,364.264,516.474,0.500
2023-04-20 07:00,8.774,0,0,0,1.274,487.480,663.862,0.581
2023-04-20 08:00,10.782,0,0,0,1.265,589.057,781.582,0.637
2023-04-20 09:00,11.871,0,0,0,1.261,659.393,861.333,0.633
2023-04-20 10:00,12.764,0,0,0,1.256,691.322,897.916,0.603
2023-04-20 11:00,13.477,0,0,0,1.252,682.721,888.682,0.601
2023-04-20 12:00,13.962,0,0,0,1.249,634.382,834.477,0.604
2023-04-20 13:00,14.132,0,0,0,1.246,549.017,738.846,0.605
2023-04-20 14:00,13.983,0,0,0,1.243,435.186,608.512,0.624
2023-04-20 15:00,14.118,0,0,0,1.242,303.122,452.215,0.696
2023-04-20 16:00,13.191,0,0,0,1.242,167.337,280.704,0.779
2023-04-20 17:00,12.029,0,0,0,1.242,48.693,105.698,0.840
2023-04-20 18:00,11.425,0,0,0,1.243,0.294,1.301,0.850
2023-04-20 19:00,10.914,0,0,0,1.244,0,0,0.756
2023-04-20 20:00,10.328,0,0,0,1.246,0,0,0.577
2023-04-20 21:00,9.771,0,0,0,1.248,0,0,0.377
2023-04-20 22:00,9.229,0,0,0,1.249,0,0,0.305
2023-04-20 23:00,8.657,0,0,0,1.250,0,0,0.379
2023-04-21 00:00,8.121,0,0,0,1.252,0,0,0.506
2023-04-21 01:00,7.741,0,0,0,1.253,0,0,0.608
2023-04-21 02:00,7.530,0,0,0,1.253,0,0,0.611
2023-04-21 03:00,7.153,0,0,0,1.255,8.315,25.225,0.547
2023-04-21 04:00,7.111,0,0,0,1.257,88.715,180.256,0.414
2023-04-21 05:00,8.624,0,0,0,1.258,221.168,355.675,0.273
2023-04-21 06:00,9.960,0,0,0,1.257,362.200,522.717,0.209
2023-04-21 07:00,11.946,0,0,0,1.248,487.770,669.854,0.249
2023-04-21 08:00,13.206,0,0,0,1.243,589.583,787.332,0.383
2023-04-21 09:00,14.117,0,0,0,1.239,661.102,866.920,0.523
2023-04-21 10:00,14.798,0,0,0,1.235,692.597,903.416,0.536
2023-04-21 11:00,15.174,0,0,0,1.232,683.881,894.331,0.434
2023-04-21 12:00,15.307,0,0,0,1.230,637.477,839.991,0.360
2023-04-21 13:00,15.187,0,0,0,1.228,551.686,744.596,0.368
2023-04-21 14:00,14.799,0,0,0,1.228,434.467,614.512,0.535
2023-04-21 15:00,14.266,0,0,0,1.228,294.767,458.465,0.698
2023-04-21 16:00,13.092,0,0,0,1.230,154.621,287.329,0.863
2023-04-21 17:00,10.547,0,0,0,1.234,43.013,112.581,0.911
2023-04-21 18:00,8.504,0,0,0,1.239,0.522,2.299,0.935
2023-04-21 19:00,7.369,0,0,0,1.244,0,0,0.943
2023-04-21 20:00,6.569,0,0,0,1.248,0,0,0.892
2023-04-21 21:00,5.809,0,0,0,1.251,0,0,0.805
2023-04-21 22:00,5.262,0,0,0,1.253,0,0,0.682
2023-04-21 23:00,4.853,0,0,0,1.254,0,0,0.497
2023-04-22 00:00,4.582,0,0,0,1.255,0,0,0.279
2023-04-22 01:00,4.371,0,0,0,1.255,0,0,0.127
2023-04-22 02:00,4.415,0,0,0,1.255,0,0,0.052
2023-04-22 03:00,4.707,0,0,0,1.255,10.921,29.176,0.002
2023-04-22 04:00,5.833,0,0,0,1.255,102.459,186.980,0
2023-04-22 05:00,7.721,0,0,0,1.254,235.284,362.057,0
2023-04-22 06:00,9.359,0,0,0,1.248,372.926,528.731,0
2023-04-22 07:00,11.915,0,0,0,1.236,498.724,675.612,0
2023-04-22 08:00,13.616,0,0,0,1.228,600.874,792.846,0
2023-04-22 09:00,14.668,0,0,0,1.222,670.661,872.333,0
2023-04-22 10:00,15.359,0,0,0,1.218,702.053,908.760,0
2023-04-22 11:00,15.697,0,0,0,1.215,693.012,899.595,0
2023-04-22 12:00,15.827,0,0,0,1.213,644.703,845.640,0
2023-04-22 13:00,15.767,0,0,0,1.211,560.233,750.346,0.005
2023-04-22 14:00,15.514,0,0,0,1.210,447.032,620.490,0.060
2023-04-22 15:00,14.726,0,0,0,1.212,310.320,464.671,0.180
2023-04-22 16:00,13.230,0,0,0,1.216,171.599,293.825,0.133
2023-04-22 17:00,11.312,0,0,0,1.223,55.295,119.383,0.024
2023-04-22 18:00,9.565,0,0,0,1.230,0.883,3.584,0.021
2023-04-22 19:00,8.520,0,0,0,1.236,0,0,0.175
2023-04-22 20:00,7.819,0,0,0,1.240,0,0,0.156
2023-04-22 21:00,7.067,0,0,0,1.243,0,0,0.304
2023-04-22 22:00,6.523,0,0,0,1.245,0,0,0.654
2023-04-22 23:00,6.178,0.001,0,0,1.245,0,0,0.708
2023-04-23 00:00,6.004,0.001,0,0,1.245,0,0,0.795
2023-04-23 01:00,6.281,0.001,0,0,1.246,0,0,0.864
2023-04-23 02:00,6.364,0.003,0,0,1.247,0,0,0.880
2023-04-23 03:00,6.370,0.004,0,0,1.248,7.916,33.382,0.869
2023-04-23 04:00,6.743,0.002,0,0,1.247,69.157,193.609,0.843
2023-04-23 05:00,7.365,0.001,0,0,1.246,176.817,368.425,0.897
2023-04-23 06:00,8.471,0,0,0,1.241,286.447,534.731,0.886
2023-04-23 07:00,9.761,0,0,0,1.235,425.005,681.510,0.836
2023-04-23 08:00,10.725,0,0,0,1.231,529.150,798.494,0.815
2023-04-23 09:00,11.501,0,0,0,1.227,604.664,877.833,0.835
2023-04-23 10:00,12.071,0,0,0,1.223,626.394,914.158,0.901
2023-04-23 11:00,12.238,0,0,0,1.220,535.130,905.001,0.960
2023-04-23 12:00,11.986,0,0,0,1.219,393.523,850.983,0.983
2023-04-23 13:00,11.290,0.004,0,0,1.220,257.312,755.994,0.991
2023-04-23 14:00,10.608,0.061,0,0,1.221,167.229,626.254,0.990
2023-04-23 15:00,9.953,0.242,0,0,1.223,100.100,470.793,0.982
2023-04-23 16:00,9.105,0.562,0,0,1.226,48.307,300.200,0.980
2023-04-23 17:00,8.334,0.714,0,0,1.229,13.330,126.098,0.985
2023-04-23 18:00,7.867,0.814,0,0,1.231,0.222,5.155,0.981
2023-04-23 19:00,7.860,0.932,0,0,1.230,0,0,0.972
2023-04-23 20:00,8.072,0.629,0,0,1.229,0,0,0.978
2023-04-23 21:00,8.237,0.176,0,0,1.228,0,0,0.932
2023-04-23 22:00,8.108,0.035,0,0,1.228,0,0,0.568
2023-04-23 23:00,7.858,0.031,0,0,1.230,0,0,0.587
2023-04-24 00:00,7.617,0.036,0,0,1.232,0,0,0.677
2023-04-24 01:00,7.365,0.045,0,0,1.235,0,0,0.786
2023-04-24 02:00,7.097,0.046,0,0,1.237,0,0,0.849
2023-04-24 03:00,6.517,0.048,0,0,1.241,4.351,37.829,0.940
2023-04-24 04:00,6.274,0.048,0,0,1.244,23.326,200.151,0.976
2023-04-24 05:00,5.892,0.052,0,0,1.248,56.758,374.675,0.985
2023-04-24 06:00,5.807,0.056,0,0,1.250,102.375,540.731,0.976
2023-04-24 07:00,5.990,0.063,0,0,1.251,145.990,687.104,0.970
2023-04-24 08:00,6.416,0.069,0,0,1.250,236.234,803.846,0.950
2023-04-24 09:00,6.893,0.102,0,0,1.248,299.373,883.083,0.692
2023-04-24 10:00,7.547,0.120,0,0,1.247,405.185,919.408,0.571
2023-04-24 11:00,7.978,0.113,0,0,1.245,425.779,910.243,0.778
2023-04-24 12:00,7.701,0.096,0,0,1.246,317.487,856.390,0.957
2023-04-24 13:00,6.956,0.070,0,0,1.249,231.414,761.494,0.979
2023-04-24 14:00,5.914,0.059,0,0,1.253,133.636,632.004,0.997
2023-04-24 15:00,4.890,0.047,0,0,1.257,58.246,476.793,0.998
2023-04-24 16:00,4.149,0.043,0,0,1.260,29.145,306.535,0.999
2023-04-24 17:00,3.576,0.039,0,0,1.262,9.772,132.773,0.998
2023-04-24 18:00,3.208,0.041,0,0,1.263,0.246,7.000,0.998
2023-04-24 19:00,2.996,0.054,0,0,1.264,0,0,0.999
2023-04-24 20:00,2.901,0.087,0,0,1.263,0,0,0.999
2023-04-24 21:00,2.906,0.191,0,0,1.262,0,0,0.998
2023-04-24 22:00,2.945,0.583,0,0,1.261,0,0,0.997
2023-04-24 23:00,3.019,1.338,0,0,1.259,0,0,0.990
2023-04-25 00:00,3.062,2.151,0.005,0.001,1.257,0,0,0.989
2023-04-25 01:00,3.057,2.134,0.016,0.002,1.256,0,0,0.984
2023-04-25 02:00,3.075,1.274,0.093,0.061,1.255,0,0,0.988
2023-04-25 03:00,3.152,0.437,0.038,0.124,1.254,1.967,42.520,0.997
2023-04-25 04:00,3.390,0.096,0.002,0.127,1.252,15.781,206.630,0.998
2023-04-25 05:00,3.815,0.030,0,0.126,1.251,45.782,380.807,0.999
2023-04-25 06:00,4.379,0.022,0,0.122,1.248,67.536,546.481,0.999
2023-04-25 07:00,4.929,0.020,0,0.117,1.247,97.169,692.767,0.999
2023-04-25 08:00,5.408,0.018,0,0.111,1.245,138.758,809.244,0.992
2023-04-25 09:00,5.963,0.015,0,0.103,1.244,189.119,888.333,0.975
2023-04-25 10:00,6.796,0.011,0,0.092,1.241,285.464,924.430,0.926
2023-04-25 11:00,8.039,0.006,0,0.079,1.237,392.860,915.493,0.622
2023-04-25 12:00,9.557,0.003,0,0.064,1.230,541.420,861.632,0.526
2023-04-25 13:00,10.114,0.005,0,0.053,1.227,488.147,766.846,0.301
2023-04-25 14:00,9.921,0.007,0,0.044,1.227,387.994,637.660,0.407
2023-04-25 15:00,9.253,0.011,0,0.039,1.228,238.326,482.742,0.743
2023-04-25 16:00,8.313,0.011,0,0.036,1.231,117.545,312.785,0.834
2023-04-25 17:00,7.088,0.010,0,0.034,1.235,37.271,139.316,0.916
2023-04-25 18:00,6.079,0.006,0,0.032,1.240,1.397,9.108,0.955
2023-04-25 19:00,5.738,0.007,0,0.031,1.242,0,0,0.977
2023-04-25 20:00,5.568,0.012,0,0.030,1.242,0,0,0.956
2023-04-25 21:00,5.453,0.023,0,0.030,1.243,0,0,0.930
2023-04-25 22:00,5.458,0.035,0,0.029,1.243,0,0,0.942
2023-04-25 23:00,5.346,0.042,0,0.028,1.243,0,0,0.946
2023-04-26 00:00,5.224,0.053,0,0.028,1.243,0,0,0.952
2023-04-26 01:00,5.130,0.072,0,0.027,1.243,0,0,0.969
2023-04-26 02:00,5.028,0.098,0,0.026,1.243,0,0,0.973
2023-04-26 03:00,5.051,0.090,0,0.026,1.243,4.187,47.440,0.980
2023-04-26 04:00,5.323,0.084,0,0.025,1.244,23.246,213.008,0.987
2023-04-26 05:00,5.395,0.080,0,0.024,1.245,52.766,386.888,0.974
2023-04-26 06:00,5.392,0.073,0,0.023,1.246,91.086,552.380,0.923
2023-04-26 07:00,5.611,0.091,0,0.021,1.246,205.524,698.267,0.806
2023-04-26 08:00,6.103,0.095,0,0.020,1.245,331.803,814.508,0.497
2023-04-26 09:00,7.121,0.066,0,0.018,1.242,530.733,893.495,0.195
2023-04-26 10:00,8.053,0.031,0,0.015,1.239,625.354,929.578,0.212
2023-04-26 11:00,8.379,0.028,0,0.012,1.238,582.599,920.493,0.245
2023-04-26 12:00,8.423,0.024,0,0.009,1.237,534.150,866.802,0.242
2023-04-26 13:00,8.288,0.017,0,0.008,1.237,475.188,772.244,0.319
2023-04-26 14:00,7.896,0.010,0,0.006,1.239,344.782,643.254,0.355
2023-04-26 15:00,7.420,0.011,0,0.006,1.240,237.286,488.617,0.391
2023-04-26 16:00,6.768,0.012,0,0.005,1.242,131.057,318.910,0.296
2023-04-26 17:00,5.893,0.006,0,0.005,1.245,56.517,145.811,0.222
2023-04-26 18:00,4.861,0.003,0,0.005,1.250,2.739,11.473,0.215
2023-04-26 19:00,4.205,0.001,0,0.005,1.254,0,0,0.220
2023-04-26 20:00,3.666,0.001,0,0.005,1.257,0,0,0.225
2023-04-26 21:00,3.128,0,0,0.005,1.260,0,0,0.219
2023-04-26 22:00,2.790,0.001,0,0.005,1.263,0,0,0.211
2023-04-26 23:00,2.520,0.001,0,0.005,1.264,0,0,0.267
2023-04-27 00:00,2.477,0.001,0,0.005,1.265,0,0,0.391
2023-04-27 01:00,2.455,0.003,0,0.005,1.265,0,0,0.457
2023-04-27 02:00,2.393,0.003,0,0.005,1.266,0,0,0.527
2023-04-27 03:00,2.462,0.004,0,0.005,1.267,12.212,52.575,0.526
2023-04-27 04:00,2.877,0.007,0,0.005,1.266,89.381,219.321,0.345
2023-04-27 05:00,3.693,0.012,0,0.005,1.264,199.323,392.814,0.341
2023-04-27 06:00,4.635,0.009,0,0.004,1.261,298.451,557.981,0.354
2023-04-27 07:00,5.385,0.010,0,0.004,1.258,386.437,703.524,0.371
2023-04-27 08:00,5.948,0.013,0,0.003,1.256,450.241,819.664,0.413
2023-04-27 09:00,6.338,0.016,0,0.003,1.255,464.623,898.495,0.487
2023-04-27 10:00,6.582,0.015,0,0.003,1.254,439.274,934.571,0.554
2023-04-27 11:00,6.766,0.012,0,0.002,1.253,411.586,925.413,0.586
2023-04-27 12:00,6.942,0.009,0,0.002,1.252,379.718,871.802,0.617
2023-04-27 13:00,6.911,0.011,0,0.001,1.252,306.581,777.494,0.667
2023-04-27 14:00,6.752,0.016,0,0,1.252,231.720,648.667,0.643
2023-04-27 15:00,6.486,0.022,0,0,1.253,177.172,494.367,0.690
2023-04-27 16:00,5.866,0.023,0,0,1.254,86.444,325.025,0.765
2023-04-27 17:00,5.142,0.026,0,0,1.257,29.057,152.189,0.787
2023-04-27 18:00,4.590,0.031,0,0,1.259,1.526,14.098,0.779
2023-04-27 19:00,4.238,0.030,0,0,1.261,0,0,0.721
2023-04-27 20:00,3.978,0.028,0,0,1.263,0,0,0.672
2023-04-27 21:00,3.828,0.033,0,0,1.264,0,0,0.654
2023-04-27 22:00,3.510,0.012,0,0,1.265,0,0,0.667
2023-04-27 23:00,3.397,0.007,0,0,1.267,0,0,0.714
2023-04-28 00:00,3.452,0.008,0,0,1.269,0,0,0.772
2023-04-28 01:00,3.253,0.008,0,0,1.270,0,0,0.820
2023-04-28 02:00,3.111,0.016,0,0,1.272,0,0,0.860
2023-04-28 03:00,2.894,0.020,0,0,1.273,6.330,57.928,0.850
2023-04-28 04:00,2.784,0.022,0,0,1.275,38.416,225.551,0.784
2023-04-28 05:00,2.942,0.023,0,0,1.275,111.756,398.763,0.624
2023-04-28 06:00,3.490,0.011,0,0,1.274,222.950,563.644,0.476
2023-04-28 07:00,4.841,0.004,0,0,1.269,439.775,708.937,0.119
2023-04-28 08:00,6.348,0.004,0,0,1.264,590.480,824.758,0.084
2023-04-28 09:00,7.408,0.007,0,0,1.259,666.657,903.495,0.092
2023-04-28 10:00,8.055,0.012,0,0,1.256,654.607,939.342,0.163
2023-04-28 11:00,8.410,0.030,0,0,1.254,602.548,930.243,0.255
2023-04-28 12:00,8.415,0.058,0,0,1.253,504.106,876.802,0.360
2023-04-28 13:00,8.193,0.060,0,0,1.252,390.868,782.508,0.476
2023-04-28 14:00,7.876,0.051,0,0,1.253,271.802,654.153,0.564
2023-04-28 15:00,7.514,0.034,0,0,1.254,179.748,500.073,0.555
2023-04-28 16:00,7.126,0.031,0,0,1.255,114.746,330.985,0.502
2023-04-28 17:00,6.168,0.023,0,0,1.256,48.648,158.480,0.429
2023-04-28 18:00,5.405,0.007,0,0,1.258,3.894,16.960,0.293
2023-04-28 19:00,5.159,0,0,0,1.259,0,0,0.174
2023-04-28 20:00,4.998,0.001,0,0,1.260,0,0,0.101
2023-04-28 21:00,4.819,0,0,0,1.261,0,0,0.081
2023-04-28 22:00,4.617,0,0,0,1.261,0,0,0.154
2023-04-28 23:00,4.229,0,0,0,1.261,0,0,0.270
2023-04-29 00:00,3.613,0,0,0,1.261,0,0,0.544
2023-04-29 01:00,2.845,0,0,0,1.262,0,0,0.690
2023-04-29 02:00,2.040,0,0,0,1.262,0,0,0.747
2023-04-29 03:00,2.174,0,0,0,1.263,17.823,63.480,0.803
2023-04-29 04:00,3.761,0,0,0,1.265,78.113,231.716,0.862
2023-04-29 05:00,4.686,0.001,0,0,1.265,143.425,404.520,0.905
2023-04-29 06:00,5.523,0.004,0,0,1.262,207.793,569.144,0.911
2023-04-29 07:00,6.422,0.030,0,0,1.257,253.100,714.038,0.923
2023-04-29 08:00,6.615,0.142,0,0,1.255,234.435,829.758,0.944
2023-04-29 09:00,6.250,0.397,0,0,1.256,195.931,908.245,0.977
2023-04-29 10:00,5.970,0.476,0,0,1.257,179.263,944.092,0.989
2023-04-29 11:00,6.224,0.248,0,0,1.255,218.557,935.156,0.974
2023-04-29 12:00,6.949,0.090,0,0,1.250,273.788,881.646,0.945
2023-04-29 13:00,7.492,0.093,0,0,1.246,253.375,787.657,0.811
2023-04-29 14:00,7.478,0.149,0,0,1.244,202.082,659.403,0.811
2023-04-29 15:00,7.004,0.207,0,0,1.244,129.493,505.573,0.783
2023-04-29 16:00,6.469,0.174,0,0,1.246,73.012,336.856,0.709
2023-04-29 17:00,6.175,0.122,0,0,1.246,38.973,164.724,0.481
2023-04-29 18:00,5.735,0.099,0,0,1.246,3.829,20.049,0.407
2023-04-29 19:00,5.125,0.085,0,0,1.248,0,0,0.405
2023-04-29 20:00,4.774,0.068,0,0,1.251,0,0,0.446
2023-04-29 21:00,4.508,0.027,0,0,1.255,0,0,0.491
2023-04-29 22:00,4.122,0.008,0,0,1.258,0,0,0.502
2023-04-29 23:00,3.741,0.007,0,0,1.261,0,0,0.530
2023-04-30 00:00,3.304,0.008,0,0,1.263,0,0,0.612
2023-04-30 01:00,2.888,0.009,0,0,1.266,0,0,0.584
2023-04-30 02:00,2.484,0.017,0,0,1.269,0,0,0.587
2023-04-30 03:00,2.224,0.019,0,0,1.270,14.204,69.233,0.514
2023-04-30 04:00,2.437,0.012,0,0,1.271,79.667,237.742,0.375
2023-04-30 05:00,3.168,0.013,0,0,1.269,199.236,410.230,0.412
2023-04-30 06:00,4.297,0.008,0,0,1.266,307.272,574.401,0.482
2023-04-30 07:00,5.715,0.003,0,0,1.261,438.763,719.187,0.421
2023-04-30 08:00,7.063,0.006,0,0,1.256,583.286,834.671,0.230
2023-04-30 09:00,7.892,0.003,0,0,1.253,642.595,912.995,0.150
2023-04-30 10:00,8.429,0.004,0,0,1.251,653.814,948.835,0.207
2023-04-30 11:00,8.755,0.009,0,0,1.249,604.327,939.663,0.279
2023-04-30 12:00,9.017,0.012,0,0,1.247,545.648,886.545,0.322
2023-04-30 13:00,9.033,0.014,0,0,1.246,421.599,792.657,0.503
2023-04-30 14:00,8.985,0.008,0,0,1.245,321.728,664.645,0.455
2023-04-30 15:00,8.854,0.007,0,0,1.245,248.728,511.080,0.421
2023-04-30 16:00,8.345,0.004,0,0,1.246,164.690,342.731,0.455
2023-04-30 17:00,7.262,0.002,0,0,1.249,63.357,170.849,0.440
2023-04-30 18:00,5.824,0,0,0,1.253,6.153,23.375,0.425
2023-04-30 19:00,5.590,0,0,0,1.257,0,0,0.498
2023-04-30 20:00,5.170,0.001,0,0,1.260,0,0,0.780
2023-04-30 21:00,4.897,0,0,0,1.263,0,0,0.930
2023-04-30 22:00,4.806,0.004,0,0,1.264,0,0,0.927
2023-04-30 23:00,4.595,0.001,0,0,1.264,0,0,0.917
2023-05-01 00:00,4.361,0,0,0,1.265,0,0,0.903
2023-05-01 01:00,3.959,0,0,0,1.266,0,0,0.864
2023-05-01 02:00,3.687,0,0,0,1.267,0,0.003,0.852
2023-05-01 03:00,3.954,0.001,0,0,1.268,17.402,75.155,0.884
2023-05-01 04:00,4.584,0.001,0,0,1.268,67.708,243.720,0.697
2023-05-01 05:00,5.560,0,0,0,1.264,228.441,415.855,0.420
2023-05-01 06:00,6.909,0.003,0,0,1.259,392.024,579.814,0.706
2023-05-01 07:00,7.808,0.020,0,0,1.255,409.627,724.187,0.916
2023-05-01 08:00,7.700,0.074,0,0,1.254,329.560,839.428,0.897
2023-05-01 09:00,7.377,0.081,0,0,1.255,318.369,917.658,0.707
2023-05-01 10:00,7.506,0.211,0,0,1.255,451.260,953.335,0.743
2023-05-01 11:00,6.995,0.531,0,0,1.255,287.908,944.406,0.964
2023-05-01 12:00,6.090,0.986,0,0,1.257,148.127,891.215,0.997
2023-05-01 13:00,5.403,1.425,0,0,1.259,102.803,797.421,0.997
2023-05-01 14:00,4.978,1.534,0,0,1.259,67.386,669.667,0.998
2023-05-01 15:00,4.993,1.337,0,0,1.257,45.904,516.444,0.998
2023-05-01 16:00,5.538,1.096,0,0,1.251,28.859,348.437,0.998
2023-05-01 17:00,6.352,0.939,0,0,1.245,10.379,176.890,0.998
2023-05-01 18:00,7.131,0.862,0,0,1.239,0.949,26.911,0.997
2023-05-01 19:00,7.720,0.951,0,0,1.236,0,0,0.997
2023-05-01 20:00,7.718,1.137,0,0,1.236,0,0,0.997
2023-05-01 21:00,7.363,1.305,0,0,1.238,0,0,0.997
2023-05-01 22:00,6.873,0.926,0,0,1.241,0,0,0.997
2023-05-01 23:00,6.450,0.427,0,0,1.243,0,0,0.965
2023-05-02 00:00,6.011,0.225,0,0,1.245,0,0,0.883
2023-05-02 01:00,5.424,0.166,0,0,1.248,0,0,0.576
2023-05-02 02:00,4.921,0.116,0,0,1.252,0.004,0.049,0.641
2023-05-02 03:00,4.261,0.051,0,0,1.257,15.967,81.218,0.780
2023-05-02 04:00,3.559,0.022,0,0,1.263,55.748,249.575,0.823
2023-05-02 05:00,3.116,0.053,0,0,1.266,68.727,421.429,0.807
2023-05-02 06:00,3.185,0.071,0,0,1.268,146.074,585.064,0.661
2023-05-02 07:00,4.030,0.078,0,0,1.266,308.076,729.187,0.452
2023-05-02 08:00,5.166,0.110,0,0,1.262,412.354,844.171,0.379
2023-05-02 09:00,6.369,0.045,0,0,1.258,477.891,922.158,0.316
2023-05-02 10:00,7.619,0.012,0,0,1.254,602.147,957.835,0.229
2023-05-02 11:00,8.238,0.006,0,0,1.251,578.461,948.906,0.287
2023-05-02 12:00,8.561,0.003,0,0,1.249,512.031,895.795,0.325
2023-05-02 13:00,8.806,0.001,0,0,1.247,449.788,802.171,0.411
2023-05-02 14:00,8.829,0.002,0,0,1.247,344.930,674.667,0.386
2023-05-02 15:00,8.712,0.003,0,0,1.247,262.247,521.843,0.503
2023-05-02 16:00,8.299,0.003,0,0,1.247,163.049,354.062,0.819
2023-05-02 17:00,7.041,0.003,0,0,1.249,61.948,182.865,0.961
2023-05-02 18:00,5.707,0.002,0,0,1.251,6.671,30.645,0.950
2023-05-02 19:00,5.237,0.010,0,0,1.254,0,0,0.756
2023-05-02 20:00,4.939,0.008,0,0,1.257,0,0,0.655
2023-05-02 21:00,4.449,0.007,0,0,1.260,0,0,0.815
2023-05-02 22:00,3.987,0.007,0,0,1.264,0,0,0.895
2023-05-02 23:00,3.464,0.004,0,0,1.267,0,0,0.910
2023-05-03 00:00,3.055,0.002,0,0,1.270,0,0,0.885
2023-05-03 01:00,2.704,0.001,0,0,1.274,0,0,0.824
2023-05-03 02:00,2.539,0.002,0,0,1.278,0.039,0.252,0.833
2023-05-03 03:00,2.953,0.001,0,0,1.281,19.575,87.281,0.807
2023-05-03 04:00,3.449,0,0,0,1.281,125.051,255.328,0.431
2023-05-03 05:00,4.911,0,0,0,1.276,286.230,426.855,0.112
2023-05-03 06:00,6.697,0,0,0,1.268,428.976,590.064,0.078
2023-05-03 07:00,8.038,0,0,0,1.263,546.373,733.951,0.145
2023-05-03 08:00,8.897,0,0,0,1.260,634.461,848.827,0.232
2023-05-03 09:00,9.578,0,0,0,1.257,694.720,926.658,0.244
2023-05-03 10:00,10.101,0.002,0,0,1.255,724.993,962.255,0.217
2023-05-03 11:00,10.401,0.009,0,0,1.254,693.436,953.170,0.249
2023-05-03 12:00,10.247,0.020,0,0,1.254,551.149,900.215,0.423
2023-05-03 13:00,9.812,0.041,0,0,1.255,401.604,806.907,0.600
2023-05-03 14:00,9.073,0.053,0,0,1.257,241.458,679.565,0.686
2023-05-03 15:00,8.242,0.061,0,0,1.261,165.649,526.944,0.686
2023-05-03 16:00,7.312,0.064,0,0,1.266,99.220,359.562,0.677
2023-05-03 17:00,6.202,0.065,0,0,1.271,46.143,188.681,0.590
2023-05-03 18:00,4.812,0.054,0,0,1.276,7.053,34.592,0.527
2023-05-03 19:00,3.635,0.043,0,0,1.282,0,0,0.340
2023-05-03 20:00,2.746,0.017,0,0,1.285,0,0,0.329
2023-05-03 21:00,2.468,0.002,0,0,1.287,0,0,0.370
2023-05-03 22:00,2.593,0.001,0,0,1.289,0,0,0.388
2023-05-03 23:00,2.452,0.002,0,0,1.289,0,0,0.391
2023-05-04 00:00,1.993,0.003,0,0,1.290,0,0,0.436
2023-05-04 01:00,1.260,0.004,0,0,1.292,0,0,0.619
2023-05-04 02:00,1.269,0.003,0,0,1.294,0.090,0.677,0.659
2023-05-04 03:00,1.640,0.001,0,0,1.296,27.499,93.268,0.422
2023-05-04 04:00,2.189,0.004,0,0,1.298,139.559,261.053,0.137
2023-05-04 05:00,3.292,0.003,0,0,1.295,284.699,432.186,0.071
2023-05-04 06:00,4.762,0.001,0,0,1.289,413.406,595.064,0.070
2023-05-04 07:00,5.713,0.001,0,0,1.287,534.502,738.701,0.104
2023-05-04 08:00,6.276,0.001,0,0,1.285,587.326,853.341,0.213
2023-05-04 09:00,6.605,0.001,0,0,1.283,586.189,930.922,0.321
2023-05-04 10:00,6.862,0.001,0,0,1.282,577.474,966.505,0.383
2023-05-04 11:00,6.969,0.006,0,0,1.281,527.072,957.568,0.435
2023-05-04 12:00,7.015,0.006,0,0,1.280,472.827,904.707,0.494
2023-05-04 13:00,6.962,0.005,0,0,1.279,411.989,811.421,0.525
2023-05-04 14:00,6.729,0.002,0,0,1.279,317.274,684.409,0.591
2023-05-04 15:00,6.437,0.001,0,0,1.280,245.320,532.107,0.495
2023-05-04 16:00,5.941,0.002,0,0,1.281,182.860,365.012,0.338
2023-05-04 17:00,4.739,0.001,0,0,1.284,90.425,194.468,0.198
2023-05-04 18:00,2.601,0.001,0,0,1.287,12.955,38.714,0.140
2023-05-04 19:00,1.504,0,0,0,1.291,0,0,0.126
2023-05-04 20:00,1.059,0,0,0,1.294,0,0,0.120
2023-05-04 21:00,1.053,0,0,0,1.296,0,0,0.118
2023-05-04 22:00,1.400,0,0,0,1.297,0,0,0.119
2023-05-04 23:00,1.724,0,0,0,1.298,0,0,0.118
2023-05-05 00:00,1.853,0,0,0,1.299,0,0,0.124
2023-05-05 01:00,1.747,0,0,0,1.299,0,0,0.194
2023-05-05 02:00,1.511,0,0,0,1.300,0.272,1.330,0.351
2023-05-05 03:00,1.628,0,0,0,1.300,38.422,99.195,0.323
2023-05-05 04:00,2.465,0,0,0,1.300,145.602,266.562,0.171
2023-05-05 05:00,3.590,0,0,0,1.299,290.036,437.436,0.103
2023-05-05 06:00,4.860,0,0,0,1.295,429.319,600.064,0.071
2023-05-05 07:00,5.866,0,0,0,1.291,541.777,743.437,0.156
2023-05-05 08:00,6.391,0,0,0,1.289,545.848,857.819,0.262
2023-05-05 09:00,6.960,0.001,0,0,1.287,588.006,935.320,0.365
2023-05-05 10:00,7.412,0,0,0,1.285,585.827,970.747,0.302
2023-05-05 11:00,7.821,0.001,0,0,1.282,600.524,961.818,0.277
2023-05-05 12:00,8.045,0.001,0,0,1.280,570.884,908.957,0.297
2023-05-05 13:00,8.042,0,0,0,1.279,497.751,815.921,0.331
2023-05-05 14:00,7.871,0,0,0,1.278,414.310,689.079,0.411
2023-05-05 15:00,7.353,0,0,0,1.279,285.457,537.107,0.257
2023-05-05 16:00,6.628,0,0,0,1.281,239.047,370.309,0.040
2023-05-05 17:00,5.174,0,0,0,1.285,109.486,200.150,0.036
2023-05-05 18:00,2.915,0,0,0,1.290,16.666,43.017,0.026
2023-05-05 19:00,1.734,0,0,0,1.295,0,0,0.019
2023-05-05 20:00,1.211,0,0,0,1.298,0,0,0.017
2023-05-05 21:00,0.621,0,0,0,1.300,0,0,0.011
2023-05-05 22:00,0.115,0,0,0,1.300,0,0,0.007
2023-05-05 23:00,-0.262,0,0,0,1.301,0,0,0.008
2023-05-06 00:00,-0.361,0,0,0,1.301,0,0,0.015
2023-05-06 01:00,-0.223,0,0,0,1.301,0,0,0.028
2023-05-06 02:00,0.058,0,0,0,1.301,0.531,2.222,0.030
2023-05-06 03:00,0.578,0,0,0,1.301,50.366,104.997,0.031
2023-05-06 04:00,2.273,0,0,0,1.300,168.851,272.062,0.173
2023-05-06 05:00,3.723,0,0,0,1.298,307.952,442.561,0.263
2023-05-06 06:00,4.876,0,0,0,1.295,447.854,604.828,0.138
2023-05-06 07:00,5.893,0,0,0,1.291,570.580,747.951,0.205
2023-05-06 08:00,6.681,0,0,0,1.288,666.611,862.091,0.122
2023-05-06 09:00,7.371,0,0,0,1.285,745.147,939.422,0.040
2023-05-06 10:00,7.932,0,0,0,1.282,774.815,974.904,0.063
2023-05-06 11:00,8.268,0,0,0,1.279,768.297,965.818,0.003
2023-05-06 12:00,8.390,0,0,0,1.278,720.433,913.207,0.014
2023-05-06 13:00,8.321,0,0,0,1.277,636.062,820.319,0.202
2023-05-06 14:00,8.005,0,0,0,1.276,509.665,693.808,0.491
2023-05-06 15:00,7.430,0,0,0,1.277,375.654,542.107,0.619
2023-05-06 16:00,6.528,0,0,0,1.280,227.701,375.559,0.814
2023-05-06 17:00,5.259,0,0,0,1.284,86.170,205.692,0.938
2023-05-06 18:00,4.017,0,0,0,1.288,11.365,47.496,0.983
2023-05-06 19:00,3.376,0,0,0,1.290,0,0,0.984
2023-05-06 20:00,3.040,0,0,0,1.292,0,0,0.952
2023-05-06 21:00,2.586,0,0,0,1.293,0,0,0.915
2023-05-06 22:00,2.251,0,0,0,1.293,0,0,0.897
2023-05-06 23:00,2.036,0,0,0,1.293,0,0,0.833
2023-05-07 00:00,1.582,0,0,0,1.293,0,0,0.576
2023-05-07 01:00,1.231,0,0,0,1.292,0,0,0.325
2023-05-07 02:00,0.981,0,0,0,1.292,0.813,3.332,0.150
2023-05-07 03:00,1.324,0,0,0,1.292,52.263,110.717,0.060
2023-05-07 04:00,3.516,0,0,0,1.292,171.894,277.437,0.009
2023-05-07 05:00,5.095,0,0,0,1.289,312.356,447.646,0
2023-05-07 06:00,6.326,0,0,0,1.285,451.301,609.578,0.009
2023-05-07 07:00,7.337,0,0,0,1.281,576.376,752.364,0.089
2023-05-07 08:00,8.207,0,0,0,1.278,677.241,866.333,0.280
2023-05-07 09:00,9.010,0,0,0,1.274,743.982,943.570,0.403
2023-05-07 10:00,9.662,0,0,0,1.271,765.688,978.904,0.619
2023-05-07 11:00,10.109,0,0,0,1.268,748.393,969.818,0.598
2023-05-07 12:00,10.355,0,0,0,1.266,702.550,917.221,0.477
2023-05-07 13:00,10.410,0,0,0,1.264,629.944,824.663,0.601
2023-05-07 14:00,10.239,0,0,0,1.263,519.526,698.308,0.837
2023-05-07 15:00,9.753,0,0,0,1.264,372.407,546.857,0.922
2023-05-07 16:00,8.727,0,0,0,1.267,191.386,380.758,0.957
2023-05-07 17:00,7.372,0,0,0,1.271,72.919,211.153,0.967
2023-05-07 18:00,6.170,0,0,0,1.277,12.396,52.110,0.980
2023-05-07 19:00,5.482,0,0,0,1.280,0,0,0.984
2023-05-07 20:00,4.974,0,0,0,1.282,0,0,0.978
2023-05-07 21:00,4.565,0,0,0,1.283,0,0,0.894
2023-05-07 22:00,4.074,0,0,0,1.284,0,0,0.755
2023-05-07 23:00,3.495,0,0,0,1.285,0,0,0.707
2023-05-08 00:00,3.017,0,0,0,1.286,0,0,0.628
2023-05-08 01:00,2.586,0,0,0,1.287,0,0,0.481
2023-05-08 02:00,2.283,0,0,0,1.288,1.216,4.651,0.328
2023-05-08 03:00,3.171,0,0,0,1.289,55.159,116.332,0.186
2023-05-08 04:00,4.672,0,0,0,1.288,172.670,282.768,0.069
2023-05-08 05:00,6.344,0,0,0,1.282,313.598,452.568,0.110
2023-05-08 06:00,8.045,0,0,0,1.275,450.619,614.314,0.318
2023-05-08 07:00,9.773,0,0,0,1.267,569.924,756.850,0.526
2023-05-08 08:00,11.297,0,0,0,1.260,665.732,870.490,0.619
2023-05-08 09:00,12.415,0,0,0,1.255,733.024,947.570,0.540
2023-05-08 10:00,13.204,0,0,0,1.250,767.342,982.747,0.343
2023-05-08 11:00,13.710,0,0,0,1.247,764.791,973.818,0.134
2023-05-08 12:00,14.016,0,0,0,1.244,718.531,921.370,0.064
2023-05-08 13:00,14.095,0,0,0,1.242,635.709,828.819,0.166
2023-05-08 14:00,13.953,0,0,0,1.240,524.484,702.808,0.670
2023-05-08 15:00,13.385,0,0,0,1.241,391.063,551.607,0.928
2023-05-08 16:00,12.093,0,0,0,1.246,251.000,385.758,0.949
2023-05-08 17:00,10.354,0,0,0,1.253,120.098,216.503,0.948
2023-05-08 18:00,8.507,0,0,0,1.260,22.536,56.892,0.939
2023-05-08 19:00,7.377,0,0,0,1.266,0,0,0.938
2023-05-08 20:00,6.677,0,0,0,1.270,0,0,0.945
2023-05-08 21:00,5.853,0,0,0,1.274,0,0,0.944
2023-05-08 22:00,5.431,0,0,0,1.276,0,0,0.899
2023-05-08 23:00,4.930,0,0,0,1.278,0,0,0.770
2023-05-09 00:00,4.481,0,0,0,1.279,0,0,0.614
2023-05-09 01:00,4.360,0,0,0,1.281,0,0,0.710
2023-05-09 02:00,4.559,0.001,0,0,1.281,1.332,6.177,0.870
2023-05-09 03:00,5.302,0.001,0,0,1.278,33.914,121.834,0.898
2023-05-09 04:00,6.266,0,0,0,1.274,132.729,287.933,0.938
2023-05-09 05:00,7.652,0,0,0,1.267,233.168,457.403,0.956
2023-05-09 06:00,9.342,0,0,0,1.260,362.171,618.828,0.900
2023-05-09 07:00,11.223,0,0,0,1.251,511.106,761.100,0.678
2023-05-09 08:00,12.664,0,0,0,1.244,647.869,874.504,0.505
2023-05-09 09:00,13.531,0,0,0,1.240,732.126,951.342,0.442
2023-05-09 10:00,14.050,0,0,0,1.237,765.754,986.646,0.449
2023-05-09 11:00,14.273,0,0,0,1.235,765.469,977.731,0.599
2023-05-09 12:00,14.238,0,0,0,1.234,720.242,925.207,0.707
2023-05-09 13:00,14.006,0,0,0,1.234,633.846,833.062,0.885
2023-05-09 14:00,13.559,0,0,0,1.234,499.167,707.058,0.922
2023-05-09 15:00,12.842,0,0,0,1.236,354.644,556.255,0.936
2023-05-09 16:00,11.778,0,0,0,1.239,219.346,390.714,0.940
2023-05-09 17:00,10.469,0,0,0,1.244,101.541,221.794,0.941
2023-05-09 18:00,9.213,0,0,0,1.249,20.970,61.796,0.942
2023-05-09 19:00,8.182,0,0,0,1.254,0,0,0.945
2023-05-09 20:00,7.522,0,0,0,1.258,0,0,0.948
2023-05-09 21:00,7.098,0,0,0,1.260,0,0,0.946
2023-05-09 22:00,6.686,0,0,0,1.263,0,0,0.944
2023-05-09 23:00,6.346,0,0,0,1.264,0,0,0.943
2023-05-10 00:00,5.950,0,0,0,1.266,0,0,0.880
2023-05-10 01:00,5.447,0,0,0,1.267,0,0,0.664
2023-05-10 02:00,4.997,0,0,0,1.268,2.210,7.887,0.627
2023-05-10 03:00,5.635,0,0,0,1.268,58.721,127.249,0.597
2023-05-10 04:00,6.772,0,0,0,1.265,180.262,293.018,0.626
2023-05-10 05:00,8.541,0,0,0,1.258,320.174,462.228,0.678
2023-05-10 06:00,10.401,0,0,0,1.250,457.004,623.226,0.697
2023-05-10 07:00,12.066,0,0,0,1.243,580.590,765.262,0.705
2023-05-10 08:00,13.411,0,0,0,1.237,680.939,878.504,0.714
2023-05-10 09:00,14.280,0,0,0,1.233,748.751,955.240,0.716
2023-05-10 10:00,14.758,0,0,0,1.230,779.280,990.316,0.732
2023-05-10 11:00,14.927,0,0,0,1.229,770.839,981.481,0.752
2023-05-10 12:00,14.821,0,0,0,1.229,724.251,929.120,0.741
2023-05-10 13:00,14.455,0,0,0,1.230,643.689,836.982,0.680
2023-05-10 14:00,13.911,0,0,0,1.232,534.629,711.308,0.631
2023-05-10 15:00,13.210,0,0,0,1.234,405.764,560.755,0.619
2023-05-10 16:00,12.265,0,0,0,1.237,268.412,395.589,0.600
2023-05-10 17:00,10.934,0,0,0,1.242,135.354,226.939,0.584
2023-05-10 18:00,9.159,0,0,0,1.248,29.887,66.830,0.582
2023-05-10 19:00,7.727,0,0,0,1.252,0.001,0.005,0.590
2023-05-10 20:00,7.095,0,0,0,1.256,0,0,0.575
2023-05-10 21:00,6.512,0,0,0,1.259,0,0,0.472
2023-05-10 22:00,6.035,0,0,0,1.262,0,0,0.378
2023-05-10 23:00,5.592,0,0,0,1.264,0,0,0.325
2023-05-11 00:00,5.268,0,0,0,1.265,0,0,0.292
2023-05-11 01:00,5.106,0,0,0,1.265,0,0,0.253
2023-05-11 02:00,4.914,0,0,0,1.264,3.023,9.788,0.265
2023-05-11 03:00,6.012,0,0,0,1.263,67.359,132.553,0.288
2023-05-11 04:00,7.572,0,0,0,1.262,187.876,298.018,0.422
2023-05-11 05:00,9.086,0,0,0,1.257,326.725,466.860,0.577
2023-05-11 06:00,11.102,0,0,0,1.249,463.971,627.578,0.676
2023-05-11 07:00,12.775,0,0,0,1.242,587.166,769.270,0.708
2023-05-11 08:00,13.959,0,0,0,1.237,685.833,882.254,0.694
2023-05-11 09:00,14.777,0,0,0,1.233,753.224,958.834,0.529
2023-05-11 10:00,15.374,0,0,0,1.230,784.541,993.918,0.338
2023-05-11 11:00,15.703,0,0,0,1.228,776.172,984.981,0.192
2023-05-11 12:00,15.798,0,0,0,1.227,728.496,932.870,0.094
2023-05-11 13:00,15.717,0,0,0,1.226,646.298,840.826,0.048
2023-05-11 14:00,15.463,0,0,0,1.226,535.942,715.478,0.122
2023-05-11 15:00,14.876,0,0,0,1.228,405.658,565.255,0.279
2023-05-11 16:00,13.782,0,0,0,1.232,266.670,400.332,0.435
2023-05-11 17:00,12.244,0,0,0,1.237,134.011,231.979,0.555
2023-05-11 18:00,10.301,0,0,0,1.244,31.230,71.936,0.619
2023-05-11 19:00,9.153,0,0,0,1.250,0.007,0.034,0.667
2023-05-11 20:00,8.459,0,0,0,1.256,0,0,0.655
2023-05-11 21:00,7.576,0,0,0,1.260,0,0,0.541
2023-05-11 22:00,6.841,0,0,0,1.262,0,0,0.502
2023-05-11 23:00,6.509,0,0,0,1.263,0,0,0.577
2023-05-12 00:00,6.213,0,0,0,1.265,0,0,0.665
2023-05-12 01:00,5.886,0,0,0,1.266,0,0,0.625
2023-05-12 02:00,5.716,0,0,0,1.267,3.600,11.852,0.552
2023-05-12 03:00,6.646,0,0,0,1.268,66.432,137.740,0.497
2023-05-12 04:00,7.763,0,0,0,1.267,185.700,302.893,0.510
2023-05-12 05:00,9.349,0,0,0,1.261,322.751,471.403,0.571
2023-05-12 06:00,11.500,0,0,0,1.252,459.644,631.748,0.637
2023-05-12 07:00,13.428,0,0,0,1.244,582.570,773.262,0.712
2023-05-12 08:00,14.720,0,0,0,1.238,680.735,886.004,0.810
2023-05-12 09:00,15.740,0,0,0,1.234,745.329,962.490,0.895
2023-05-12 10:00,16.563,0,0,0,1.230,772.499,997.418,0.913
2023-05-12 11:00,17.134,0,0,0,1.227,762.912,988.489,0.904
2023-05-12 12:00,17.448,0,0,0,1.224,715.078,936.526,0.871
2023-05-12 13:00,17.521,0,0,0,1.223,633.100,844.732,0.851
2023-05-12 14:00,17.353,0,0,0,1.222,523.581,719.478,0.799
2023-05-12 15:00,16.816,0,0,0,1.223,396.331,569.505,0.609
2023-05-12 16:00,15.680,0,0,0,1.227,264.800,404.953,0.446
2023-05-12 17:00,13.854,0,0,0,1.232,135.580,236.954,0.448
2023-05-12 18:00,11.674,0,0,0,1.238,32.756,77.094,0.557
2023-05-12 19:00,10.352,0,0,0,1.244,0.023,0.114,0.705
2023-05-12 20:00,9.840,0,0,0,1.249,0,0,0.818
2023-05-12 21:00,8.848,0,0,0,1.253,0,0,0.889
2023-05-12 22:00,8.192,0,0,0,1.256,0,0,0.887
2023-05-12 23:00,7.666,0,0,0,1.259,0,0,0.899
2023-05-13 00:00,7.092,0,0,0,1.261,0,0,0.868
2023-05-13 01:00,6.488,0,0,0,1.262,0,0,0.728
2023-05-13 02:00,6.074,0,0,0,1.264,4.266,14.087,0.493
2023-05-13 03:00,7.145,0,0,0,1.265,70.085,142.806,0.247
2023-05-13 04:00,8.658,0,0,0,1.264,191.841,307.650,0.029
2023-05-13 05:00,10.148,0,0,0,1.259,329.459,475.860,0.006
2023-05-13 06:00,12.261,0,0,0,1.250,466.519,635.990,0.011
2023-05-13 07:00,14.233,0,0,0,1.241,589.909,777.114,0.047
2023-05-13 08:00,15.279,0,0,0,1.237,686.873,889.746,0.070
2023-05-13 09:00,16.041,0,0,0,1.234,752.215,966.004,0.079
2023-05-13 10:00,16.669,0,0,0,1.231,781.933,1000.910,0.077
2023-05-13 11:00,17.078,0,0,0,1.229,774.123,991.981,0.062
2023-05-13 12:00,17.261,0,0,0,1.227,730.162,940.040,0.018
2023-05-13 13:00,17.229,0,0,0,1.226,649.938,848.474,0.001
2023-05-13 14:00,16.972,0,0,0,1.225,538.980,723.470,0
2023-05-13 15:00,16.448,0,0,0,1.226,408.539,573.755,0
2023-05-13 16:00,15.541,0,0,0,1.228,270.558,409.460,0
2023-05-13 17:00,13.911,0,0,0,1.232,138.784,241.766,0
2023-05-13 18:00,11.600,0,0,0,1.236,34.962,82.210,0
2023-05-13 19:00,10.167,0,0,0,1.239,0.066,0.342,0
2023-05-13 20:00,9.671,0,0,0,1.241,0,0,0
2023-05-13 21:00,9.179,0,0,0,1.243,0,0,0
2023-05-13 22:00,8.843,0,0,0,1.245,0,0,0
2023-05-13 23:00,8.470,0,0,0,1.247,0,0,0
2023-05-14 00:00,8.066,0,0,0,1.249,0,0,0.001
2023-05-14 01:00,7.841,0,0,0,1.250,0,0,0.007
2023-05-14 02:00,7.787,0.002,0,0,1.251,4.861,16.461,0.040
2023-05-14 03:00,8.771,0.003,0,0,1.252,69.094,147.806,0.043
2023-05-14 04:00,10.583,0.002,0,0,1.251,182.111,312.349,0.022
2023-05-14 05:00,12.016,0,0,0,1.247,318.353,480.235,0.002
2023-05-14 06:00,14.105,0,0,0,1.238,452.117,639.990,0.002
2023-05-14 07:00,16.040,0,0,0,1.229,573.141,780.864,0.001
2023-05-14 08:00,17.831,0,0,0,1.221,671.512,893.254,0
2023-05-14 09:00,18.891,0,0,0,1.216,739.139,969.483,0
2023-05-14 10:00,19.551,0,0,0,1.213,770.017,1004.316,0.001
2023-05-14 11:00,19.858,0,0,0,1.210,762.519,995.401,0.002
2023-05-14 12:00,19.868,0,0,0,1.209,715.513,943.532,0.008
2023-05-14 13:00,19.616,0,0,0,1.208,632.978,851.982,0.038
2023-05-14 14:00,19.149,0,0,0,1.208,523.691,727.376,0.042
2023-05-14 15:00,18.302,0,0,0,1.210,393.001,577.918,0.063
2023-05-14 16:00,17.098,0,0,0,1.214,262.020,413.913,0.089
2023-05-14 17:00,15.341,0,0,0,1.219,131.220,246.514,0.168
2023-05-14 18:00,13.098,0,0,0,1.224,32.868,87.228,0.286
2023-05-14 19:00,11.777,0,0,0,1.229,0.129,0.735,0.384
2023-05-14 20:00,11.314,0,0,0,1.234,0,0,0.460
2023-05-14 21:00,10.917,0,0,0,1.238,0,0,0.479
2023-05-14 22:00,10.495,0,0,0,1.240,0,0,0.444
2023-05-14 23:00,10.108,0,0,0,1.240,0,0,0.401
2023-05-15 00:00,9.658,0,0,0,1.240,0,0,0.196
2023-05-15 01:00,8.831,0,0,0,1.240,0,0,0.051
2023-05-15 02:00,8.544,0,0,0,1.240,5.594,18.985,0.033
2023-05-15 03:00,9.770,0,0,0,1.241,71.290,152.661,0.141
2023-05-15 04:00,10.901,0,0,0,1.240,181.375,316.860,0.350
2023-05-15 05:00,12.240,0,0,0,1.236,296.874,484.485,0.698
2023-05-15 06:00,13.820,0,0,0,1.229,379.805,643.990,0.811
2023-05-15 07:00,14.933,0,0,0,1.224,460.631,784.534,0.916
2023-05-15 08:00,15.786,0.001,0,0,1.220,527.402,896.746,0.916
2023-05-15 09:00,16.119,0.001,0,0,1.218,493.178,972.747,0.945
2023-05-15 10:00,15.903,0.003,0,0,1.218,404.800,1007.559,0.975
2023-05-15 11:00,15.523,0.002,0,0,1.219,354.487,998.644,0.984
2023-05-15 12:00,15.205,0.004,0,0,1.220,314.650,946.790,0.982
2023-05-15 13:00,15.068,0.007,0,0,1.220,300.232,855.482,0.963
2023-05-15 14:00,14.992,0.004,0,0,1.219,276.018,731.119,0.952
2023-05-15 15:00,14.639,0.002,0,0,1.219,214.405,581.998,0.935
2023-05-15 16:00,13.805,0.001,0,0,1.221,133.091,418.210,0.903
2023-05-15 17:00,12.722,0,0,0,1.224,69.790,251.136,0.955
2023-05-15 18:00,11.403,0,0,0,1.227,20.879,92.134,0.964
2023-05-15 19:00,10.294,0,0,0,1.228,0.205,1.302,0.879
2023-05-15 20:00,10.022,0,0,0,1.230,0,0,0.957
2023-05-15 21:00,9.948,0,0,0,1.230,0,0,0.941
2023-05-15 22:00,9.762,0.001,0,0,1.230,0,0,0.917
2023-05-15 23:00,9.659,0.005,0,0,1.229,0,0,0.965
2023-05-16 00:00,9.677,0.074,0,0,1.228,0,0,0.981
2023-05-16 01:00,9.705,0.298,0,0,1.228,0,0,0.983
2023-05-16 02:00,9.670,1.010,0,0,1.229,1.061,21.625,0.988
2023-05-16 03:00,9.786,1.799,0,0,1.230,12.829,157.411,0.992
2023-05-16 04:00,9.984,1.911,0,0,1.229,26.394,321.349,0.994
2023-05-16 05:00,10.352,1.722,0,0,1.227,48.636,488.570,0.994
2023-05-16 06:00,10.810,1.112,0,0,1.224,93.589,647.740,0.993
2023-05-16 07:00,11.453,0.393,0,0,1.221,173.751,788.182,0.978
2023-05-16 08:00,12.134,0.185,0,0,1.218,227.020,900.166,0.957
2023-05-16 09:00,12.784,0.179,0,0,1.216,264.819,975.997,0.939
2023-05-16 10:00,13.185,0.140,0,0,1.214,285.163,1010.580,0.850
2023-05-16 11:00,13.483,0.104,0,0,1.213,306.387,1001.894,0.820
2023-05-16 12:00,13.430,0.083,0,0,1.212,246.993,950.040,0.840
2023-05-16 13:00,13.339,0.075,0,0,1.213,226.569,858.974,0.812
2023-05-16 14:00,13.248,0.092,0,0,1.213,207.224,734.720,0.794
2023-05-16 15:00,13.037,0.111,0,0,1.213,163.949,585.769,0.835
2023-05-16 16:00,12.779,0.110,0,0,1.214,123.170,422.410,0.883
2023-05-16 17:00,12.348,0.070,0,0,1.215,81.260,255.673,0.585
2023-05-16 18:00,11.426,0.056,0,0,1.216,27.416,96.946,0.317
2023-05-16 19:00,10.481,0.053,0,0,1.216,0.328,2.035,0.312
2023-05-16 20:00,10.928,0.042,0,0,1.217,0,0,0.319
2023-05-16 21:00,10.396,0.023,0,0,1.217,0,0,0.699
2023-05-16 22:00,10.710,0.024,0,0,1.217,0,0,0.863
2023-05-16 23:00,10.786,0.041,0,0,1.218,0,0,0.637
2023-05-17 00:00,10.626,0.055,0,0,1.219,0,0,0.487
2023-05-17 01:00,10.462,0.053,0,0,1.220,0,0,0.492
2023-05-17 02:00,10.153,0.086,0,0,1.221,5.363,24.395,0.422
2023-05-17 03:00,10.195,0.292,0,0,1.222,52.234,162.040,0.546
2023-05-17 04:00,10.470,0.584,0,0,1.223,78.376,325.684,0.805
2023-05-17 05:00,10.495,0.620,0,0,1.223,78.907,492.617,0.785
2023-05-17 06:00,10.436,0.505,0,0,1.225,163.211,651.490,0.674
2023-05-17 07:00,10.526,0.408,0,0,1.226,274.266,791.682,0.644
2023-05-17 08:00,10.546,0.425,0,0,1.228,267.488,903.416,0.786
2023-05-17 09:00,10.280,0.343,0,0,1.231,255.956,979.153,0.784
2023-05-17 10:00,9.586,0.276,0,0,1.236,226.126,1013.743,0.838
2023-05-17 11:00,8.660,0.233,0,0,1.242,206.361,1004.894,0.825
2023-05-17 12:00,7.911,0.263,0,0,1.248,214.557,953.282,0.836
2023-05-17 13:00,7.585,0.417,0,0,1.251,217.075,862.224,0.761
2023-05-17 14:00,7.516,0.457,0,0,1.252,212.798,738.220,0.759
2023-05-17 15:00,7.558,0.230,0,0,1.252,159.930,589.668,0.816
2023-05-17 16:00,7.833,0.045,0,0,1.251,112.771,426.535,0.719
2023-05-17 17:00,8.197,0.020,0,0,1.249,87.304,260.075,0.491
2023-05-17 18:00,8.161,0.045,0,0,1.248,27.413,101.623,0.473
2023-05-17 19:00,7.974,0.068,0,0,1.249,0.371,2.926,0.486
2023-05-17 20:00,8.110,0.037,0,0,1.250,0,0,0.443
2023-05-17 21:00,7.982,0.014,0,0,1.251,0,0,0.270
2023-05-17 22:00,7.545,0.006,0,0,1.255,0,0,0.145
2023-05-17 23:00,6.966,0.001,0,0,1.259,0,0,0.095
2023-05-18 00:00,6.111,0,0,0,1.263,0,0,0.100
2023-05-18 01:00,5.461,0,0,0,1.266,0,0,0.121
2023-05-18 02:00,5.131,0,0,0,1.270,9.089,27.262,0.086
2023-05-18 03:00,5.629,0,0,0,1.272,86.394,166.579,0.014
2023-05-18 04:00,6.407,0,0,0,1.271,210.939,329.860,0.006
2023-05-18 05:00,7.388,0,0,0,1.269,349.599,496.566,0.005
2023-05-18 06:00,8.518,0,0,0,1.266,486.519,655.160,0.003
2023-05-18 07:00,9.651,0,0,0,1.263,609.881,795.026,0.001
2023-05-18 08:00,10.623,0,0,0,1.259,709.125,906.518,0
2023-05-18 09:00,11.445,0,0,0,1.256,776.918,982.153,0
2023-05-18 10:00,12.187,0,0,0,1.253,807.215,1016.729,0
2023-05-18 11:00,12.825,0,0,0,1.250,798.330,1007.894,0
2023-05-18 12:00,13.302,0,0,0,1.248,750.683,956.282,0
2023-05-18 13:00,13.559,0,0,0,1.246,668.306,865.474,0
2023-05-18 14:00,13.571,0,0,0,1.244,557.810,741.720,0
2023-05-18 15:00,13.334,0,0,0,1.244,428.341,593.418,0
2023-05-18 16:00,12.940,0,0,0,1.244,290.391,430.535,0
2023-05-18 17:00,12.079,0,0,0,1.245,157.543,264.325,0
2023-05-18 18:00,10.042,0,0,0,1.246,48.785,106.184,0
2023-05-18 19:00,8.458,0,0,0,1.248,0.980,3.963,0
2023-05-18 20:00,7.722,0,0,0,1.250,0,0,0.008
2023-05-18 21:00,7.433,0,0,0,1.253,0,0,0.089
2023-05-18 22:00,7.051,0,0,0,1.257,0,0,0.233
2023-05-18 23:00,6.716,0,0,0,1.261,0,0,0.467
2023-05-19 00:00,6.381,0,0,0,1.264,0,0,0.505
2023-05-19 01:00,6.051,0,0,0,1.266,0,0,0.450
2023-05-19 02:00,5.882,0,0,0,1.268,10.446,30.233,0.394
2023-05-19 03:00,7.301,0,0,0,1.269,87.596,170.977,0.378
2023-05-19 04:00,8.734,0,0,0,1.268,208.438,333.985,0.405
2023-05-19 05:00,10.308,0,0,0,1.262,344.361,500.327,0.427
2023-05-19 06:00,12.245,0,0,0,1.254,479.677,658.660,0.335
2023-05-19 07:00,13.448,0,0,0,1.250,602.630,798.276,0.145
2023-05-19 08:00,14.275,0,0,0,1.247,700.791,909.666,0.044
2023-05-19 09:00,14.958,0,0,0,1.244,767.997,985.153,0.005
2023-05-19 10:00,15.533,0,0,0,1.242,798.522,1019.573,0
2023-05-19 11:00,15.909,0,0,0,1.240,790.622,1010.894,0
2023-05-19 12:00,16.041,0,0,0,1.239,744.704,959.282,0
2023-05-19 13:00,15.957,0,0,0,1.238,664.204,868.644,0
2023-05-19 14:00,15.615,0,0,0,1.238,555.671,745.119,0
2023-05-19 15:00,14.971,0,0,0,1.239,427.479,596.918,0
2023-05-19 16:00,13.932,0,0,0,1.243,290.673,434.410,0
2023-05-19 17:00,12.517,0,0,0,1.248,158.710,268.524,0
2023-05-19 18:00,10.821,0,0,0,1.255,50.483,110.640,0.003
2023-05-19 19:00,9.140,0,0,0,1.260,1.307,5.135,0.008
2023-05-19 20:00,8.223,0,0,0,1.264,0,0,0.122
2023-05-19 21:00,7.561,0,0,0,1.266,0,0,0.300
2023-05-19 22:00,7.007,0,0,0,1.268,0,0,0.502
2023-05-19 23:00,6.548,0,0,0,1.269,0,0,0.649
2023-05-20 00:00,6.158,0,0,0,1.271,0,0,0.791
2023-05-20 01:00,5.888,0,0,0,1.272,0,0,0.906
2023-05-20 02:00,5.808,0,0,0,1.273,10.075,33.281,0.932
2023-05-20 03:00,6.939,0,0,0,1.273,70.493,175.270,0.922
2023-05-20 04:00,8.427,0,0,0,1.273,180.936,338.059,0.746
2023-05-20 05:00,9.911,0,0,0,1.268,332.295,504.077,0.454
2023-05-20 06:00,11.663,0,0,0,1.260,476.940,662.160,0.449
2023-05-20 07:00,13.010,0,0,0,1.255,591.425,801.446,0.472
2023-05-20 08:00,14.119,0,0,0,1.250,674.861,912.666,0.425
2023-05-20 09:00,14.961,0,0,0,1.247,722.429,987.917,0.509
2023-05-20 10:00,15.523,0,0,0,1.244,732.038,1022.391,0.720
2023-05-20 11:00,15.795,0,0,0,1.242,704.400,1013.644,0.889
2023-05-20 12:00,15.841,0,0,0,1.240,652.804,962.275,0.863
2023-05-20 13:00,15.693,0,0,0,1.240,569.900,871.724,0.799
2023-05-20 14:00,15.396,0,0,0,1.239,483.989,748.369,0.639
2023-05-20 15:00,14.890,0,0,0,1.240,397.285,600.418,0.274
2023-05-20 16:00,14.014,0,0,0,1.242,285.430,438.160,0.139
2023-05-20 17:00,12.576,0,0,0,1.246,155.912,272.649,0.124
2023-05-20 18:00,10.346,0,0,0,1.251,51.512,114.981,0.108
2023-05-20 19:00,8.599,0,0,0,1.255,1.657,6.436,0.147
2023-05-20 20:00,8.010,0,0,0,1.258,0,0,0.208
2023-05-20 21:00,7.706,0,0,0,1.261,0,0,0.244
2023-05-20 22:00,7.429,0,0,0,1.262,0,0,0.222
2023-05-20 23:00,7.168,0,0,0,1.262,0,0,0.154
2023-05-21 00:00,6.989,0,0,0,1.262,0,0,0.225
2023-05-21 01:00,6.883,0,0,0,1.261,0,0,0.316
2023-05-21 02:00,7.325,0,0,0,1.260,11.286,36.394,0.473
2023-05-21 03:00,8.583,0,0,0,1.259,78.354,179.457,0.412
2023-05-21 04:00,10.257,0,0,0,1.258,176.289,341.941,0.378
2023-05-21 05:00,11.294,0,0,0,1.255,273.074,507.698,0.365
2023-05-21 06:00,12.953,0,0,0,1.248,389.654,665.410,0.477
2023-05-21 07:00,14.093,0,0,0,1.243,434.792,804.526,0.539
2023-05-21 08:00,14.931,0,0,0,1.240,477.600,915.430,0.585
2023-05-21 09:00,15.701,0,0,0,1.236,505.481,990.667,0.577
2023-05-21 10:00,16.533,0,0,0,1.232,552.086,1025.080,0.573
2023-05-21 11:00,17.177,0,0,0,1.228,569.395,1016.306,0.476
2023-05-21 12:00,17.667,0,0,0,1.226,583.253,965.032,0.362
2023-05-21 13:00,17.846,0,0,0,1.223,531.940,874.637,0.354
2023-05-21 14:00,17.696,0,0,0,1.222,427.775,751.383,0.423
2023-05-21 15:00,17.138,0,0,0,1.223,294.752,603.910,0.519
2023-05-21 16:00,16.214,0,0,0,1.226,182.775,441.866,0.561
2023-05-21 17:00,14.868,0,0,0,1.231,94.744,276.524,0.556
2023-05-21 18:00,13.492,0,0,0,1.235,31.941,119.189,0.558
2023-05-21 19:00,12.396,0,0,0,1.238,1.232,7.846,0.602
2023-05-21 20:00,11.962,0,0,0,1.240,0,0,0.677
2023-05-21 21:00,11.707,0,0,0,1.242,0,0,0.732
2023-05-21 22:00,11.409,0,0,0,1.244,0,0,0.753
2023-05-21 23:00,11.136,0,0,0,1.245,0,0,0.755
2023-05-22 00:00,10.882,0,0,0,1.245,0,0,0.785
2023-05-22 01:00,10.743,0,0,0,1.246,0,0,0.866
2023-05-22 02:00,10.695,0.001,0,0,1.246,5.896,39.578,0.932
2023-05-22 03:00,11.248,0.001,0,0,1.246,36.441,183.520,0.973
2023-05-22 04:00,11.912,0,0,0,1.245,81.588,345.691,0.983
2023-05-22 05:00,12.580,0,0,0,1.243,146.249,511.158,0.983
2023-05-22 06:00,13.631,0,0,0,1.239,231.619,668.660,0.980
2023-05-22 07:00,15.305,0,0,0,1.232,349.337,807.526,0.969
2023-05-22 08:00,16.847,0,0,0,1.226,495.537,918.329,0.945
2023-05-22 09:00,17.991,0,0,0,1.221,609.911,993.409,0.947
2023-05-22 10:00,18.760,0,0,0,1.218,642.380,1027.580,0.949
2023-05-22 11:00,19.315,0,0,0,1.214,638.637,1018.886,0.916
2023-05-22 12:00,19.648,0,0,0,1.212,607.526,967.695,0.901
2023-05-22 13:00,19.696,0,0,0,1.209,541.104,877.623,0.926
2023-05-22 14:00,19.520,0,0,0,1.208,437.418,754.531,0.941
2023-05-22 15:00,19.973,0,0,0,1.208,301.812,607.160,0.960
2023-05-22 16:00,18.564,0,0,0,1.210,176.409,445.406,0.965
2023-05-22 17:00,16.281,0,0,0,1.214,91.224,280.399,0.965
2023-05-22 18:00,14.333,0,0,0,1.219,32.729,123.281,0.964
2023-05-22 19:00,13.027,0.001,0,0,1.224,1.764,9.359,0.940
2023-05-22 20:00,12.565,0.001,0,0,1.229,0,0,0.809
2023-05-22 21:00,11.784,0.001,0,0,1.233,0,0,0.698
2023-05-22 22:00,11.117,0,0,0,1.235,0,0,0.648
2023-05-22 23:00,10.801,0,0,0,1.235,0,0,0.605
2023-05-23 00:00,10.593,0.001,0,0,1.234,0,0,0.531
2023-05-23 01:00,10.355,0.001,0,0,1.234,0,0,0.464
2023-05-23 02:00,10.345,0.001,0,0,1.234,10.401,42.803,0.469
2023-05-23 03:00,11.188,0.001,0,0,1.234,64.594,187.461,0.502
2023-05-23 04:00,11.979,0.001,0,0,1.233,141.874,349.327,0.530
2023-05-23 05:00,13.001,0,0,0,1.229,235.910,514.573,0.517
2023-05-23 06:00,14.524,0,0,0,1.223,354.554,671.903,0.489
2023-05-23 07:00,16.141,0,0,0,1.216,499.192,810.446,0.439
2023-05-23 08:00,17.300,0.001,0,0,1.212,645.617,920.930,0.389
2023-05-23 09:00,18.082,0.002,0,0,1.209,742.717,995.917,0.441
2023-05-23 10:00,18.558,0.002,0,0,1.207,767.104,1030.080,0.598
2023-05-23 11:00,18.781,0.002,0,0,1.205,743.837,1021.386,0.803
2023-05-23 12:00,18.731,0.002,0,0,1.205,661.459,970.282,0.909
2023-05-23 13:00,18.431,0.001,0,0,1.205,544.379,880.293,0.936
2023-05-23 14:00,17.921,0.001,0,0,1.206,413.761,757.531,0.939
2023-05-23 15:00,17.077,0.001,0,0,1.209,294.619,610.410,0.938
2023-05-23 16:00,15.956,0.001,0,0,1.213,189.367,448.866,0.938
2023-05-23 17:00,14.676,0,0,0,1.218,100.707,284.106,0.939
2023-05-23 18:00,13.130,0,0,0,1.221,36.138,127.233,0.938
2023-05-23 19:00,11.804,0,0,0,1.225,2.206,10.969,0.939
2023-05-23 20:00,11.168,0,0,0,1.228,0,0,0.942
2023-05-23 21:00,10.599,0,0,0,1.229,0,0,0.925
2023-05-23 22:00,10.198,0,0,0,1.230,0,0,0.660
2023-05-23 23:00,9.907,0,0,0,1.231,0,0,0.232
2023-05-24 00:00,9.785,0,0,0,1.232,0,0,0.033
2023-05-24 01:00,9.904,0,0,0,1.232,0,0,0
2023-05-24 02:00,10.256,0,0,0,1.233,16.217,46.071,0
2023-05-24 03:00,10.863,0,0,0,1.234,96.922,191.311,0
2023-05-24 04:00,12.286,0,0,0,1.234,215.489,352.941,0
2023-05-24 05:00,13.437,0,0,0,1.231,348.809,517.827,0.098
2023-05-24 06:00,15.590,0,0,0,1.223,479.801,674.903,0.378
2023-05-24 07:00,17.063,0,0,0,1.217,594.156,813.196,0.736
2023-05-24 08:00,17.952,0,0,0,1.213,691.437,923.579,0.641
2023-05-24 09:00,18.815,0,0,0,1.209,762.411,998.409,0.530
2023-05-24 10:00,19.606,0,0,0,1.206,787.134,1032.580,0.627
2023-05-24 11:00,20.180,0,0,0,1.202,778.381,1023.886,0.505
2023-05-24 12:00,20.481,0,0,0,1.199,733.831,972.775,0.437
2023-05-24 13:00,20.460,0,0,0,1.198,641.025,882.887,0.434
2023-05-24 14:00,20.215,0,0,0,1.197,541.927,760.361,0.373
2023-05-24 15:00,19.630,0,0,0,1.198,415.543,613.410,0.367
2023-05-24 16:00,18.605,0,0,0,1.201,285.608,452.230,0.158
2023-05-24 17:00,17.238,0,0,0,1.205,160.576,287.649,0.058
2023-05-24 18:00,15.728,0,0,0,1.210,55.568,131.083,0.308
2023-05-24 19:00,14.547,0,0,0,1.215,3.287,12.651,0.671
2023-05-24 20:00,14.021,0.001,0,0,1.218,0,0,0.830
2023-05-24 21:00,14.123,0.002,0,0,1.217,0,0,0.766
2023-05-24 22:00,14.598,0.011,0,0,1.214,0,0,0.683
2023-05-24 23:00,14.684,0.040,0,0,1.214,0,0,0.813
2023-05-25 00:00,14.575,0.094,0,0,1.214,0,0,0.725
2023-05-25 01:00,13.929,0.016,0,0,1.217,0,0,0.379
2023-05-25 02:00,13.421,0.001,0,0,1.220,15.031,49.355,0.083
2023-05-25 03:00,13.468,0.001,0,0,1.222,88.146,195.002,0.006
2023-05-25 04:00,13.938,0.002,0,0,1.222,199.092,356.323,0.003
2023-05-25 05:00,14.482,0.001,0,0,1.222,323.053,520.993,0.011
2023-05-25 06:00,14.525,0,0,0,1.224,444.632,677.823,0.019
2023-05-25 07:00,14.504,0,0,0,1.227,562.163,815.946,0.013
2023-05-25 08:00,14.813,0,0,0,1.228,666.207,926.079,0.001
2023-05-25 09:00,15.266,0,0,0,1.228,716.246,1000.815,0.001
2023-05-25 10:00,15.848,0,0,0,1.227,766.122,1034.905,0
2023-05-25 11:00,16.384,0,0,0,1.225,769.396,1026.226,0.002
2023-05-25 12:00,16.686,0,0,0,1.223,726.427,975.195,0.050
2023-05-25 13:00,16.702,0,0,0,1.221,641.421,885.387,0.263
2023-05-25 14:00,16.494,0,0,0,1.221,521.347,763.031,0.810
2023-05-25 15:00,15.865,0,0,0,1.221,295.240,616.410,0.934
2023-05-25 16:00,15.466,0,0,0,1.222,203.155,455.440,0.494
2023-05-25 17:00,14.427,0,0,0,1.224,153.322,291.146,0.705
2023-05-25 18:00,12.698,0,0,0,1.227,54.246,134.831,0.832
2023-05-25 19:00,11.906,0,0,0,1.230,3.954,14.403,0.913
2023-05-25 20:00,11.550,0,0,0,1.233,0,0,0.933
2023-05-25 21:00,11.304,0,0,0,1.234,0,0,0.939
2023-05-25 22:00,10.961,0.001,0,0,1.235,0,0,0.941
2023-05-25 23:00,10.445,0.002,0,0,1.238,0,0,0.943
2023-05-26 00:00,10.136,0.009,0,0,1.239,0,0,0.768
2023-05-26 01:00,10.026,0.016,0,0,1.240,0,0,0.399
2023-05-26 02:00,9.908,0.022,0,0,1.241,13.493,52.662,0.191
2023-05-26 03:00,10.127,0.012,0,0,1.241,79.992,198.564,0.075
2023-05-26 04:00,10.640,0.003,0,0,1.240,205.072,359.651,0.018
2023-05-26 05:00,11.396,0.001,0,0,1.239,346.200,524.073,0.011
2023-05-26 06:00,12.201,0.006,0,0,1.237,487.434,680.573,0.026
2023-05-26 07:00,12.834,0.013,0,0,1.236,590.476,818.460,0.077
2023-05-26 08:00,13.201,0.013,0,0,1.236,654.352,928.579,0.127
2023-05-26 09:00,13.421,0.008,0,0,1.237,681.105,1003.079,0.181
2023-05-26 10:00,13.637,0.002,0,0,1.237,686.237,1037.080,0.181
2023-05-26 11:00,13.864,0.001,0,0,1.237,688.148,1028.535,0.194
2023-05-26 12:00,13.974,0.001,0,0,1.236,625.988,977.445,0.210
2023-05-26 13:00,14.068,0.001,0,0,1.236,570.640,887.887,0.199
2023-05-26 14:00,14.009,0.001,0,0,1.235,484.543,765.781,0.237
2023-05-26 15:00,13.805,0.001,0,0,1.235,359.900,619.160,0.305
2023-05-26 16:00,13.488,0,0,0,1.236,248.890,458.561,0.344
2023-05-26 17:00,12.827,0,0,0,1.237,137.074,294.521,0.347
2023-05-26 18:00,11.372,0,0,0,1.239,50.849,138.393,0.317
2023-05-26 19:00,9.827,0,0,0,1.241,4.129,16.213,0.178
2023-05-26 20:00,9.057,0,0,0,1.244,0,0,0.094
2023-05-26 21:00,8.499,0,0,0,1.247,0,0,0.074
2023-05-26 22:00,8.056,0,0,0,1.250,0,0,0.086
2023-05-26 23:00,7.831,0,0,0,1.253,0,0,0.085
2023-05-27 00:00,7.755,0,0,0,1.255,0,0,0.079
2023-05-27 01:00,7.878,0,0,0,1.256,0,0.001,0.121
2023-05-27 02:00,8.268,0,0,0,1.258,20.237,55.967,0.609
2023-05-27 03:00,8.903,0,0,0,1.259,85.639,202.003,0.944
2023-05-27 04:00,9.739,0,0,0,1.259,154.008,362.901,0.946
2023-05-27 05:00,11.067,0,0,0,1.255,294.443,526.993,0.946
2023-05-27 06:00,12.272,0,0,0,1.250,434.532,683.323,0.941
2023-05-27 07:00,13.339,0,0,0,1.246,581.079,820.960,0.941
2023-05-27 08:00,14.286,0,0,0,1.242,680.002,930.829,0.937
2023-05-27 09:00,15.131,0,0,0,1.237,751.148,1005.329,0.877
2023-05-27 10:00,15.831,0,0,0,1.233,775.948,1039.405,0.870
2023-05-27 11:00,16.344,0,0,0,1.229,762.246,1030.578,0.559
2023-05-27 12:00,16.717,0,0,0,1.226,734.077,979.695,0.135
2023-05-27 13:00,16.841,0,0,0,1.223,655.175,890.286,0.086
2023-05-27 14:00,16.746,0,0,0,1.222,547.984,768.281,0.060
2023-05-27 15:00,16.431,0,0,0,1.221,421.188,622.059,0.027
2023-05-27 16:00,15.706,0,0,0,1.222,289.541,461.561,0.031
2023-05-27 17:00,14.536,0,0,0,1.226,163.762,297.731,0.019
2023-05-27 18:00,13.136,0,0,0,1.231,61.764,141.890,0.073
2023-05-27 19:00,11.948,0,0,0,1.236,4.811,18.077,0.548
2023-05-27 20:00,11.309,0,0,0,1.239,0,0,0.773
2023-05-27 21:00,10.900,0,0,0,1.240,0,0,0.722
2023-05-27 22:00,10.682,0.001,0,0,1.240,0,0,0.925
2023-05-27 23:00,10.536,0.002,0,0,1.240,0,0,0.951
2023-05-28 00:00,10.447,0.009,0,0,1.240,0,0,0.945
2023-05-28 01:00,10.491,0.011,0,0,1.240,0,0.003,0.957
2023-05-28 02:00,10.561,0.008,0,0,1.239,10.749,59.263,0.982
2023-05-28 03:00,10.740,0.005,0,0,1.239,48.018,205.357,0.980
2023-05-28 04:00,11.214,0.028,0,0,1.237,122.543,365.948,0.954
2023-05-28 05:00,11.953,0.072,0,0,1.234,245.873,529.837,0.666
2023-05-28 06:00,12.849,0.062,0,0,1.231,418.037,685.823,0.441
2023-05-28 07:00,12.932,0.106,0,0,1.229,330.722,823.359,0.453
2023-05-28 08:00,13.414,0.052,0,0,1.227,452.816,933.079,0.223
2023-05-28 09:00,14.603,0.041,0,0,1.223,686.011,1007.329,0.080
2023-05-28 10:00,15.486,0.019,0,0,1.219,759.365,1041.405,0.078
2023-05-28 11:00,15.941,0.009,0,0,1.217,730.094,1032.578,0.128
2023-05-28 12:00,16.181,0.005,0,0,1.215,683.804,981.945,0.083
2023-05-28 13:00,16.329,0.011,0,0,1.214,633.658,892.549,0.154
2023-05-28 14:00,16.032,0.003,0,0,1.214,431.968,770.781,0.304
2023-05-28 15:00,15.713,0.005,0,0,1.214,319.586,624.660,0.312
2023-05-28 16:00,15.334,0.004,0,0,1.215,241.665,464.436,0.293
2023-05-28 17:00,14.552,0.004,0,0,1.217,137.081,300.856,0.283
2023-05-28 18:00,13.179,0.006,0,0,1.220,49.971,145.206,0.421
2023-05-28 19:00,12.009,0.013,0,0,1.223,3.856,19.968,0.678
2023-05-28 20:00,11.673,0.011,0,0,1.227,0,0,0.922
2023-05-28 21:00,11.536,0.016,0,0,1.232,0,0,0.989
2023-05-28 22:00,11.050,0.057,0,0,1.237,0,0,0.959
2023-05-28 23:00,10.378,0.104,0,0,1.242,0,0,0.887
2023-05-29 00:00,9.642,0.115,0,0,1.247,0,0,0.773
2023-05-29 01:00,9.016,0.090,0,0,1.251,0.001,0.009,0.662
2023-05-29 02:00,8.509,0.039,0,0,1.254,11.791,62.539,0.557
2023-05-29 03:00,8.586,0.009,0,0,1.255,71.041,208.544,0.323
2023-05-29 04:00,9.283,0,0,0,1.254,211.181,368.908,0.069
2023-05-29 05:00,10.280,0,0,0,1.252,362.190,532.493,0.039
2023-05-29 06:00,11.268,0,0,0,1.249,502.417,688.323,0.333
2023-05-29 07:00,12.196,0,0,0,1.246,590.169,825.689,0.840
2023-05-29 08:00,12.672,0,0,0,1.243,536.234,935.249,0.935
2023-05-29 09:00,13.077,0,0,0,1.241,521.366,1009.409,0.915
2023-05-29 10:00,13.736,0,0,0,1.238,616.209,1043.405,0.888
2023-05-29 11:00,14.332,0,0,0,1.234,680.057,1034.578,0.887
2023-05-29 12:00,14.679,0,0,0,1.231,651.368,983.945,0.923
2023-05-29 13:00,14.828,0,0,0,1.229,585.038,894.786,0.905
2023-05-29 14:00,14.765,0,0,0,1.228,479.608,773.031,0.712
2023-05-29 15:00,14.536,0,0,0,1.227,358.367,627.160,0.313
2023-05-29 16:00,14.281,0.001,0,0,1.227,292.951,467.186,0.103
2023-05-29 17:00,13.566,0,0,0,1.227,172.215,303.856,0.091
2023-05-29 18:00,12.055,0,0,0,1.227,68.165,148.430,0.081
2023-05-29 19:00,10.486,0,0,0,1.229,6.705,21.886,0.028
2023-05-29 20:00,10.131,0,0,0,1.232,0,0,0.020
2023-05-29 21:00,10.146,0,0,0,1.235,0,0,0.081
2023-05-29 22:00,10,0,0,0,1.239,0,0,0.072
2023-05-29 23:00,9.874,0,0,0,1.242,0,0,0.020
2023-05-30 00:00,9.171,0,0,0,1.246,0,0,0.025
2023-05-30 01:00,9.089,0.001,0,0,1.250,0.008,0.045,0.036
2023-05-30 02:00,8.929,0.002,0,0,1.254,25.100,65.746,0.066
2023-05-30 03:00,9.073,0,0,0,1.256,114.192,211.632,0.016
2023-05-30 04:00,9.577,0,0,0,1.257,237.685,371.783,0.011
2023-05-30 05:00,10.194,0,0,0,1.256,376.286,535.243,0.004
2023-05-30 06:00,10.985,0,0,0,1.255,511.185,690.823,0.001
2023-05-30 07:00,11.924,0,0,0,1.252,631.172,827.859,0
2023-05-30 08:00,12.863,0,0,0,1.248,727.608,937.249,0
2023-05-30 09:00,13.765,0,0,0,1.244,793.222,1011.329,0
2023-05-30 10:00,14.644,0,0,0,1.239,822.188,1045.405,0
2023-05-30 11:00,15.440,0,0,0,1.235,813.103,1036.563,0
2023-05-30 12:00,16.167,0,0,0,1.232,766.579,985.937,0
2023-05-30 13:00,16.657,0,0,0,1.228,685.982,896.799,0.087
2023-05-30 14:00,16.767,0,0,0,1.226,577.796,775.281,0.265
2023-05-30 15:00,16.467,0,0,0,1.225,449.282,629.660,0.256
2023-05-30 16:00,15.921,0,0,0,1.225,313.313,469.811,0.093
2023-05-30 17:00,14.778,0,0,0,1.226,181.972,306.727,0.009
2023-05-30 18:00,13.224,0,0,0,1.229,71.960,151.516,0.001
2023-05-30 19:00,12.298,0,0,0,1.233,7.327,23.815,0.042
2023-05-30 20:00,11.921,0,0,0,1.237,0,0,0.183
2023-05-30 21:00,11.437,0,0,0,1.240,0,0,0.266
2023-05-30 22:00,11.130,0,0,0,1.240,0,0,0.261
2023-05-30 23:00,10.973,0,0,0,1.240,0,0,0.276
2023-05-31 00:00,10.845,0,0,0,1.239,0,0,0.234
2023-05-31 01:00,10.731,0,0,0,1.239,0.024,0.132,0.128
2023-05-31 02:00,10.707,0.002,0,0,1.238,25.522,68.863,0.021
2023-05-31 03:00,11.206,0.001,0,0,1.237,109.506,214.607,0.003
2023-05-31 04:00,12.397,0,0,0,1.232,225.814,374.533,0
2023-05-31 05:00,13.987,0,0,0,1.226,357.026,537.743,0
2023-05-31 06:00,15.143,0,0,0,1.221,488.830,693.073,0.002
2023-05-31 07:00,15.774,0,0,0,1.220,606.585,829.960,0.006
2023-05-31 08:00,16.329,0,0,0,1.218,701.965,939.241,0.001
2023-05-31 09:00,16.831,0,0,0,1.217,747.552,1013.228,0.065
2023-05-31 10:00,17.468,0,0,0,1.214,788.644,1046.905,0.648
2023-05-31 11:00,18.086,0,0,0,1.211,772.517,1038.375,0.705
2023-05-31 12:00,18.454,0,0,0,1.209,683.745,987.843,0.465
2023-05-31 13:00,18.620,0,0,0,1.207,624.819,898.786,0.420
2023-05-31 14:00,18.121,0,0,0,1.206,441.291,777.444,0.407
2023-05-31 15:00,17.556,0,0,0,1.207,319.214,632.059,0.514
2023-05-31 16:00,17.066,0,0,0,1.208,199.753,472.433,0.520
2023-05-31 17:00,16.286,0,0,0,1.210,117.987,309.477,0.455
2023-05-31 18:00,14.739,0,0,0,1.213,47.713,154.491,0.339
2023-05-31 19:00,13.091,0,0,0,1.217,5.827,25.755,0.267
2023-05-31 20:00,12.000,0,0,0,1.223,0,0,0.166
2023-05-31 21:00,11.160,0,0,0,1.229,0,0,0.150
2023-05-31 22:00,10.381,0,0,0,1.232,0,0,0.179
2023-05-31 23:00,9.784,0,0,0,1.235,0,0,0.212
2023-06-01 00:00,9.348,0,0,0,1.238,0,0,0.303
2023-06-01 01:00,9.311,0.001,0,0,1.241,0.041,0.274,0.841
2023-06-01 02:00,9.356,0.003,0,0,1.245,16.915,71.869,0.959
2023-06-01 03:00,9.354,0.005,0,0,1.247,61.198,217.423,0.949
2023-06-01 04:00,9.517,0.007,0,0,1.248,145.701,377.118,0.789
2023-06-01 05:00,9.643,0.015,0,0,1.249,284.533,540.007,0.706
2023-06-01 06:00,9.929,0.018,0,0,1.250,399.854,695.323,0.719
2023-06-01 07:00,10.449,0.010,0,0,1.249,521.752,831.880,0.732
2023-06-01 08:00,11.068,0.002,0,0,1.247,653.034,940.999,0.561
2023-06-01 09:00,11.625,0,0,0,1.245,749.636,1014.978,0.450
2023-06-01 10:00,12.120,0,0,0,1.243,793.598,1048.890,0.578
2023-06-01 11:00,12.515,0,0,0,1.242,767.594,1040.063,0.460
2023-06-01 12:00,12.817,0,0,0,1.240,724.279,989.593,0.318
2023-06-01 13:00,12.979,0,0,0,1.239,672.013,900.549,0.142
2023-06-01 14:00,12.930,0,0,0,1.238,571.468,779.524,0.066
2023-06-01 15:00,12.660,0,0,0,1.237,418.621,634.160,0.125
2023-06-01 16:00,12.331,0,0,0,1.237,295.609,474.811,0.221
2023-06-01 17:00,11.812,0,0,0,1.237,161.965,312.102,0.257
2023-06-01 18:00,10.599,0,0,0,1.238,60.050,157.303,0.348
2023-06-01 19:00,9.542,0.001,0,0,1.238,6.454,27.683,0.495
2023-06-01 20:00,9.094,0.002,0,0,1.240,0,0,0.583
2023-06-01 21:00,8.805,0.004,0,0,1.243,0,0,0.598
2023-06-01 22:00,8.716,0.008,0,0,1.249,0,0,0.395
2023-06-01 23:00,8.025,0.012,0,0,1.255,0,0,0.227
2023-06-02 00:00,7.094,0.010,0,0,1.260,0,0,0.166
2023-06-02 01:00,6.327,0.014,0,0,1.264,0.078,0.473,0.125
2023-06-02 02:00,6.027,0.018,0,0,1.267,26.625,74.742,0.112
2023-06-02 03:00,6.363,0.023,0,0,1.267,108.975,220.110,0.125
2023-06-02 04:00,7.035,0.017,0,0,1.266,216.420,379.615,0.142
2023-06-02 05:00,7.942,0.007,0,0,1.263,335.364,542.257,0.124
2023-06-02 06:00,8.932,0.002,0,0,1.260,464.766,697.323,0.107
2023-06-02 07:00,9.811,0,0,0,1.257,574.899,833.859,0.107
2023-06-02 08:00,10.604,0,0,0,1.255,664.459,942.763,0.108
2023-06-02 09:00,11.361,0,0,0,1.252,727.437,1016.579,0.094
2023-06-02 10:00,12.137,0,0,0,1.249,787.876,1050.405,0.055
2023-06-02 11:00,12.804,0,0,0,1.246,800.234,1041.563,0.029
2023-06-02 12:00,13.315,0,0,0,1.243,766.297,991.187,0.014
2023-06-02 13:00,13.570,0,0,0,1.240,693.293,902.528,0.007
2023-06-02 14:00,13.603,0,0,0,1.239,588.947,781.295,0.037
2023-06-02 15:00,13.368,0,0,0,1.238,440.172,636.309,0.102
2023-06-02 16:00,12.924,0,0,0,1.239,296.773,477.061,0.218
2023-06-02 17:00,12.525,0,0,0,1.240,157.665,314.676,0.265
2023-06-02 18:00,11.761,0,0,0,1.241,63.788,159.991,0.326
2023-06-02 19:00,11.179,0.001,0,0,1.242,7.939,29.591,0.321
2023-06-02 20:00,10.219,0,0,0,1.243,0,0,0.246
2023-06-02 21:00,9.121,0,0,0,1.245,0,0,0.230
2023-06-02 22:00,8.230,0,0,0,1.247,0,0,0.194
2023-06-02 23:00,7.478,0,0,0,1.249,0,0,0.101
2023-06-03 00:00,6.719,0,0,0,1.252,0,0,0.039
2023-06-03 01:00,6.029,0,0,0,1.256,0.141,0.729,0.030
2023-06-03 02:00,6.158,0,0,0,1.260,30.636,77.491,0.220
2023-06-03 03:00,7.604,0,0,0,1.261,112.500,222.673,0.638
2023-06-03 04:00,8.873,0,0,0,1.258,201.196,381.990,0.905
2023-06-03 05:00,10.364,0,0,0,1.252,266.712,544.507,0.958
2023-06-03 06:00,11.722,0,0,0,1.246,383.553,699.323,0.872
2023-06-03 07:00,13.013,0,0,0,1.241,555.112,835.623,0.656
2023-06-03 08:00,14.186,0,0,0,1.236,704.165,944.491,0.441
2023-06-03 09:00,15.168,0,0,0,1.231,782.298,1018.228,0.358
2023-06-03 10:00,15.970,0,0,0,1.227,812.151,1051.905,0.222
2023-06-03 11:00,16.653,0,0,0,1.223,801.157,1043.063,0.168
2023-06-03 12:00,17.132,0,0,0,1.219,722.298,992.843,0.371
2023-06-03 13:00,17.354,0.001,0,0,1.216,572.472,904.049,0.663
2023-06-03 14:00,17.113,0.004,0,0,1.214,362.015,783.274,0.884
2023-06-03 15:00,16.739,0.009,0,0,1.213,218.896,638.309,0.983
2023-06-03 16:00,16.107,0.021,0,0,1.214,118.491,479.308,0.994
2023-06-03 17:00,15.118,0.055,0,0,1.216,57.325,317.051,0.993
2023-06-03 18:00,14.119,0.108,0,0,1.218,22.260,162.553,0.993
2023-06-03 19:00,13.622,0.228,0,0,1.220,2.555,31.475,0.994
2023-06-03 20:00,13.533,0.362,0,0,1.222,0,0,0.993
2023-06-03 21:00,13.023,0.410,0,0,1.224,0,0,0.989
2023-06-03 22:00,12.323,0.473,0,0,1.227,0,0,0.988
2023-06-03 23:00,12.112,0.566,0,0,1.229,0,0,0.989
2023-06-04 00:00,11.961,0.544,0,0,1.231,0,0,0.978
2023-06-04 01:00,11.517,0.251,0,0,1.234,0.055,1.034,0.935
2023-06-04 02:00,10.524,0.163,0,0,1.241,13.188,80.115,0.772
2023-06-04 03:00,9.385,0.100,0,0,1.248,86.404,225.110,0.657
2023-06-04 04:00,9.337,0.019,0,0,1.251,202.803,384.240,0.500
2023-06-04 05:00,10.041,0.001,0,0,1.251,367.669,546.507,0.251
2023-06-04 06:00,11.024,0,0,0,1.249,509.265,701.087,0.101
2023-06-04 07:00,11.856,0,0,0,1.246,620.742,837.359,0.070
2023-06-04 08:00,12.609,0.002,0,0,1.244,704.788,946.013,0.110
2023-06-04 09:00,13.277,0.001,0,0,1.241,744.235,1019.579,0.092
2023-06-04 10:00,13.954,0.001,0,0,1.238,762.444,1053.405,0.180
2023-06-04 11:00,14.437,0,0,0,1.235,712.510,1044.563,0.122
2023-06-04 12:00,15.073,0,0,0,1.233,738.338,994.343,0.105
2023-06-04 13:00,15.457,0,0,0,1.230,660.778,905.778,0.071
2023-06-04 14:00,15.640,0,0,0,1.229,565.167,784.944,0.096
2023-06-04 15:00,15.631,0,0,0,1.227,438.391,640.301,0.204
2023-06-04 16:00,15.450,0,0,0,1.226,307.520,481.393,0.315
2023-06-04 17:00,15.290,0,0,0,1.226,173.984,319.301,0.351
2023-06-04 18:00,14.664,0,0,0,1.227,74.251,164.991,0.367
2023-06-04 19:00,13.816,0,0,0,1.227,10.612,33.322,0.421
2023-06-04 20:00,12.116,0,0,0,1.229,0,0,0.456
2023-06-04 21:00,10.925,0,0,0,1.230,0,0,0.412
2023-06-04 22:00,10.681,0,0,0,1.233,0,0,0.521
2023-06-04 23:00,10.879,0,0,0,1.236,0,0,0.700
2023-06-05 00:00,10.866,0,0,0,1.239,0,0,0.814
2023-06-05 01:00,10.367,0,0,0,1.242,0.254,1.380,0.905
2023-06-05 02:00,10.108,0,0,0,1.244,26.185,82.586,0.960
2023-06-05 03:00,11.003,0,0,0,1.244,81.867,227.426,0.970
2023-06-05 04:00,12.078,0,0,0,1.241,168.340,386.365,0.940
2023-06-05 05:00,13.831,0,0,0,1.235,301.571,548.507,0.780
2023-06-05 06:00,15.542,0,0,0,1.228,445.738,702.837,0.580
2023-06-05 07:00,16.958,0,0,0,1.222,567.282,839.021,0.459
2023-06-05 08:00,18.095,0,0,0,1.217,664.189,947.505,0.356
2023-06-05 09:00,19.078,0,0,0,1.211,730.233,1021.072,0.283
2023-06-05 10:00,19.891,0,0,0,1.207,763.379,1054.702,0.169
2023-06-05 11:00,20.456,0.001,0,0,1.204,776.753,1046.035,0.099
2023-06-05 12:00,20.696,0.004,0,0,1.202,719.847,995.756,0.378
2023-06-05 13:00,20.224,0.011,0,0,1.201,471.595,907.278,0.654
2023-06-05 14:00,19.952,0.030,0,0,1.200,374.717,786.538,0.775
2023-06-05 15:00,19.684,0.044,0,0,1.200,287.334,642.059,0.724
2023-06-05 16:00,19.278,0.054,0,0,1.200,213.632,483.308,0.549
2023-06-05 17:00,18.473,0.079,0,0,1.201,125.136,321.426,0.534
2023-06-05 18:00,17.311,0.103,0,0,1.203,45.968,167.278,0.525
2023-06-05 19:00,16.183,0.099,0,0,1.205,7.778,35.121,0.589
2023-06-05 20:00,15.783,0.109,0,0,1.208,0,0,0.449
2023-06-05 21:00,15.277,0.122,0,0,1.210,0,0,0.315
2023-06-05 22:00,14.795,0.127,0,0,1.213,0,0,0.270
2023-06-05 23:00,14.101,0.109,0,0,1.215,0,0,0.241
2023-06-06 00:00,13.393,0.092,0,0,1.219,0,0,0.187
2023-06-06 01:00,12.683,0.042,0,0,1.223,0.280,1.759,0.140
2023-06-06 02:00,12.409,0.009,0,0,1.227,28.969,84.948,0.086
2023-06-06 03:00,13.032,0.005,0,0,1.230,114.787,229.594,0.040
2023-06-06 04:00,13.489,0,0,0,1.230,233.450,388.365,0.026
2023-06-06 05:00,14.492,0,0,0,1.228,366.557,550.257,0.087
2023-06-06 06:00,15.989,0,0,0,1.223,500.287,704.587,0.061
2023-06-06 07:00,17.525,0,0,0,1.218,618.949,840.521,0.129
2023-06-06 08:00,19.023,0,0,0,1.212,711.374,948.843,0.085
2023-06-06 09:00,20.273,0,0,0,1.206,778.391,1022.250,0.019
2023-06-06 10:00,20.990,0,0,0,1.203,807.319,1055.905,0.074
2023-06-06 11:00,21.510,0,0,0,1.200,796.129,1047.360,0.517
2023-06-06 12:00,21.776,0,0,0,1.198,722.127,997.086,0.783
2023-06-06 13:00,21.636,0,0,0,1.197,602.891,908.698,0.935
2023-06-06 14:00,20.915,0.001,0,0,1.198,430.758,788.194,0.729
2023-06-06 15:00,19.811,0.002,0,0,1.202,301.694,643.573,0.608
2023-06-06 16:00,18.089,0.003,0,0,1.210,214.005,485.183,0.512
2023-06-06 17:00,15.893,0.004,0,0,1.220,137.160,323.426,0.541
2023-06-06 18:00,14.049,0.004,0,0,1.230,51.060,169.466,0.430
2023-06-06 19:00,12.537,0.013,0,0,1.238,7.522,36.857,0.429
2023-06-06 20:00,11.510,0.032,0,0,1.243,0,0,0.469
2023-06-06 21:00,10.928,0.063,0,0,1.246,0,0,0.518
2023-06-06 22:00,10.725,0.067,0,0,1.246,0,0,0.629
2023-06-06 23:00,10.718,0.035,0,0,1.246,0,0,0.702
2023-06-07 00:00,10.757,0.007,0,0,1.245,0,0,0.692
2023-06-07 01:00,10.607,0.002,0,0,1.245,0.188,2.165,0.616
2023-06-07 02:00,10.717,0,0,0,1.244,19.008,87.148,0.455
2023-06-07 03:00,11.084,0,0,0,1.246,83.790,231.656,0.302
2023-06-07 04:00,11.884,0,0,0,1.244,198.746,390.243,0.157
2023-06-07 05:00,13.240,0,0,0,1.240,343.796,552.007,0.137
2023-06-07 06:00,14.455,0.001,0,0,1.236,472.575,706.087,0.125
2023-06-07 07:00,15.544,0,0,0,1.232,582.030,841.873,0.105
2023-06-07 08:00,16.584,0,0,0,1.228,689.536,950.241,0.058
2023-06-07 09:00,17.442,0,0,0,1.225,772.088,1023.572,0.031
2023-06-07 10:00,18.063,0,0,0,1.223,805.936,1056.905,0.052
2023-06-07 11:00,18.412,0,0,0,1.221,787.860,1048.375,0.097
2023-06-07 12:00,18.480,0,0,0,1.220,737.964,998.336,0.087
2023-06-07 13:00,18.302,0,0,0,1.219,662.395,909.948,0.147
2023-06-07 14:00,17.896,0,0,0,1.219,545.751,789.524,0.211
2023-06-07 15:00,17.323,0,0,0,1.220,403.581,645.301,0.181
2023-06-07 16:00,16.616,0,0,0,1.221,302.392,486.893,0.085
2023-06-07 17:00,15.552,0,0,0,1.225,183.554,325.301,0.029
2023-06-07 18:00,14.137,0,0,0,1.230,82.615,171.466,0.014
2023-06-07 19:00,12.563,0,0,0,1.235,12.671,38.538,0.010
2023-06-07 20:00,11.505,0,0,0,1.239,0,0,0.010
2023-06-07 21:00,11.053,0,0,0,1.241,0,0,0.016
2023-06-07 22:00,10.613,0.002,0,0,1.242,0,0,0.055
2023-06-07 23:00,10.374,0.009,0,0,1.243,0,0,0.112
2023-06-08 00:00,10.304,0.017,0,0,1.242,0,0,0.355
2023-06-08 01:00,10.437,0.016,0,0,1.241,0.555,2.589,0.530
2023-06-08 02:00,10.816,0.018,0,0,1.240,33.580,89.211,0.495
2023-06-08 03:00,11.660,0.006,0,0,1.238,119.566,233.590,0.392
2023-06-08 04:00,12.990,0,0,0,1.233,241.653,391.993,0.299
2023-06-08 05:00,14.768,0,0,0,1.226,366.699,553.655,0.224
2023-06-08 06:00,16.312,0.001,0,0,1.220,455.260,707.587,0.180
2023-06-08 07:00,17.261,0.002,0,0,1.217,578.804,843.123,0.153
2023-06-08 08:00,17.466,0.004,0,0,1.217,642.241,951.263,0.388
2023-06-08 09:00,16.979,0.009,0,0,1.219,581.191,1024.734,0.659
2023-06-08 10:00,16.021,0.008,0,0,1.223,511.277,1058.230,0.781
2023-06-08 11:00,15.623,0.002,0,0,1.226,556.034,1049.563,0.793
2023-06-08 12:00,15.808,0.001,0,0,1.227,623.427,999.357,0.685
2023-06-08 13:00,15.946,0,0,0,1.227,616.288,911.198,0.428
2023-06-08 14:00,15.846,0,0,0,1.227,556.899,790.936,0.358
2023-06-08 15:00,15.472,0,0,0,1.228,443.542,646.801,0.489
2023-06-08 16:00,14.800,0,0,0,1.231,315.777,488.511,0.595
2023-06-08 17:00,13.863,0,0,0,1.234,191.977,327.051,0.606
2023-06-08 18:00,12.598,0,0,0,1.239,83.722,173.364,0.482
2023-06-08 19:00,10.652,0,0,0,1.244,13.750,40.146,0.329
2023-06-08 20:00,9.257,0,0,0,1.247,0,0,0.322
2023-06-08 21:00,8.543,0,0,0,1.249,0,0,0.317
2023-06-08 22:00,8.078,0,0,0,1.251,0,0,0.256
2023-06-08 23:00,7.710,0,0,0,1.252,0,0,0.130
2023-06-09 00:00,7.432,0,0,0,1.254,0,0,0.039
2023-06-09 01:00,7.060,0,0,0,1.256,0.698,3.016,0.002
2023-06-09 02:00,7.606,0,0,0,1.257,39.371,91.138,0.001
2023-06-09 03:00,9.281,0,0,0,1.258,134.497,235.346,0.001
2023-06-09 04:00,10.710,0,0,0,1.255,258.096,393.618,0.001
2023-06-09 05:00,12.594,0,0,0,1.248,392.334,555.155,0.001
2023-06-09 06:00,13.891,0,0,0,1.243,523.763,708.837,0.001
2023-06-09 07:00,14.834,0,0,0,1.240,641.527,844.373,0
2023-06-09 08:00,15.587,0,0,0,1.238,736.598,952.505,0.018
2023-06-09 09:00,16.167,0,0,0,1.236,803.630,1025.734,0.141
2023-06-09 10:00,16.538,0,0,0,1.235,833.209,1059.230,0.434
2023-06-09 11:00,16.698,0,0,0,1.235,822.219,1050.563,0.621
2023-06-09 12:00,16.674,0,0,0,1.234,768.446,1000.506,0.591
2023-06-09 13:00,16.499,0,0,0,1.234,684.056,912.292,0.337
2023-06-09 14:00,16.217,0,0,0,1.235,582.947,792.186,0.177
2023-06-09 15:00,15.750,0,0,0,1.236,472.342,648.059,0.021
2023-06-09 16:00,15.071,0,0,0,1.237,340.185,490.007,0
2023-06-09 17:00,14.116,0,0,0,1.240,208.014,328.676,0
2023-06-09 18:00,12.519,0,0,0,1.243,92.840,175.153,0
2023-06-09 19:00,10.237,0,0,0,1.247,15.463,41.677,0.020
2023-06-09 20:00,9.015,0,0,0,1.251,0,0,0.402
2023-06-09 21:00,8.571,0,0,0,1.254,0,0,0.883
2023-06-09 22:00,8.310,0,0,0,1.256,0,0,0.943
2023-06-09 23:00,7.920,0,0,0,1.258,0,0,0.945
2023-06-10 00:00,7.475,0,0,0,1.260,0,0,0.946
2023-06-10 01:00,7.109,0,0,0,1.261,0.831,3.443,0.923
2023-06-10 02:00,7.415,0,0,0,1.263,37.663,92.920,0.876
2023-06-10 03:00,9.149,0,0,0,1.263,130.399,237.031,0.885
2023-06-10 04:00,10.613,0,0,0,1.261,244.454,395.126,0.913
2023-06-10 05:00,12.294,0,0,0,1.255,357.386,556.507,0.919
2023-06-10 06:00,13.865,0,0,0,1.249,490.944,710.087,0.881
2023-06-10 07:00,15.212,0,0,0,1.245,625.782,845.521,0.683
2023-06-10 08:00,16.334,0,0,0,1.241,736.837,953.505,0.534
2023-06-10 09:00,17.222,0,0,0,1.237,808.430,1026.586,0.482
2023-06-10 10:00,17.898,0,0,0,1.234,837.149,1060.202,0.501
2023-06-10 11:00,18.352,0,0,0,1.231,827.574,1051.375,0.462
2023-06-10 12:00,18.578,0,0,0,1.229,780.970,1001.357,0.357
2023-06-10 13:00,18.559,0,0,0,1.228,701.216,913.292,0.169
2023-06-10 14:00,18.337,0,0,0,1.228,594.226,793.194,0.023
2023-06-10 15:00,17.857,0,0,0,1.228,467.899,649.309,0.002
2023-06-10 16:00,17.082,0,0,0,1.230,334.455,491.382,0.001
2023-06-10 17:00,15.919,0,0,0,1.233,204.143,330.176,0.001
2023-06-10 18:00,14.136,0,0,0,1.237,91.274,176.776,0.001
2023-06-10 19:00,11.909,0,0,0,1.242,15.548,43.108,0.001
2023-06-10 20:00,10.561,0,0,0,1.247,0,0,0.003
2023-06-10 21:00,9.935,0,0,0,1.250,0,0,0.001
2023-06-10 22:00,9.452,0,0,0,1.252,0,0,0
2023-06-10 23:00,9.311,0,0,0,1.253,0,0,0
2023-06-11 00:00,9.400,0,0,0,1.254,0,0,0
2023-06-11 01:00,9.492,0,0,0,1.254,0.926,3.872,0
2023-06-11 02:00,9.788,0,0,0,1.255,41.708,94.576,0
2023-06-11 03:00,10.814,0,0,0,1.255,137.778,238.533,0
2023-06-11 04:00,12.649,0,0,0,1.252,261.720,396.501,0
2023-06-11 05:00,14.362,0,0,0,1.246,396.295,557.757,0
2023-06-11 06:00,15.659,0,0,0,1.242,528.392,711.257,0
2023-06-11 07:00,16.638,0,0,0,1.238,647.218,846.529,0
2023-06-11 08:00,17.422,0,0,0,1.235,743.213,954.411,0
2023-06-11 09:00,18.057,0,0,0,1.232,809.157,1027.572,0.001
2023-06-11 10:00,18.528,0,0,0,1.230,838.657,1060.905,0.004
2023-06-11 11:00,18.817,0,0,0,1.228,830.469,1052.360,0.004
2023-06-11 12:00,18.934,0,0,0,1.226,785.537,1002.256,0.037
2023-06-11 13:00,18.872,0,0,0,1.225,707.625,914.198,0.018
2023-06-11 14:00,18.656,0,0,0,1.224,601.652,794.194,0.016
2023-06-11 15:00,18.212,0,0,0,1.225,476.826,650.471,0.012
2023-06-11 16:00,17.491,0,0,0,1.226,342.603,492.632,0
2023-06-11 17:00,16.429,0,0,0,1.229,210.837,331.551,0
2023-06-11 18:00,14.720,0,0,0,1.233,95.639,178.236,0
2023-06-11 19:00,12.731,0,0,0,1.238,16.893,44.454,0
2023-06-11 20:00,11.539,0,0,0,1.242,0,0,0
2023-06-11 21:00,11.007,0,0,0,1.245,0,0,0
2023-06-11 22:00,10.521,0,0,0,1.247,0,0,0
2023-06-11 23:00,10.047,0,0,0,1.249,0,0,0
2023-06-12 00:00,9.605,0,0,0,1.249,0,0,0
2023-06-12 01:00,9.207,0,0,0,1.250,1.064,4.277,0
2023-06-12 02:00,9.741,0,0,0,1.250,43.258,96.078,0
2023-06-12 03:00,11.561,0,0,0,1.250,140.800,239.949,0.001
2023-06-12 04:00,12.982,0,0,0,1.247,266.276,397.751,0
2023-06-12 05:00,14.772,0,0,0,1.240,402.567,558.905,0
2023-06-12 06:00,16.137,0,0,0,1.236,535.974,712.257,0
2023-06-12 07:00,17.225,0,0,0,1.232,655.577,847.521,0
2023-06-12 08:00,18.068,0,0,0,1.229,751.791,955.255,0.004
2023-06-12 09:00,18.792,0,0,0,1.226,816.468,1028.398,0.039
2023-06-12 10:00,19.387,0,0,0,1.223,845.580,1061.730,0.072
2023-06-12 11:00,19.775,0,0,0,1.220,836.950,1053.063,0.106
2023-06-12 12:00,19.936,0,0,0,1.218,790.335,1003.100,0.118
2023-06-12 13:00,19.911,0,0,0,1.217,711.117,915.190,0.119
2023-06-12 14:00,19.735,0,0,0,1.216,604.596,795.194,0.103
2023-06-12 15:00,19.349,0,0,0,1.216,479.064,651.551,0.079
2023-06-12 16:00,18.717,0,0,0,1.216,344.346,493.757,0.059
2023-06-12 17:00,17.625,0,0,0,1.219,212.039,332.801,0.046
2023-06-12 18:00,15.902,0,0,0,1.223,96.372,179.591,0.041
2023-06-12 19:00,14.058,0,0,0,1.229,17.343,45.688,0.036
2023-06-12 20:00,12.988,0,0,0,1.233,0,0,0.028
2023-06-12 21:00,12.364,0,0,0,1.236,0,0,0.008
2023-06-12 22:00,11.769,0,0,0,1.238,0,0,0
2023-06-12 23:00,11.228,0,0,0,1.239,0,0,0
2023-06-13 00:00,10.752,0,0,0,1.240,0,0,0
2023-06-13 01:00,10.310,0,0,0,1.240,1.156,4.675,0.011
2023-06-13 02:00,10.813,0,0,0,1.240,43.618,97.453,0.042
2023-06-13 03:00,12.585,0,0,0,1.239,140.815,241.219,0.073
2023-06-13 04:00,14.152,0,0,0,1.235,265.419,398.950,0.084
2023-06-13 05:00,16.234,0,0,0,1.227,400.780,559.913,0.067
2023-06-13 06:00,18.307,0,0,0,1.219,533.757,713.236,0.035
2023-06-13 07:00,19.714,0,0,0,1.214,652.766,848.271,0.007
2023-06-13 08:00,20.862,0,0,0,1.210,748.505,956.005,0.001
2023-06-13 09:00,21.753,0,0,0,1.206,811.738,1028.898,0.001
2023-06-13 10:00,22.357,0,0,0,1.204,841.225,1062.390,0.001
2023-06-13 11:00,22.759,0,0,0,1.202,832.740,1053.860,0.014
2023-06-13 12:00,22.992,0,0,0,1.200,785.901,1003.756,0.055
2023-06-13 13:00,23.090,0,0,0,1.199,705.685,915.940,0.091
2023-06-13 14:00,23.085,0,0,0,1.198,597.738,795.944,0.115
2023-06-13 15:00,22.849,0,0,0,1.198,471.001,652.323,0.206
2023-06-13 16:00,22.293,0,0,0,1.198,335.366,494.764,0.337
2023-06-13 17:00,20.699,0,0,0,1.201,203.136,333.926,0.371
2023-06-13 18:00,18.340,0,0,0,1.206,90.483,180.835,0.375
2023-06-13 19:00,16.283,0,0,0,1.213,16.309,46.826,0.432
2023-06-13 20:00,15.021,0,0,0,1.218,0,0,0.542
2023-06-13 21:00,14.282,0,0,0,1.222,0,0,0.562
2023-06-13 22:00,13.581,0,0,0,1.224,0,0,0.533
2023-06-13 23:00,13.168,0,0,0,1.225,0,0,0.478
2023-06-14 00:00,12.972,0,0,0,1.226,0,0,0.434
2023-06-14 01:00,12.780,0,0,0,1.227,1.080,5.036,0.439
2023-06-14 02:00,13.340,0,0,0,1.228,34.273,98.671,0.446
2023-06-14 03:00,14.671,0,0,0,1.228,103.245,242.324,0.415
2023-06-14 04:00,15.757,0,0,0,1.226,194.296,399.990,0.358
2023-06-14 05:00,17.236,0,0,0,1.221,305.510,560.905,0.327
2023-06-14 06:00,19.893,0,0,0,1.211,407.617,714.007,0.339
2023-06-14 07:00,22.167,0,0,0,1.202,473.445,849.021,0.379
2023-06-14 08:00,23.073,0,0,0,1.199,529.951,956.661,0.374
2023-06-14 09:00,23.771,0,0,0,1.197,612.452,1029.586,0.298
2023-06-14 10:00,24.319,0.001,0,0,1.195,659.344,1062.905,0.351
2023-06-14 11:00,24.340,0,0,0,1.193,606.328,1054.360,0.419
2023-06-14 12:00,24.383,0.001,0,0,1.192,563.599,1004.350,0.511
2023-06-14 13:00,23.900,0.001,0,0,1.192,426.464,916.448,0.589
2023-06-14 14:00,23.460,0,0,0,1.193,357.761,796.694,0.589
2023-06-14 15:00,23.027,0,0,0,1.194,287.977,653.221,0.570
2023-06-14 16:00,22.510,0,0,0,1.195,235.761,495.643,0.362
2023-06-14 17:00,21.688,0,0,0,1.197,174.301,334.926,0.223
2023-06-14 18:00,19.630,0,0,0,1.201,82.102,181.901,0.229
2023-06-14 19:00,17.166,0,0,0,1.206,15.657,47.844,0.263
2023-06-14 20:00,15.748,0,0,0,1.211,0,0,0.283
2023-06-14 21:00,14.901,0,0,0,1.215,0,0,0.205
2023-06-14 22:00,14.255,0,0,0,1.219,0,0,0.101
2023-06-14 23:00,13.897,0,0,0,1.221,0,0,0.069
2023-06-15 00:00,13.930,0,0,0,1.222,0,0,0.130
2023-06-15 01:00,14.241,0,0,0,1.223,1.234,5.382,0.356
2023-06-15 02:00,14.773,0,0,0,1.224,37.400,99.755,0.757
2023-06-15 03:00,15.405,0,0,0,1.224,109.925,243.324,0.834
2023-06-15 04:00,16.558,0,0,0,1.223,222.905,400.876,0.904
2023-06-15 05:00,18.460,0,0,0,1.216,341.517,561.655,0.940
2023-06-15 06:00,20.517,0,0,0,1.208,433.595,714.736,0.949
2023-06-15 07:00,21.228,0,0,0,1.205,485.723,849.623,0.943
2023-06-15 08:00,21.586,0,0,0,1.203,480.601,957.175,0.967
2023-06-15 09:00,22.087,0,0,0,1.201,517.867,1030.086,0.960
2023-06-15 10:00,22.652,0,0,0,1.199,576.605,1063.405,0.916
2023-06-15 11:00,23.297,0,0,0,1.196,644.768,1054.860,0.917
2023-06-15 12:00,23.796,0,0,0,1.194,650.926,1004.850,0.930
2023-06-15 13:00,24.011,0,0,0,1.192,604.866,917.042,0.837
2023-06-15 14:00,24.000,0,0,0,1.191,526.418,797.436,0.665
2023-06-15 15:00,23.808,0,0,0,1.191,427.267,653.823,0.650
2023-06-15 16:00,23.263,0,0,0,1.191,317.025,496.507,0.639
2023-06-15 17:00,22.153,0,0,0,1.193,199.367,335.797,0.630
2023-06-15 18:00,19.709,0,0,0,1.197,91.237,182.839,0.635
2023-06-15 19:00,17.301,0,0,0,1.202,17.204,48.742,0.648
2023-06-15 20:00,16.249,0,0,0,1.206,0,0,0.695
2023-06-15 21:00,16.195,0,0,0,1.209,0,0,0.771
2023-06-15 22:00,16.455,0,0,0,1.210,0,0,0.849
2023-06-15 23:00,16.536,0,0,0,1.212,0,0,0.867
2023-06-16 00:00,16.178,0,0,0,1.213,0,0,0.882
2023-06-16 01:00,15.411,0,0,0,1.214,0.819,5.682,0.962
2023-06-16 02:00,14.897,0,0,0,1.216,22.400,100.693,0.976
2023-06-16 03:00,15.433,0,0,0,1.217,70.575,244.162,0.987
2023-06-16 04:00,16.449,0,0,0,1.217,153.208,401.626,0.983
2023-06-16 05:00,17.714,0,0,0,1.213,259.830,562.257,0.974
2023-06-16 06:00,20.087,0,0,0,1.204,340.227,715.257,0.976
2023-06-16 07:00,21.434,0,0,0,1.199,378.035,850.123,0.980
2023-06-16 08:00,22.149,0,0,0,1.196,400.950,957.675,0.981
2023-06-16 09:00,22.799,0,0,0,1.193,459.324,1030.586,0.944
2023-06-16 10:00,23.505,0,0,0,1.190,517.483,1063.730,0.952
2023-06-16 11:00,24.139,0,0,0,1.187,580.625,1055.360,0.951
2023-06-16 12:00,24.540,0,0,0,1.186,554.958,1005.270,0.976
2023-06-16 13:00,24.274,0,0,0,1.185,397.303,917.542,0.986
2023-06-16 14:00,23.668,0,0,0,1.185,266.375,797.936,0.993
2023-06-16 15:00,23.119,0,0,0,1.186,190.395,654.551,0.994
2023-06-16 16:00,22.470,0,0,0,1.188,145.243,497.132,0.988
2023-06-16 17:00,21.344,0,0,0,1.190,95.175,336.547,0.982
2023-06-16 18:00,19.721,0,0,0,1.193,46.937,183.651,0.980
2023-06-16 19:00,18.236,0,0,0,1.197,10.048,49.529,0.937
2023-06-16 20:00,17.147,0,0,0,1.201,0,0.002,0.863
2023-06-16 21:00,16.312,0,0,0,1.206,0,0,0.825
2023-06-16 22:00,15.556,0,0,0,1.210,0,0,0.701
2023-06-16 23:00,14.904,0,0,0,1.214,0,0,0.650
2023-06-17 00:00,14.160,0,0,0,1.217,0,0,0.414
2023-06-17 01:00,13.404,0,0,0,1.220,1.271,5.946,0.141
2023-06-17 02:00,13.571,0,0,0,1.222,37.522,101.484,0.084
2023-06-17 03:00,14.659,0,0,0,1.222,124.909,244.906,0.043
2023-06-17 04:00,16.024,0,0,0,1.218,234.604,402.251,0.106
2023-06-17 05:00,18.043,0,0,0,1.210,354.354,562.905,0.229
2023-06-17 06:00,21.000,0,0,0,1.198,457.186,715.757,0.594
2023-06-17 07:00,22.646,0,0,0,1.192,503.406,850.543,0.825
2023-06-17 08:00,23.511,0,0,0,1.189,554.490,958.005,0.896
2023-06-17 09:00,24.255,0,0,0,1.185,593.677,1030.898,0.905
2023-06-17 10:00,24.768,0,0,0,1.183,577.872,1064.230,0.946
2023-06-17 11:00,24.826,0,0,0,1.181,488.075,1055.403,0.955
2023-06-17 12:00,24.530,0,0,0,1.181,386.036,1005.600,0.960
2023-06-17 13:00,24.005,0,0,0,1.181,292.073,917.948,0.977
2023-06-17 14:00,23.222,0,0,0,1.183,209.582,798.274,0.980
2023-06-17 15:00,22.277,0.003,0,0,1.186,148.948,654.971,0.981
2023-06-17 16:00,21.132,0.013,0,0,1.190,100.366,497.639,0.979
2023-06-17 17:00,19.803,0.036,0,0,1.195,56.010,337.165,0.979
2023-06-17 18:00,18.407,0.089,0,0,1.199,23.135,184.335,0.981
2023-06-17 19:00,17.420,0.158,0,0,1.203,4.410,50.172,0.985
2023-06-17 20:00,16.942,0.222,0,0,1.206,0,0.003,0.986
2023-06-17 21:00,16.646,0.285,0,0,1.209,0,0,0.987
2023-06-17 22:00,16.203,0.392,0,0,1.210,0,0,0.988
2023-06-17 23:00,15.836,0.549,0,0,1.211,0,0,0.988
2023-06-18 00:00,15.680,0.606,0,0,1.213,0,0,0.989
2023-06-18 01:00,15.559,0.473,0,0,1.214,0.217,6.175,0.987
2023-06-18 02:00,15.476,0.344,0,0,1.215,7.591,102.141,0.981
2023-06-18 03:00,15.533,0.466,0,0,1.215,25.165,245.511,0.975
2023-06-18 04:00,15.719,0.864,0,0,1.214,46.799,402.825,0.975
2023-06-18 05:00,16.028,1.401,0,0,1.213,65.087,563.405,0.982
2023-06-18 06:00,16.338,1.646,0,0,1.212,84.398,716.236,0.989
2023-06-18 07:00,16.818,1.403,0,0,1.210,116.111,850.873,0.990
2023-06-18 08:00,17.415,0.892,0,0,1.208,149.996,958.263,0.987
2023-06-18 09:00,17.860,0.633,0,0,1.206,161.614,1031.086,0.979
2023-06-18 10:00,18.089,0.649,0,0,1.204,163.493,1064.390,0.974
2023-06-18 11:00,18.140,0.641,0,0,1.204,160.607,1055.860,0.974
2023-06-18 12:00,18.137,0.481,0,0,1.204,208.797,1005.998,0.974
2023-06-18 13:00,18.237,0.241,0,0,1.204,258.430,918.198,0.973
2023-06-18 14:00,18.481,0.098,0,0,1.204,273.873,798.686,0.969
2023-06-18 15:00,18.830,0.090,0,0,1.202,274.189,655.301,0.958
2023-06-18 16:00,18.859,0.074,0,0,1.202,205.449,498.132,0.953
2023-06-18 17:00,18.459,0.070,0,0,1.203,121.382,337.665,0.948
2023-06-18 18:00,17.729,0.072,0,0,1.205,53.585,184.839,0.947
2023-06-18 19:00,16.997,0.154,0,0,1.208,8.770,50.703,0.953
2023-06-18 20:00,16.670,0.226,0,0,1.209,0,0.004,0.968
2023-06-18 21:00,16.560,0.232,0,0,1.210,0,0,0.986
2023-06-18 22:00,16.462,0.221,0,0,1.211,0,0,0.986
2023-06-18 23:00,16.359,0.176,0,0,1.211,0,0,0.978
2023-06-19 00:00,16.200,0.123,0,0,1.212,0,0,0.963
2023-06-19 01:00,15.994,0.101,0,0,1.212,1.022,6.355,0.955
2023-06-19 02:00,15.991,0.085,0,0,1.213,24.175,102.661,0.956
2023-06-19 03:00,16.219,0.072,0,0,1.213,66.744,245.949,0.958
2023-06-19 04:00,16.564,0.066,0,0,1.212,116.695,403.200,0.955
2023-06-19 05:00,17.011,0.065,0,0,1.211,197.915,563.677,0.811
2023-06-19 06:00,17.767,0.065,0,0,1.209,301.868,716.507,0.685
2023-06-19 07:00,18.884,0.121,0,0,1.206,359.318,851.123,0.782
2023-06-19 08:00,19.787,0.457,0,0,1.203,379.255,958.505,0.909
2023-06-19 09:00,20.063,1.080,0,0,1.201,368.994,1031.383,0.928
2023-06-19 10:00,19.909,1.330,0,0,1.201,339.025,1064.405,0.971
2023-06-19 11:00,19.310,1.126,0,0,1.203,223.773,1055.875,0.985
2023-06-19 12:00,18.499,0.648,0,0,1.205,148.926,1006.020,0.984
2023-06-19 13:00,18.194,0.230,0,0,1.206,189.452,918.440,0.940
2023-06-19 14:00,18.484,0.096,0,0,1.206,242.055,798.936,0.918
2023-06-19 15:00,18.869,0.036,0,0,1.203,223.940,655.559,0.894
2023-06-19 16:00,19.113,0.011,0,0,1.202,186.979,498.389,0.865
2023-06-19 17:00,18.952,0.005,0,0,1.202,114.411,337.926,0.911
2023-06-19 18:00,18.198,0.003,0,0,1.203,51.701,185.214,0.942
2023-06-19 19:00,17.403,0.002,0,0,1.204,10.233,51.095,0.944
2023-06-19 20:00,16.954,0.001,0,0,1.206,0,0.005,0.939
2023-06-19 21:00,16.622,0.001,0,0,1.208,0,0,0.942
2023-06-19 22:00,15.966,0.001,0,0,1.210,0,0,0.945
2023-06-19 23:00,15.222,0.001,0,0,1.212,0,0,0.941
2023-06-20 00:00,14.864,0.002,0,0,1.214,0,0,0.937
2023-06-20 01:00,14.629,0.004,0,0,1.215,1.070,6.486,0.935
2023-06-20 02:00,15.028,0.009,0,0,1.216,28.094,103.036,0.937
2023-06-20 03:00,15.932,0.011,0,0,1.217,92.831,246.283,0.937
2023-06-20 04:00,16.823,0.008,0,0,1.214,194.678,403.501,0.940
2023-06-20 05:00,18.457,0.009,0,0,1.209,321.265,563.927,0.942
2023-06-20 06:00,19.990,0.013,0,0,1.204,435.752,716.736,0.946
2023-06-20 07:00,21.515,0.015,0,0,1.198,532.496,851.285,0.945
2023-06-20 08:00,22.806,0.015,0,0,1.194,629.366,958.661,0.947
2023-06-20 09:00,23.726,0.011,0,0,1.190,711.186,1031.398,0.942
2023-06-20 10:00,24.282,0.007,0,0,1.188,740.243,1064.730,0.862
2023-06-20 11:00,24.621,0.005,0,0,1.186,749.255,1055.903,0.517
2023-06-20 12:00,24.750,0.003,0,0,1.185,738.625,1006.248,0.240
2023-06-20 13:00,24.560,0.002,0,0,1.185,650.196,918.448,0.058
2023-06-20 14:00,24.214,0.001,0,0,1.185,564.422,798.944,0.016
2023-06-20 15:00,23.755,0,0,0,1.185,445.133,655.801,0.049
2023-06-20 16:00,23.169,0,0,0,1.187,316.826,498.632,0.157
2023-06-20 17:00,22.171,0,0,0,1.189,191.919,338.176,0.246
2023-06-20 18:00,20.386,0,0,0,1.193,85.598,185.523,0.311
2023-06-20 19:00,18.448,0,0,0,1.199,16.469,51.356,0.308
2023-06-20 20:00,17.196,0,0,0,1.204,0.001,0.006,0.345
2023-06-20 21:00,16.646,0,0,0,1.209,0,0,0.604
2023-06-20 22:00,15.900,0,0,0,1.212,0,0,0.899
2023-06-20 23:00,15.324,0,0,0,1.213,0,0,0.932
2023-06-21 00:00,14.967,0,0,0,1.214,0,0,0.938
2023-06-21 01:00,14.712,0.001,0,0,1.215,1.410,6.569,0.940
2023-06-21 02:00,15.189,0.001,0,0,1.215,31.059,103.265,0.907
2023-06-21 03:00,16.269,0,0,0,1.215,98.450,246.474,0.723
2023-06-21 04:00,17.527,0,0,0,1.211,219.949,403.626,0.410
2023-06-21 05:00,19.511,0,0,0,1.204,363.614,564.007,0.146
2023-06-21 06:00,20.984,0,0,0,1.198,501.132,716.757,0.036
2023-06-21 07:00,22.040,0,0,0,1.195,619.103,851.293,0.001
2023-06-21 08:00,22.867,0,0,0,1.192,711.978,958.675,0.013
2023-06-21 09:00,23.538,0,0,0,1.189,774.885,1031.398,0.170
2023-06-21 10:00,24.003,0,0,0,1.187,804.153,1064.702,0.509
2023-06-21 11:00,24.214,0,0,0,1.185,796.292,1055.903,0.630
2023-06-21 12:00,24.223,0,0,0,1.184,750.053,1006.248,0.695
2023-06-21 13:00,24.055,0,0,0,1.184,670.443,918.448,0.901
2023-06-21 14:00,23.644,0,0,0,1.184,551.278,798.944,0.940
2023-06-21 15:00,22.961,0.001,0,0,1.185,405.165,655.801,0.941
2023-06-21 16:00,22.026,0.006,0,0,1.187,243.949,498.639,0.947
2023-06-21 17:00,20.969,0.019,0,0,1.189,117.460,338.297,0.964
2023-06-21 18:00,19.838,0.076,0,0,1.192,34.847,185.626,0.974
2023-06-21 19:00,18.913,0.447,0,0,1.195,5.192,51.481,0.984
2023-06-21 20:00,18.331,1.251,0,0,1.198,0,0.007,0.980
2023-06-21 21:00,17.817,1.966,0,0,1.200,0,0,0.961
2023-06-21 22:00,17.526,1.456,0,0,1.201,0,0,0.828
2023-06-21 23:00,17.375,0.358,0,0,1.201,0,0,0.610
2023-06-22 00:00,17.244,0.070,0,0,1.200,0,0,0.269
2023-06-22 01:00,17.087,0.022,0,0,1.200,1.172,6.604,0.114
2023-06-22 02:00,17.290,0.023,0,0,1.201,37.427,103.349,0.406
2023-06-22 03:00,17.744,0.030,0,0,1.200,121.398,246.537,0.512
2023-06-22 04:00,18.213,0.023,0,0,1.199,236.333,403.626,0.374
2023-06-22 05:00,18.976,0.010,0,0,1.198,371.584,564.007,0.045
2023-06-22 06:00,20.132,0.005,0,0,1.195,505.165,716.750,0.017
2023-06-22 07:00,21.129,0.006,0,0,1.191,615.643,851.285,0.038
2023-06-22 08:00,22.001,0.004,0,0,1.187,693.116,958.513,0.038
2023-06-22 09:00,22.777,0.001,0,0,1.184,757.522,1031.383,0.022
2023-06-22 10:00,23.425,0,0,0,1.182,805.576,1064.405,0.011
2023-06-22 11:00,23.891,0,0,0,1.179,806.463,1055.860,0
2023-06-22 12:00,24.151,0,0,0,1.178,762.942,1006.020,0
2023-06-22 13:00,24.225,0,0,0,1.177,686.246,918.440,0
2023-06-22 14:00,24.108,0,0,0,1.176,582.228,798.936,0
2023-06-22 15:00,23.892,0,0,0,1.176,459.744,655.801,0
2023-06-22 16:00,23.592,0,0,0,1.175,328.885,498.632,0.023
2023-06-22 17:00,22.998,0,0,0,1.176,197.754,338.290,0.100
2023-06-22 18:00,22.012,0,0,0,1.179,86.266,185.589,0.102
2023-06-22 19:00,20.914,0.001,0,0,1.183,15.845,51.476,0.182
2023-06-22 20:00,20.096,0,0,0,1.188,0.001,0.007,0.362
2023-06-22 21:00,19.400,0,0,0,1.192,0,0,0.819
2023-06-22 22:00,18.726,0,0,0,1.195,0,0,0.935
2023-06-22 23:00,18.010,0,0,0,1.198,0,0,0.935
2023-06-23 00:00,17.185,0,0,0,1.201,0,0,0.750
2023-06-23 01:00,16.330,0.002,0,0,1.204,1.570,6.590,0.094
2023-06-23 02:00,16.436,0.015,0,0,1.206,41.384,103.296,0.314
2023-06-23 03:00,17.147,0.004,0,0,1.205,115.019,246.449,0.694
2023-06-23 04:00,18.164,0,0,0,1.202,191.863,403.575,0.855
2023-06-23 05:00,19.637,0,0,0,1.197,333.471,563.927,0.510
2023-06-23 06:00,21.356,0.002,0,0,1.192,497.688,716.507,0.155
2023-06-23 07:00,22.777,0.003,0,0,1.187,619.446,851.043,0.223
2023-06-23 08:00,23.825,0.001,0,0,1.183,703.344,958.425,0.594
2023-06-23 09:00,24.574,0.002,0,0,1.180,746.298,1031.086,0.469
2023-06-23 10:00,24.888,0.005,0,0,1.179,695.606,1064.230,0.354
2023-06-23 11:00,25.038,0.012,0,0,1.178,669.703,1055.860,0.484
2023-06-23 12:00,24.889,0.013,0,0,1.178,630.993,1005.850,0.448
2023-06-23 13:00,24.058,0.013,0,0,1.180,445.923,918.198,0.655
2023-06-23 14:00,23.227,0.023,0,0,1.183,347.684,798.694,0.621
2023-06-23 15:00,22.409,0.011,0,0,1.187,279.679,655.551,0.455
2023-06-23 16:00,21.619,0.007,0,0,1.190,237.604,498.507,0.256
2023-06-23 17:00,20.902,0.002,0,0,1.193,178.222,338.125,0.132
2023-06-23 18:00,19.739,0,0,0,1.197,82.926,185.460,0.095
2023-06-23 19:00,18.408,0,0,0,1.199,16.774,51.340,0.043
2023-06-23 20:00,17.954,0,0,0,1.201,0.001,0.006,0.029
2023-06-23 21:00,17.945,0,0,0,1.203,0,0,0.020
2023-06-23 22:00,17.396,0,0,0,1.205,0,0,0.014
2023-06-23 23:00,16.192,0,0,0,1.208,0,0,0.008
2023-06-24 00:00,15.091,0,0,0,1.212,0,0,0.004
2023-06-24 01:00,14.341,0,0,0,1.217,1.535,6.526,0.002
2023-06-24 02:00,14.482,0,0,0,1.220,42.633,103.099,0.001
2023-06-24 03:00,15.583,0,0,0,1.222,134.356,246.261,0.101
2023-06-24 04:00,16.827,0,0,0,1.219,252.196,403.376,0.334
2023-06-24 05:00,18.075,0,0,0,1.216,381.203,563.677,0.411
2023-06-24 06:00,19.359,0,0,0,1.211,506.891,716.257,0.642
2023-06-24 07:00,20.552,0,0,0,1.207,605.940,850.793,0.765
2023-06-24 08:00,21.591,0,0,0,1.202,660.785,958.175,0.852
2023-06-24 09:00,22.429,0,0,0,1.198,702.479,1030.898,0.902
2023-06-24 10:00,23.054,0,0,0,1.195,715.885,1064.202,0.896
2023-06-24 11:00,23.556,0,0,0,1.192,712.421,1055.375,0.808
2023-06-24 12:00,23.926,0.003,0,0,1.189,683.499,1005.600,0.750
2023-06-24 13:00,24.073,0.006,0,0,1.187,594.657,917.948,0.877
2023-06-24 14:00,23.768,0.014,0,0,1.187,401.517,798.444,0.954
2023-06-24 15:00,23.249,0.039,0,0,1.187,262.141,655.301,0.956
2023-06-24 16:00,22.680,0.041,0,0,1.188,179.288,498.213,0.897
2023-06-24 17:00,22.040,0.020,0,0,1.189,111.529,337.801,0.781
2023-06-24 18:00,21.053,0.011,0,0,1.190,52.260,185.151,0.622
2023-06-24 19:00,20.154,0.014,0,0,1.192,11.070,51.054,0.423
2023-06-24 20:00,19.344,0.013,0,0,1.193,0.001,0.005,0.251
2023-06-24 21:00,18.713,0.010,0,0,1.195,0,0,0.363
2023-06-24 22:00,18.146,0.012,0,0,1.197,0,0,0.585
2023-06-24 23:00,17.607,0.018,0,0,1.198,0,0,0.726
2023-06-25 00:00,17.073,0.023,0,0,1.200,0,0,0.716
2023-06-25 01:00,16.473,0.018,0,0,1.202,1.374,6.415,0.380
2023-06-25 02:00,16.467,0.010,0,0,1.205,39.294,102.765,0.126
2023-06-25 03:00,17.672,0.003,0,0,1.208,132.136,245.912,0.010
2023-06-25 04:00,18.631,0.001,0,0,1.208,255.246,403.001,0.001
2023-06-25 05:00,20.448,0,0,0,1.202,386.769,563.405,0
2023-06-25 06:00,21.578,0,0,0,1.199,516.466,716.007,0
2023-06-25 07:00,22.284,0,0,0,1.197,633.047,850.535,0
2023-06-25 08:00,22.939,0,0,0,1.195,727.165,957.763,0
2023-06-25 09:00,23.644,0,0,0,1.192,791.636,1030.586,0
2023-06-25 10:00,24.315,0,0,0,1.190,821.159,1063.730,0
2023-06-25 11:00,24.854,0,0,0,1.187,813.756,1054.903,0
2023-06-25 12:00,25.110,0,0,0,1.185,769.740,1005.256,0
2023-06-25 13:00,25.088,0,0,0,1.184,692.621,917.690,0
2023-06-25 14:00,24.856,0,0,0,1.184,588.860,798.186,0
2023-06-25 15:00,24.478,0,0,0,1.185,466.232,654.971,0
2023-06-25 16:00,23.721,0,0,0,1.186,334.928,497.764,0
2023-06-25 17:00,22.546,0,0,0,1.189,206.577,337.415,0
2023-06-25 18:00,20.596,0,0,0,1.193,94.875,184.714,0
2023-06-25 19:00,18.219,0,0,0,1.198,18.300,50.646,0
2023-06-25 20:00,16.878,0,0,0,1.203,0.001,0.004,0
2023-06-25 21:00,16.388,0,0,0,1.206,0,0,0
2023-06-25 22:00,16.060,0,0,0,1.208,0,0,0
2023-06-25 23:00,15.903,0,0,0,1.210,0,0,0
2023-06-26 00:00,15.901,0,0,0,1.211,0,0,0
2023-06-26 01:00,16.109,0,0,0,1.211,1.535,6.255,0
2023-06-26 02:00,16.369,0,0,0,1.211,44.239,102.268,0
2023-06-26 03:00,16.851,0,0,0,1.212,138.585,245.412,0
2023-06-26 04:00,18.041,0,0,0,1.210,259.347,402.501,0
2023-06-26 05:00,19.398,0,0,0,1.206,390.505,562.905,0
2023-06-26 06:00,20.543,0,0,0,1.202,519.096,715.507,0.001
2023-06-26 07:00,21.615,0,0,0,1.198,634.389,850.043,0.001
2023-06-26 08:00,22.566,0,0,0,1.194,727.071,957.411,0
2023-06-26 09:00,23.336,0,0,0,1.191,790.004,1030.086,0
2023-06-26 10:00,23.864,0,0,0,1.189,818.011,1063.230,0.001
2023-06-26 11:00,24.118,0,0,0,1.187,809.046,1054.860,0.001
2023-06-26 12:00,24.091,0,0,0,1.186,762.928,1004.770,0.004
2023-06-26 13:00,23.828,0,0,0,1.186,685.564,917.190,0.008
2023-06-26 14:00,23.386,0,0,0,1.186,580.570,797.686,0.012
2023-06-26 15:00,22.784,0,0,0,1.186,461.065,654.471,0.003
2023-06-26 16:00,22.021,0,0,0,1.188,331.183,497.257,0.001
2023-06-26 17:00,21.051,0,0,0,1.190,204.111,336.915,0.001
2023-06-26 18:00,19.820,0,0,0,1.193,93.522,184.151,0.002
2023-06-26 19:00,17.988,0,0,0,1.196,17.870,50.114,0.006
2023-06-26 20:00,16.849,0,0,0,1.198,0,0.003,0.021
2023-06-26 21:00,16.562,0,0,0,1.200,0,0,0.180
2023-06-26 22:00,16.144,0.004,0,0,1.202,0,0,0.279
2023-06-26 23:00,15.740,0.012,0,0,1.202,0,0,0.314
2023-06-27 00:00,15.515,0.016,0,0,1.201,0,0,0.310
2023-06-27 01:00,15.529,0.020,0,0,1.201,1.439,6.047,0.306
2023-06-27 02:00,16.333,0.028,0,0,1.201,40.524,101.643,0.306
2023-06-27 03:00,17.224,0.026,0,0,1.199,129.432,244.824,0.309
2023-06-27 04:00,18.208,0.014,0,0,1.197,249.655,401.950,0.311
2023-06-27 05:00,19.463,0.003,0,0,1.194,377.422,562.257,0.311
2023-06-27 06:00,20.548,0.002,0,0,1.191,501.652,715.007,0.310
2023-06-27 07:00,21.439,0.002,0,0,1.189,615.303,849.543,0.311
2023-06-27 08:00,22.148,0.002,0,0,1.187,707.797,956.911,0.317
2023-06-27 09:00,22.696,0.003,0,0,1.185,761.278,1029.586,0.314
2023-06-27 10:00,23.122,0.004,0,0,1.183,789.817,1062.730,0.291
2023-06-27 11:00,23.398,0.004,0,0,1.182,790.717,1054.063,0.188
2023-06-27 12:00,23.495,0.006,0,0,1.181,753.534,1004.256,0.094
2023-06-27 13:00,23.410,0.007,0,0,1.181,679.618,916.690,0.028
2023-06-27 14:00,23.166,0.008,0,0,1.181,577.052,797.172,0.027
2023-06-27 15:00,22.736,0.007,0,0,1.182,453.395,653.801,0.055
2023-06-27 16:00,22.146,0.002,0,0,1.183,320.702,496.632,0.036
2023-06-27 17:00,21.383,0.003,0,0,1.185,197.752,336.176,0.033
2023-06-27 18:00,20.194,0,0,0,1.188,88.205,183.460,0.058
2023-06-27 19:00,18.100,0,0,0,1.191,16.980,49.446,0.008
2023-06-27 20:00,16.961,0,0,0,1.193,0,0.002,0.001
2023-06-27 21:00,16.447,0,0,0,1.196,0,0,0.001
2023-06-27 22:00,15.973,0,0,0,1.199,0,0,0.001
2023-06-27 23:00,15.516,0,0,0,1.202,0,0,0.002
2023-06-28 00:00,15.132,0,0,0,1.204,0,0,0.027
2023-06-28 01:00,14.840,0.006,0,0,1.207,1.346,5.794,0.079
2023-06-28 02:00,15.530,0.016,0,0,1.208,41.272,100.890,0.102
2023-06-28 03:00,16.603,0.003,0,0,1.207,131.027,244.094,0.243
2023-06-28 04:00,18.070,0,0,0,1.203,240.460,401.251,0.636
2023-06-28 05:00,19.682,0,0,0,1.198,346.762,561.655,0.734
2023-06-28 06:00,21.090,0,0,0,1.193,475.837,714.337,0.636
2023-06-28 07:00,22.427,0,0,0,1.189,602.621,849.021,0.482
2023-06-28 08:00,23.660,0,0,0,1.185,705.209,956.255,0.326
2023-06-28 09:00,24.764,0.002,0,0,1.181,774.758,1028.926,0.115
2023-06-28 10:00,25.702,0.003,0,0,1.178,805.895,1062.230,0.068
2023-06-28 11:00,26.405,0.003,0,0,1.175,798.098,1053.403,0.067
2023-06-28 12:00,26.718,0.004,0,0,1.173,718.220,1003.748,0.125
2023-06-28 13:00,26.693,0.005,0,0,1.171,602.818,915.948,0.231
2023-06-28 14:00,26.379,0.005,0,0,1.171,432.394,796.436,0.475
2023-06-28 15:00,25.730,0.004,0,0,1.172,290.325,653.073,0.452
2023-06-28 16:00,25.431,0.012,0,0,1.173,213.059,495.882,0.474
2023-06-28 17:00,24.319,0.014,0,0,1.175,123.715,335.415,0.486
2023-06-28 18:00,22.716,0.009,0,0,1.177,56.350,182.611,0.495
2023-06-28 19:00,20.984,0.023,0,0,1.181,11.304,48.652,0.498
2023-06-28 20:00,19.965,0.035,0,0,1.184,0,0,0.452
2023-06-28 21:00,19.320,0.032,0,0,1.186,0,0,0.414
2023-06-28 22:00,18.864,0.026,0,0,1.187,0,0,0.483
2023-06-28 23:00,18.587,0.010,0,0,1.187,0,0,0.680
2023-06-29 00:00,18.436,0.005,0,0,1.188,0,0,0.916
2023-06-29 01:00,18.339,0.004,0,0,1.188,0.741,5.513,0.961
2023-06-29 02:00,18.626,0.017,0,0,1.190,17.171,99.985,0.970
2023-06-29 03:00,19.101,0.041,0,0,1.191,51.391,243.221,0.958
2023-06-29 04:00,19.640,0.077,0,0,1.191,112.217,400.376,0.833
2023-06-29 05:00,20.371,0.089,0,0,1.190,198.717,560.905,0.701
2023-06-29 06:00,21.632,0.065,0,0,1.186,314.064,713.587,0.598
2023-06-29 07:00,23.049,0.087,0,0,1.182,431.312,848.271,0.579
2023-06-29 08:00,24.357,0.121,0,0,1.178,559.676,955.513,0.683
2023-06-29 09:00,25.163,0.118,0,0,1.175,565.267,1028.398,0.818
2023-06-29 10:00,25.317,0.111,0,0,1.173,489.139,1061.405,0.813
2023-06-29 11:00,25.471,0.089,0,0,1.171,477.390,1052.860,0.743
2023-06-29 12:00,25.802,0.069,0,0,1.170,497.091,1003.006,0.519
2023-06-29 13:00,25.990,0.044,0,0,1.168,450.729,915.198,0.394
2023-06-29 14:00,26.241,0.027,0,0,1.166,443.820,795.686,0.374
2023-06-29 15:00,26.022,0.012,0,0,1.166,327.205,652.301,0.328
2023-06-29 16:00,25.808,0.010,0,0,1.165,264.332,495.007,0.298
2023-06-29 17:00,25.281,0.003,0,0,1.166,156.463,334.466,0.263
2023-06-29 18:00,23.730,0.001,0,0,1.167,72.802,181.648,0.218
2023-06-29 19:00,22.032,0.001,0,0,1.169,13.588,47.744,0.168
2023-06-29 20:00,20.502,0,0,0,1.173,0,0,0.114
2023-06-29 21:00,19.735,0,0,0,1.177,0,0,0.068
2023-06-29 22:00,19.309,0,0,0,1.181,0,0,0.093
2023-06-29 23:00,18.873,0,0,0,1.185,0,0,0.312
2023-06-30 00:00,18.080,0,0,0,1.188,0,0,0.742
2023-06-30 01:00,17.546,0,0,0,1.190,1.155,5.188,0.922
2023-06-30 02:00,17.807,0.001,0,0,1.191,31.056,98.932,0.936
2023-06-30 03:00,18.757,0.002,0,0,1.190,90.838,242.219,0.936
2023-06-30 04:00,19.870,0.004,0,0,1.187,158.278,399.450,0.937
2023-06-30 05:00,21.109,0.001,0,0,1.183,252.001,559.927,0.939
2023-06-30 06:00,22.325,0.001,0,0,1.179,368.412,712.757,0.942
2023-06-30 07:00,23.257,0.002,0,0,1.175,441.470,847.373,0.951
2023-06-30 08:00,23.893,0.006,0,0,1.172,504.022,954.755,0.956
2023-06-30 09:00,24.188,0.018,0,0,1.170,502.881,1027.572,0.962
2023-06-30 10:00,24.083,0.070,0,0,1.170,459.219,1060.730,0.978
2023-06-30 11:00,23.373,0.229,0,0,1.171,352.883,1052.063,0.986
2023-06-30 12:00,22.334,0.692,0,0,1.174,259.577,1002.256,0.985
2023-06-30 13:00,21.078,1.618,0,0,1.179,185.841,914.448,0.979
2023-06-30 14:00,19.967,2.957,0,0,1.182,130.905,794.694,0.961
2023-06-30 15:00,19.274,3.214,0,0,1.184,94.025,651.323,0.947
2023-06-30 16:00,18.751,1.833,0,0,1.185,62.939,494.007,0.953
2023-06-30 17:00,18.348,0.606,0,0,1.186,37.629,333.426,0.963
2023-06-30 18:00,17.990,0.157,0,0,1.187,22.242,180.526,0.973
2023-06-30 19:00,17.548,0.079,0,0,1.188,5.996,46.720,0.970
2023-06-30 20:00,17.192,0.018,0,0,1.189,0,0,0.982
2023-06-30 21:00,16.848,0.013,0,0,1.191,0,0,0.985
2023-06-30 22:00,16.386,0.006,0,0,1.193,0,0,0.980
2023-06-30 23:00,15.856,0.002,0,0,1.196,0,0,0.976
2023-07-01 00:00,15.403,0.002,0,0,1.198,0,0,0.971
2023-07-01 01:00,15.054,0.006,0,0,1.199,0.614,4.831,0.842
2023-07-01 02:00,14.876,0.009,0,0,1.200,25.485,97.745,0.681
2023-07-01 03:00,15.014,0.007,0,0,1.200,92.959,241.094,0.493
2023-07-01 04:00,15.641,0.004,0,0,1.198,225.512,398.376,0.148
2023-07-01 05:00,16.876,0.001,0,0,1.194,348.917,558.913,0.046
2023-07-01 06:00,18.240,0.001,0,0,1.189,499.405,711.757,0.017
2023-07-01 07:00,19.573,0.001,0,0,1.184,620.816,846.521,0.008
2023-07-01 08:00,20.770,0.001,0,0,1.179,715.685,953.911,0.006
2023-07-01 09:00,21.700,0.001,0,0,1.176,779.978,1026.586,0.007
2023-07-01 10:00,22.263,0.001,0,0,1.173,803.623,1059.905,0.011
2023-07-01 11:00,22.622,0,0,0,1.172,792.422,1051.360,0.011
2023-07-01 12:00,22.795,0,0,0,1.170,740.601,1001.270,0.013
2023-07-01 13:00,22.756,0.001,0,0,1.170,652.922,913.448,0.021
2023-07-01 14:00,22.444,0.001,0,0,1.170,539.962,793.774,0.031
2023-07-01 15:00,21.971,0.001,0,0,1.171,414.158,650.309,0.050
2023-07-01 16:00,21.340,0.001,0,0,1.172,286.585,492.893,0.119
2023-07-01 17:00,20.517,0.001,0,0,1.174,170.185,332.290,0.145
2023-07-01 18:00,19.474,0.002,0,0,1.176,69.785,179.278,0.132
2023-07-01 19:00,18.214,0.003,0,0,1.179,12.149,45.572,0.166
2023-07-01 20:00,17.411,0.007,0,0,1.182,0,0,0.142
2023-07-01 21:00,16.869,0.012,0,0,1.185,0,0,0.098
2023-07-01 22:00,15.909,0.014,0,0,1.187,0,0,0.087
2023-07-01 23:00,15.200,0.017,0,0,1.188,0,0,0.133
2023-07-02 00:00,14.616,0.023,0,0,1.188,0,0,0.331
2023-07-02 01:00,14.448,0.031,0,0,1.188,0.917,4.453,0.713
2023-07-02 02:00,14.986,0.055,0,0,1.187,30.002,96.422,0.917
2023-07-02 03:00,16.089,0.117,0,0,1.187,88.786,239.787,0.926
2023-07-02 04:00,16.869,0.203,0,0,1.186,174.223,397.126,0.855
2023-07-02 05:00,17.793,0.334,0,0,1.183,253.573,557.757,0.792
2023-07-02 06:00,17.882,0.454,0,0,1.181,237.514,710.736,0.805
2023-07-02 07:00,17.951,0.591,0,0,1.179,255.035,845.521,0.881
2023-07-02 08:00,17.963,0.783,0,0,1.178,225.882,952.925,0.965
2023-07-02 09:00,17.729,1.081,0,0,1.178,189.254,1025.734,0.969
2023-07-02 10:00,17.494,1.217,0,0,1.178,159.456,1058.905,0.968
2023-07-02 11:00,17.426,1.155,0,0,1.178,150.672,1050.360,0.950
2023-07-02 12:00,17.392,1.049,0,0,1.178,177.097,1000.350,0.906
2023-07-02 13:00,17.338,1.001,0,0,1.177,163.004,912.448,0.839
2023-07-02 14:00,17.317,0.767,0,0,1.177,175.787,792.694,0.777
2023-07-02 15:00,17.246,0.617,0,0,1.178,157.561,649.301,0.709
2023-07-02 16:00,17.015,0.464,0,0,1.179,128.640,491.757,0.692
2023-07-02 17:00,16.541,0.338,0,0,1.181,82.836,330.926,0.755
2023-07-02 18:00,15.907,0.211,0,0,1.183,33.121,177.903,0.811
2023-07-02 19:00,15.371,0.157,0,0,1.186,5.482,44.324,0.834
2023-07-02 20:00,14.864,0.122,0,0,1.189,0,0,0.877
2023-07-02 21:00,14.422,0.081,0,0,1.191,0,0,0.912
2023-07-02 22:00,13.968,0.048,0,0,1.194,0,0,0.911
2023-07-02 23:00,13.491,0.040,0,0,1.196,0,0,0.878
2023-07-03 00:00,12.936,0.043,0,0,1.199,0,0,0.776
2023-07-03 01:00,12.541,0.061,0,0,1.200,0.480,4.048,0.774
2023-07-03 02:00,12.434,0.084,0,0,1.201,20.933,94.964,0.768
2023-07-03 03:00,12.621,0.126,0,0,1.200,68.386,238.408,0.766
2023-07-03 04:00,13.021,0.185,0,0,1.199,134.959,395.868,0.760
2023-07-03 05:00,13.644,0.255,0,0,1.197,217.307,556.507,0.762
2023-07-03 06:00,14.477,0.315,0,0,1.194,298.066,709.507,0.717
2023-07-03 07:00,15.419,0.306,0,0,1.190,367.624,844.373,0.685
2023-07-03 08:00,16.260,0.341,0,0,1.187,388.204,951.911,0.727
2023-07-03 09:00,16.807,0.369,0,0,1.185,427.798,1024.734,0.791
2023-07-03 10:00,16.706,0.426,0,0,1.185,313.265,1057.905,0.836
2023-07-03 11:00,16.424,0.521,0,0,1.186,274.692,1049.360,0.916
2023-07-03 12:00,16.023,0.585,0,0,1.188,212.365,999.336,0.948
2023-07-03 13:00,15.680,0.517,0,0,1.190,196.509,911.448,0.939
2023-07-03 14:00,15.378,0.426,0,0,1.192,182.502,791.524,0.949
2023-07-03 15:00,15.194,0.292,0,0,1.193,152.015,648.051,0.970
2023-07-03 16:00,14.991,0.349,0,0,1.194,115.982,490.382,0.971
2023-07-03 17:00,14.527,0.412,0,0,1.196,67.594,329.544,0.965
2023-07-03 18:00,14.072,0.370,0,0,1.198,29.265,176.403,0.939
2023-07-03 19:00,13.825,0.302,0,0,1.200,5.521,42.977,0.897
2023-07-03 20:00,13.745,0.300,0,0,1.201,0,0,0.819
2023-07-03 21:00,13.676,0.281,0,0,1.202,0,0,0.750
2023-07-03 22:00,13.591,0.261,0,0,1.202,0,0,0.805
2023-07-03 23:00,13.433,0.261,0,0,1.203,0,0,0.885
2023-07-04 00:00,13.210,0.235,0,0,1.205,0,0,0.940
2023-07-04 01:00,13.052,0.194,0,0,1.206,0.431,3.629,0.944
2023-07-04 02:00,13.008,0.144,0,0,1.207,20.019,93.358,0.918
2023-07-04 03:00,13.112,0.072,0,0,1.207,70.525,236.869,0.858
2023-07-04 04:00,13.435,0.030,0,0,1.207,158.257,394.376,0.810
2023-07-04 05:00,14.097,0.013,0,0,1.206,276.935,555.163,0.784
2023-07-04 06:00,15.026,0.006,0,0,1.203,407.524,708.243,0.770
2023-07-04 07:00,16.020,0.004,0,0,1.201,540.631,843.123,0.723
2023-07-04 08:00,16.966,0.004,0,0,1.198,653.187,950.755,0.639
2023-07-04 09:00,17.810,0.006,0,0,1.195,726.576,1023.720,0.577
2023-07-04 10:00,18.493,0.015,0,0,1.192,754.637,1056.905,0.480
2023-07-04 11:00,18.991,0.029,0,0,1.190,748.843,1048.360,0.422
2023-07-04 12:00,19.229,0.052,0,0,1.188,682.523,998.107,0.505
2023-07-04 13:00,19.142,0.067,0,0,1.188,556.780,910.198,0.685
2023-07-04 14:00,18.773,0.047,0,0,1.188,371.049,790.274,0.733
2023-07-04 15:00,18.310,0.030,0,0,1.189,246.028,646.573,0.840
2023-07-04 16:00,17.821,0.021,0,0,1.190,162.859,488.933,0.864
2023-07-04 17:00,17.240,0.015,0,0,1.192,93.037,327.966,0.929
2023-07-04 18:00,16.600,0.009,0,0,1.195,37.940,174.736,0.942
2023-07-04 19:00,15.983,0.003,0,0,1.198,7.377,41.546,0.887
2023-07-04 20:00,15.495,0.002,0,0,1.201,0,0,0.791
2023-07-04 21:00,15.038,0.003,0,0,1.203,0,0,0.484
2023-07-04 22:00,14.572,0.004,0,0,1.206,0,0,0.458
2023-07-04 23:00,14.132,0.008,0,0,1.208,0,0,0.795
2023-07-05 00:00,13.772,0.019,0,0,1.210,0,0,0.866
2023-07-05 01:00,13.530,0.032,0,0,1.212,0.402,3.206,0.956
2023-07-05 02:00,13.509,0.050,0,0,1.213,16.065,91.618,0.967
2023-07-05 03:00,13.681,0.059,0,0,1.213,54.547,235.221,0.883
2023-07-05 04:00,14.277,0.047,0,0,1.212,157.678,392.868,0.586
2023-07-05 05:00,15.359,0.024,0,0,1.210,297.328,553.677,0.614
2023-07-05 06:00,16.726,0.018,0,0,1.206,427.990,706.837,0.732
2023-07-05 07:00,18.001,0.014,0,0,1.202,540.851,841.873,0.677
2023-07-05 08:00,19.224,0.009,0,0,1.199,657.781,949.505,0.514
2023-07-05 09:00,20.268,0.009,0,0,1.196,745.217,1022.412,0.165
2023-07-05 10:00,20.902,0.009,0,0,1.193,732.268,1055.730,0.154
2023-07-05 11:00,21.411,0.006,0,0,1.191,732.372,1046.903,0.081
2023-07-05 12:00,21.800,0.004,0,0,1.190,708.966,997.006,0.160
2023-07-05 13:00,21.650,0.002,0,0,1.189,548.345,908.948,0.346
2023-07-05 14:00,21.662,0,0,0,1.189,515.161,788.944,0.574
2023-07-05 15:00,21.173,0,0,0,1.189,336.772,645.073,0.935
2023-07-05 16:00,20.324,0,0,0,1.192,188.588,487.382,0.949
2023-07-05 17:00,19.003,0.001,0,0,1.196,104.813,326.301,0.969
2023-07-05 18:00,17.646,0.011,0,0,1.202,44.407,172.986,0.977
2023-07-05 19:00,16.584,0.059,0,0,1.206,5.069,40.016,0.976
2023-07-05 20:00,15.947,0.207,0,0,1.210,0,0,0.973
2023-07-05 21:00,15.307,0.417,0,0,1.213,0,0,0.977
2023-07-05 22:00,14.747,0.432,0,0,1.216,0,0,0.986
2023-07-05 23:00,14.418,0.332,0,0,1.217,0,0,0.989
2023-07-06 00:00,14.173,0.276,0,0,1.217,0,0,0.990
2023-07-06 01:00,13.950,0.185,0,0,1.217,0.045,2.773,0.987
2023-07-06 02:00,13.855,0.164,0,0,1.217,5.196,89.743,0.977
2023-07-06 03:00,13.889,0.279,0,0,1.217,18.045,233.428,0.926
2023-07-06 04:00,14.083,0.386,0,0,1.216,49.472,391.126,0.777
2023-07-06 05:00,14.570,0.330,0,0,1.214,144.019,552.155,0.576
2023-07-06 06:00,15.500,0.201,0,0,1.210,283.963,705.337,0.343
2023-07-06 07:00,16.961,0.128,0,0,1.205,470.884,840.521,0.144
2023-07-06 08:00,18.819,0.040,0,0,1.200,687.102,948.241,0.024
2023-07-06 09:00,19.895,0.006,0,0,1.197,763.897,1021.242,0.012
2023-07-06 10:00,20.220,0.003,0,0,1.196,800.921,1054.405,0.011
2023-07-06 11:00,20.203,0.004,0,0,1.196,787.273,1045.860,0.029
2023-07-06 12:00,20.013,0.010,0,0,1.196,734.786,995.607,0.083
2023-07-06 13:00,19.667,0.019,0,0,1.197,607.577,907.542,0.196
2023-07-06 14:00,19.275,0.040,0,0,1.197,472.181,787.444,0.277
2023-07-06 15:00,18.842,0.067,0,0,1.198,328.183,643.559,0.339
2023-07-06 16:00,18.466,0.077,0,0,1.198,232.962,485.683,0.282
2023-07-06 17:00,18.010,0.074,0,0,1.199,147.310,324.544,0.174
2023-07-06 18:00,17.322,0.046,0,0,1.201,71.737,171.048,0.103
2023-07-06 19:00,16.432,0.034,0,0,1.205,11.209,38.408,0.078
2023-07-06 20:00,15.795,0.024,0,0,1.209,0,0,0.081
2023-07-06 21:00,15.194,0.015,0,0,1.213,0,0,0.087
2023-07-06 22:00,14.646,0.016,0,0,1.216,0,0,0.086
2023-07-06 23:00,14.200,0.021,0,0,1.218,0,0,0.077
2023-07-07 00:00,13.814,0.022,0,0,1.220,0,0,0.075
2023-07-07 01:00,13.511,0.017,0,0,1.221,0.422,2.350,0.104
2023-07-07 02:00,13.501,0.015,0,0,1.222,29.819,87.712,0.202
2023-07-07 03:00,14.013,0.019,0,0,1.221,98.243,231.528,0.286
2023-07-07 04:00,14.842,0.025,0,0,1.219,180.250,389.368,0.391
2023-07-07 05:00,15.692,0.045,0,0,1.217,253.782,550.413,0.492
2023-07-07 06:00,16.408,0.089,0,0,1.214,307.353,703.837,0.582
2023-07-07 07:00,16.894,0.174,0,0,1.212,368.062,839.021,0.578
2023-07-07 08:00,17.449,0.200,0,0,1.210,434.243,946.755,0.554
2023-07-07 09:00,17.898,0.183,0,0,1.208,458.824,1019.742,0.537
2023-07-07 10:00,18.318,0.130,0,0,1.207,477.419,1053.202,0.510
2023-07-07 11:00,18.727,0.131,0,0,1.205,469.246,1044.375,0.556
2023-07-07 12:00,18.718,0.204,0,0,1.204,349.945,994.256,0.697
2023-07-07 13:00,18.470,0.272,0,0,1.204,276.031,906.049,0.636
2023-07-07 14:00,18.420,0.371,0,0,1.205,308.845,785.944,0.444
2023-07-07 15:00,18.473,0.353,0,0,1.204,307.927,641.823,0.321
2023-07-07 16:00,18.326,0.321,0,0,1.204,213.723,483.886,0.288
2023-07-07 17:00,18.027,0.267,0,0,1.205,143.160,322.591,0.255
2023-07-07 18:00,17.207,0.235,0,0,1.206,62.194,168.991,0.232
2023-07-07 19:00,15.988,0.215,0,0,1.208,9.394,36.741,0.204
2023-07-07 20:00,15.546,0.168,0,0,1.210,0,0,0.176
2023-07-07 21:00,15.295,0.115,0,0,1.213,0,0,0.139
2023-07-07 22:00,14.832,0.078,0,0,1.215,0,0,0.107
2023-07-07 23:00,14.374,0.044,0,0,1.217,0,0,0.081
2023-07-08 00:00,13.986,0.027,0,0,1.218,0,0,0.060
2023-07-08 01:00,13.736,0.020,0,0,1.220,0.364,1.942,0.051
2023-07-08 02:00,14.186,0.019,0,0,1.221,32.277,85.566,0.053
2023-07-08 03:00,15.052,0.022,0,0,1.222,118.977,229.471,0.055
2023-07-08 04:00,15.808,0.009,0,0,1.220,236.268,387.415,0.056
2023-07-08 05:00,16.931,0.002,0,0,1.217,365.402,548.655,0.050
2023-07-08 06:00,18.520,0.002,0,0,1.212,489.922,702.087,0.044
2023-07-08 07:00,19.890,0.002,0,0,1.207,602.371,837.373,0.042
2023-07-08 08:00,21.000,0.004,0,0,1.203,692.955,945.255,0.040
2023-07-08 09:00,21.937,0.007,0,0,1.200,755.377,1018.322,0.035
2023-07-08 10:00,22.709,0.010,0,0,1.197,783.163,1051.730,0.045
2023-07-08 11:00,23.274,0.013,0,0,1.194,760.634,1042.875,0.084
2023-07-08 12:00,23.529,0.020,0,0,1.193,689.368,992.836,0.159
2023-07-08 13:00,23.374,0.033,0,0,1.192,552.268,904.542,0.474
2023-07-08 14:00,22.674,0.058,0,0,1.193,334.614,784.274,0.462
2023-07-08 15:00,22.276,0.077,0,0,1.194,298.625,640.073,0.420
2023-07-08 16:00,21.686,0.069,0,0,1.195,218.087,482.007,0.519
2023-07-08 17:00,20.948,0.035,0,0,1.197,133.173,320.551,0.364
2023-07-08 18:00,19.622,0.019,0,0,1.199,64.010,166.861,0.167
2023-07-08 19:00,18.569,0.011,0,0,1.201,9.951,35.008,0.116
2023-07-08 20:00,18.104,0.009,0,0,1.203,0,0,0.098
2023-07-08 21:00,17.702,0.009,0,0,1.206,0,0,0.093
2023-07-08 22:00,17.286,0.007,0,0,1.208,0,0,0.094
2023-07-08 23:00,16.851,0.008,0,0,1.210,0,0,0.089
2023-07-09 00:00,16.317,0.005,0,0,1.212,0,0,0.074
2023-07-09 01:00,15.685,0.001,0,0,1.214,0.282,1.552,0.049
2023-07-09 02:00,15.207,0,0,0,1.216,31.851,83.274,0.024
2023-07-09 03:00,16.145,0,0,0,1.218,121.239,227.303,0.012
2023-07-09 04:00,17.343,0,0,0,1.217,240.431,385.368,0.010
2023-07-09 05:00,18.757,0,0,0,1.213,371.188,546.743,0.010
2023-07-09 06:00,19.978,0.007,0,0,1.209,497.356,700.337,0.011
2023-07-09 07:00,21.002,0.014,0,0,1.206,612.729,835.623,0.011
2023-07-09 08:00,21.841,0.012,0,0,1.203,706.700,943.741,0.012
2023-07-09 09:00,22.512,0.009,0,0,1.201,769.277,1016.822,0.014
2023-07-09 10:00,23.036,0.006,0,0,1.199,795.367,1050.230,0.017
2023-07-09 11:00,23.382,0.005,0,0,1.197,786.061,1041.375,0.020
2023-07-09 12:00,23.507,0.006,0,0,1.196,738.255,991.256,0.061
2023-07-09 13:00,23.408,0.007,0,0,1.196,638.607,902.948,0.079
2023-07-09 14:00,23.155,0.006,0,0,1.196,528.847,782.524,0.115
2023-07-09 15:00,22.694,0.004,0,0,1.196,413.276,638.309,0.115
2023-07-09 16:00,22.008,0.002,0,0,1.198,295.771,479.933,0.070
2023-07-09 17:00,20.902,0,0,0,1.201,186.652,318.345,0.031
2023-07-09 18:00,19.072,0,0,0,1.206,80.037,164.550,0.028
2023-07-09 19:00,16.782,0,0,0,1.212,10.982,33.219,0.024
2023-07-09 20:00,15.665,0,0,0,1.217,0,0,0.009
2023-07-09 21:00,15.020,0,0,0,1.220,0,0,0.004
2023-07-09 22:00,14.457,0,0,0,1.223,0,0,0.002
2023-07-09 23:00,14.154,0,0,0,1.225,0,0,0.001
2023-07-10 00:00,14.091,0,0,0,1.226,0,0,0.001
2023-07-10 01:00,14.154,0,0,0,1.227,0.238,1.189,0
2023-07-10 02:00,14.376,0,0,0,1.227,33.288,80.848,0
2023-07-10 03:00,15.196,0,0,0,1.227,124.639,224.991,0
2023-07-10 04:00,17.187,0,0,0,1.223,244.387,383.169,0
2023-07-10 05:00,19.014,0,0,0,1.216,374.755,544.743,0
2023-07-10 06:00,19.983,0,0,0,1.212,503.609,698.337,0.047
2023-07-10 07:00,20.881,0,0,0,1.209,618.429,833.873,0.424
2023-07-10 08:00,21.556,0,0,0,1.206,705.683,941.991,0.448
2023-07-10 09:00,22.058,0,0,0,1.204,773.115,1015.242,0.295
2023-07-10 10:00,22.328,0,0,0,1.203,806.669,1048.405,0.259
2023-07-10 11:00,22.447,0,0,0,1.202,799.122,1039.875,0.315
2023-07-10 12:00,22.461,0,0,0,1.201,753.235,989.586,0.421
2023-07-10 13:00,22.374,0,0,0,1.200,672.674,901.198,0.455
2023-07-10 14:00,22.151,0,0,0,1.199,567.849,780.694,0.421
2023-07-10 15:00,21.739,0,0,0,1.199,448.068,636.309,0.210
2023-07-10 16:00,20.988,0,0,0,1.200,322.843,477.808,0.003
2023-07-10 17:00,19.812,0,0,0,1.203,193.604,316.095,0.001
2023-07-10 18:00,18.234,0,0,0,1.207,82.041,162.112,0
2023-07-10 19:00,16.476,0,0,0,1.212,10.726,31.385,0
2023-07-10 20:00,15.466,0,0,0,1.216,0,0,0
2023-07-10 21:00,14.956,0,0,0,1.218,0,0,0
2023-07-10 22:00,14.473,0,0,0,1.220,0,0,0
2023-07-10 23:00,14.104,0.001,0,0,1.221,0,0,0
2023-07-11 00:00,13.938,0.005,0,0,1.221,0,0,0.001
2023-07-11 01:00,13.751,0.006,0,0,1.222,0.170,0.864,0.001
2023-07-11 02:00,14.139,0.006,0,0,1.222,31.996,78.286,0.003
2023-07-11 03:00,15.182,0.002,0,0,1.221,122.887,222.553,0.004
2023-07-11 04:00,16.449,0,0,0,1.218,243.598,380.908,0.005
2023-07-11 05:00,17.788,0,0,0,1.214,375.735,542.507,0.004
2023-07-11 06:00,18.887,0,0,0,1.210,506.040,696.345,0.002
2023-07-11 07:00,19.815,0,0,0,1.207,623.320,832.109,0.001
2023-07-11 08:00,20.607,0,0,0,1.204,718.205,940.241,0.001
2023-07-11 09:00,21.209,0,0,0,1.202,781.168,1013.492,0.002
2023-07-11 10:00,21.589,0,0,0,1.200,808.426,1046.905,0.003
2023-07-11 11:00,21.754,0,0,0,1.199,799.064,1038.063,0.008
2023-07-11 12:00,21.716,0,0,0,1.199,751.328,987.843,0.006
2023-07-11 13:00,21.543,0,0,0,1.199,674.755,899.299,0.015
2023-07-11 14:00,21.223,0,0,0,1.199,565.187,778.774,0.019
2023-07-11 15:00,20.727,0,0,0,1.199,443.408,634.153,0.060
2023-07-11 16:00,20.055,0,0,0,1.201,311.487,475.561,0.256
2023-07-11 17:00,19.223,0,0,0,1.202,182.897,313.716,0.430
2023-07-11 18:00,18.031,0,0,0,1.205,74.922,159.550,0.494
2023-07-11 19:00,16.418,0,0,0,1.209,9.162,29.512,0.561
2023-07-11 20:00,15.785,0,0,0,1.211,0,0,0.589
2023-07-11 21:00,15.542,0,0,0,1.213,0,0,0.612
2023-07-11 22:00,15.423,0,0,0,1.214,0,0,0.841
2023-07-11 23:00,15.337,0,0,0,1.214,0,0,0.884
2023-07-12 00:00,15.273,0,0,0,1.214,0,0,0.955
2023-07-12 01:00,15.148,0,0,0,1.214,0.088,0.585,0.961
2023-07-12 02:00,15.247,0.006,0,0,1.214,17.295,75.610,0.971
2023-07-12 03:00,15.684,0.006,0,0,1.212,45.825,220.012,0.982
2023-07-12 04:00,16.202,0.008,0,0,1.210,70.592,378.533,0.986
2023-07-12 05:00,16.828,0.002,0,0,1.207,109.709,540.257,0.986
2023-07-12 06:00,17.809,0.003,0,0,1.204,197.750,694.337,0.910
2023-07-12 07:00,19.525,0.002,0,0,1.199,494.977,830.109,0.454
2023-07-12 08:00,20.929,0.001,0,0,1.194,670.039,938.343,0.696
2023-07-12 09:00,21.279,0.001,0,0,1.191,569.582,1011.728,0.965
2023-07-12 10:00,21.029,0,0,0,1.191,451.612,1045.202,0.938
2023-07-12 11:00,20.960,0,0,0,1.190,468.410,1036.375,0.936
2023-07-12 12:00,20.743,0,0,0,1.191,410.775,986.086,0.940
2023-07-12 13:00,20.333,0,0,0,1.191,313.936,897.448,0.955
2023-07-12 14:00,19.831,0.004,0,0,1.192,215.163,776.694,0.973
2023-07-12 15:00,19.202,0.014,0,0,1.193,129.465,632.059,0.972
2023-07-12 16:00,18.428,0.013,0,0,1.195,73.813,473.186,0.971
2023-07-12 17:00,17.847,0.029,0,0,1.196,42.249,311.176,0.973
2023-07-12 18:00,17.351,0.166,0,0,1.196,18.367,156.862,0.971
2023-07-12 19:00,16.789,0.569,0,0,1.198,2.434,27.612,0.919
2023-07-12 20:00,16.420,1.018,0,0,1.199,0,0,0.837
2023-07-12 21:00,16.193,1.023,0,0,1.200,0,0,0.797
2023-07-12 22:00,16.075,0.713,0,0,1.200,0,0,0.757
2023-07-12 23:00,15.990,0.421,0,0,1.199,0,0,0.672
2023-07-13 00:00,15.911,0.274,0,0,1.198,0,0,0.595
2023-07-13 01:00,15.840,0.206,0,0,1.197,0.018,0.361,0.454
2023-07-13 02:00,15.939,0.090,0,0,1.199,18.269,72.798,0.233
2023-07-13 03:00,16.037,0.054,0,0,1.200,97.971,217.362,0.052
2023-07-13 04:00,16.091,0.023,0,0,1.202,228.552,376.033,0.019
2023-07-13 05:00,16.440,0.004,0,0,1.203,360.073,537.993,0.016
2023-07-13 06:00,17.685,0.001,0,0,1.201,487.026,692.087,0.050
2023-07-13 07:00,18.967,0,0,0,1.197,609.494,828.109,0.521
2023-07-13 08:00,19.848,0,0,0,1.194,652.894,936.343,0.855
2023-07-13 09:00,20.471,0,0,0,1.192,694.728,1009.829,0.581
2023-07-13 10:00,21.129,0,0,0,1.190,795.437,1043.405,0.044
2023-07-13 11:00,21.573,0,0,0,1.188,788.635,1034.535,0.034
2023-07-13 12:00,21.787,0.001,0,0,1.187,729.336,984.093,0.090
2023-07-13 13:00,21.751,0.001,0,0,1.186,634.509,895.299,0.064
2023-07-13 14:00,21.558,0.002,0,0,1.186,524.006,774.524,0.090
2023-07-13 15:00,21.167,0.004,0,0,1.186,389.157,629.660,0.171
2023-07-13 16:00,20.615,0.009,0,0,1.186,246.868,470.686,0.183
2023-07-13 17:00,19.951,0.006,0,0,1.188,152.244,308.470,0.092
2023-07-13 18:00,18.741,0.003,0,0,1.190,63.078,154.013,0.103
2023-07-13 19:00,16.996,0.002,0,0,1.193,6.818,25.701,0.183
2023-07-13 20:00,16.464,0.002,0,0,1.195,0,0,0.374
2023-07-13 21:00,16.372,0.002,0,0,1.198,0,0,0.549
2023-07-13 22:00,16.215,0.002,0,0,1.200,0,0,0.601
2023-07-13 23:00,15.818,0.001,0,0,1.202,0,0,0.613
2023-07-14 00:00,15.383,0.003,0,0,1.204,0,0,0.621
2023-07-14 01:00,14.965,0.006,0,0,1.206,0.030,0.194,0.614
2023-07-14 02:00,14.997,0.010,0,0,1.207,22.063,69.863,0.548
2023-07-14 03:00,15.644,0.016,0,0,1.208,97.449,214.549,0.340
2023-07-14 04:00,16.488,0.007,0,0,1.207,220.223,373.408,0.150
2023-07-14 05:00,17.507,0.003,0,0,1.205,354.741,535.493,0.105
2023-07-14 06:00,18.518,0.005,0,0,1.202,486.804,689.823,0.078
2023-07-14 07:00,19.479,0.010,0,0,1.199,602.545,825.859,0.056
2023-07-14 08:00,20.342,0.010,0,0,1.196,688.249,934.343,0.054
2023-07-14 09:00,21.093,0.006,0,0,1.193,743.726,1007.829,0.062
2023-07-14 10:00,21.740,0.003,0,0,1.190,766.549,1041.405,0.059
2023-07-14 11:00,22.291,0.001,0,0,1.187,765.507,1032.563,0.046
2023-07-14 12:00,22.646,0.001,0,0,1.185,722.722,982.093,0.042
2023-07-14 13:00,22.750,0,0,0,1.184,637.769,893.286,0.095
2023-07-14 14:00,22.559,0,0,0,1.184,508.707,772.281,0.190
2023-07-14 15:00,22.177,0.001,0,0,1.184,352.655,627.309,0.313
2023-07-14 16:00,21.688,0,0,0,1.185,234.246,468.186,0.399
2023-07-14 17:00,20.917,0,0,0,1.186,135.023,305.720,0.397
2023-07-14 18:00,19.512,0,0,0,1.188,55.804,151.075,0.266
2023-07-14 19:00,17.724,0,0,0,1.191,6.679,23.783,0.068
2023-07-14 20:00,17.015,0,0,0,1.196,0,0,0.010
2023-07-14 21:00,16.858,0,0,0,1.201,0,0,0.005
2023-07-14 22:00,16.078,0,0,0,1.206,0,0,0.006
2023-07-14 23:00,15.486,0,0,0,1.209,0,0,0.008
2023-07-15 00:00,14.890,0,0,0,1.211,0,0,0.012
2023-07-15 01:00,14.316,0.001,0,0,1.213,0.014,0.082,0.155
2023-07-15 02:00,14.234,0.002,0,0,1.215,25.296,66.802,0.770
2023-07-15 03:00,15.269,0.001,0,0,1.215,89.341,211.612,0.936
2023-07-15 04:00,16.311,0,0,0,1.212,165.069,370.658,0.915
2023-07-15 05:00,17.746,0,0,0,1.208,296.970,532.993,0.501
2023-07-15 06:00,19.118,0,0,0,1.204,464.436,687.345,0.758
2023-07-15 07:00,19.239,0,0,0,1.203,292.951,823.609,0.962
2023-07-15 08:00,19.109,0,0,0,1.203,237.536,932.249,0.976
2023-07-15 09:00,19.146,0,0,0,1.203,242.505,1005.829,0.974
2023-07-15 10:00,20.066,0,0,0,1.201,464.016,1039.405,0.917
2023-07-15 11:00,21.371,0,0,0,1.198,670.501,1030.535,0.644
2023-07-15 12:00,22.182,0,0,0,1.194,689.466,979.945,0.545
2023-07-15 13:00,22.519,0,0,0,1.192,652.228,891.049,0.313
2023-07-15 14:00,22.422,0,0,0,1.191,549.019,770.024,0.252
2023-07-15 15:00,22.017,0,0,0,1.191,422.962,624.809,0.532
2023-07-15 16:00,21.247,0,0,0,1.192,280.999,465.436,0.885
2023-07-15 17:00,20.015,0,0,0,1.196,128.831,302.845,0.942
2023-07-15 18:00,18.748,0,0,0,1.200,37.248,148.013,0.948
2023-07-15 19:00,17.846,0,0,0,1.203,3.570,21.871,0.961
2023-07-15 20:00,17.500,0.001,0,0,1.204,0,0,0.968
2023-07-15 21:00,17.390,0,0,0,1.204,0,0,0.973
2023-07-15 22:00,17.277,0,0,0,1.204,0,0,0.974
2023-07-15 23:00,17.136,0,0,0,1.204,0,0,0.897
2023-07-16 00:00,17.246,0,0,0,1.203,0,0,0.732
2023-07-16 01:00,17.387,0.002,0,0,1.201,0.003,0.022,0.926
2023-07-16 02:00,17.676,0.018,0,0,1.200,9.097,63.646,0.982
2023-07-16 03:00,17.953,0.218,0,0,1.198,39.337,208.569,0.977
2023-07-16 04:00,17.776,0.744,0,0,1.198,80.029,367.783,0.981
2023-07-16 05:00,17.527,0.546,0,0,1.198,100.636,530.243,0.936
2023-07-16 06:00,18.187,0.074,0,0,1.194,204.260,684.924,0.924
2023-07-16 07:00,20.098,0.046,0,0,1.186,380.786,821.359,0.965
2023-07-16 08:00,20.660,0.237,0,0,1.182,293.991,929.999,0.986
2023-07-16 09:00,19.817,1.547,0,0,1.185,162.028,1003.579,0.988
2023-07-16 10:00,19.157,3.000,0,0,1.189,213.028,1037.405,0.938
2023-07-16 11:00,19.700,0.826,0,0,1.188,398.762,1028.535,0.708
2023-07-16 12:00,20.908,0.022,0,0,1.186,621.689,977.843,0.222
2023-07-16 13:00,21.642,0.005,0,0,1.184,660.137,888.799,0.647
2023-07-16 14:00,21.787,0.001,0,0,1.184,553.621,767.531,0.657
2023-07-16 15:00,21.687,0,0,0,1.183,427.818,622.160,0.603
2023-07-16 16:00,21.391,0,0,0,1.183,288.495,462.686,0.324
2023-07-16 17:00,20.649,0.001,0,0,1.184,153.517,299.845,0.219
2023-07-16 18:00,19.748,0.002,0,0,1.187,53.798,144.825,0.175
2023-07-16 19:00,18.887,0.001,0,0,1.190,4.999,19.970,0.053
2023-07-16 20:00,18.125,0.001,0,0,1.194,0,0,0.040
2023-07-16 21:00,17.718,0.001,0,0,1.196,0,0,0.037
2023-07-16 22:00,17.293,0.001,0,0,1.199,0,0,0.029
2023-07-16 23:00,16.823,0.001,0,0,1.201,0,0,0.123
2023-07-17 00:00,16.344,0.001,0,0,1.203,0,0,0.626
2023-07-17 01:00,15.992,0.001,0,0,1.205,0.001,0.005,0.877
2023-07-17 02:00,15.874,0.002,0,0,1.206,16.074,60.420,0.935
2023-07-17 03:00,16.172,0.005,0,0,1.206,66.836,205.384,0.956
2023-07-17 04:00,16.709,0.005,0,0,1.204,122.403,364.783,0.971
2023-07-17 05:00,17.331,0.003,0,0,1.202,196.298,527.493,0.976
2023-07-17 06:00,18.017,0.004,0,0,1.200,281.975,682.323,0.976
2023-07-17 07:00,18.736,0.007,0,0,1.198,395.890,818.859,0.943
2023-07-17 08:00,19.520,0.016,0,0,1.196,518.161,927.749,0.759
2023-07-17 09:00,20.316,0.035,0,0,1.193,663.555,1001.409,0.342
2023-07-17 10:00,20.911,0.050,0,0,1.190,713.994,1034.905,0.393
2023-07-17 11:00,20.983,0.045,0,0,1.188,588.202,1026.226,0.744
2023-07-17 12:00,20.728,0.035,0,0,1.188,456.878,975.593,0.779
2023-07-17 13:00,20.398,0.022,0,0,1.189,399.886,886.387,0.686
2023-07-17 14:00,20.131,0.020,0,0,1.189,348.581,765.031,0.660
2023-07-17 15:00,19.806,0.023,0,0,1.189,272.418,619.410,0.595
2023-07-17 16:00,19.448,0.034,0,0,1.190,205.436,459.730,0.426
2023-07-17 17:00,18.928,0.033,0,0,1.191,136.939,296.720,0.226
2023-07-17 18:00,18.188,0.011,0,0,1.193,56.347,141.513,0.157
2023-07-17 19:00,17.338,0.004,0,0,1.196,4.700,18.096,0.142
2023-07-17 20:00,16.674,0.002,0,0,1.199,0,0,0.142
2023-07-17 21:00,16.144,0.001,0,0,1.202,0,0,0.140
2023-07-17 22:00,15.755,0.003,0,0,1.204,0,0,0.119
2023-07-17 23:00,15.369,0.004,0,0,1.205,0,0,0.085
2023-07-18 00:00,14.979,0.003,0,0,1.207,0,0,0.067
2023-07-18 01:00,14.608,0.005,0,0,1.208,0,0.002,0.151
2023-07-18 02:00,14.442,0.018,0,0,1.209,19.918,57.155,0.352
2023-07-18 03:00,14.709,0.060,0,0,1.209,85.399,202.128,0.777
2023-07-18 04:00,15.027,0.097,0,0,1.208,113.785,361.658,0.832
2023-07-18 05:00,15.414,0.095,0,0,1.206,178.727,524.493,0.641
2023-07-18 06:00,16.467,0.029,0,0,1.203,314.283,679.573,0.330
2023-07-18 07:00,17.972,0.007,0,0,1.198,511.271,816.359,0.196
2023-07-18 08:00,19.228,0.006,0,0,1.194,666.848,925.329,0.128
2023-07-18 09:00,20.088,0.015,0,0,1.191,746.647,999.079,0.132
2023-07-18 10:00,20.604,0.043,0,0,1.189,763.689,1032.905,0.160
2023-07-18 11:00,20.748,0.076,0,0,1.187,701.824,1024.035,0.169
2023-07-18 12:00,20.727,0.135,0,0,1.187,651.777,973.195,0.296
2023-07-18 13:00,20.389,0.169,0,0,1.188,544.691,884.036,0.386
2023-07-18 14:00,19.596,0.183,0,0,1.190,327.754,762.375,0.458
2023-07-18 15:00,18.888,0.204,0,0,1.192,260.145,616.660,0.401
2023-07-18 16:00,18.426,0.158,0,0,1.193,211.060,456.730,0.326
2023-07-18 17:00,17.924,0.090,0,0,1.195,127.724,293.474,0.267
2023-07-18 18:00,17.171,0.042,0,0,1.196,51.491,138.040,0.185
2023-07-18 19:00,16.188,0.019,0,0,1.199,3.934,16.252,0.170
2023-07-18 20:00,15.580,0.010,0,0,1.202,0,0,0.124
2023-07-18 21:00,15.084,0.003,0,0,1.205,0,0,0.085
2023-07-18 22:00,14.690,0.004,0,0,1.208,0,0,0.068
2023-07-18 23:00,14.214,0.004,0,0,1.210,0,0,0.061
2023-07-19 00:00,13.774,0.002,0,0,1.212,0,0,0.063
2023-07-19 01:00,13.392,0.004,0,0,1.213,0,0,0.149
2023-07-19 02:00,13.189,0.005,0,0,1.214,18.287,53.880,0.423
2023-07-19 03:00,13.566,0.005,0,0,1.214,93.480,198.696,0.791
2023-07-19 04:00,14.403,0.007,0,0,1.212,194.759,358.452,0.829
2023-07-19 05:00,15.579,0.012,0,0,1.208,324.124,521.493,0.760
2023-07-19 06:00,16.802,0.023,0,0,1.204,454.208,676.823,0.816
2023-07-19 07:00,17.802,0.040,0,0,1.200,549.880,813.696,0.847
2023-07-19 08:00,18.617,0.040,0,0,1.197,622.704,922.829,0.556
2023-07-19 09:00,19.417,0.048,0,0,1.193,697.871,996.815,0.203
2023-07-19 10:00,20.053,0.053,0,0,1.190,718.464,1030.405,0.215
2023-07-19 11:00,20.227,0.068,0,0,1.188,605.032,1021.549,0.529
2023-07-19 12:00,19.660,0.072,0,0,1.187,372.002,970.695,0.905
2023-07-19 13:00,19.056,0.087,0,0,1.188,256.791,881.387,0.987
2023-07-19 14:00,18.433,0.104,0,0,1.190,195.004,759.625,0.993
2023-07-19 15:00,17.735,0.118,0,0,1.193,136.848,613.660,0.993
2023-07-19 16:00,16.984,0.109,0,0,1.195,93.159,453.605,0.990
2023-07-19 17:00,16.314,0.114,0,0,1.197,55.269,290.146,0.965
2023-07-19 18:00,15.576,0.089,0,0,1.198,24.698,134.478,0.903
2023-07-19 19:00,14.770,0.057,0,0,1.198,2.073,14.452,0.826
2023-07-19 20:00,14.658,0.036,0,0,1.198,0,0,0.734
2023-07-19 21:00,14.345,0.026,0,0,1.201,0,0,0.593
2023-07-19 22:00,13.757,0.020,0,0,1.205,0,0,0.429
2023-07-19 23:00,13.314,0.016,0,0,1.209,0,0,0.216
2023-07-20 00:00,12.720,0.009,0,0,1.212,0,0,0.061
2023-07-20 01:00,12.302,0.011,0,0,1.214,0,0,0.057
2023-07-20 02:00,12.162,0.020,0,0,1.215,18.042,50.599,0.135
2023-07-20 03:00,12.661,0.017,0,0,1.214,97.427,195.191,0.266
2023-07-20 04:00,13.591,0.017,0,0,1.211,205.957,355.158,0.445
2023-07-20 05:00,14.875,0.018,0,0,1.207,317.683,518.493,0.552
2023-07-20 06:00,16.129,0.021,0,0,1.203,421.771,673.924,0.553
2023-07-20 07:00,17.124,0.021,0,0,1.200,512.294,810.946,0.492
2023-07-20 08:00,17.906,0.036,0,0,1.197,584.654,920.329,0.431
2023-07-20 09:00,18.518,0.050,0,0,1.195,630.726,994.315,0.442
2023-07-20 10:00,18.969,0.057,0,0,1.192,644.007,1027.905,0.507
2023-07-20 11:00,19.303,0.068,0,0,1.191,625.912,1019.064,0.555
2023-07-20 12:00,19.362,0.087,0,0,1.189,552.357,968.195,0.672
2023-07-20 13:00,19.008,0.054,0,0,1.189,366.487,878.786,0.678
2023-07-20 14:00,18.881,0.066,0,0,1.189,339.067,756.781,0.511
2023-07-20 15:00,18.835,0.056,0,0,1.189,311.714,610.660,0.401
2023-07-20 16:00,18.545,0.054,0,0,1.189,216.748,450.355,0.357
2023-07-20 17:00,17.912,0.044,0,0,1.190,122.296,286.646,0.293
2023-07-20 18:00,16.579,0.048,0,0,1.191,44.745,130.790,0.281
2023-07-20 19:00,15.155,0.042,0,0,1.193,2.623,12.718,0.238
2023-07-20 20:00,14.660,0.027,0,0,1.195,0,0,0.195
2023-07-20 21:00,14.416,0.025,0,0,1.198,0,0,0.176
2023-07-20 22:00,14.181,0.015,0,0,1.202,0,0,0.165
2023-07-20 23:00,13.711,0.014,0,0,1.205,0,0,0.152
2023-07-21 00:00,13.180,0.015,0,0,1.207,0,0,0.126
2023-07-21 01:00,12.817,0.021,0,0,1.208,0,0,0.092
2023-07-21 02:00,12.775,0.033,0,0,1.209,15.884,47.331,0.081
2023-07-21 03:00,13.562,0.072,0,0,1.209,93.082,191.529,0.082
2023-07-21 04:00,14.400,0.078,0,0,1.207,202.438,351.702,0.126
2023-07-21 05:00,15.580,0.078,0,0,1.204,322.646,515.243,0.152
2023-07-21 06:00,16.953,0.070,0,0,1.200,439.606,670.910,0.129
2023-07-21 07:00,18.120,0.056,0,0,1.196,547.138,808.196,0.149
2023-07-21 08:00,19.015,0.038,0,0,1.193,634.588,917.579,0.234
2023-07-21 09:00,19.726,0.025,0,0,1.191,683.538,991.659,0.391
2023-07-21 10:00,20.235,0.030,0,0,1.188,686.812,1025.405,0.642
2023-07-21 11:00,20.517,0.036,0,0,1.187,651.665,1016.556,0.846
2023-07-21 12:00,20.508,0.043,0,0,1.186,565.825,965.673,0.871
2023-07-21 13:00,20.285,0.042,0,0,1.186,459.562,876.036,0.633
2023-07-21 14:00,20.130,0.034,0,0,1.186,405.278,753.883,0.292
2023-07-21 15:00,19.942,0.026,0,0,1.186,334.709,607.646,0.246
2023-07-21 16:00,19.456,0.018,0,0,1.187,220.472,446.980,0.201
2023-07-21 17:00,18.713,0.003,0,0,1.188,137.949,283.099,0.182
2023-07-21 18:00,17.157,0.005,0,0,1.191,48.708,126.988,0.146
2023-07-21 19:00,15.421,0.004,0,0,1.195,2.607,11.051,0.121
2023-07-21 20:00,14.957,0.004,0,0,1.200,0,0,0.087
2023-07-21 21:00,14.298,0.004,0,0,1.204,0,0,0.068
2023-07-21 22:00,13.674,0.003,0,0,1.207,0,0,0.051
2023-07-21 23:00,13.215,0.003,0,0,1.210,0,0,0.039
2023-07-22 00:00,12.763,0.003,0,0,1.213,0,0,0.031
2023-07-22 01:00,12.299,0.007,0,0,1.214,0,0,0.026
2023-07-22 02:00,12.163,0.009,0,0,1.216,15.228,44.079,0.104
2023-07-22 03:00,13.038,0.007,0,0,1.216,92.915,187.775,0.280
2023-07-22 04:00,14.087,0.001,0,0,1.214,200.972,348.202,0.446
2023-07-22 05:00,15.413,0,0,0,1.210,323.955,511.986,0.729
2023-07-22 06:00,16.538,0,0,0,1.207,445.438,667.823,0.676
2023-07-22 07:00,17.579,0,0,0,1.204,578.229,805.196,0.356
2023-07-22 08:00,18.553,0,0,0,1.200,687.443,914.829,0.128
2023-07-22 09:00,19.376,0,0,0,1.197,749.612,989.065,0.204
2023-07-22 10:00,20.040,0.002,0,0,1.194,769.197,1022.891,0.360
2023-07-22 11:00,20.460,0.004,0,0,1.192,741.286,1013.894,0.557
2023-07-22 12:00,20.537,0.008,0,0,1.190,658.989,962.931,0.651
2023-07-22 13:00,20.219,0.015,0,0,1.190,512.306,873.137,0.709
2023-07-22 14:00,19.709,0.024,0,0,1.191,398.348,750.883,0.772
2023-07-22 15:00,18.851,0.028,0,0,1.193,224.631,604.396,0.765
2023-07-22 16:00,18.121,0.026,0,0,1.196,173.648,443.531,0.664
2023-07-22 17:00,17.330,0.009,0,0,1.198,105.854,279.396,0.669
2023-07-22 18:00,16.374,0.002,0,0,1.200,32.952,123.071,0.671
2023-07-22 19:00,15.264,0.001,0,0,1.203,1.573,9.458,0.608
2023-07-22 20:00,14.848,0.003,0,0,1.205,0,0,0.536
2023-07-22 21:00,14.415,0.007,0,0,1.207,0,0,0.477
2023-07-22 22:00,13.860,0.011,0,0,1.209,0,0,0.378
2023-07-22 23:00,13.164,0.011,0,0,1.211,0,0,0.251
2023-07-23 00:00,12.540,0.009,0,0,1.213,0,0,0.180
2023-07-23 01:00,11.936,0.010,0,0,1.215,0,0,0.107
2023-07-23 02:00,11.598,0.017,0,0,1.217,13.467,40.867,0.065
2023-07-23 03:00,12.807,0.034,0,0,1.217,90.480,183.900,0.047
2023-07-23 04:00,13.854,0.023,0,0,1.215,205.408,344.566,0.039
2023-07-23 05:00,15.059,0.004,0,0,1.212,333.974,508.533,0.036
2023-07-23 06:00,16.183,0.001,0,0,1.208,461.972,664.660,0.038
2023-07-23 07:00,17.157,0.001,0,0,1.205,577.598,802.196,0.041
2023-07-23 08:00,18.003,0.001,0,0,1.202,670.429,911.930,0.047
2023-07-23 09:00,18.737,0.001,0,0,1.199,733.308,986.315,0.055
2023-07-23 10:00,19.341,0.003,0,0,1.197,756.406,1020.229,0.061
2023-07-23 11:00,19.756,0.005,0,0,1.195,740.126,1011.292,0.074
2023-07-23 12:00,19.930,0.007,0,0,1.193,673.818,960.181,0.162
2023-07-23 13:00,19.746,0.007,0,0,1.192,540.336,870.137,0.206
2023-07-23 14:00,19.446,0.009,0,0,1.192,437.025,747.781,0.258
2023-07-23 15:00,19.047,0.006,0,0,1.192,313.640,600.998,0.233
2023-07-23 16:00,18.652,0.005,0,0,1.193,231.082,439.980,0.206
2023-07-23 17:00,18.044,0.001,0,0,1.194,132.622,275.524,0.103
2023-07-23 18:00,16.460,0,0,0,1.195,49.657,119.039,0.055
2023-07-23 19:00,14.702,0,0,0,1.198,1.911,7.951,0.044
2023-07-23 20:00,14.276,0,0,0,1.200,0,0,0.036
2023-07-23 21:00,13.979,0,0,0,1.203,0,0,0.029
2023-07-23 22:00,13.331,0,0,0,1.206,0,0,0.023
2023-07-23 23:00,12.724,0,0,0,1.207,0,0,0.019
2023-07-24 00:00,12.327,0.001,0,0,1.208,0,0,0.021
2023-07-24 01:00,12.068,0.005,0,0,1.208,0,0,0.184
2023-07-24 02:00,12.136,0.008,0,0,1.208,12.487,37.694,0.473
2023-07-24 03:00,13.444,0.013,0,0,1.208,82.941,179.900,0.460
2023-07-24 04:00,14.987,0.006,0,0,1.206,195.141,340.816,0.215
2023-07-24 05:00,16.546,0.001,0,0,1.201,340.173,504.952,0.044
2023-07-24 06:00,17.886,0,0,0,1.197,471.069,661.403,0.023
2023-07-24 07:00,18.991,0.001,0,0,1.193,589.306,799.196,0.048
2023-07-24 08:00,19.861,0,0,0,1.190,680.464,909.079,0.125
2023-07-24 09:00,20.543,0,0,0,1.187,737.968,983.417,0.099
2023-07-24 10:00,21.069,0,0,0,1.185,773.953,1017.391,0.029
2023-07-24 11:00,21.324,0,0,0,1.183,770.699,1008.394,0.037
2023-07-24 12:00,21.291,0,0,0,1.183,724.990,957.195,0.172
2023-07-24 13:00,20.999,0,0,0,1.183,642.132,867.137,0.308
2023-07-24 14:00,20.487,0,0,0,1.184,526.010,744.619,0.610
2023-07-24 15:00,19.777,0,0,0,1.185,398.158,597.646,0.643
2023-07-24 16:00,18.872,0.001,0,0,1.187,265.194,436.281,0.303
2023-07-24 17:00,17.822,0.001,0,0,1.189,143.058,271.649,0.096
2023-07-24 18:00,16.609,0.002,0,0,1.192,43.948,114.877,0.255
2023-07-24 19:00,15.471,0.007,0,0,1.195,1.337,6.552,0.393
2023-07-24 20:00,15.212,0.019,0,0,1.196,0,0,0.787
2023-07-24 21:00,15.238,0.038,0,0,1.195,0,0,0.947
2023-07-24 22:00,15.456,0.055,0,0,1.193,0,0,0.962
2023-07-24 23:00,15.646,0.096,0,0,1.192,0,0,0.836
2023-07-25 00:00,15.726,0.141,0,0,1.190,0,0,0.592
2023-07-25 01:00,15.826,0.209,0,0,1.189,0,0,0.747
2023-07-25 02:00,15.940,0.243,0,0,1.188,4.363,34.577,0.938
2023-07-25 03:00,16.122,0.290,0,0,1.187,23.124,175.795,0.966
2023-07-25 04:00,16.324,0.430,0,0,1.186,40.929,336.941,0.975
2023-07-25 05:00,16.580,0.756,0,0,1.185,62.905,501.327,0.975
2023-07-25 06:00,16.877,1.083,0,0,1.184,92.103,657.910,0.975
2023-07-25 07:00,17.187,1.003,0,0,1.184,116.397,795.946,0.976
2023-07-25 08:00,17.752,0.845,0,0,1.183,148.271,905.930,0.966
2023-07-25 09:00,18.267,0.524,0,0,1.182,186.719,980.417,0.966
2023-07-25 10:00,18.718,0.299,0,0,1.180,237.277,1014.493,0.949
2023-07-25 11:00,19.468,0.173,0,0,1.179,334.447,1005.556,0.807
2023-07-25 12:00,20.435,0.128,0,0,1.176,423.413,954.275,0.652
2023-07-25 13:00,20.350,0.066,0,0,1.174,363.159,864.137,0.562
2023-07-25 14:00,20.573,0.050,0,0,1.173,320.826,741.361,0.586
2023-07-25 15:00,20.423,0.032,0,0,1.172,214.887,594.146,0.546
2023-07-25 16:00,20.264,0.023,0,0,1.172,161.681,432.531,0.466
2023-07-25 17:00,19.683,0.010,0,0,1.173,106.085,267.649,0.554
2023-07-25 18:00,18.391,0.006,0,0,1.174,35.082,110.615,0.700
2023-07-25 19:00,16.992,0.005,0,0,1.177,1.138,5.259,0.438
2023-07-25 20:00,15.998,0.002,0,0,1.180,0,0,0.182
2023-07-25 21:00,15.448,0,0,0,1.184,0,0,0.121
2023-07-25 22:00,15.044,0,0,0,1.187,0,0,0.131
2023-07-25 23:00,14.758,0,0,0,1.192,0,0,0.400
2023-07-26 00:00,14.382,0,0,0,1.195,0,0,0.493
2023-07-26 01:00,13.473,0,0,0,1.197,0,0,0.276
2023-07-26 02:00,12.915,0,0,0,1.199,10.692,31.520,0.144
2023-07-26 03:00,14.121,0.002,0,0,1.201,84.013,171.604,0.404
2023-07-26 04:00,15.171,0.001,0,0,1.200,196.404,332.945,0.463
2023-07-26 05:00,16.333,0,0,0,1.198,333.842,497.577,0.171
2023-07-26 06:00,17.372,0,0,0,1.195,468.083,654.410,0.164
2023-07-26 07:00,18.295,0,0,0,1.193,580.182,792.696,0.263
2023-07-26 08:00,19.174,0,0,0,1.190,674.313,902.916,0.404
2023-07-26 09:00,19.904,0,0,0,1.187,742.968,977.497,0.219
2023-07-26 10:00,20.427,0,0,0,1.186,776.688,1011.493,0.101
2023-07-26 11:00,20.799,0,0,0,1.184,761.692,1002.556,0.109
2023-07-26 12:00,21.062,0,0,0,1.183,719.040,951.181,0.127
2023-07-26 13:00,21.027,0.001,0,0,1.182,609.428,860.887,0.165
2023-07-26 14:00,20.693,0,0,0,1.182,473.842,737.883,0.230
2023-07-26 15:00,20.330,0,0,0,1.183,340.198,590.418,0.366
2023-07-26 16:00,19.826,0.001,0,0,1.183,202.274,428.656,0.456
2023-07-26 17:00,18.986,0.001,0,0,1.184,98.233,263.524,0.477
2023-07-26 18:00,17.370,0.002,0,0,1.186,32.118,106.222,0.431
2023-07-26 19:00,16.057,0.002,0,0,1.188,0.688,4.085,0.395
2023-07-26 20:00,15.648,0.002,0,0,1.191,0,0,0.275
2023-07-26 21:00,15.229,0.004,0,0,1.194,0,0,0.166
2023-07-26 22:00,14.487,0.003,0,0,1.198,0,0,0.181
2023-07-26 23:00,13.879,0.002,0,0,1.202,0,0,0.348
2023-07-27 00:00,13.275,0.001,0,0,1.205,0,0,0.633
2023-07-27 01:00,12.784,0.001,0,0,1.207,0,0,0.728
2023-07-27 02:00,12.430,0.001,0,0,1.209,8.046,28.550,0.427
2023-07-27 03:00,13.386,0.001,0,0,1.210,80.792,167.255,0.133
2023-07-27 04:00,14.713,0.003,0,0,1.209,200.268,328.860,0.019
2023-07-27 05:00,15.994,0.002,0,0,1.206,333.664,493.827,0.012
2023-07-27 06:00,17.138,0.005,0,0,1.202,463.921,650.910,0.015
2023-07-27 07:00,18.068,0.005,0,0,1.199,578.553,789.276,0.019
2023-07-27 08:00,18.809,0.006,0,0,1.197,671.679,899.666,0.025
2023-07-27 09:00,19.336,0.009,0,0,1.195,734.185,974.417,0.032
2023-07-27 10:00,19.696,0.010,0,0,1.193,760.005,1008.493,0.035
2023-07-27 11:00,19.904,0.014,0,0,1.192,750.105,999.394,0.045
2023-07-27 12:00,19.991,0.020,0,0,1.191,698.940,948.032,0.071
2023-07-27 13:00,19.899,0.022,0,0,1.191,611.419,857.637,0.155
2023-07-27 14:00,19.541,0.024,0,0,1.191,468.519,734.383,0.324
2023-07-27 15:00,18.971,0.028,0,0,1.191,295.695,586.748,0.379
2023-07-27 16:00,18.475,0.039,0,0,1.192,225.554,424.660,0.306
2023-07-27 17:00,17.751,0.028,0,0,1.193,121.610,259.274,0.377
2023-07-27 18:00,16.360,0.036,0,0,1.195,32.880,101.733,0.488
2023-07-27 19:00,14.982,0.066,0,0,1.197,0.446,3.046,0.695
2023-07-27 20:00,14.720,0.116,0,0,1.198,0,0,0.733
2023-07-27 21:00,14.419,0.155,0,0,1.199,0,0,0.730
2023-07-27 22:00,14.129,0.163,0,0,1.200,0,0,0.614
2023-07-27 23:00,13.825,0.173,0,0,1.201,0,0,0.589
2023-07-28 00:00,13.599,0.164,0,0,1.202,0,0,0.596
2023-07-28 01:00,13.358,0.219,0,0,1.202,0,0,0.599
2023-07-28 02:00,13.220,0.233,0,0,1.202,4.428,25.667,0.612
2023-07-28 03:00,13.977,0.210,0,0,1.202,41.949,162.817,0.618
2023-07-28 04:00,15.004,0.293,0,0,1.201,106.293,324.621,0.618
2023-07-28 05:00,15.493,0.307,0,0,1.201,169.768,489.830,0.625
2023-07-28 06:00,16.002,0.340,0,0,1.200,230.738,647.160,0.639
2023-07-28 07:00,16.545,0.348,0,0,1.198,279.181,785.784,0.647
2023-07-28 08:00,17.258,0.282,0,0,1.196,333.142,896.416,0.642
2023-07-28 09:00,18.008,0.236,0,0,1.194,387.491,971.247,0.661
2023-07-28 10:00,18.380,0.216,0,0,1.193,391.117,1005.323,0.703
2023-07-28 11:00,18.265,0.230,0,0,1.192,341.692,996.394,0.800
2023-07-28 12:00,17.892,0.285,0,0,1.193,274.202,944.782,0.834
2023-07-28 13:00,17.558,0.256,0,0,1.194,239.692,854.224,0.853
2023-07-28 14:00,17.375,0.223,0,0,1.195,213.936,730.869,0.828
2023-07-28 15:00,17.038,0.165,0,0,1.196,150.809,582.918,0.802
2023-07-28 16:00,16.597,0.069,0,0,1.197,115.287,420.574,0.744
2023-07-28 17:00,16.172,0.034,0,0,1.198,77.268,254.886,0.570
2023-07-28 18:00,15.394,0.010,0,0,1.200,28.268,97.139,0.493
2023-07-28 19:00,14.316,0.005,0,0,1.203,0.372,2.144,0.475
2023-07-28 20:00,13.754,0.013,0,0,1.206,0,0,0.416
2023-07-28 21:00,13.393,0.011,0,0,1.208,0,0,0.306
2023-07-28 22:00,13.159,0.006,0,0,1.208,0,0,0.181
2023-07-28 23:00,13.086,0.005,0,0,1.208,0,0,0.094
2023-07-29 00:00,12.990,0.007,0,0,1.208,0,0,0.049
2023-07-29 01:00,13.016,0.015,0,0,1.208,0,0,0.023
2023-07-29 02:00,13.169,0.018,0,0,1.208,7.418,22.879,0.013
2023-07-29 03:00,13.834,0.015,0,0,1.207,78.746,158.255,0.018
2023-07-29 04:00,14.802,0.002,0,0,1.205,194.733,320.360,0.037
2023-07-29 05:00,16.506,0,0,0,1.199,326.142,485.827,0.092
2023-07-29 06:00,18.459,0,0,0,1.192,456.131,643.410,0.380
2023-07-29 07:00,19.960,0,0,0,1.186,542.151,782.276,0.567
2023-07-29 08:00,21.017,0,0,0,1.182,604.725,892.916,0.625
2023-07-29 09:00,21.853,0,0,0,1.179,665.859,967.997,0.632
2023-07-29 10:00,22.495,0,0,0,1.176,701.444,1002.080,0.628
2023-07-29 11:00,22.976,0,0,0,1.174,709.908,993.144,0.553
2023-07-29 12:00,23.283,0,0,0,1.173,675.987,941.532,0.524
2023-07-29 13:00,23.436,0,0,0,1.172,616.254,850.724,0.233
2023-07-29 14:00,23.382,0,0,0,1.171,527.272,727.133,0.056
2023-07-29 15:00,23.133,0,0,0,1.170,401.757,578.998,0.027
2023-07-29 16:00,22.680,0,0,0,1.170,268.766,416.410,0.010
2023-07-29 17:00,21.566,0,0,0,1.172,141.121,250.443,0.149
2023-07-29 18:00,19.097,0,0,0,1.174,38.000,92.403,0.295
2023-07-29 19:00,17.591,0,0,0,1.177,0.297,1.401,0.764
2023-07-29 20:00,17.014,0,0,0,1.180,0,0,0.892
2023-07-29 21:00,16.655,0,0,0,1.183,0,0,0.931
2023-07-29 22:00,16.550,0,0,0,1.186,0,0,0.968
2023-07-29 23:00,16.274,0,0,0,1.188,0,0,0.901
2023-07-30 00:00,15.940,0,0,0,1.190,0,0,0.822
2023-07-30 01:00,15.579,0,0,0,1.191,0,0,0.737
2023-07-30 02:00,15.313,0,0,0,1.193,4.290,20.205,0.690
2023-07-30 03:00,15.760,0,0,0,1.194,48.920,153.624,0.580
2023-07-30 04:00,17.324,0.001,0,0,1.194,139.750,315.985,0.531
2023-07-30 05:00,18.851,0.002,0,0,1.189,233.959,481.695,0.655
2023-07-30 06:00,20.352,0.001,0,0,1.184,341.284,639.490,0.618
2023-07-30 07:00,21.454,0.003,0,0,1.180,472.890,778.534,0.556
2023-07-30 08:00,22.182,0.009,0,0,1.177,548.622,889.424,0.484
2023-07-30 09:00,22.553,0.019,0,0,1.176,610.844,964.653,0.402
2023-07-30 10:00,22.673,0.026,0,0,1.175,633.451,998.830,0.282
2023-07-30 11:00,22.660,0.042,0,0,1.175,619.955,989.731,0.254
2023-07-30 12:00,22.503,0.075,0,0,1.176,573.019,938.032,0.297
2023-07-30 13:00,22.052,0.105,0,0,1.177,461.777,847.224,0.313
2023-07-30 14:00,21.525,0.134,0,0,1.178,374.061,723.369,0.384
2023-07-30 15:00,20.914,0.185,0,0,1.180,293.062,574.998,0.267
2023-07-30 16:00,20.118,0.226,0,0,1.182,206.042,412.078,0.190
2023-07-30 17:00,19.147,0.236,0,0,1.185,110.639,245.884,0.152
2023-07-30 18:00,17.808,0.221,0,0,1.188,28.763,87.590,0.165
2023-07-30 19:00,16.744,0.211,0,0,1.191,0.128,0.814,0.196
2023-07-30 20:00,16.261,0.164,0,0,1.192,0,0,0.169
2023-07-30 21:00,15.825,0.101,0,0,1.192,0,0,0.145
2023-07-30 22:00,15.557,0.085,0,0,1.193,0,0,0.173
2023-07-30 23:00,15.403,0.074,0,0,1.194,0,0,0.347
2023-07-31 00:00,15.106,0.047,0,0,1.196,0,0,0.601
2023-07-31 01:00,14.784,0.045,0,0,1.197,0,0,0.949
2023-07-31 02:00,14.565,0.074,0,0,1.199,3.111,17.650,0.978
2023-07-31 03:00,14.929,0.145,0,0,1.199,25.712,148.871,0.991
2023-07-31 04:00,15.651,0.266,0,0,1.199,51.216,311.485,0.990
2023-07-31 05:00,16.068,0.510,0,0,1.198,74.364,477.488,0.979
2023-07-31 06:00,16.817,0.889,0,0,1.197,103.314,635.498,0.977
2023-07-31 07:00,17.782,1.329,0,0,1.194,118.166,774.784,0.987
2023-07-31 08:00,18.367,1.318,0,0,1.192,137.502,885.916,0.988
2023-07-31 09:00,18.387,1.166,0,0,1.192,144.206,961.233,0.990
2023-07-31 10:00,18.168,0.913,0,0,1.193,154.002,995.330,0.990
2023-07-31 11:00,17.836,0.695,0,0,1.194,161.550,986.394,0.990
2023-07-31 12:00,17.443,0.553,0,0,1.194,158.538,934.532,0.988
2023-07-31 13:00,17.089,0.433,0,0,1.195,149.156,843.474,0.984
2023-07-31 14:00,16.847,0.331,0,0,1.196,129.512,719.470,0.980
2023-07-31 15:00,16.663,0.337,0,0,1.196,103.041,570.755,0.975
2023-07-31 16:00,16.412,0.258,0,0,1.196,75.975,407.703,0.965
2023-07-31 17:00,16.036,0.218,0,0,1.196,43.123,241.218,0.955
2023-07-31 18:00,15.539,0.134,0,0,1.197,11.733,82.664,0.950
2023-07-31 19:00,15.157,0.096,0,0,1.198,0.023,0.401,0.947
2023-07-31 20:00,14.923,0.101,0,0,1.199,0,0,0.927
2023-07-31 21:00,14.742,0.099,0,0,1.199,0,0,0.844
2023-07-31 22:00,14.467,0.135,0,0,1.200,0,0,0.598
2023-07-31 23:00,14.179,0.161,0,0,1.201,0,0,0.425
2023-08-01 00:00,13.970,0.186,0,0,1.201,0,0,0.388
2023-08-01 01:00,13.683,0.187,0,0,1.201,0,0,0.364
2023-08-01 02:00,13.511,0.128,0,0,1.202,3.282,15.231,0.299
2023-08-01 03:00,13.977,0.107,0,0,1.201,53.416,143.996,0.218
2023-08-01 04:00,14.628,0.154,0,0,1.200,153.063,306.860,0.152
2023-08-01 05:00,15.315,0.122,0,0,1.197,278.443,473.120,0.231
2023-08-01 06:00,16.279,0.107,0,0,1.194,389.476,631.490,0.470
2023-08-01 07:00,17.666,0.063,0,0,1.190,482.016,771.026,0.832
2023-08-01 08:00,18.853,0.023,0,0,1.186,521.253,882.254,0.933
2023-08-01 09:00,19.503,0.011,0,0,1.183,521.047,957.733,0.948
2023-08-01 10:00,20.063,0.008,0,0,1.181,598.189,991.910,0.846
2023-08-01 11:00,20.676,0.007,0,0,1.179,675.422,982.894,0.738
2023-08-01 12:00,20.877,0.063,0,0,1.177,597.993,931.018,0.871
2023-08-01 13:00,20.344,0.069,0,0,1.178,400.737,839.732,0.971
2023-08-01 14:00,19.117,0.066,0,0,1.180,182.328,715.470,0.983
2023-08-01 15:00,18.031,0.070,0,0,1.184,113.860,566.748,0.985
2023-08-01 16:00,17.231,0.042,0,0,1.186,73.495,403.210,0.972
2023-08-01 17:00,16.747,0.053,0,0,1.187,43.508,236.448,0.972
2023-08-01 18:00,16.269,0.070,0,0,1.188,12.914,77.634,0.978
2023-08-01 19:00,15.955,0.090,0,0,1.187,0.008,0.143,0.978
2023-08-01 20:00,16.036,0.144,0,0,1.187,0,0,0.919
2023-08-01 21:00,15.987,0.297,0,0,1.186,0,0,0.897
2023-08-01 22:00,15.992,0.601,0,0,1.186,0,0,0.965
2023-08-01 23:00,15.965,1.177,0,0,1.185,0,0,0.960
2023-08-02 00:00,15.877,1.092,0,0,1.185,0,0,0.969
2023-08-02 01:00,15.778,0.632,0,0,1.184,0,0,0.978
2023-08-02 02:00,15.711,0.674,0,0,1.184,0.617,12.949,0.983
2023-08-02 03:00,15.903,0.550,0,0,1.183,12.550,139.018,0.983
2023-08-02 04:00,16.227,0.452,0,0,1.183,40.257,302.154,0.934
2023-08-02 05:00,16.644,0.407,0,0,1.181,119.168,468.738,0.742
2023-08-02 06:00,17.245,0.323,0,0,1.179,228.781,627.248,0.523
2023-08-02 07:00,17.901,0.236,0,0,1.178,382.281,767.034,0.477
2023-08-02 08:00,18.759,0.189,0,0,1.176,469.596,878.504,0.527
2023-08-02 09:00,19.633,0.145,0,0,1.174,531.751,954.004,0.438
2023-08-02 10:00,20.313,0.152,0,0,1.172,626.240,988.330,0.338
2023-08-02 11:00,20.697,0.152,0,0,1.171,646.119,979.231,0.306
2023-08-02 12:00,20.745,0.145,0,0,1.171,578.172,927.290,0.288
2023-08-02 13:00,20.470,0.141,0,0,1.171,467.177,835.974,0.361
2023-08-02 14:00,20.123,0.161,0,0,1.172,366.411,711.470,0.473
2023-08-02 15:00,19.581,0.198,0,0,1.173,249.582,562.255,0.412
2023-08-02 16:00,18.986,0.224,0,0,1.175,178.263,398.629,0.389
2023-08-02 17:00,18.220,0.237,0,0,1.178,86.607,231.595,0.403
2023-08-02 18:00,17.254,0.173,0,0,1.181,19.255,72.570,0.362
2023-08-02 19:00,16.409,0.109,0,0,1.185,0.006,0.043,0.327
2023-08-02 20:00,15.967,0.073,0,0,1.187,0,0,0.257
2023-08-02 21:00,15.502,0.052,0,0,1.189,0,0,0.184
2023-08-02 22:00,14.649,0.023,0,0,1.190,0,0,0.179
2023-08-02 23:00,14.364,0.027,0,0,1.191,0,0,0.370
2023-08-03 00:00,14.253,0.045,0,0,1.191,0,0,0.815
2023-08-03 01:00,14.197,0.063,0,0,1.191,0,0,0.945
2023-08-03 02:00,14.283,0.081,0,0,1.191,2.377,10.825,0.955
2023-08-03 03:00,15.071,0.042,0,0,1.191,32.997,133.954,0.969
2023-08-03 04:00,15.906,0.064,0,0,1.190,57.214,297.393,0.981
2023-08-03 05:00,16.256,0.272,0,0,1.189,83.541,464.235,0.979
2023-08-03 06:00,16.629,1.087,0,0,1.187,125.948,622.998,0.977
2023-08-03 07:00,16.894,2.758,0,0,1.186,159.113,763.034,0.977
2023-08-03 08:00,17.022,4.238,0,0,1.185,170.349,874.754,0.979
2023-08-03 09:00,17.173,3.382,0,0,1.183,191.603,950.254,0.978
2023-08-03 10:00,17.323,1.274,0,0,1.182,192.971,984.668,0.956
2023-08-03 11:00,17.768,0.584,0,0,1.179,279.576,975.630,0.942
2023-08-03 12:00,17.985,0.910,0,0,1.178,230.734,923.620,0.951
2023-08-03 13:00,17.953,1.052,0,0,1.177,181.832,832.062,0.958
2023-08-03 14:00,17.811,1.614,0,0,1.177,122.275,707.308,0.956
2023-08-03 15:00,17.790,1.694,0,0,1.176,85.186,558.005,0.942
2023-08-03 16:00,17.559,1.217,0,0,1.177,70.971,393.957,0.853
2023-08-03 17:00,17.226,0.762,0,0,1.178,44.898,226.597,0.786
2023-08-03 18:00,16.772,0.572,0,0,1.179,12.198,67.516,0.741
2023-08-03 19:00,16.356,0.296,0,0,1.181,0,0.009,0.644
2023-08-03 20:00,16.115,0.192,0,0,1.183,0,0,0.626
2023-08-03 21:00,15.882,0.186,0,0,1.184,0,0,0.624
2023-08-03 22:00,15.645,0.212,0,0,1.184,0,0,0.642
2023-08-03 23:00,15.550,0.265,0,0,1.185,0,0,0.685
2023-08-04 00:00,15.508,0.350,0,0,1.185,0,0,0.742
2023-08-04 01:00,15.449,0.431,0,0,1.185,0,0,0.801
2023-08-04 02:00,15.311,0.460,0,0,1.185,0.851,8.859,0.835
2023-08-04 03:00,15.625,0.403,0,0,1.186,19.814,128.778,0.814
2023-08-04 04:00,16.078,0.313,0,0,1.186,61.670,292.518,0.762
2023-08-04 05:00,16.965,0.385,0,0,1.186,143.174,459.613,0.598
2023-08-04 06:00,18.631,0.550,0,0,1.182,230.500,618.740,0.656
2023-08-04 07:00,18.557,0.360,0,0,1.181,228.500,758.864,0.755
2023-08-04 08:00,19.215,0.367,0,0,1.180,297.124,870.754,0.725
2023-08-04 09:00,19.316,0.268,0,0,1.180,322.859,946.490,0.648
2023-08-04 10:00,19.640,0.221,0,0,1.179,408.505,980.918,0.564
2023-08-04 11:00,19.935,0.270,0,0,1.179,421.786,971.739,0.560
2023-08-04 12:00,20.237,0.258,0,0,1.179,454.910,919.620,0.452
2023-08-04 13:00,20.161,0.232,0,0,1.179,373.879,828.062,0.391
2023-08-04 14:00,20.078,0.242,0,0,1.181,372.251,703.206,0.281
2023-08-04 15:00,19.699,0.237,0,0,1.182,298.587,553.505,0.189
2023-08-04 16:00,19.062,0.234,0,0,1.185,204.920,389.207,0.186
2023-08-04 17:00,18.188,0.205,0,0,1.189,98.434,221.555,0.208
2023-08-04 18:00,16.947,0.145,0,0,1.194,19.254,62.556,0.268
2023-08-04 19:00,16.148,0.092,0,0,1.198,0,0,0.285
2023-08-04 20:00,15.797,0.056,0,0,1.201,0,0,0.241
2023-08-04 21:00,15.391,0.031,0,0,1.203,0,0,0.216
2023-08-04 22:00,15.105,0.021,0,0,1.204,0,0,0.180
2023-08-04 23:00,14.882,0.021,0,0,1.205,0,0,0.124
2023-08-05 00:00,14.401,0.017,0,0,1.205,0,0,0.069
2023-08-05 01:00,14.053,0.016,0,0,1.206,0,0,0.035
2023-08-05 02:00,13.896,0.015,0,0,1.206,1.808,7.071,0.023
2023-08-05 03:00,14.612,0.016,0,0,1.207,56.107,123.496,0.024
2023-08-05 04:00,16.068,0.029,0,0,1.207,166.185,287.518,0.046
2023-08-05 05:00,17.149,0.035,0,0,1.205,296.403,454.903,0.029
2023-08-05 06:00,18.346,0.012,0,0,1.201,421.813,614.248,0.160
2023-08-05 07:00,19.293,0.018,0,0,1.198,527.671,754.770,0.181
2023-08-05 08:00,20.036,0.020,0,0,1.196,606.916,866.754,0.246
2023-08-05 09:00,20.506,0.020,0,0,1.194,660.881,942.584,0.659
2023-08-05 10:00,20.257,0.020,0,0,1.195,542.389,977.160,0.837
2023-08-05 11:00,19.972,0.010,0,0,1.195,471.027,967.981,0.826
2023-08-05 12:00,19.960,0.006,0,0,1.196,474.734,915.707,0.814
2023-08-05 13:00,19.938,0.003,0,0,1.196,468.248,823.982,0.786
2023-08-05 14:00,19.887,0.003,0,0,1.196,429.576,698.808,0.842
2023-08-05 15:00,19.592,0.001,0,0,1.196,332.098,548.835,0.817
2023-08-05 16:00,18.945,0,0,0,1.198,203.910,384.332,0.806
2023-08-05 17:00,17.831,0,0,0,1.200,87.364,216.373,0.805
2023-08-05 18:00,16.386,0,0,0,1.205,17.443,57.698,0.887
2023-08-05 19:00,15.383,0,0,0,1.208,0,0,0.908
2023-08-05 20:00,15.001,0,0,0,1.210,0,0,0.900
2023-08-05 21:00,14.537,0,0,0,1.211,0,0,0.903
2023-08-05 22:00,14.157,0,0,0,1.211,0,0,0.918
2023-08-05 23:00,14.061,0,0,0,1.211,0,0,0.927
2023-08-06 00:00,14.156,0,0,0,1.212,0,0,0.936
2023-08-06 01:00,14.275,0.001,0,0,1.213,0,0,0.948
2023-08-06 02:00,14.252,0.011,0,0,1.214,0.648,5.461,0.955
2023-08-06 03:00,14.550,0.012,0,0,1.214,22.832,118.130,0.971
2023-08-06 04:00,15.271,0.007,0,0,1.214,60.906,282.397,0.967
2023-08-06 05:00,15.820,0.002,0,0,1.212,107.816,450.032,0.954
2023-08-06 06:00,17.275,0.001,0,0,1.208,310.740,609.734,0.952
2023-08-06 07:00,18.269,0.001,0,0,1.204,377.371,750.371,0.959
2023-08-06 08:00,18.856,0.002,0,0,1.201,423.833,862.591,0.966
2023-08-06 09:00,19.097,0.040,0,0,1.199,367.615,938.592,0.978
2023-08-06 10:00,18.917,0.429,0,0,1.198,284.916,973.168,0.983
2023-08-06 11:00,18.070,1.950,0,0,1.200,215.751,963.989,0.985
2023-08-06 12:00,17.306,3.945,0,0,1.202,203.884,911.707,0.986
2023-08-06 13:00,16.765,2.116,0,0,1.203,149.309,819.812,0.961
2023-08-06 14:00,16.600,1.578,0,0,1.202,111.495,694.308,0.888
2023-08-06 15:00,16.574,0.912,0,0,1.200,94.338,544.107,0.698
2023-08-06 16:00,16.703,0.732,0,0,1.198,96.026,379.372,0.680
2023-08-06 17:00,16.840,0.628,0,0,1.196,51.799,211.085,0.783
2023-08-06 18:00,16.975,0.452,0,0,1.193,8.222,52.981,0.583
2023-08-06 19:00,17.216,0.283,0,0,1.191,0,0,0.501
2023-08-06 20:00,17.506,0.134,0,0,1.188,0,0,0.762
2023-08-06 21:00,17.827,0.082,0,0,1.185,0,0,0.934
2023-08-06 22:00,18.214,0.061,0,0,1.181,0,0,0.944
2023-08-06 23:00,18.635,0.053,0,0,1.178,0,0,0.947
2023-08-07 00:00,18.983,0.063,0,0,1.174,0,0,0.936
2023-08-07 01:00,19.194,0.079,0,0,1.173,0,0,0.904
2023-08-07 02:00,19.215,0.060,0,0,1.172,0.234,4.045,0.850
2023-08-07 03:00,19.079,0.051,0,0,1.173,20.231,112.641,0.849
2023-08-07 04:00,19.232,0.079,0,0,1.173,82.065,277.187,0.882
2023-08-07 05:00,19.653,0.089,0,0,1.172,167.412,445.153,0.856
2023-08-07 06:00,20.408,0.086,0,0,1.169,292.504,605.078,0.553
2023-08-07 07:00,21.305,0.087,0,0,1.165,389.102,746.100,0.393
2023-08-07 08:00,22.087,0.091,0,0,1.162,473.610,858.504,0.302
2023-08-07 09:00,22.596,0.085,0,0,1.160,526.628,934.570,0.336
2023-08-07 10:00,22.919,0.088,0,0,1.159,557.715,969.168,0.379
2023-08-07 11:00,23.073,0.101,0,0,1.159,541.350,960.068,0.410
2023-08-07 12:00,22.913,0.156,0,0,1.159,476.142,907.620,0.437
2023-08-07 13:00,22.403,0.199,0,0,1.160,373.310,815.413,0.434
2023-08-07 14:00,21.810,0.262,0,0,1.162,299.143,689.808,0.412
2023-08-07 15:00,20.979,0.313,0,0,1.166,215.357,539.357,0.516
2023-08-07 16:00,19.688,0.246,0,0,1.171,101.538,374.258,0.664
2023-08-07 17:00,18.367,0.419,0,0,1.176,49.457,205.769,0.566
2023-08-07 18:00,17.229,1.021,0,0,1.180,9.541,48.398,0.535
2023-08-07 19:00,16.520,1.780,0,0,1.183,0,0,0.917
2023-08-07 20:00,16.237,3.406,0,0,1.182,0,0,0.969
2023-08-07 21:00,16.121,1.272,0,0,1.182,0,0,0.942
2023-08-07 22:00,15.967,1.224,0,0,1.183,0,0,0.946
2023-08-07 23:00,15.506,0.103,0,0,1.183,0,0,0.943
2023-08-08 00:00,15.412,0.387,0,0,1.184,0,0,0.922
2023-08-08 01:00,15.232,0.191,0,0,1.183,0,0,0.886
2023-08-08 02:00,14.956,0.206,0,0,1.182,0.502,2.831,0.829
2023-08-08 03:00,15.245,0.465,0,0,1.182,30.199,107.088,0.666
2023-08-08 04:00,15.539,0.402,0,0,1.181,102.123,271.937,0.618
2023-08-08 05:00,15.892,0.149,0,0,1.179,175.457,440.197,0.579
2023-08-08 06:00,16.384,0.112,0,0,1.177,329.524,600.328,0.611
2023-08-08 07:00,16.874,0.269,0,0,1.174,344.390,741.600,0.572
2023-08-08 08:00,17.532,0.702,0,0,1.172,445.078,854.091,0.656
2023-08-08 09:00,17.316,1.008,0,0,1.173,319.699,930.342,0.900
2023-08-08 10:00,16.472,0.909,0,0,1.177,209.581,965.154,0.976
2023-08-08 11:00,15.734,0.619,0,0,1.182,188.527,955.818,0.987
2023-08-08 12:00,15.110,0.309,0,0,1.187,178.986,903.377,0.984
2023-08-08 13:00,14.921,0.188,0,0,1.190,201.594,811.069,0.980
2023-08-08 14:00,15.076,0.201,0,0,1.190,216.492,685.308,0.951
2023-08-08 15:00,15.284,0.194,0,0,1.190,207.662,534.593,0.821
2023-08-08 16:00,15.181,0.191,0,0,1.191,162.505,369.133,0.616
2023-08-08 17:00,14.757,0.195,0,0,1.193,81.623,200.295,0.301
2023-08-08 18:00,14.296,0.174,0,0,1.196,11.694,43.970,0.311
2023-08-08 19:00,14.286,0.062,0,0,1.198,0,0,0.302
2023-08-08 20:00,14.550,0.011,0,0,1.198,0,0,0.249
2023-08-08 21:00,14.520,0.002,0,0,1.200,0,0,0.082
2023-08-08 22:00,14.151,0.001,0,0,1.203,0,0,0.049
2023-08-08 23:00,13.786,0.001,0,0,1.205,0,0,0.074
2023-08-09 00:00,13.531,0.001,0,0,1.207,0,0,0.105
2023-08-09 01:00,13.409,0.001,0,0,1.208,0,0,0.128
2023-08-09 02:00,13.355,0.001,0,0,1.209,0.339,1.823,0.168
2023-08-09 03:00,13.362,0.001,0,0,1.210,35.925,101.430,0.224
2023-08-09 04:00,13.662,0.002,0,0,1.211,123.104,266.562,0.219
2023-08-09 05:00,14.096,0.002,0,0,1.211,237.805,435.072,0.190
2023-08-09 06:00,14.553,0.002,0,0,1.211,360.776,595.578,0.159
2023-08-09 07:00,14.983,0.002,0,0,1.211,478.993,737.100,0.125
2023-08-09 08:00,15.375,0.004,0,0,1.211,580.939,849.833,0.101
2023-08-09 09:00,15.705,0.008,0,0,1.210,645.707,926.172,0.140
2023-08-09 10:00,15.811,0.022,0,0,1.211,640.955,960.918,0.302
2023-08-09 11:00,15.588,0.045,0,0,1.212,549.510,951.739,0.639
2023-08-09 12:00,15.125,0.074,0,0,1.213,393.181,899.127,0.803
2023-08-09 13:00,14.785,0.119,0,0,1.214,292.924,806.569,0.788
2023-08-09 14:00,14.481,0.210,0,0,1.215,214.129,680.565,0.863
2023-08-09 15:00,14.006,0.348,0,0,1.216,132.245,529.593,0.896
2023-08-09 16:00,13.545,0.391,0,0,1.217,71.859,363.923,0.931
2023-08-09 17:00,13.214,0.377,0,0,1.219,30.281,194.732,0.924
2023-08-09 18:00,12.961,0.389,0,0,1.219,4.736,39.699,0.853
2023-08-09 19:00,12.816,0.427,0,0,1.220,0,0,0.802
2023-08-09 20:00,12.778,0.529,0,0,1.220,0,0,0.765
2023-08-09 21:00,12.773,0.607,0,0,1.220,0,0,0.719
2023-08-09 22:00,12.743,0.646,0,0,1.220,0,0,0.671
2023-08-09 23:00,12.664,0.713,0,0,1.221,0,0,0.523
2023-08-10 00:00,12.601,0.531,0,0,1.221,0,0,0.477
2023-08-10 01:00,12.549,0.430,0,0,1.221,0,0,0.455
2023-08-10 02:00,12.513,0.511,0,0,1.221,0.129,1.043,0.549
2023-08-10 03:00,12.560,0.705,0,0,1.221,21.090,95.670,0.656
2023-08-10 04:00,12.707,0.804,0,0,1.222,67.456,261.064,0.822
2023-08-10 05:00,12.821,0.925,0,0,1.222,92.250,429.940,0.915
2023-08-10 06:00,12.924,0.953,0,0,1.222,120.945,590.585,0.931
2023-08-10 07:00,13.051,0.821,0,0,1.222,159.545,732.357,0.932
2023-08-10 08:00,13.230,0.679,0,0,1.222,200.799,845.341,0.956
2023-08-10 09:00,13.577,0.613,0,0,1.221,250.916,921.828,0.952
2023-08-10 10:00,14.110,0.519,0,0,1.220,312.967,956.668,0.903
2023-08-10 11:00,14.595,0.410,0,0,1.218,332.996,947.326,0.856
2023-08-10 12:00,14.694,0.370,0,0,1.217,263.982,894.707,0.814
2023-08-10 13:00,14.837,0.290,0,0,1.217,291.798,802.069,0.750
2023-08-10 14:00,14.992,0.218,0,0,1.216,288.491,675.815,0.639
2023-08-10 15:00,14.926,0.199,0,0,1.216,192.491,524.593,0.531
2023-08-10 16:00,14.749,0.184,0,0,1.216,129.316,358.551,0.477
2023-08-10 17:00,14.423,0.138,0,0,1.217,57.486,189.109,0.523
2023-08-10 18:00,14.130,0.124,0,0,1.218,6.633,35.593,0.525
2023-08-10 19:00,14.000,0.126,0,0,1.219,0,0,0.505
2023-08-10 20:00,13.842,0.103,0,0,1.220,0,0,0.459
2023-08-10 21:00,13.764,0.111,0,0,1.221,0,0,0.363
2023-08-10 22:00,13.514,0.111,0,0,1.222,0,0,0.284
2023-08-10 23:00,13.236,0.103,0,0,1.223,0,0,0.228
2023-08-11 00:00,12.925,0.100,0,0,1.225,0,0,0.203
2023-08-11 01:00,12.750,0.110,0,0,1.226,0,0,0.209
2023-08-11 02:00,12.543,0.103,0,0,1.227,0.071,0.482,0.219
2023-08-11 03:00,12.557,0.104,0,0,1.228,31.785,89.828,0.214
2023-08-11 04:00,12.985,0.101,0,0,1.228,119.687,255.558,0.243
2023-08-11 05:00,13.545,0.103,0,0,1.227,216.958,424.690,0.275
2023-08-11 06:00,14.172,0.092,0,0,1.226,315.178,585.665,0.312
2023-08-11 07:00,14.903,0.105,0,0,1.223,369.926,727.607,0.349
2023-08-11 08:00,15.772,0.127,0,0,1.221,454.549,840.841,0.307
2023-08-11 09:00,16.549,0.116,0,0,1.218,510.497,917.422,0.281
2023-08-11 10:00,17.278,0.086,0,0,1.215,584.831,952.255,0.242
2023-08-11 11:00,17.645,0.059,0,0,1.214,559.535,943.068,0.256
2023-08-11 12:00,17.753,0.057,0,0,1.213,507.165,890.207,0.433
2023-08-11 13:00,17.481,0.032,0,0,1.213,375.163,797.399,0.445
2023-08-11 14:00,17.337,0.017,0,0,1.214,348.146,670.909,0.301
2023-08-11 15:00,17.088,0.009,0,0,1.215,286.668,519.444,0.164
2023-08-11 16:00,16.612,0.003,0,0,1.216,202.068,353.176,0.066
2023-08-11 17:00,15.583,0.001,0,0,1.219,91.857,183.381,0.038
2023-08-11 18:00,14.056,0,0,0,1.223,10.786,31.678,0.029
2023-08-11 19:00,13.312,0,0,0,1.226,0,0,0.022
2023-08-11 20:00,12.897,0,0,0,1.229,0,0,0.017
2023-08-11 21:00,12.491,0,0,0,1.231,0,0,0.015
2023-08-11 22:00,12.074,0.002,0,0,1.234,0,0,0.016
2023-08-11 23:00,11.669,0.013,0,0,1.235,0,0,0.017
2023-08-12 00:00,11.376,0.019,0,0,1.235,0,0,0.119
2023-08-12 01:00,11.227,0.022,0,0,1.235,0,0,0.595
2023-08-12 02:00,11.317,0.024,0,0,1.235,0.029,0.154,0.933
2023-08-12 03:00,11.988,0.020,0,0,1.234,23.254,83.906,0.945
2023-08-12 04:00,12.800,0.016,0,0,1.233,72.494,249.893,0.932
2023-08-12 05:00,13.580,0.002,0,0,1.230,140.008,419.315,0.924
2023-08-12 06:00,14.438,0,0,0,1.226,191.088,580.578,0.938
2023-08-12 07:00,15.365,0,0,0,1.222,238.570,722.850,0.890
2023-08-12 08:00,16.216,0.005,0,0,1.219,314.923,836.171,0.860
2023-08-12 09:00,17.074,0.040,0,0,1.215,363.474,912.922,0.857
2023-08-12 10:00,17.849,0.068,0,0,1.211,371.104,947.904,0.853
2023-08-12 11:00,18.473,0.096,0,0,1.207,363.374,938.568,0.838
2023-08-12 12:00,18.970,0.147,0,0,1.204,358.247,885.707,0.689
2023-08-12 13:00,19.309,0.091,0,0,1.201,348.767,792.657,0.439
2023-08-12 14:00,19.646,0.016,0,0,1.199,333.583,666.065,0.230
2023-08-12 15:00,19.763,0.004,0,0,1.198,304.679,514.194,0.385
2023-08-12 16:00,19.011,0.006,0,0,1.200,163.975,347.602,0.825
2023-08-12 17:00,17.721,0.008,0,0,1.205,45.249,177.569,0.922
2023-08-12 18:00,16.787,0.008,0,0,1.209,3.744,27.940,0.941
2023-08-12 19:00,16.268,0.009,0,0,1.212,0,0,0.960
2023-08-12 20:00,15.938,0.014,0,0,1.214,0,0,0.965
2023-08-12 21:00,15.646,0.034,0,0,1.215,0,0,0.978
2023-08-12 22:00,15.321,0.097,0,0,1.216,0,0,0.977
2023-08-12 23:00,14.825,0.121,0,0,1.217,0,0,0.960
2023-08-13 00:00,14.419,0.094,0,0,1.218,0,0,0.956
2023-08-13 01:00,14.373,0.160,0,0,1.218,0,0,0.964
2023-08-13 02:00,14.499,0.356,0,0,1.217,0.001,0.022,0.983
2023-08-13 03:00,14.707,0.500,0,0,1.215,5.417,77.950,0.981
2023-08-13 04:00,15.001,0.540,0,0,1.213,25.385,244.163,0.919
2023-08-13 05:00,15.392,0.506,0,0,1.211,80.461,413.855,0.693
2023-08-13 06:00,15.990,0.339,0,0,1.208,186.778,575.415,0.499
2023-08-13 07:00,16.702,0.181,0,0,1.205,297.014,717.937,0.444
2023-08-13 08:00,17.641,0.091,0,0,1.202,401.700,831.421,0.372
2023-08-13 09:00,18.777,0.074,0,0,1.198,532.941,908.408,0.354
2023-08-13 10:00,19.664,0.057,0,0,1.194,548.723,943.255,0.372
2023-08-13 11:00,20.244,0.040,0,0,1.191,520.267,934.068,0.405
2023-08-13 12:00,20.557,0.031,0,0,1.189,488.477,881.045,0.460
2023-08-13 13:00,20.637,0.027,0,0,1.188,439.144,787.907,0.519
2023-08-13 14:00,20.500,0.025,0,0,1.189,376.137,660.917,0.621
2023-08-13 15:00,20.225,0.026,0,0,1.189,285.047,508.904,0.799
2023-08-13 16:00,19.777,0.013,0,0,1.190,188.284,341.977,0.821
2023-08-13 17:00,18.785,0.005,0,0,1.193,74.429,171.656,0.847
2023-08-13 18:00,17.304,0.005,0,0,1.197,6.810,24.407,0.907
2023-08-13 19:00,16.908,0.003,0,0,1.201,0,0,0.935
2023-08-13 20:00,16.565,0.005,0,0,1.205,0,0,0.935
2023-08-13 21:00,16.103,0.011,0,0,1.208,0,0,0.930
2023-08-13 22:00,15.652,0.022,0,0,1.210,0,0,0.871
2023-08-13 23:00,15.244,0.036,0,0,1.212,0,0,0.715
2023-08-14 00:00,14.845,0.034,0,0,1.214,0,0,0.620
2023-08-14 01:00,14.259,0.032,0,0,1.215,0,0,0.590
2023-08-14 02:00,13.990,0.030,0,0,1.216,0,0.002,0.889
2023-08-14 03:00,14.467,0.040,0,0,1.217,18.582,72.036,0.921
2023-08-14 04:00,15.105,0.051,0,0,1.218,68.386,238.309,0.616
2023-08-14 05:00,15.888,0.024,0,0,1.217,224.846,408.355,0.113
2023-08-14 06:00,17.374,0.022,0,0,1.211,382.290,570.165,0.021
2023-08-14 07:00,18.761,0.052,0,0,1.206,498.296,712.937,0.024
2023-08-14 08:00,19.772,0.123,0,0,1.202,592.062,826.671,0.032
2023-08-14 09:00,20.522,0.142,0,0,1.199,653.959,903.658,0.229
2023-08-14 10:00,21.018,0.092,0,0,1.196,614.168,938.741,0.773
2023-08-14 11:00,21.205,0.045,0,0,1.194,519.669,929.406,0.955
2023-08-14 12:00,21.244,0.019,0,0,1.193,425.795,876.295,0.949
2023-08-14 13:00,21.207,0.008,0,0,1.193,363.142,782.921,0.692
2023-08-14 14:00,21.367,0.003,0,0,1.192,387.572,655.895,0.274
2023-08-14 15:00,21.133,0.001,0,0,1.193,298.878,503.522,0.348
2023-08-14 16:00,20.280,0.002,0,0,1.195,170.829,336.345,0.733
2023-08-14 17:00,18.902,0.002,0,0,1.199,59.232,165.658,0.913
2023-08-14 18:00,17.726,0.001,0,0,1.204,4.860,21.084,0.946
2023-08-14 19:00,17.005,0,0,0,1.209,0,0,0.962
2023-08-14 20:00,16.503,0,0,0,1.213,0,0,0.952
2023-08-14 21:00,16.123,0,0,0,1.214,0,0,0.627
2023-08-14 22:00,15.597,0.001,0,0,1.216,0,0,0.076
2023-08-14 23:00,15.142,0,0,0,1.217,0,0,0.008
2023-08-15 00:00,14.790,0,0,0,1.218,0,0,0.160
2023-08-15 01:00,14.591,0.001,0,0,1.219,0,0,0.574
2023-08-15 02:00,14.647,0.001,0,0,1.220,0,0,0.653
2023-08-15 03:00,15.026,0.002,0,0,1.221,18.803,66.271,0.629
2023-08-15 04:00,15.716,0.001,0,0,1.219,75.551,232.434,0.516
2023-08-15 05:00,16.791,0,0,0,1.216,199.447,402.734,0.361
2023-08-15 06:00,18.289,0,0,0,1.210,331.484,564.901,0.203
2023-08-15 07:00,19.674,0,0,0,1.204,465.022,707.788,0.189
2023-08-15 08:00,20.772,0,0,0,1.199,566.640,821.678,0.339
2023-08-15 09:00,21.594,0,0,0,1.195,640.612,898.915,0.596
2023-08-15 10:00,22.051,0.003,0,0,1.193,647.594,934.005,0.860
2023-08-15 11:00,21.956,0.040,0,0,1.192,522.653,924.656,0.867
2023-08-15 12:00,21.133,0.384,0,0,1.194,339.572,871.545,0.933
2023-08-15 13:00,19.882,0.775,0,0,1.198,216.988,778.001,0.934
2023-08-15 14:00,18.734,0.630,0,0,1.202,155.239,650.653,0.935
2023-08-15 15:00,17.975,0.540,0,0,1.204,78.548,498.062,0.954
2023-08-15 16:00,17.542,0.360,0,0,1.205,47.338,330.595,0.922
2023-08-15 17:00,17.259,0.239,0,0,1.205,23.367,159.616,0.872
2023-08-15 18:00,16.890,0.345,0,0,1.206,2.234,17.962,0.843
2023-08-15 19:00,16.706,0.263,0,0,1.207,0,0,0.863
2023-08-15 20:00,16.643,0.120,0,0,1.207,0,0,0.894
2023-08-15 21:00,16.596,0.054,0,0,1.207,0,0,0.923
2023-08-15 22:00,16.726,0.029,0,0,1.206,0,0,0.926
2023-08-15 23:00,16.798,0.026,0,0,1.205,0,0,0.912
2023-08-16 00:00,16.708,0.032,0,0,1.205,0,0,0.875
2023-08-16 01:00,16.695,0.028,0,0,1.205,0,0,0.757
2023-08-16 02:00,16.397,0.026,0,0,1.204,0,0,0.447
2023-08-16 03:00,16.483,0.026,0,0,1.205,21.746,60.703,0.884
2023-08-16 04:00,17.359,0.035,0,0,1.205,106.409,226.431,0.890
2023-08-16 05:00,18.053,0.034,0,0,1.203,224.495,397.024,0.876
2023-08-16 06:00,18.881,0.021,0,0,1.201,342.898,559.415,0.899
2023-08-16 07:00,19.794,0.035,0,0,1.198,449.025,702.687,0.941
2023-08-16 08:00,20.542,0.027,0,0,1.196,432.918,816.678,0.957
2023-08-16 09:00,20.806,0.003,0,0,1.195,428.148,894.009,0.945
2023-08-16 10:00,21.150,0,0,0,1.195,543.894,929.241,0.938
2023-08-16 11:00,20.978,0,0,0,1.196,443.171,919.906,0.937
2023-08-16 12:00,20.558,0.001,0,0,1.197,369.692,866.545,0.837
2023-08-16 13:00,20.665,0.002,0,0,1.198,494.427,772.907,0.318
2023-08-16 14:00,20.620,0.002,0,0,1.198,457.190,645.403,0.094
2023-08-16 15:00,20.241,0.004,0,0,1.198,314.034,492.448,0.209
2023-08-16 16:00,19.595,0.006,0,0,1.199,171.214,324.724,0.262
2023-08-16 17:00,18.371,0.006,0,0,1.201,63.349,153.471,0.523
2023-08-16 18:00,16.901,0.003,0,0,1.203,4.075,15.078,0.446
2023-08-16 19:00,16.356,0.003,0,0,1.206,0,0,0.134
2023-08-16 20:00,16.126,0.003,0,0,1.209,0,0,0.067
2023-08-16 21:00,15.865,0.005,0,0,1.211,0,0,0.064
2023-08-16 22:00,15.606,0.006,0,0,1.214,0,0,0.056
2023-08-16 23:00,15.332,0.017,0,0,1.215,0,0,0.049
2023-08-17 00:00,15.047,0.019,0,0,1.216,0,0,0.038
2023-08-17 01:00,14.797,0.017,0,0,1.217,0,0,0.036
2023-08-17 02:00,14.542,0.016,0,0,1.219,0,0,0.035
2023-08-17 03:00,14.621,0.021,0,0,1.221,20.936,55.329,0.108
2023-08-17 04:00,15.777,0.021,0,0,1.222,115.230,220.368,0.207
2023-08-17 05:00,16.623,0.013,0,0,1.221,241.046,391.274,0.213
2023-08-17 06:00,17.804,0.007,0,0,1.217,373.486,553.901,0.147
2023-08-17 07:00,19.065,0.004,0,0,1.214,492.583,697.437,0.114
2023-08-17 08:00,20,0.006,0,0,1.211,575.730,811.678,0.144
2023-08-17 09:00,20.724,0.007,0,0,1.209,623.851,889.165,0.155
2023-08-17 10:00,21.336,0.006,0,0,1.207,650.961,924.342,0.185
2023-08-17 11:00,21.701,0.005,0,0,1.205,631.809,914.913,0.282
2023-08-17 12:00,21.667,0.005,0,0,1.204,527.770,861.552,0.608
2023-08-17 13:00,21.202,0.004,0,0,1.204,356.870,767.758,0.928
2023-08-17 14:00,20.416,0.002,0,0,1.206,209.287,639.917,0.961
2023-08-17 15:00,19.545,0.001,0,0,1.209,132.092,486.823,0.970
2023-08-17 16:00,18.449,0.001,0,0,1.213,70.884,318.771,0.972
2023-08-17 17:00,17.318,0,0,0,1.218,26.965,147.243,0.975
2023-08-17 18:00,16.317,0,0,0,1.222,1.541,12.418,0.979
2023-08-17 19:00,15.718,0,0,0,1.225,0,0,0.979
2023-08-17 20:00,15.221,0,0,0,1.227,0,0,0.979
2023-08-17 21:00,14.827,0,0,0,1.229,0,0,0.979
2023-08-17 22:00,14.520,0,0,0,1.231,0,0,0.973
2023-08-17 23:00,14.411,0,0,0,1.233,0,0,0.969
2023-08-18 00:00,14.237,0.005,0,0,1.235,0,0,0.960
2023-08-18 01:00,14.132,0.009,0,0,1.236,0,0,0.948
2023-08-18 02:00,14.000,0.010,0,0,1.236,0,0,0.934
2023-08-18 03:00,13.902,0.017,0,0,1.237,8.680,50.157,0.923
2023-08-18 04:00,14.237,0.017,0,0,1.237,51.248,214.203,0.935
2023-08-18 05:00,14.926,0.012,0,0,1.235,124.976,385.399,0.944
2023-08-18 06:00,15.964,0.012,0,0,1.231,193.784,548.401,0.938
2023-08-18 07:00,17.027,0.008,0,0,1.226,249.251,692.024,0.924
2023-08-18 08:00,18.099,0.005,0,0,1.222,341.947,806.508,0.893
2023-08-18 09:00,19.089,0.002,0,0,1.217,395.614,884.017,0.910
2023-08-18 10:00,19.769,0.001,0,0,1.214,418.607,919.342,0.953
2023-08-18 11:00,20.124,0.001,0,0,1.212,413.737,909.993,0.933
2023-08-18 12:00,20.236,0.005,0,0,1.212,382.368,856.545,0.945
2023-08-18 13:00,19.971,0.017,0,0,1.212,302.871,762.508,0.945
2023-08-18 14:00,19.537,0.024,0,0,1.213,236.291,634.504,0.932
2023-08-18 15:00,18.957,0.019,0,0,1.215,153.983,481.113,0.948
2023-08-18 16:00,18.263,0.014,0,0,1.217,80.821,312.775,0.952
2023-08-18 17:00,17.511,0.010,0,0,1.220,29.961,140.893,0.958
2023-08-18 18:00,16.824,0.002,0,0,1.223,1.414,9.997,0.958
2023-08-18 19:00,16.326,0.002,0,0,1.225,0,0,0.954
2023-08-18 20:00,15.924,0.003,0,0,1.227,0,0,0.953
2023-08-18 21:00,15.592,0.007,0,0,1.229,0,0,0.966
2023-08-18 22:00,15.343,0.013,0,0,1.230,0,0,0.975
2023-08-18 23:00,15.147,0.015,0,0,1.230,0,0,0.975
2023-08-19 00:00,14.972,0.026,0,0,1.231,0,0,0.964
2023-08-19 01:00,14.815,0.028,0,0,1.231,0,0,0.938
2023-08-19 02:00,14.618,0.032,0,0,1.231,0,0,0.753
2023-08-19 03:00,14.456,0.038,0,0,1.232,12.613,45.194,0.393
2023-08-19 04:00,14.837,0.026,0,0,1.231,102.532,207.973,0.025
2023-08-19 05:00,15.811,0.007,0,0,1.228,227.190,379.442,0.050
2023-08-19 06:00,17.119,0.033,0,0,1.223,354.411,542.651,0.267
2023-08-19 07:00,18.239,0.042,0,0,1.219,458.384,686.538,0.642
2023-08-19 08:00,18.991,0.060,0,0,1.216,510.345,801.258,0.847
2023-08-19 09:00,19.547,0.042,0,0,1.213,498.902,878.995,0.948
2023-08-19 10:00,19.934,0.029,0,0,1.211,454.168,914.342,0.956
2023-08-19 11:00,20.104,0.016,0,0,1.209,404.156,904.993,0.959
2023-08-19 12:00,20,0.008,0,0,1.208,311.158,851.382,0.956
2023-08-19 13:00,19.878,0.004,0,0,1.208,256.663,757.244,0.937
2023-08-19 14:00,19.875,0.003,0,0,1.209,264.514,628.996,0.759
2023-08-19 15:00,19.584,0.003,0,0,1.209,214.757,475.242,0.800
2023-08-19 16:00,18.930,0.005,0,0,1.211,121.981,306.650,0.848
2023-08-19 17:00,17.846,0.009,0,0,1.214,46.381,134.518,0.935
2023-08-19 18:00,16.516,0.011,0,0,1.217,1.745,7.828,0.937
2023-08-19 19:00,16.257,0.006,0,0,1.220,0,0,0.870
2023-08-19 20:00,15.596,0.006,0,0,1.223,0,0,0.544
2023-08-19 21:00,14.875,0.012,0,0,1.224,0,0,0.281
2023-08-19 22:00,14.637,0.017,0,0,1.225,0,0,0.388
2023-08-19 23:00,14.687,0.023,0,0,1.225,0,0,0.570
2023-08-20 00:00,14.709,0.027,0,0,1.225,0,0,0.686
2023-08-20 01:00,14.541,0.027,0,0,1.225,0,0,0.336
2023-08-20 02:00,14.208,0.026,0,0,1.225,0,0,0.158
2023-08-20 03:00,14.183,0.026,0,0,1.225,13.977,40.446,0.256
2023-08-20 04:00,15.236,0.025,0,0,1.225,96.690,201.660,0.293
2023-08-20 05:00,15.986,0.014,0,0,1.223,218.430,373.442,0.206
2023-08-20 06:00,16.866,0.016,0,0,1.221,358.026,536.981,0.188
2023-08-20 07:00,17.976,0.021,0,0,1.217,470.811,681.024,0.337
2023-08-20 08:00,18.887,0.031,0,0,1.213,536.412,796.008,0.628
2023-08-20 09:00,19.502,0.040,0,0,1.211,543.425,873.833,0.931
2023-08-20 10:00,19.778,0.055,0,0,1.209,500.804,909.180,0.954
2023-08-20 11:00,19.694,0.080,0,0,1.208,409.722,899.743,0.973
2023-08-20 12:00,19.275,0.102,0,0,1.208,288.794,846.132,0.980
2023-08-20 13:00,18.674,0.149,0,0,1.209,199.462,751.758,0.981
2023-08-20 14:00,18.096,0.162,0,0,1.210,147.606,623.254,0.976
2023-08-20 15:00,17.676,0.153,0,0,1.211,109.525,469.407,0.961
2023-08-20 16:00,17.276,0.162,0,0,1.212,71.411,300.450,0.910
2023-08-20 17:00,16.830,0.182,0,0,1.213,25.813,128.040,0.868
2023-08-20 18:00,16.260,0.177,0,0,1.214,0.781,5.908,0.767
2023-08-20 19:00,16.112,0.237,0,0,1.214,0,0,0.636
2023-08-20 20:00,15.899,0.339,0,0,1.215,0,0,0.517
2023-08-20 21:00,15.690,0.381,0,0,1.215,0,0,0.512
2023-08-20 22:00,15.522,0.378,0,0,1.215,0,0,0.494
2023-08-20 23:00,15.408,0.317,0,0,1.214,0,0,0.472
2023-08-21 00:00,15.315,0.188,0,0,1.213,0,0,0.421
2023-08-21 01:00,15.175,0.097,0,0,1.213,0,0,0.349
2023-08-21 02:00,14.971,0.045,0,0,1.213,0,0,0.283
2023-08-21 03:00,15.024,0.042,0,0,1.213,10.765,35.935,0.170
2023-08-21 04:00,15.994,0.040,0,0,1.213,96.701,195.282,0.036
2023-08-21 05:00,16.679,0.036,0,0,1.212,225.297,367.317,0.009
2023-08-21 06:00,17.516,0.011,0,0,1.208,356.583,531.151,0.004
2023-08-21 07:00,18.283,0.005,0,0,1.206,475.913,675.524,0.004
2023-08-21 08:00,19.647,0.004,0,0,1.202,572.026,790.516,0.006
2023-08-21 09:00,20.630,0.008,0,0,1.198,630.208,868.583,0.012
2023-08-21 10:00,21.178,0.012,0,0,1.195,659.911,903.930,0.024
2023-08-21 11:00,21.426,0.008,0,0,1.193,645.211,894.501,0.033
2023-08-21 12:00,21.407,0.005,0,0,1.193,582.260,840.882,0.138
2023-08-21 13:00,21.065,0.011,0,0,1.193,434.022,746.338,0.343
2023-08-21 14:00,20.476,0.026,0,0,1.193,292.412,617.653,0.384
2023-08-21 15:00,19.915,0.039,0,0,1.194,210.025,463.410,0.138
2023-08-21 16:00,19.254,0.069,0,0,1.196,145.465,294.200,0.069
2023-08-21 17:00,18.037,0.090,0,0,1.199,44.940,121.508,0.078
2023-08-21 18:00,16.945,0.094,0,0,1.202,0.841,4.249,0.086
2023-08-21 19:00,16.561,0.052,0,0,1.206,0,0,0.089
2023-08-21 20:00,16.378,0.022,0,0,1.207,0,0,0.078
2023-08-21 21:00,15.996,0.011,0,0,1.209,0,0,0.061
2023-08-21 22:00,15.675,0.011,0,0,1.211,0,0,0.056
2023-08-21 23:00,15.462,0.019,0,0,1.212,0,0,0.049
2023-08-22 00:00,15.265,0.025,0,0,1.213,0,0,0.042
2023-08-22 01:00,15.093,0.033,0,0,1.213,0,0,0.034
2023-08-22 02:00,14.953,0.035,0,0,1.213,0,0,0.022
2023-08-22 03:00,14.739,0.064,0,0,1.214,9.845,31.657,0.010
2023-08-22 04:00,14.968,0.065,0,0,1.215,91.603,188.807,0.148
2023-08-22 05:00,15.628,0.045,0,0,1.213,210.949,361.185,0.381
2023-08-22 06:00,16.495,0.017,0,0,1.210,314.785,525.239,0.754
2023-08-22 07:00,17.495,0.006,0,0,1.207,372.486,669.854,0.918
2023-08-22 08:00,18.166,0.012,0,0,1.204,369.641,785.096,0.925
2023-08-22 09:00,18.629,0.023,0,0,1.202,382.992,863.245,0.932
2023-08-22 10:00,19.108,0.038,0,0,1.200,404.676,898.680,0.947
2023-08-22 11:00,19.429,0.065,0,0,1.198,386.379,889.243,0.957
2023-08-22 12:00,19.580,0.081,0,0,1.196,350.566,835.382,0.975
2023-08-22 13:00,19.404,0.164,0,0,1.196,245.413,740.744,0.979
2023-08-22 14:00,19.221,0.258,0,0,1.196,203.973,611.754,0.971
2023-08-22 15:00,18.824,0.350,0,0,1.196,143.575,457.410,0.964
2023-08-22 16:00,18.213,0.408,0,0,1.197,73.009,287.943,0.946
2023-08-22 17:00,17.551,0.410,0,0,1.199,19.146,114.896,0.926
2023-08-22 18:00,16.944,0.441,0,0,1.201,0.247,2.860,0.859
2023-08-22 19:00,16.686,0.320,0,0,1.204,0,0,0.723
2023-08-22 20:00,16.254,0.221,0,0,1.207,0,0,0.629
2023-08-22 21:00,15.893,0.143,0,0,1.208,0,0,0.507
2023-08-22 22:00,15.537,0.076,0,0,1.210,0,0,0.211
2023-08-22 23:00,15.157,0.058,0,0,1.212,0,0,0.075
2023-08-23 00:00,14.835,0.053,0,0,1.213,0,0,0.028
2023-08-23 01:00,14.522,0.053,0,0,1.215,0,0,0.012
2023-08-23 02:00,14.186,0.050,0,0,1.216,0,0,0.007
2023-08-23 03:00,13.964,0.045,0,0,1.217,7.816,27.608,0.008
2023-08-23 04:00,14.281,0.046,0,0,1.218,81.414,182.267,0.007
2023-08-23 05:00,14.999,0.033,0,0,1.216,201.450,354.861,0.017
2023-08-23 06:00,16.160,0.008,0,0,1.212,331.775,519.239,0.046
2023-08-23 07:00,17.584,0.007,0,0,1.207,452.674,664.104,0.015
2023-08-23 08:00,19.287,0.023,0,0,1.201,551.067,779.516,0.002
2023-08-23 09:00,20.382,0.038,0,0,1.197,621.623,857.833,0.003
2023-08-23 10:00,20.996,0.048,0,0,1.195,650.055,893.408,0.021
2023-08-23 11:00,21.378,0.046,0,0,1.193,636.919,883.831,0.259
2023-08-23 12:00,21.433,0.050,0,0,1.191,539.374,829.890,0.763
2023-08-23 13:00,21.058,0.060,0,0,1.191,368.576,735.096,0.659
2023-08-23 14:00,20.755,0.063,0,0,1.192,325.285,606.004,0.360
2023-08-23 15:00,20.255,0.053,0,0,1.192,220.398,451.285,0.341
2023-08-23 16:00,19.466,0.055,0,0,1.193,123.053,281.494,0.307
2023-08-23 17:00,17.869,0.060,0,0,1.195,34.350,108.190,0.370
2023-08-23 18:00,16.629,0.026,0,0,1.197,0.282,1.748,0.308
2023-08-23 19:00,16.156,0.018,0,0,1.200,0,0,0.228
2023-08-23 20:00,15.667,0.012,0,0,1.202,0,0,0.190
2023-08-23 21:00,15.307,0.008,0,0,1.204,0,0,0.441
2023-08-23 22:00,15.076,0.023,0,0,1.206,0,0,0.806
2023-08-23 23:00,14.935,0.046,0,0,1.208,0,0,0.899
2023-08-24 00:00,14.717,0.038,0,0,1.209,0,0,0.890
2023-08-24 01:00,14.493,0.048,0,0,1.210,0,0,0.835
2023-08-24 02:00,14.330,0.040,0,0,1.210,0,0,0.717
2023-08-24 03:00,14.211,0.032,0,0,1.210,6.161,23.817,0.463
2023-08-24 04:00,15.247,0.032,0,0,1.211,74.408,175.699,0.134
2023-08-24 05:00,16.106,0.051,0,0,1.210,194.114,348.600,0.059
2023-08-24 06:00,17.093,0.064,0,0,1.207,326.391,513.228,0.044
2023-08-24 07:00,18.247,0.064,0,0,1.203,441.974,658.274,0.043
2023-08-24 08:00,19.286,0.059,0,0,1.200,536.560,773.846,0.041
2023-08-24 09:00,20.022,0.054,0,0,1.197,596.726,852.333,0.050
2023-08-24 10:00,20.476,0.054,0,0,1.196,619.311,887.916,0.070
2023-08-24 11:00,20.706,0.055,0,0,1.194,602.842,878.331,0.111
2023-08-24 12:00,20.613,0.053,0,0,1.194,507.406,824.241,0.135
2023-08-24 13:00,20.446,0.057,0,0,1.193,433.680,729.346,0.319
2023-08-24 14:00,19.834,0.072,0,0,1.194,260.582,600.012,0.333
2023-08-24 15:00,19.385,0.096,0,0,1.196,228.017,445.079,0.163
2023-08-24 16:00,18.735,0.096,0,0,1.197,131.069,274.994,0.136
2023-08-24 17:00,17.289,0.094,0,0,1.199,36.655,101.433,0.224
2023-08-24 18:00,16.162,0.065,0,0,1.201,0.159,0.914,0.350
2023-08-24 19:00,15.789,0.027,0,0,1.202,0,0,0.346
2023-08-24 20:00,15.503,0.009,0,0,1.204,0,0,0.417
2023-08-24 21:00,15.212,0.002,0,0,1.205,0,0,0.366
2023-08-24 22:00,14.894,0.001,0,0,1.207,0,0,0.396
2023-08-24 23:00,14.589,0.007,0,0,1.208,0,0,0.506
2023-08-25 00:00,14.465,0.012,0,0,1.209,0,0,0.494
2023-08-25 01:00,14.207,0.013,0,0,1.210,0,0,0.430
2023-08-25 02:00,13.777,0.014,0,0,1.211,0,0,0.436
2023-08-25 03:00,13.648,0.015,0,0,1.212,5.191,20.288,0.811
2023-08-25 04:00,14.173,0.016,0,0,1.212,37.349,169.010,0.937
2023-08-25 05:00,14.917,0.025,0,0,1.212,64.184,342.151,0.977
2023-08-25 06:00,15.403,0.059,0,0,1.212,85.955,507.029,0.973
2023-08-25 07:00,15.744,0.180,0,0,1.211,106.681,652.362,0.969
2023-08-25 08:00,16.422,0.450,0,0,1.209,127.969,768.252,0.964
2023-08-25 09:00,17.103,0.724,0,0,1.207,144.229,846.590,0.956
2023-08-25 10:00,17.339,0.815,0,0,1.206,143.893,882.267,0.953
2023-08-25 11:00,17.115,0.650,0,0,1.205,141.261,872.831,0.963
2023-08-25 12:00,16.991,0.428,0,0,1.206,180.627,818.719,0.976
2023-08-25 13:00,16.927,0.322,0,0,1.207,211.262,723.596,0.984
2023-08-25 14:00,16.728,0.271,0,0,1.208,171.751,594.012,0.980
2023-08-25 15:00,16.312,0.150,0,0,1.209,128.895,438.829,0.967
2023-08-25 16:00,15.893,0.057,0,0,1.210,78.616,268.487,0.934
2023-08-25 17:00,15.137,0.016,0,0,1.211,23.978,94.619,0.658
2023-08-25 18:00,14.219,0.005,0,0,1.211,0.052,0.364,0.493
2023-08-25 19:00,13.846,0.006,0,0,1.212,0,0,0.343
2023-08-25 20:00,13.826,0.009,0,0,1.212,0,0,0.320
2023-08-25 21:00,13.665,0.010,0,0,1.212,0,0,0.291
2023-08-25 22:00,13.663,0.010,0,0,1.212,0,0,0.207
2023-08-25 23:00,13.618,0.014,0,0,1.212,0,0,0.285
2023-08-26 00:00,13.606,0.023,0,0,1.212,0,0,0.380
2023-08-26 01:00,13.577,0.019,0,0,1.212,0,0,0.555
2023-08-26 02:00,13.850,0.017,0,0,1.212,0,0,0.579
2023-08-26 03:00,13.762,0.019,0,0,1.212,3.966,17.016,0.400
2023-08-26 04:00,14.650,0.017,0,0,1.212,60.899,162.279,0.429
2023-08-26 05:00,15.512,0.019,0,0,1.210,162.704,335.725,0.355
2023-08-26 06:00,16.557,0.031,0,0,1.206,257.347,500.779,0.360
2023-08-26 07:00,17.623,0.097,0,0,1.203,334.256,646.362,0.510
2023-08-26 08:00,18.357,0.127,0,0,1.200,369.377,762.346,0.718
2023-08-26 09:00,18.783,0.147,0,0,1.198,390.741,840.934,0.950
2023-08-26 10:00,18.697,0.427,0,0,1.197,315.852,876.746,0.981
2023-08-26 11:00,18.117,0.888,0,0,1.199,220.026,867.088,0.984
2023-08-26 12:00,17.608,1.133,0,0,1.200,187.756,812.969,0.947
2023-08-26 13:00,17.300,0.882,0,0,1.200,151.858,717.683,0.872
2023-08-26 14:00,17.118,0.592,0,0,1.200,126.829,587.841,0.902
2023-08-26 15:00,17.015,0.550,0,0,1.199,89.552,432.458,0.729
2023-08-26 16:00,16.977,0.404,0,0,1.199,63.212,261.866,0.615
2023-08-26 17:00,16.878,0.226,0,0,1.198,16.337,87.744,0.865
2023-08-26 18:00,16.811,0.113,0,0,1.197,0.007,0.091,0.965
2023-08-26 19:00,16.829,0.061,0,0,1.197,0,0,0.977
2023-08-26 20:00,16.633,0.040,0,0,1.196,0,0,0.971
2023-08-26 21:00,16.762,0.103,0,0,1.197,0,0,0.949
2023-08-26 22:00,16.724,0.157,0,0,1.197,0,0,0.798
2023-08-26 23:00,16.643,0.170,0,0,1.197,0,0,0.557
2023-08-27 00:00,16.423,0.141,0,0,1.198,0,0,0.357
2023-08-27 01:00,15.937,0.083,0,0,1.201,0,0,0.298
2023-08-27 02:00,15.201,0.042,0,0,1.205,0,0,0.220
2023-08-27 03:00,14.358,0.022,0,0,1.209,3.522,14.007,0.106
2023-08-27 04:00,14.133,0.029,0,0,1.212,71.890,155.430,0.032
2023-08-27 05:00,14.478,0.021,0,0,1.212,191.313,329.144,0.025
2023-08-27 06:00,15.066,0.004,0,0,1.211,321.777,494.529,0.018
2023-08-27 07:00,16.171,0,0,0,1.208,444.040,640.362,0.035
2023-08-27 08:00,17.520,0,0,0,1.204,543.539,756.582,0.023
2023-08-27 09:00,18.471,0,0,0,1.201,615.234,835.170,0.010
2023-08-27 10:00,19.107,0,0,0,1.198,647.410,871.010,0.049
2023-08-27 11:00,19.463,0,0,0,1.197,637.881,861.418,0.114
2023-08-27 12:00,19.600,0,0,0,1.196,584.219,807.071,0.320
2023-08-27 13:00,19.493,0,0,0,1.195,479.490,711.683,0.735
2023-08-27 14:00,19.102,0,0,0,1.195,347.998,581.841,0.915
2023-08-27 15:00,18.388,0,0,0,1.196,189.632,426.005,0.939
2023-08-27 16:00,17.209,0,0,0,1.198,74.611,255.143,0.960
2023-08-27 17:00,16.032,0,0,0,1.201,17.815,80.898,0.962
2023-08-27 18:00,15.279,0,0,0,1.205,0.003,0.016,0.917
2023-08-27 19:00,14.801,0,0,0,1.207,0,0,0.941
2023-08-27 20:00,14.439,0,0,0,1.208,0,0,0.947
2023-08-27 21:00,13.993,0,0,0,1.209,0,0,0.956
2023-08-27 22:00,13.756,0.003,0,0,1.209,0,0,0.964
2023-08-27 23:00,13.777,0.013,0,0,1.209,0,0,0.966
2023-08-28 00:00,13.664,0.051,0,0,1.208,0,0,0.959
2023-08-28 01:00,13.971,0.112,0,0,1.208,0,0,0.984
2023-08-28 02:00,13.914,0.202,0,0,1.207,0,0,0.985
2023-08-28 03:00,13.995,0.408,0,0,1.206,0.455,11.289,0.986
2023-08-28 04:00,14.375,0.722,0,0,1.206,9.971,148.551,0.986
2023-08-28 05:00,14.830,1.186,0,0,1.206,28.469,322.519,0.984
2023-08-28 06:00,14.959,1.431,0,0,1.206,55.720,488.197,0.980
2023-08-28 07:00,15.051,1.510,0,0,1.206,82.525,634.192,0.985
2023-08-28 08:00,15.195,1.540,0,0,1.206,104.279,750.582,0.982
2023-08-28 09:00,15.364,1.548,0,0,1.205,123.348,829.420,0.987
2023-08-28 10:00,15.535,1.626,0,0,1.204,124.598,865.246,0.989
2023-08-28 11:00,15.681,1.199,0,0,1.204,125.629,855.588,0.983
2023-08-28 12:00,15.835,0.595,0,0,1.202,136.264,801.227,0.878
2023-08-28 13:00,16.000,0.467,0,0,1.201,196.900,705.683,0.723
2023-08-28 14:00,16.161,0.338,0,0,1.201,225.697,575.591,0.549
2023-08-28 15:00,15.927,0.212,0,0,1.201,151.436,419.509,0.514
2023-08-28 16:00,15.546,0.077,0,0,1.203,86.612,248.415,0.387
2023-08-28 17:00,14.610,0.011,0,0,1.204,23.451,74.244,0.202
2023-08-28 18:00,13.890,0.002,0,0,1.206,0,0,0.140
2023-08-28 19:00,13.958,0.002,0,0,1.208,0,0,0.070
2023-08-28 20:00,13.717,0.008,0,0,1.210,0,0,0.025
2023-08-28 21:00,13.573,0.012,0,0,1.212,0,0,0.017
2023-08-28 22:00,13.360,0.012,0,0,1.213,0,0,0.018
2023-08-28 23:00,13.177,0.013,0,0,1.213,0,0,0.019
2023-08-29 00:00,13.063,0.015,0,0,1.214,0,0,0.023
2023-08-29 01:00,12.973,0.015,0,0,1.214,0,0,0.084
2023-08-29 02:00,12.822,0.015,0,0,1.215,0,0,0.137
2023-08-29 03:00,12.620,0.021,0,0,1.216,2.502,8.847,0.096
2023-08-29 04:00,13.074,0.022,0,0,1.217,67.641,141.634,0.381
2023-08-29 05:00,13.871,0.014,0,0,1.216,178.236,315.887,0.571
2023-08-29 06:00,14.915,0.002,0,0,1.213,287.558,481.737,0.767
2023-08-29 07:00,16.005,0,0,0,1.210,375.225,627.942,0.822
2023-08-29 08:00,17.270,0,0,0,1.206,501.424,744.582,0.387
2023-08-29 09:00,18.364,0,0,0,1.202,609.024,823.420,0.164
2023-08-29 10:00,19.145,0,0,0,1.198,640.273,859.267,0.101
2023-08-29 11:00,19.625,0,0,0,1.196,628.273,849.668,0.171
2023-08-29 12:00,19.830,0,0,0,1.194,568.724,795.227,0.784
2023-08-29 13:00,19.420,0,0,0,1.194,379.059,699.589,0.968
2023-08-29 14:00,18.561,0,0,0,1.196,197.047,569.179,0.974
2023-08-29 15:00,17.376,0,0,0,1.200,83.607,413.009,0.972
2023-08-29 16:00,16.410,0,0,0,1.203,39.720,241.604,0.962
2023-08-29 17:00,15.404,0,0,0,1.205,8.341,67.827,0.955
2023-08-29 18:00,14.691,0,0,0,1.207,0,0,0.946
2023-08-29 19:00,14.132,0,0,0,1.208,0,0,0.936
2023-08-29 20:00,14.097,0.001,0,0,1.209,0,0,0.958
2023-08-29 21:00,14.089,0.002,0,0,1.209,0,0,0.969
2023-08-29 22:00,14.263,0.005,0,0,1.209,0,0,0.967
2023-08-29 23:00,14.370,0.029,0,0,1.208,0,0,0.958
2023-08-30 00:00,14.487,0.055,0,0,1.208,0,0,0.956
2023-08-30 01:00,14.510,0.060,0,0,1.208,0,0,0.940
2023-08-30 02:00,14.334,0.081,0,0,1.208,0,0,0.933
2023-08-30 03:00,13.792,0.085,0,0,1.208,0.723,6.688,0.953
2023-08-30 04:00,13.733,0.107,0,0,1.209,25.552,134.635,0.970
2023-08-30 05:00,14.401,0.098,0,0,1.209,50.408,309.137,0.982
2023-08-30 06:00,14.874,0.106,0,0,1.209,83.521,475.237,0.983
2023-08-30 07:00,15.173,0.119,0,0,1.208,124.000,621.692,0.981
2023-08-30 08:00,15.378,0.139,0,0,1.207,172.660,738.419,0.973
2023-08-30 09:00,15.706,0.123,0,0,1.206,214.640,817.420,0.972
2023-08-30 10:00,16.160,0.086,0,0,1.204,240.859,853.347,0.968
2023-08-30 11:00,16.634,0.050,0,0,1.202,260.750,843.690,0.967
2023-08-30 12:00,17.010,0.019,0,0,1.200,228.584,789.227,0.963
2023-08-30 13:00,17.071,0.007,0,0,1.199,167.623,693.433,0.950
2023-08-30 14:00,17.321,0.017,0,0,1.198,214.376,562.841,0.952
2023-08-30 15:00,17.171,0.010,0,0,1.199,150.507,406.384,0.962
2023-08-30 16:00,16.501,0.003,0,0,1.199,70.283,234.729,0.956
2023-08-30 17:00,15.135,0.001,0,0,1.200,17.025,61.659,0.963
2023-08-30 18:00,14.432,0,0,0,1.202,0,0,0.955
2023-08-30 19:00,14.196,0,0,0,1.204,0,0,0.943
2023-08-30 20:00,13.851,0,0,0,1.205,0,0,0.843
2023-08-30 21:00,13.202,0,0,0,1.207,0,0,0.757
2023-08-30 22:00,12.902,0,0,0,1.207,0,0,0.679
2023-08-30 23:00,12.687,0,0,0,1.208,0,0,0.816
2023-08-31 00:00,12.980,0.002,0,0,1.209,0,0,0.786
2023-08-31 01:00,12.916,0.006,0,0,1.209,0,0,0.520
2023-08-31 02:00,12.914,0.005,0,0,1.210,0,0,0.728
2023-08-31 03:00,13.126,0.013,0,0,1.211,1.002,4.826,0.821
2023-08-31 04:00,13.311,0.011,0,0,1.212,46.121,127.542,0.842
2023-08-31 05:00,14.064,0.003,0,0,1.211,120.293,302.313,0.913
2023-08-31 06:00,15.136,0,0,0,1.207,197.101,468.690,0.920
2023-08-31 07:00,16.151,0,0,0,1.203,248.109,615.428,0.931
2023-08-31 08:00,16.821,0,0,0,1.201,281.484,732.183,0.937
2023-08-31 09:00,17.438,0,0,0,1.198,319.161,811.420,0.942
2023-08-31 10:00,18.164,0,0,0,1.195,379.344,847.347,0.942
2023-08-31 11:00,18.768,0.001,0,0,1.193,411.578,837.676,0.941
2023-08-31 12:00,19.106,0.002,0,0,1.191,383.064,783.064,0.946
2023-08-31 13:00,19.107,0.002,0,0,1.190,290.493,687.169,0.962
2023-08-31 14:00,18.903,0.003,0,0,1.190,191.244,556.349,0.962
2023-08-31 15:00,18.504,0.004,0,0,1.191,120.680,399.677,0.931
2023-08-31 16:00,17.596,0.005,0,0,1.193,71.614,227.776,0.731
2023-08-31 17:00,16.385,0.005,0,0,1.195,17.582,55.746,0.359
2023-08-31 18:00,15.385,0.005,0,0,1.198,0,0,0.070
2023-08-31 19:00,14.669,0.003,0,0,1.200,0,0,0.166
2023-08-31 20:00,14.118,0.006,0,0,1.203,0,0,0.332
2023-08-31 21:00,13.763,0.034,0,0,1.205,0,0,0.514
2023-08-31 22:00,13.578,0.137,0,0,1.206,0,0,0.754
2023-08-31 23:00,13.537,0.370,0,0,1.207,0,0,0.974
2023-09-01 00:00,13.497,0.734,0,0,1.208,0,0,0.986
2023-09-01 01:00,13.388,1.206,0,0,1.209,0,0,0.981
2023-09-01 02:00,13.215,1.582,0,0,1.209,0,0,0.967
2023-09-01 03:00,13.198,1.747,0,0,1.209,0.205,3.271,0.940
2023-09-01 04:00,13.459,1.750,0,0,1.210,15.816,120.446,0.917
2023-09-01 05:00,13.997,1.543,0,0,1.210,50.131,295.431,0.837
2023-09-01 06:00,14.361,1.249,0,0,1.209,114.699,462.105,0.704
2023-09-01 07:00,14.886,0.876,0,0,1.208,194.690,608.942,0.603
2023-09-01 08:00,15.435,0.931,0,0,1.206,267.562,725.919,0.576
2023-09-01 09:00,15.986,1.078,0,0,1.203,309.744,805.257,0.579
2023-09-01 10:00,16.456,1.027,0,0,1.202,334.269,841.333,0.543
2023-09-01 11:00,16.727,0.895,0,0,1.201,328.022,831.668,0.525
2023-09-01 12:00,16.944,0.650,0,0,1.200,337.279,776.828,0.415
2023-09-01 13:00,17.006,0.495,0,0,1.200,306.102,680.771,0.419
2023-09-01 14:00,16.865,0.408,0,0,1.201,251.304,549.849,0.356
2023-09-01 15:00,16.580,0.276,0,0,1.201,181.458,392.927,0.236
2023-09-01 16:00,16.110,0.200,0,0,1.203,95.238,220.773,0.185
2023-09-01 17:00,14.759,0.156,0,0,1.204,15.850,50.109,0.148
2023-09-01 18:00,13.939,0.111,0,0,1.206,0,0,0.114
2023-09-01 19:00,13.518,0.089,0,0,1.207,0,0,0.088
2023-09-01 20:00,13.237,0.076,0,0,1.208,0,0,0.073
2023-09-01 21:00,13.179,0.053,0,0,1.209,0,0,0.084
2023-09-01 22:00,13.245,0.028,0,0,1.210,0,0,0.164
2023-09-01 23:00,13.299,0.028,0,0,1.211,0,0,0.355
2023-09-02 00:00,13.379,0.031,0,0,1.211,0,0,0.686
2023-09-02 01:00,13.370,0.035,0,0,1.211,0,0,0.685
2023-09-02 02:00,13.274,0.033,0,0,1.212,0,0,0.673
2023-09-02 03:00,12.944,0.048,0,0,1.213,0.398,2.013,0.617
2023-09-02 04:00,12.808,0.062,0,0,1.214,40.229,113.248,0.445
2023-09-02 05:00,13.883,0.090,0,0,1.215,138.342,288.481,0.388
2023-09-02 06:00,14.545,0.105,0,0,1.215,257.860,455.359,0.330
2023-09-02 07:00,15.487,0.087,0,0,1.213,381.630,602.428,0.315
2023-09-02 08:00,16.161,0.079,0,0,1.211,431.495,719.669,0.342
2023-09-02 09:00,16.781,0.071,0,0,1.209,464.636,799.007,0.544
2023-09-02 10:00,17.074,0.073,0,0,1.208,457.080,835.091,0.855
2023-09-02 11:00,16.915,0.076,0,0,1.209,376.237,825.426,0.945
2023-09-02 12:00,16.469,0.114,0,0,1.210,296.769,770.564,0.970
2023-09-02 13:00,15.845,0.177,0,0,1.213,237.896,674.271,0.979
2023-09-02 14:00,15.200,0.173,0,0,1.216,190.084,543.186,0.941
2023-09-02 15:00,14.637,0.138,0,0,1.219,138.496,386.096,0.774
2023-09-02 16:00,13.975,0.089,0,0,1.222,81.603,213.712,0.478
2023-09-02 17:00,13.143,0.039,0,0,1.225,12.312,44.737,0.346
2023-09-02 18:00,12.537,0.021,0,0,1.228,0,0,0.300
2023-09-02 19:00,12.028,0.009,0,0,1.230,0,0,0.157
2023-09-02 20:00,11.578,0.008,0,0,1.232,0,0,0.033
2023-09-02 21:00,11.158,0.011,0,0,1.233,0,0,0.029
2023-09-02 22:00,10.934,0.011,0,0,1.235,0,0,0.039
2023-09-02 23:00,10.635,0.009,0,0,1.237,0,0,0.049
2023-09-03 00:00,10.370,0.008,0,0,1.238,0,0,0.059
2023-09-03 01:00,10.056,0.007,0,0,1.239,0,0,0.064
2023-09-03 02:00,9.789,0.004,0,0,1.240,0,0,0.053
2023-09-03 03:00,9.670,0.004,0,0,1.241,0.219,1.055,0.048
2023-09-03 04:00,10.110,0.005,0,0,1.241,47.518,106.009,0.158
2023-09-03 05:00,11.258,0.002,0,0,1.240,150.717,281.481,0.774
2023-09-03 06:00,12.396,0,0,0,1.236,230.313,448.609,0.798
2023-09-03 07:00,14.140,0,0,0,1.230,360.556,595.779,0.337
2023-09-03 08:00,15.667,0,0,0,1.225,518.707,713.177,0.080
2023-09-03 09:00,16.689,0,0,0,1.221,581.893,792.757,0.461
2023-09-03 10:00,17.357,0,0,0,1.218,585.978,828.841,0.677
2023-09-03 11:00,17.709,0,0,0,1.216,529.267,819.176,0.831
2023-09-03 12:00,17.743,0,0,0,1.215,426.490,764.166,0.936
2023-09-03 13:00,17.475,0,0,0,1.215,304.279,667.778,0.942
2023-09-03 14:00,17.034,0,0,0,1.216,209.485,536.516,0.946
2023-09-03 15:00,16.481,0,0,0,1.217,136.650,379.221,0.944
2023-09-03 16:00,15.559,0,0,0,1.219,70.479,206.607,0.883
2023-09-03 17:00,14.049,0,0,0,1.220,12.367,39.651,0.550
2023-09-03 18:00,13.322,0,0,0,1.221,0,0,0.312
2023-09-03 19:00,13.410,0,0,0,1.222,0,0,0.692
2023-09-03 20:00,14.218,0.001,0,0,1.222,0,0,0.933
2023-09-03 21:00,14.665,0.003,0,0,1.222,0,0,0.930
2023-09-03 22:00,14.422,0.008,0,0,1.223,0,0,0.824
2023-09-03 23:00,13.931,0.018,0,0,1.225,0,0,0.741
2023-09-04 00:00,13.611,0.017,0,0,1.227,0,0,0.858
2023-09-04 01:00,13.456,0.017,0,0,1.228,0,0,0.675
2023-09-04 02:00,13.339,0.021,0,0,1.229,0,0,0.207
2023-09-04 03:00,13.341,0.027,0,0,1.229,0.081,0.426,0.065
2023-09-04 04:00,13.641,0.024,0,0,1.229,40.870,98.737,0.060
2023-09-04 05:00,14.504,0.008,0,0,1.227,153.851,274.474,0.014
2023-09-04 06:00,15.891,0.004,0,0,1.222,285.824,441.774,0.001
2023-09-04 07:00,17.497,0.002,0,0,1.216,407.972,589.265,0.004
2023-09-04 08:00,18.769,0,0,0,1.212,508.419,706.757,0.009
2023-09-04 09:00,19.750,0,0,0,1.208,578.478,786.257,0.044
2023-09-04 10:00,20.508,0,0,0,1.205,596.999,822.442,0.344
2023-09-04 11:00,21.012,0,0,0,1.202,592.453,812.756,0.885
2023-09-04 12:00,21.213,0,0,0,1.199,531.311,757.814,0.813
2023-09-04 13:00,21.241,0,0,0,1.197,463.934,661.271,0.130
2023-09-04 14:00,21.060,0,0,0,1.196,364.156,529.780,0
2023-09-04 15:00,20.556,0,0,0,1.197,236.816,372.272,0
2023-09-04 16:00,19.647,0,0,0,1.198,107.589,199.422,0
2023-09-04 17:00,18.603,0,0,0,1.202,12.942,34.852,0
2023-09-04 18:00,17.792,0,0,0,1.206,0,0,0.002
2023-09-04 19:00,17.367,0,0,0,1.209,0,0,0.202
2023-09-04 20:00,17.121,0.002,0,0,1.210,0,0,0.782
2023-09-04 21:00,17.072,0.007,0,0,1.210,0,0,0.882
2023-09-04 22:00,16.903,0.009,0,0,1.211,0,0,0.320
2023-09-04 23:00,16.499,0.014,0,0,1.212,0,0,0.007
2023-09-05 00:00,16.150,0.015,0,0,1.213,0,0,0.004
2023-09-05 01:00,15.846,0.014,0,0,1.215,0,0,0.113
2023-09-05 02:00,15.553,0.013,0,0,1.216,0,0,0.836
2023-09-05 03:00,15.314,0.017,0,0,1.217,0.016,0.100,0.937
2023-09-05 04:00,15.161,0.016,0,0,1.218,25.008,91.412,0.916
2023-09-05 05:00,15.415,0.010,0,0,1.218,107.488,267.349,0.886
2023-09-05 06:00,16.116,0.011,0,0,1.216,225.044,434.892,0.767
2023-09-05 07:00,17.211,0.002,0,0,1.212,369.169,582.529,0.373
2023-09-05 08:00,18.328,0,0,0,1.207,495.225,700.257,0.127
2023-09-05 09:00,19.398,0,0,0,1.202,569.121,779.845,0.007
2023-09-05 10:00,20.358,0,0,0,1.197,598.152,816.091,0
2023-09-05 11:00,21.086,0,0,0,1.193,586.766,806.357,0
2023-09-05 12:00,21.516,0,0,0,1.190,537.989,751.394,0.005
2023-09-05 13:00,21.689,0.001,0,0,1.188,453.987,654.771,0.046
2023-09-05 14:00,21.543,0.008,0,0,1.187,328.209,523.016,0.222
2023-09-05 15:00,20.897,0.033,0,0,1.189,182.672,365.272,0.283
2023-09-05 16:00,19.738,0.084,0,0,1.192,72.737,192.197,0.342
2023-09-05 17:00,18.323,0.076,0,0,1.197,7.100,30.335,0.431
2023-09-05 18:00,17.712,0.092,0,0,1.204,0,0,0.493
2023-09-05 19:00,16.760,0.121,0,0,1.211,0,0,0.404
2023-09-05 20:00,15.760,0.066,0,0,1.218,0,0,0.386
2023-09-05 21:00,14.868,0.043,0,0,1.224,0,0,0.471
2023-09-05 22:00,14.255,0.016,0,0,1.228,0,0,0.441
2023-09-05 23:00,13.851,0.005,0,0,1.230,0,0,0.408
2023-09-06 00:00,13.250,0.001,0,0,1.232,0,0,0.280
2023-09-06 01:00,12.604,0.001,0,0,1.233,0,0,0.181
2023-09-06 02:00,12.226,0.006,0,0,1.235,0,0,0.109
2023-09-06 03:00,11.862,0.011,0,0,1.237,0.001,0.003,0.088
2023-09-06 04:00,12.074,0.013,0,0,1.241,35.169,84.119,0.072
2023-09-06 05:00,12.850,0.004,0,0,1.242,147.212,260.145,0.052
2023-09-06 06:00,13.487,0,0,0,1.242,279.807,427.943,0.037
2023-09-06 07:00,14.430,0,0,0,1.240,405.507,575.765,0.016
2023-09-06 08:00,15.438,0,0,0,1.238,507.912,693.521,0.012
2023-09-06 09:00,16.363,0,0,0,1.235,579.662,773.345,0.009
2023-09-06 10:00,17.171,0,0,0,1.232,612.253,809.671,0.129
2023-09-06 11:00,17.753,0,0,0,1.229,601.874,799.857,0.573
2023-09-06 12:00,18.062,0,0,0,1.227,537.361,744.746,0.888
2023-09-06 13:00,18.097,0,0,0,1.225,435.530,648.028,0.886
2023-09-06 14:00,17.938,0,0,0,1.224,335.203,516.186,0.824
2023-09-06 15:00,17.865,0,0,0,1.224,211.244,358.265,0.692
2023-09-06 16:00,16.878,0,0,0,1.224,85.807,184.906,0.630
2023-09-06 17:00,16.340,0,0,0,1.225,8.096,26.123,0.698
2023-09-06 18:00,15.661,0,0,0,1.227,0,0,0.525
2023-09-06 19:00,14.731,0,0,0,1.229,0,0,0.520
2023-09-06 20:00,13.727,0,0,0,1.230,0,0,0.247
2023-09-06 21:00,12.712,0,0,0,1.233,0,0,0.213
2023-09-06 22:00,12.279,0,0,0,1.236,0,0,0.063
2023-09-06 23:00,12.029,0,0,0,1.239,0,0,0.102
2023-09-07 00:00,11.876,0.002,0,0,1.240,0,0,0.164
2023-09-07 01:00,11.756,0.009,0,0,1.241,0,0,0.014
2023-09-07 02:00,11.734,0.011,0,0,1.241,0,0,0.005
2023-09-07 03:00,11.867,0.010,0,0,1.241,0,0,0.041
2023-09-07 04:00,12.679,0.011,0,0,1.241,30.279,77.022,0.304
2023-09-07 05:00,14.049,0.006,0,0,1.240,135.251,252.974,0.439
2023-09-07 06:00,15.268,0,0,0,1.236,256.178,420.936,0.400
2023-09-07 07:00,16.753,0.001,0,0,1.230,370.297,568.867,0.392
2023-09-07 08:00,18.043,0.002,0,0,1.225,464.884,686.858,0.577
2023-09-07 09:00,19.040,0.002,0,0,1.220,527.191,766.845,0.597
2023-09-07 10:00,19.621,0.005,0,0,1.216,515.662,803.171,0.749
2023-09-07 11:00,19.833,0.005,0,0,1.214,440.809,793.343,0.949
2023-09-07 12:00,19.726,0.003,0,0,1.213,320.217,738.152,0.954
2023-09-07 13:00,19.637,0.003,0,0,1.212,260.062,641.278,0.959
2023-09-07 14:00,19.581,0.003,0,0,1.211,228.600,509.266,0.962
2023-09-07 15:00,19.116,0.001,0,0,1.212,147.117,351.140,0.952
2023-09-07 16:00,18.139,0,0,0,1.214,58.321,177.557,0.939
2023-09-07 17:00,16.973,0,0,0,1.218,4.851,22.206,0.914
2023-09-07 18:00,16.253,0,0,0,1.221,0,0,0.765
2023-09-07 19:00,15.607,0,0,0,1.224,0,0,0.824
2023-09-07 20:00,15.230,0.004,0,0,1.225,0,0,0.939
2023-09-07 21:00,15.260,0.011,0,0,1.225,0,0,0.943
2023-09-07 22:00,15.439,0.012,0,0,1.224,0,0,0.944
2023-09-07 23:00,15.452,0.013,0,0,1.224,0,0,0.943
2023-09-08 00:00,15.344,0.015,0,0,1.223,0,0,0.894
2023-09-08 01:00,15.311,0.016,0,0,1.223,0,0,0.874
2023-09-08 02:00,15.218,0.016,0,0,1.223,0,0,0.717
2023-09-08 03:00,15.022,0.024,0,0,1.224,0,0,0.594
2023-09-08 04:00,14.877,0.022,0,0,1.225,24.166,70.198,0.901
2023-09-08 05:00,15.488,0.015,0,0,1.225,116.483,245.683,0.914
2023-09-08 06:00,16.294,0.007,0,0,1.222,211.502,413.818,0.844
2023-09-08 07:00,17.351,0.003,0,0,1.219,303.325,562.023,0.841
2023-09-08 08:00,18.553,0.001,0,0,1.214,401.904,680.108,0.933
2023-09-08 09:00,19.719,0,0,0,1.209,478.185,760.095,0.941
2023-09-08 10:00,20.805,0,0,0,1.204,522.821,796.442,0.942
2023-09-08 11:00,21.648,0,0,0,1.200,511.616,786.615,0.948
2023-09-08 12:00,22.080,0,0,0,1.197,451.979,731.416,0.957
2023-09-08 13:00,22.138,0,0,0,1.196,357.573,634.366,0.953
2023-09-08 14:00,21.940,0,0,0,1.195,232.764,502.270,0.935
2023-09-08 15:00,21.123,0,0,0,1.196,107.887,343.941,0.970
2023-09-08 16:00,19.564,0,0,0,1.198,33.609,170.204,0.980
2023-09-08 17:00,18.342,0,0,0,1.200,2.045,18.590,0.985
2023-09-08 18:00,17.639,0,0,0,1.203,0,0,0.984
2023-09-08 19:00,17.157,0,0,0,1.205,0,0,0.984
2023-09-08 20:00,16.792,0,0,0,1.207,0,0,0.983
2023-09-08 21:00,16.456,0,0,0,1.209,0,0,0.977
2023-09-08 22:00,16.228,0.001,0,0,1.209,0,0,0.971
2023-09-08 23:00,15.949,0.001,0,0,1.210,0,0,0.970
2023-09-09 00:00,15.701,0.001,0,0,1.211,0,0,0.924
2023-09-09 01:00,15.504,0.001,0,0,1.212,0,0,0.750
2023-09-09 02:00,15.323,0.001,0,0,1.213,0,0,0.745
2023-09-09 03:00,15.009,0.003,0,0,1.215,0,0,0.807
2023-09-09 04:00,14.997,0.013,0,0,1.217,18.897,63.670,0.851
2023-09-09 05:00,16.182,0.018,0,0,1.218,98.007,238.371,0.930
2023-09-09 06:00,17.059,0.006,0,0,1.216,207.081,406.736,0.954
2023-09-09 07:00,18.310,0.001,0,0,1.211,307.525,555.103,0.959
2023-09-09 08:00,19.240,0.001,0,0,1.208,352.447,673.344,0.958
2023-09-09 09:00,20.115,0,0,0,1.204,401.230,753.345,0.877
2023-09-09 10:00,21.003,0,0,0,1.200,459.000,789.772,0.830
2023-09-09 11:00,21.602,0,0,0,1.197,464.385,780.093,0.935
2023-09-09 12:00,21.720,0,0,0,1.195,407.116,724.732,0.967
2023-09-09 13:00,21.390,0,0,0,1.195,303.817,627.608,0.967
2023-09-09 14:00,20.628,0,0,0,1.197,184.746,495.270,0.956
2023-09-09 15:00,19.476,0,0,0,1.201,86.507,336.694,0.972
2023-09-09 16:00,18.298,0,0,0,1.205,37.120,162.768,0.967
2023-09-09 17:00,17.209,0.006,0,0,1.209,3.396,15.292,0.959
2023-09-09 18:00,16.695,0.016,0,0,1.212,0,0,0.950
2023-09-09 19:00,16.473,0.016,0,0,1.213,0,0,0.939
2023-09-09 20:00,16.338,0.016,0,0,1.213,0,0,0.945
2023-09-09 21:00,16.259,0.016,0,0,1.213,0,0,0.923
2023-09-09 22:00,16.093,0.018,0,0,1.213,0,0,0.740
2023-09-09 23:00,15.858,0.019,0,0,1.213,0,0,0.655
2023-09-10 00:00,15.835,0.019,0,0,1.213,0,0,0.707
2023-09-10 01:00,15.792,0.019,0,0,1.213,0,0,0.724
2023-09-10 02:00,15.694,0.020,0,0,1.213,0,0,0.871
2023-09-10 03:00,15.532,0.018,0,0,1.212,0,0,0.964
2023-09-10 04:00,15.577,0.017,0,0,1.212,16.155,57.428,0.957
2023-09-10 05:00,16.157,0.015,0,0,1.212,91.851,231.017,0.939
2023-09-10 06:00,16.931,0.004,0,0,1.210,189.815,399.526,0.936
2023-09-10 07:00,18.201,0,0,0,1.204,281.618,548.103,0.935
2023-09-10 08:00,19.680,0,0,0,1.198,362.826,666.358,0.935
2023-09-10 09:00,20.997,0,0,0,1.192,421.841,746.595,0.941
2023-09-10 10:00,21.810,0,0,0,1.188,412.505,783.022,0.968
2023-09-10 11:00,21.987,0,0,0,1.186,321.584,773.343,0.979
2023-09-10 12:00,22.054,0,0,0,1.185,271.997,717.753,0.977
2023-09-10 13:00,22.193,0,0,0,1.183,266.369,620.616,0.894
2023-09-10 14:00,22.284,0,0,0,1.183,257.297,488.189,0.649
2023-09-10 15:00,21.745,0,0,0,1.184,166.660,329.444,0.208
2023-09-10 16:00,20.045,0,0,0,1.187,62.699,155.290,0.016
2023-09-10 17:00,18.143,0,0,0,1.190,3.166,12.304,0.007
2023-09-10 18:00,17.485,0,0,0,1.195,0,0,0.151
2023-09-10 19:00,16.996,0.002,0,0,1.199,0,0,0.607
2023-09-10 20:00,16.450,0.010,0,0,1.202,0,0,0.910
2023-09-10 21:00,15.995,0.015,0,0,1.204,0,0,0.939
2023-09-10 22:00,15.685,0.014,0,0,1.206,0,0,0.938
2023-09-10 23:00,15.375,0.014,0,0,1.207,0,0,0.938
2023-09-11 00:00,15.095,0.014,0,0,1.208,0,0,0.941
2023-09-11 01:00,14.832,0.014,0,0,1.209,0,0,0.935
2023-09-11 02:00,14.535,0.013,0,0,1.210,0,0,0.707
2023-09-11 03:00,14.226,0.021,0,0,1.212,0,0,0.444
2023-09-11 04:00,14.183,0.028,0,0,1.213,19.529,51.489,0.349
2023-09-11 05:00,15.565,0.030,0,0,1.214,119.389,223.580,0.397
2023-09-11 06:00,16.509,0.027,0,0,1.212,243.478,392.280,0.708
2023-09-11 07:00,17.951,0.018,0,0,1.206,348.492,541.103,0.922
2023-09-11 08:00,19.486,0.002,0,0,1.200,431.786,659.594,0.940
2023-09-11 09:00,20.599,0.001,0,0,1.195,489.106,739.682,0.941
2023-09-11 10:00,21.283,0,0,0,1.192,509.901,776.258,0.943
2023-09-11 11:00,21.599,0,0,0,1.190,474.392,766.351,0.944
2023-09-11 12:00,21.472,0,0,0,1.189,380.816,710.989,0.936
2023-09-11 13:00,20.979,0,0,0,1.190,261.320,613.616,0.940
2023-09-11 14:00,20.380,0.002,0,0,1.191,190.018,480.990,0.943
2023-09-11 15:00,19.637,0.001,0,0,1.193,121.413,322.109,0.943
2023-09-11 16:00,18.444,0.001,0,0,1.195,47.726,147.790,0.942
2023-09-11 17:00,17.189,0.001,0,0,1.199,2.053,9.634,0.936
2023-09-11 18:00,16.864,0.008,0,0,1.203,0,0,0.930
2023-09-11 19:00,16.438,0.023,0,0,1.205,0,0,0.858
2023-09-11 20:00,16.090,0.027,0,0,1.206,0,0,0.805
2023-09-11 21:00,15.822,0.023,0,0,1.206,0,0,0.914
2023-09-11 22:00,15.731,0.023,0,0,1.207,0,0,0.919
2023-09-11 23:00,15.768,0.022,0,0,1.207,0,0,0.896
2023-09-12 00:00,15.673,0.021,0,0,1.206,0,0,0.900
2023-09-12 01:00,15.349,0.022,0,0,1.206,0,0,0.930
2023-09-12 02:00,15.346,0.023,0,0,1.206,0,0,0.939
2023-09-12 03:00,15.351,0.031,0,0,1.206,0,0,0.939
2023-09-12 04:00,15.432,0.032,0,0,1.207,10.295,45.860,0.940
2023-09-12 05:00,15.840,0.032,0,0,1.207,63.401,216.159,0.944
2023-09-12 06:00,16.438,0.034,0,0,1.205,138.157,385.023,0.942
2023-09-12 07:00,17.296,0.030,0,0,1.202,207.728,533.853,0.935
2023-09-12 08:00,18.066,0.019,0,0,1.198,232.320,652.594,0.954
2023-09-12 09:00,18.878,0.002,0,0,1.194,272.883,732.925,0.970
2023-09-12 10:00,19.717,0.001,0,0,1.191,312.065,769.280,0.971
2023-09-12 11:00,20.351,0.004,0,0,1.188,318.981,759.445,0.980
2023-09-12 12:00,20.243,0.008,0,0,1.187,193.648,704.003,0.981
2023-09-12 13:00,19.814,0.026,0,0,1.188,121.201,606.616,0.984
2023-09-12 14:00,19.339,0.042,0,0,1.189,87.866,473.818,0.973
2023-09-12 15:00,19.189,0.009,0,0,1.190,103.299,314.738,0.947
2023-09-12 16:00,18.678,0.005,0,0,1.191,42.743,140.249,0.942
2023-09-12 17:00,17.584,0.001,0,0,1.192,1.450,7.279,0.941
2023-09-12 18:00,17.373,0.001,0,0,1.194,0,0,0.942
2023-09-12 19:00,17.301,0.004,0,0,1.196,0,0,0.948
2023-09-12 20:00,17.051,0.009,0,0,1.197,0,0,0.958
2023-09-12 21:00,16.809,0.011,0,0,1.199,0,0,0.949
2023-09-12 22:00,16.383,0.018,0,0,1.200,0,0,0.878
2023-09-12 23:00,16.027,0.051,0,0,1.202,0,0,0.746
2023-09-13 00:00,15.596,0.063,0,0,1.203,0,0,0.616
2023-09-13 01:00,15.139,0.046,0,0,1.205,0,0,0.817
2023-09-13 02:00,14.746,0.022,0,0,1.206,0,0,0.958
2023-09-13 03:00,14.426,0.019,0,0,1.207,0,0,0.905
2023-09-13 04:00,14.263,0.028,0,0,1.209,12.371,40.531,0.720
2023-09-13 05:00,15.209,0.036,0,0,1.211,85.110,208.624,0.801
2023-09-13 06:00,15.604,0.056,0,0,1.212,150.049,377.695,0.898
2023-09-13 07:00,15.817,0.082,0,0,1.211,164.576,526.704,0.932
2023-09-13 08:00,16.076,0.109,0,0,1.211,184.108,645.432,0.958
2023-09-13 09:00,16.320,0.167,0,0,1.210,185.806,725.932,0.969
2023-09-13 10:00,16.423,0.255,0,0,1.211,168.698,762.360,0.978
2023-09-13 11:00,16.354,0.343,0,0,1.211,139.832,752.601,0.982
2023-09-13 12:00,16.155,0.337,0,0,1.213,118.014,696.989,0.983
2023-09-13 13:00,15.932,0.246,0,0,1.214,104.982,599.445,0.982
2023-09-13 14:00,15.707,0.099,0,0,1.215,89.882,466.568,0.975
2023-09-13 15:00,15.287,0.031,0,0,1.217,51.547,307.363,0.975
2023-09-13 16:00,14.701,0.005,0,0,1.219,18.303,132.646,0.966
2023-09-13 17:00,14.050,0,0,0,1.222,0.520,5.262,0.944
2023-09-13 18:00,13.549,0,0,0,1.225,0,0,0.927
2023-09-13 19:00,13.025,0,0,0,1.227,0,0,0.791
2023-09-13 20:00,12.403,0,0,0,1.230,0,0,0.260
2023-09-13 21:00,11.944,0,0,0,1.232,0,0,0.009
2023-09-13 22:00,11.637,0.003,0,0,1.235,0,0,0.013
2023-09-13 23:00,11.246,0.009,0,0,1.238,0,0,0.036
2023-09-14 00:00,10.792,0.013,0,0,1.240,0,0,0.066
2023-09-14 01:00,10.290,0.015,0,0,1.244,0,0,0.111
2023-09-14 02:00,9.786,0.015,0,0,1.247,0,0,0.270
2023-09-14 03:00,9.382,0.016,0,0,1.249,0,0,0.473
2023-09-14 04:00,9.189,0.015,0,0,1.251,12.177,35.528,0.476
2023-09-14 05:00,9.651,0.009,0,0,1.251,94.041,201.081,0.604
2023-09-14 06:00,10.672,0.004,0,0,1.248,204.044,370.320,0.854
2023-09-14 07:00,12.033,0.001,0,0,1.243,296.350,519.454,0.650
2023-09-14 08:00,13.480,0,0,0,1.238,427.593,638.344,0.243
2023-09-14 09:00,14.700,0,0,0,1.233,529.790,718.770,0.025
2023-09-14 10:00,15.524,0,0,0,1.230,560.988,755.360,0.073
2023-09-14 11:00,16.029,0,0,0,1.228,550.486,745.452,0.076
2023-09-14 12:00,16.201,0,0,0,1.227,482.213,689.841,0.301
2023-09-14 13:00,15.969,0,0,0,1.227,337.454,592.203,0.518
2023-09-14 14:00,15.541,0,0,0,1.227,215.122,459.243,0.492
2023-09-14 15:00,15.125,0,0,0,1.228,142.466,299.903,0.181
2023-09-14 16:00,14.024,0,0,0,1.230,60.967,125.002,0.012
2023-09-14 17:00,13.567,0,0,0,1.231,0.934,3.568,0.010
2023-09-14 18:00,13.492,0,0,0,1.232,0,0,0.040
2023-09-14 19:00,13.228,0,0,0,1.233,0,0,0.076
2023-09-14 20:00,12.679,0,0,0,1.234,0,0,0.278
2023-09-14 21:00,11.852,0,0,0,1.235,0,0,0.749
2023-09-14 22:00,11.250,0,0,0,1.235,0,0,0.717
2023-09-14 23:00,10.987,0.001,0,0,1.236,0,0,0.810
2023-09-15 00:00,11.164,0.001,0,0,1.236,0,0,0.864
2023-09-15 01:00,11.347,0.001,0,0,1.236,0,0,0.864
2023-09-15 02:00,11.498,0.002,0,0,1.236,0,0,0.781
2023-09-15 03:00,11.756,0.002,0,0,1.236,0,0,0.511
2023-09-15 04:00,11.594,0.006,0,0,1.237,8.389,30.828,0.661
2023-09-15 05:00,12.855,0.009,0,0,1.237,75.486,193.515,0.679
2023-09-15 06:00,14.093,0.003,0,0,1.234,206.427,362.938,0.877
2023-09-15 07:00,15.405,0.001,0,0,1.230,315.062,512.197,0.945
2023-09-15 08:00,16.401,0,0,0,1.226,370.340,631.182,0.942
2023-09-15 09:00,16.869,0,0,0,1.224,354.572,711.762,0.949
2023-09-15 10:00,17.066,0,0,0,1.223,347.244,748.360,0.938
2023-09-15 11:00,17.423,0,0,0,1.222,422.077,738.438,0.807
2023-09-15 12:00,17.469,0,0,0,1.221,359.452,682.841,0.802
2023-09-15 13:00,17.078,0,0,0,1.220,211.805,585.047,0.915
2023-09-15 14:00,16.596,0,0,0,1.220,122.414,451.908,0.960
2023-09-15 15:00,16.149,0,0,0,1.221,74.808,292.407,0.944
2023-09-15 16:00,15.429,0.001,0,0,1.222,35.486,117.345,0.958
2023-09-15 17:00,14.867,0.001,0,0,1.224,0.365,2.202,0.958
2023-09-15 18:00,14.706,0.005,0,0,1.226,0,0,0.891
2023-09-15 19:00,14.447,0.010,0,0,1.228,0,0,0.885
2023-09-15 20:00,14.243,0.013,0,0,1.229,0,0,0.754
2023-09-15 21:00,14.193,0.016,0,0,1.230,0,0,0.730
2023-09-15 22:00,14.222,0.011,0,0,1.230,0,0,0.760
2023-09-15 23:00,14.216,0.006,0,0,1.230,0,0,0.720
2023-09-16 00:00,14.104,0.005,0,0,1.230,0,0,0.673
2023-09-16 01:00,13.975,0.007,0,0,1.231,0,0,0.741
2023-09-16 02:00,13.930,0.003,0,0,1.232,0,0,0.841
2023-09-16 03:00,13.634,0.004,0,0,1.233,0,0,0.927
2023-09-16 04:00,13.356,0.005,0,0,1.234,7.204,26.459,0.948
2023-09-16 05:00,13.672,0.003,0,0,1.233,63.048,185.892,0.946
2023-09-16 06:00,14.424,0.001,0,0,1.231,137.813,355.442,0.945
2023-09-16 07:00,15.425,0,0,0,1.227,225.391,504.822,0.945
2023-09-16 08:00,16.567,0,0,0,1.223,340.354,623.932,0.947
2023-09-16 09:00,17.578,0,0,0,1.218,422.690,704.520,0.938
2023-09-16 10:00,18.354,0,0,0,1.214,473.128,741.117,0.937
2023-09-16 11:00,18.884,0,0,0,1.211,481.559,731.282,0.938
2023-09-16 12:00,19.182,0,0,0,1.209,449.562,675.591,0.937
2023-09-16 13:00,19.115,0,0,0,1.207,342.001,577.783,0.933
2023-09-16 14:00,18.727,0,0,0,1.207,226.323,444.533,0.904
2023-09-16 15:00,17.945,0,0,0,1.209,126.999,284.822,0.830
2023-09-16 16:00,16.848,0,0,0,1.213,39.928,109.649,0.684
2023-09-16 17:00,15.887,0,0,0,1.217,0.220,1.169,0.557
2023-09-16 18:00,15.127,0,0,0,1.220,0,0,0.249
2023-09-16 19:00,14.424,0,0,0,1.223,0,0,0.129
2023-09-16 20:00,14.030,0.001,0,0,1.224,0,0,0.231
2023-09-16 21:00,13.907,0.004,0,0,1.224,0,0,0.484
2023-09-16 22:00,14.042,0.001,0,0,1.223,0,0,0.810
2023-09-16 23:00,13.987,0.003,0,0,1.223,0,0,0.931
2023-09-17 00:00,13.995,0.013,0,0,1.222,0,0,0.959
2023-09-17 01:00,14.021,0.036,0,0,1.222,0,0,0.971
2023-09-17 02:00,13.997,0.078,0,0,1.222,0,0,0.852
2023-09-17 03:00,13.739,0.140,0,0,1.224,0,0,0.578
2023-09-17 04:00,13.173,0.131,0,0,1.228,3.495,22.414,0.488
2023-09-17 05:00,12.081,0.037,0,0,1.236,51.104,178.226,0.310
2023-09-17 06:00,11.588,0.003,0,0,1.241,190.419,347.942,0.202
2023-09-17 07:00,12.381,0.001,0,0,1.241,325.822,497.447,0.461
2023-09-17 08:00,13.520,0,0,0,1.238,440.809,616.682,0.653
2023-09-17 09:00,14.415,0,0,0,1.235,515.815,697.270,0.792
2023-09-17 10:00,15.073,0,0,0,1.233,551.697,734.096,0.924
2023-09-17 11:00,15.487,0,0,0,1.232,543.006,724.188,0.942
2023-09-17 12:00,15.679,0,0,0,1.231,494.341,668.341,0.943
2023-09-17 13:00,15.631,0,0,0,1.231,411.034,570.453,0.944
2023-09-17 14:00,15.295,0,0,0,1.231,296.630,437.037,0.943
2023-09-17 15:00,14.527,0,0,0,1.233,162.651,277.282,0.942
2023-09-17 16:00,12.731,0,0,0,1.235,44.876,101.911,0.939
2023-09-17 17:00,11.452,0,0,0,1.237,0.112,0.482,0.918
2023-09-17 18:00,10.679,0,0,0,1.240,0,0,0.609
2023-09-17 19:00,9.964,0,0,0,1.242,0,0,0.108
2023-09-17 20:00,9.350,0,0,0,1.244,0,0,0.002
2023-09-17 21:00,8.900,0,0,0,1.245,0,0,0.001
2023-09-17 22:00,8.555,0,0,0,1.246,0,0,0.042
2023-09-17 23:00,8.321,0,0,0,1.247,0,0,0.453
2023-09-18 00:00,8.165,0,0,0,1.247,0,0,0.916
2023-09-18 01:00,8.076,0,0,0,1.247,0,0,0.945
2023-09-18 02:00,8.079,0,0,0,1.247,0,0,0.944
2023-09-18 03:00,8.027,0,0,0,1.245,0,0,0.946
2023-09-18 04:00,8.195,0,0,0,1.243,6.171,18.694,0.932
2023-09-18 05:00,10.205,0,0,0,1.241,71.449,170.559,0.904
2023-09-18 06:00,12.238,0,0,0,1.239,156.018,340.361,0.941
2023-09-18 07:00,13.382,0,0,0,1.235,229.588,490.065,0.963
2023-09-18 08:00,14.198,0,0,0,1.232,282.489,609.432,0.967
2023-09-18 09:00,14.731,0,0,0,1.229,316.869,690.020,0.910
2023-09-18 10:00,15.367,0,0,0,1.226,410.142,726.846,0.651
2023-09-18 11:00,15.883,0,0,0,1.223,478.284,716.938,0.590
2023-09-18 12:00,16.113,0,0,0,1.221,475.910,661.077,0.929
2023-09-18 13:00,16.061,0,0,0,1.219,390.120,563.040,0.938
2023-09-18 14:00,15.793,0,0,0,1.218,265.274,429.581,0.932
2023-09-18 15:00,15.132,0,0,0,1.217,108.646,269.697,0.914
2023-09-18 16:00,14.400,0,0,0,1.218,23.438,94.164,0.916
2023-09-18 17:00,14.077,0.001,0,0,1.218,0.009,0.123,0.922
2023-09-18 18:00,14.223,0.001,0,0,1.216,0,0,0.807
2023-09-18 19:00,14.494,0.002,0,0,1.213,0,0,0.825
2023-09-18 20:00,14.820,0.001,0,0,1.210,0,0,0.966
2023-09-18 21:00,15.220,0.001,0,0,1.206,0,0,0.968
2023-09-18 22:00,15.675,0.001,0,0,1.202,0,0,0.971
2023-09-18 23:00,15.991,0.003,0,0,1.199,0,0,0.976
2023-09-19 00:00,16.229,0.035,0,0,1.196,0,0,0.985
2023-09-19 01:00,16.365,0.273,0,0,1.194,0,0,0.987
2023-09-19 02:00,16.473,0.776,0,0,1.192,0,0,0.988
2023-09-19 03:00,16.403,1.308,0,0,1.190,0,0,0.990
2023-09-19 04:00,16.383,2.285,0,0,1.189,0.883,15.302,0.988
2023-09-19 05:00,16.397,3.211,0,0,1.188,11.315,162.831,0.974
2023-09-19 06:00,16.515,2.328,0,0,1.187,33.490,332.776,0.956
2023-09-19 07:00,16.612,0.670,0,0,1.186,64.119,482.609,0.957
2023-09-19 08:00,16.972,0.156,0,0,1.184,134.083,601.932,0.966
2023-09-19 09:00,17.382,0.117,0,0,1.181,171.268,682.770,0.968
2023-09-19 10:00,17.764,0.156,0,0,1.179,203.215,719.447,0.937
2023-09-19 11:00,18.247,0.174,0,0,1.177,298.170,709.540,0.757
2023-09-19 12:00,18.706,0.124,0,0,1.176,414.247,653.678,0.228
2023-09-19 13:00,18.414,0.023,0,0,1.180,365.771,555.555,0.070
2023-09-19 14:00,17.411,0.006,0,0,1.185,252.897,422.081,0.173
2023-09-19 15:00,16.344,0.002,0,0,1.190,124.184,261.994,0.182
2023-09-19 16:00,15.402,0,0,0,1.194,32.480,86.460,0.111
2023-09-19 17:00,14.653,0,0,0,1.197,0.002,0.015,0.235
2023-09-19 18:00,14.294,0.001,0,0,1.199,0,0,0.762
2023-09-19 19:00,14.298,0.006,0,0,1.199,0,0,0.922
2023-09-19 20:00,14.212,0.092,0,0,1.198,0,0,0.794
2023-09-19 21:00,13.770,1.127,0,0,1.198,0,0,0.873
2023-09-19 22:00,13.642,1.823,0,0,1.197,0,0,0.994
2023-09-19 23:00,14.157,0.698,0,0,1.193,0,0,0.991
2023-09-20 00:00,14.496,0.183,0,0,1.191,0,0,0.976
2023-09-20 01:00,14.445,0.122,0,0,1.192,0,0,0.957
2023-09-20 02:00,14.110,0.067,0,0,1.195,0,0,0.945
2023-09-20 03:00,13.383,0.027,0,0,1.200,0,0,0.938
2023-09-20 04:00,12.629,0.021,0,0,1.205,3.441,12.248,0.684
2023-09-20 05:00,12.504,0.022,0,0,1.208,64.802,155.081,0.682
2023-09-20 06:00,12.936,0.019,0,0,1.207,100.306,325.151,0.972
2023-09-20 07:00,13.551,0.006,0,0,1.206,128.138,475.109,0.804
2023-09-20 08:00,14.958,0.002,0,0,1.202,339.152,594.519,0.761
2023-09-20 09:00,16.201,0.001,0,0,1.197,389.285,675.357,0.910
2023-09-20 10:00,16.890,0.002,0,0,1.194,361.932,712.197,0.943
2023-09-20 11:00,17.530,0.003,0,0,1.191,380.351,702.268,0.948
2023-09-20 12:00,18.138,0.006,0,0,1.188,381.340,646.407,0.920
2023-09-20 13:00,18.424,0.012,0,0,1.185,281.279,548.283,0.839
2023-09-20 14:00,18.529,0.012,0,0,1.184,208.865,414.496,0.750
2023-09-20 15:00,18.282,0.005,0,0,1.183,104.370,254.308,0.839
2023-09-20 16:00,17.806,0.002,0,0,1.185,22.187,78.992,0.888
2023-09-20 17:00,17.382,0.003,0,0,1.188,0,0.001,0.919
2023-09-20 18:00,16.907,0.002,0,0,1.191,0,0,0.658
2023-09-20 19:00,16.187,0.002,0,0,1.195,0,0,0.761
2023-09-20 20:00,15.908,0.001,0,0,1.197,0,0,0.939
2023-09-20 21:00,15.738,0.002,0,0,1.199,0,0,0.906
2023-09-20 22:00,15.630,0.003,0,0,1.200,0,0,0.672
2023-09-20 23:00,15.505,0.006,0,0,1.201,0,0,0.643
2023-09-21 00:00,15.413,0.013,0,0,1.201,0,0,0.794
2023-09-21 01:00,15.384,0.015,0,0,1.202,0,0,0.765
2023-09-21 02:00,15.341,0.016,0,0,1.202,0,0,0.785
2023-09-21 03:00,15.285,0.017,0,0,1.202,0,0,0.868
2023-09-21 04:00,15.234,0.016,0,0,1.203,2.461,9.532,0.951
2023-09-21 05:00,15.462,0.011,0,0,1.202,54.523,147.310,0.962
2023-09-21 06:00,16.164,0.001,0,0,1.201,151.366,317.526,0.959
2023-09-21 07:00,17.343,0,0,0,1.196,268.728,467.535,0.927
2023-09-21 08:00,18.553,0,0,0,1.191,371.008,587.019,0.820
2023-09-21 09:00,19.526,0,0,0,1.187,435.587,668.020,0.722
2023-09-21 10:00,20.182,0,0,0,1.184,459.209,704.705,0.822
2023-09-21 11:00,20.509,0,0,0,1.182,440.626,694.870,0.922
2023-09-21 12:00,20.512,0,0,0,1.181,382.571,638.928,0.904
2023-09-21 13:00,20.269,0,0,0,1.181,317.840,540.634,0.832
2023-09-21 14:00,19.678,0,0,0,1.183,214.357,406.874,0.801
2023-09-21 15:00,18.708,0,0,0,1.186,89.079,246.619,0.918
2023-09-21 16:00,17.784,0,0,0,1.190,16.456,71.861,0.899
2023-09-21 17:00,17.072,0,0,0,1.194,0,0,0.582
2023-09-21 18:00,16.412,0,0,0,1.197,0,0,0.209
2023-09-21 19:00,15.810,0.001,0,0,1.200,0,0,0.314
2023-09-21 20:00,15.436,0.009,0,0,1.202,0,0,0.236
2023-09-21 21:00,15.262,0.013,0,0,1.202,0,0,0.012
2023-09-21 22:00,15.203,0.017,0,0,1.202,0,0,0.025
2023-09-21 23:00,15.117,0.025,0,0,1.202,0,0,0.209
2023-09-22 00:00,15.182,0.022,0,0,1.200,0,0,0.646
2023-09-22 01:00,15.250,0.016,0,0,1.199,0,0,0.930
2023-09-22 02:00,15.287,0.014,0,0,1.199,0,0,0.937
2023-09-22 03:00,15.267,0.016,0,0,1.199,0,0,0.948
2023-09-22 04:00,15.260,0.015,0,0,1.198,1.645,7.157,0.979
2023-09-22 05:00,15.447,0.017,0,0,1.198,43.241,139.499,0.965
2023-09-22 06:00,15.978,0.008,0,0,1.197,132.933,309.819,0.947
2023-09-22 07:00,16.944,0.001,0,0,1.194,246.728,459.910,0.951
2023-09-22 08:00,17.839,0,0,0,1.190,311.723,579.519,0.961
2023-09-22 09:00,18.437,0,0,0,1.187,367.105,660.600,0.963
2023-09-22 10:00,18.736,0,0,0,1.185,363.805,697.433,0.957
2023-09-22 11:00,18.649,0,0,0,1.184,252.463,687.370,0.957
2023-09-22 12:00,18.489,0,0,0,1.184,207.391,631.428,0.961
2023-09-22 13:00,18.323,0.006,0,0,1.184,149.612,533.120,0.982
2023-09-22 14:00,17.955,0.056,0,0,1.184,73.048,399.249,0.986
2023-09-22 15:00,17.429,0.117,0,0,1.186,36.478,238.869,0.911
2023-09-22 16:00,16.822,0.048,0,0,1.189,11.382,65.031,0.595
2023-09-22 17:00,16.489,0.023,0,0,1.191,0,0,0.901
2023-09-22 18:00,16.386,0.066,0,0,1.192,0,0,0.976
2023-09-22 19:00,16.359,0.209,0,0,1.192,0,0,0.980
2023-09-22 20:00,16.322,0.674,0,0,1.192,0,0,0.977
2023-09-22 21:00,16.335,0.840,0,0,1.192,0,0,0.973
2023-09-22 22:00,15.987,0.348,0,0,1.194,0,0,0.972
2023-09-22 23:00,15.610,0.078,0,0,1.196,0,0,0.962
2023-09-23 00:00,15.128,0.314,0,0,1.199,0,0,0.846
2023-09-23 01:00,14.463,0.054,0,0,1.202,0,0,0.821
2023-09-23 02:00,13.856,0.033,0,0,1.206,0,0,0.817
2023-09-23 03:00,13.140,0.038,0,0,1.210,0,0,0.943
2023-09-23 04:00,12.986,0.036,0,0,1.212,0.733,5.114,0.980
2023-09-23 05:00,12.972,0.033,0,0,1.214,24.302,131.706,0.976
2023-09-23 06:00,13.139,0.032,0,0,1.214,57.553,302.069,0.980
2023-09-23 07:00,13.468,0.028,0,0,1.214,99.125,452.317,0.966
2023-09-23 08:00,14.103,0.011,0,0,1.212,185.678,572.019,0.931
2023-09-23 09:00,15.182,0.001,0,0,1.209,315.793,653.107,0.559
2023-09-23 10:00,16.749,0.003,0,0,1.203,479.139,689.933,0.632
2023-09-23 11:00,17.472,0.005,0,0,1.200,395.167,679.870,0.893
2023-09-23 12:00,17.571,0.008,0,0,1.199,312.989,623.914,0.947
2023-09-23 13:00,17.262,0.012,0,0,1.199,194.400,525.540,0.787
2023-09-23 14:00,17.107,0.028,0,0,1.199,205.254,391.550,0.111
2023-09-23 15:00,16.446,0.020,0,0,1.201,123.027,231.104,0.043
2023-09-23 16:00,15.006,0.014,0,0,1.204,21.899,58.520,0.077
2023-09-23 17:00,14.268,0.023,0,0,1.209,0,0,0.156
2023-09-23 18:00,13.975,0.062,0,0,1.212,0,0,0.245
2023-09-23 19:00,13.565,0.097,0,0,1.214,0,0,0.282
2023-09-23 20:00,13.180,0.079,0,0,1.216,0,0,0.282
2023-09-23 21:00,12.808,0.040,0,0,1.218,0,0,0.200
2023-09-23 22:00,12.629,0.027,0,0,1.220,0,0,0.124
2023-09-23 23:00,12.355,0.030,0,0,1.222,0,0,0.073
2023-09-24 00:00,12.155,0.035,0,0,1.223,0,0,0.037
2023-09-24 01:00,11.976,0.038,0,0,1.225,0,0,0.016
2023-09-24 02:00,11.808,0.038,0,0,1.226,0,0,0.013
2023-09-24 03:00,11.670,0.040,0,0,1.228,0,0,0.021
2023-09-24 04:00,11.503,0.043,0,0,1.229,0.833,3.419,0.039
2023-09-24 05:00,11.557,0.043,0,0,1.231,57.361,123.862,0.061
2023-09-24 06:00,12.056,0.029,0,0,1.231,171.612,294.363,0.078
2023-09-24 07:00,12.752,0.008,0,0,1.230,285.558,444.692,0.017
2023-09-24 08:00,13.846,0,0,0,1.227,394.703,564.356,0.004
2023-09-24 09:00,14.927,0,0,0,1.224,463.543,645.437,0.001
2023-09-24 10:00,15.665,0,0,0,1.222,498.514,682.284,0
2023-09-24 11:00,16.096,0,0,0,1.221,492.728,672.355,0
2023-09-24 12:00,16.270,0,0,0,1.221,446.041,616.266,0.001
2023-09-24 13:00,16.208,0,0,0,1.221,363.289,517.892,0.003
2023-09-24 14:00,15.878,0,0,0,1.222,252.752,383.918,0.008
2023-09-24 15:00,15.117,0,0,0,1.225,128.775,223.293,0.008
2023-09-24 16:00,13.190,0,0,0,1.230,22.309,52.346,0.013
2023-09-24 17:00,11.728,0,0,0,1.235,0,0,0.221
2023-09-24 18:00,11.831,0,0,0,1.240,0,0,0.185
2023-09-24 19:00,11.318,0,0,0,1.244,0,0,0.010
2023-09-24 20:00,10.785,0,0,0,1.247,0,0,0.249
2023-09-24 21:00,10.531,0,0,0,1.248,0,0,0.777
2023-09-24 22:00,10.487,0,0,0,1.248,0,0,0.859
2023-09-24 23:00,10.402,0.001,0,0,1.248,0,0,0.935
2023-09-25 00:00,10.512,0.001,0,0,1.249,0,0,0.938
2023-09-25 01:00,10.694,0,0,0,1.249,0,0,0.937
2023-09-25 02:00,10.868,0.004,0,0,1.249,0,0,0.938
2023-09-25 03:00,10.867,0.010,0,0,1.249,0,0,0.939
2023-09-25 04:00,10.969,0.009,0,0,1.249,0.345,2.073,0.941
2023-09-25 05:00,11.229,0.004,0,0,1.249,30.743,116.009,0.940
2023-09-25 06:00,12.002,0,0,0,1.246,99.806,286.613,0.944
2023-09-25 07:00,13.071,0,0,0,1.242,175.479,436.946,0.965
2023-09-25 08:00,14.023,0,0,0,1.238,196.265,556.849,0.977
2023-09-25 09:00,14.589,0,0,0,1.235,191.203,637.857,0.981
2023-09-25 10:00,14.972,0,0,0,1.233,179.067,674.784,0.977
2023-09-25 11:00,15.185,0,0,0,1.231,171.861,664.855,0.965
2023-09-25 12:00,15.303,0,0,0,1.230,162.061,608.766,0.962
2023-09-25 13:00,15.284,0,0,0,1.230,129.641,510.296,0.962
2023-09-25 14:00,15.114,0,0,0,1.229,82.748,376.168,0.959
2023-09-25 15:00,14.806,0,0,0,1.230,39.041,215.501,0.958
2023-09-25 16:00,14.420,0,0,0,1.231,6.696,46.517,0.946
2023-09-25 17:00,14.106,0,0,0,1.232,0,0,0.938
2023-09-25 18:00,13.793,0,0,0,1.233,0,0,0.938
2023-09-25 19:00,13.535,0,0,0,1.234,0,0,0.918
2023-09-25 20:00,13.288,0,0,0,1.236,0,0,0.792
2023-09-25 21:00,13.039,0,0,0,1.237,0,0,0.682
2023-09-25 22:00,12.919,0.001,0,0,1.238,0,0,0.941
2023-09-25 23:00,12.854,0.005,0,0,1.239,0,0,0.937
2023-09-26 00:00,12.768,0.008,0,0,1.239,0,0,0.935
2023-09-26 01:00,12.706,0.010,0,0,1.239,0,0,0.937
2023-09-26 02:00,12.672,0.012,0,0,1.239,0,0,0.815
2023-09-26 03:00,12.478,0.019,0,0,1.240,0,0,0.649
2023-09-26 04:00,12.374,0.025,0,0,1.240,0.196,1.071,0.923
2023-09-26 05:00,12.556,0.023,0,0,1.240,27.208,108.143,0.933
2023-09-26 06:00,12.977,0.012,0,0,1.239,69.363,278.863,0.985
2023-09-26 07:00,13.572,0.002,0,0,1.238,113.075,429.236,0.988
2023-09-26 08:00,14.528,0,0,0,1.234,177.132,549.106,0.979
2023-09-26 09:00,15.684,0,0,0,1.229,259.324,630.195,0.914
2023-09-26 10:00,16.610,0,0,0,1.225,317.945,667.042,0.914
2023-09-26 11:00,17.162,0,0,0,1.222,330.872,657.127,0.852
2023-09-26 12:00,17.493,0,0,0,1.220,323.917,601.016,0.770
2023-09-26 13:00,17.612,0,0,0,1.218,287.496,502.546,0.644
2023-09-26 14:00,17.302,0,0,0,1.218,185.916,368.418,0.805
2023-09-26 15:00,16.259,0.001,0,0,1.220,66.460,207.648,0.885
2023-09-26 16:00,14.802,0,0,0,1.222,9.769,41.019,0.925
2023-09-26 17:00,14.161,0,0,0,1.225,0,0,0.963
2023-09-26 18:00,14.009,0.001,0,0,1.228,0,0,0.950
2023-09-26 19:00,13.750,0,0,0,1.230,0,0,0.954
2023-09-26 20:00,13.443,0,0,0,1.232,0,0,0.962
2023-09-26 21:00,13.217,0.009,0,0,1.233,0,0,0.948
2023-09-26 22:00,13.272,0.019,0,0,1.233,0,0,0.955
2023-09-26 23:00,13.479,0.039,0,0,1.233,0,0,0.959
2023-09-27 00:00,13.426,0.058,0,0,1.233,0,0,0.975
2023-09-27 01:00,13.573,0.057,0,0,1.232,0,0,0.993
2023-09-27 02:00,13.812,0.058,0,0,1.230,0,0,0.994
2023-09-27 03:00,13.920,0.085,0,0,1.229,0,0,0.994
2023-09-27 04:00,13.995,0.108,0,0,1.228,0.025,0.411,0.992
2023-09-27 05:00,14.138,0.125,0,0,1.228,13.007,100.250,0.992
2023-09-27 06:00,14.404,0.139,0,0,1.227,43.383,270.988,0.987
2023-09-27 07:00,14.689,0.129,0,0,1.225,88.103,421.490,0.744
2023-09-27 08:00,15.711,0.093,0,0,1.221,345.306,541.356,0.103
2023-09-27 09:00,16.742,0.068,0,0,1.217,415.392,622.687,0.141
2023-09-27 10:00,17.784,0.042,0,0,1.212,415.189,659.520,0.243
2023-09-27 11:00,18.402,0.032,0,0,1.208,383.491,649.605,0.317
2023-09-27 12:00,18.551,0.035,0,0,1.207,315.688,593.353,0.643
2023-09-27 13:00,18.523,0.011,0,0,1.206,255.988,494.800,0.954
2023-09-27 14:00,18.220,0,0,0,1.206,158.843,360.587,0.941
2023-09-27 15:00,17.321,0,0,0,1.207,65.594,199.832,0.944
2023-09-27 16:00,15.955,0.001,0,0,1.210,9.093,35.865,0.949
2023-09-27 17:00,15.223,0.001,0,0,1.213,0,0,0.877
2023-09-27 18:00,15.146,0,0,0,1.216,0,0,0.933
2023-09-27 19:00,14.708,0.001,0,0,1.220,0,0,0.927
2023-09-27 20:00,14.036,0.012,0,0,1.223,0,0,0.858
2023-09-27 21:00,13.529,0.022,0,0,1.225,0,0,0.909
2023-09-27 22:00,12.985,0.021,0,0,1.226,0,0,0.839
2023-09-27 23:00,12.638,0.017,0,0,1.227,0,0,0.688
2023-09-28 00:00,12.388,0.008,0,0,1.227,0,0,0.341
2023-09-28 01:00,12.421,0.007,0,0,1.228,0,0,0.011
2023-09-28 02:00,12.956,0.007,0,0,1.228,0,0,0.045
2023-09-28 03:00,13.138,0.012,0,0,1.229,0,0,0.323
2023-09-28 04:00,12.617,0.014,0,0,1.230,0.015,0.082,0.538
2023-09-28 05:00,12.040,0.017,0,0,1.230,37.284,92.363,0.892
2023-09-28 06:00,13.522,0.019,0,0,1.230,136.824,263.157,0.942
2023-09-28 07:00,14.494,0.015,0,0,1.227,201.605,413.740,0.941
2023-09-28 08:00,15.486,0.005,0,0,1.222,242.406,533.606,0.941
2023-09-28 09:00,16.468,0.002,0,0,1.217,289.665,614.945,0.944
2023-09-28 10:00,17.272,0.001,0,0,1.213,318.993,651.792,0.944
2023-09-28 11:00,17.987,0,0,0,1.209,361.578,641.863,0.942
2023-09-28 12:00,18.421,0.001,0,0,1.205,323.853,585.603,0.948
2023-09-28 13:00,18.394,0.001,0,0,1.203,223.339,487.054,0.961
2023-09-28 14:00,17.970,0.001,0,0,1.202,125.611,352.837,0.955
2023-09-28 15:00,17.275,0.001,0,0,1.204,50.436,191.921,0.624
2023-09-28 16:00,16.068,0.011,0,0,1.208,8.898,31.044,0.043
2023-09-28 17:00,15.203,0.023,0,0,1.211,0,0,0
2023-09-28 18:00,14.775,0.025,0,0,1.214,0,0,0.020
2023-09-28 19:00,14.428,0.025,0,0,1.216,0,0,0.505
2023-09-28 20:00,14.161,0.025,0,0,1.218,0,0,0.927
2023-09-28 21:00,14.096,0.015,0,0,1.218,0,0,0.935
2023-09-28 22:00,14.214,0.016,0,0,1.218,0,0,0.911
2023-09-28 23:00,14.168,0.019,0,0,1.218,0,0,0.951
2023-09-29 00:00,14.266,0.019,0,0,1.217,0,0,0.907
2023-09-29 01:00,13.815,0.016,0,0,1.217,0,0,0.971
2023-09-29 02:00,13.848,0.012,0,0,1.216,0,0,0.980
2023-09-29 03:00,14.227,0.021,0,0,1.217,0,0,0.978
2023-09-29 04:00,14.165,0.020,0,0,1.217,0,0.005,0.977
2023-09-29 05:00,14.170,0.016,0,0,1.217,8.156,84.592,0.972
2023-09-29 06:00,14.280,0.020,0,0,1.217,24.164,255.321,0.980
2023-09-29 07:00,14.547,0.017,0,0,1.217,52.046,405.912,0.989
2023-09-29 08:00,14.908,0.011,0,0,1.215,72.496,525.936,0.987
2023-09-29 09:00,15.242,0.006,0,0,1.213,99.919,607.195,0.984
2023-09-29 10:00,15.776,0.007,0,0,1.211,157.977,644.042,0.974
2023-09-29 11:00,16.611,0.010,0,0,1.208,231.228,634.113,0.966
2023-09-29 12:00,17.003,0.017,0,0,1.205,181.192,577.853,0.973
2023-09-29 13:00,16.553,0.021,0,0,1.205,75.463,479.304,0.972
2023-09-29 14:00,16.330,0.018,0,0,1.206,90.628,345.006,0.931
2023-09-29 15:00,15.974,0.007,0,0,1.206,66.195,184.066,0.870
2023-09-29 16:00,15.161,0.004,0,0,1.208,7.541,26.580,0.424
2023-09-29 17:00,14.481,0.022,0,0,1.211,0,0,0.123
2023-09-29 18:00,14.074,0.041,0,0,1.211,0,0,0.092
2023-09-29 19:00,13.991,0.113,0,0,1.212,0,0,0.320
2023-09-29 20:00,14.065,0.268,0,0,1.211,0,0,0.580
2023-09-29 21:00,14.210,0.321,0,0,1.210,0,0,0.666
2023-09-29 22:00,14.314,0.136,0,0,1.208,0,0,0.586
2023-09-29 23:00,14.507,0.096,0,0,1.206,0,0,0.477
2023-09-30 00:00,14.533,0.163,0,0,1.206,0,0,0.460
2023-09-30 01:00,14.358,0.082,0,0,1.207,0,0,0.303
2023-09-30 02:00,13.814,0.037,0,0,1.210,0,0,0.343
2023-09-30 03:00,13.131,0.042,0,0,1.214,0,0,0.419
2023-09-30 04:00,12.636,0.023,0,0,1.217,0,0,0.315
2023-09-30 05:00,12.271,0.009,0,0,1.219,25.969,77.059,0.124
2023-09-30 06:00,12.416,0.005,0,0,1.220,129.400,247.466,0.047
2023-09-30 07:00,13.215,0.005,0,0,1.218,240.422,398.115,0.067
2023-09-30 08:00,14.347,0.005,0,0,1.214,337.174,518.186,0.014
2023-09-30 09:00,15.232,0.007,0,0,1.210,396.392,599.445,0.015
2023-09-30 10:00,15.936,0.006,0,0,1.207,428.796,636.372,0.064
2023-09-30 11:00,16.359,0.007,0,0,1.205,397.229,626.443,0.284
2023-09-30 12:00,16.402,0.017,0,0,1.204,287.201,570.103,0.497
2023-09-30 13:00,16.205,0.052,0,0,1.204,191.827,471.472,0.540
2023-09-30 14:00,15.714,0.095,0,0,1.205,97.650,337.131,0.634
2023-09-30 15:00,15.047,0.130,0,0,1.208,41.967,176.193,0.494
2023-09-30 16:00,14.298,0.120,0,0,1.211,4.640,22.455,0.288
2023-09-30 17:00,13.757,0.049,0,0,1.214,0,0,0.207
2023-09-30 18:00,13.258,0.007,0,0,1.217,0,0,0.121
2023-09-30 19:00,12.497,0.001,0,0,1.221,0,0,0.088
2023-09-30 20:00,12.071,0.005,0,0,1.224,0,0,0.061
2023-09-30 21:00,11.726,0.010,0,0,1.225,0,0,0.030
2023-09-30 22:00,11.461,0.014,0,0,1.227,0,0,0.024
2023-09-30 23:00,11.305,0.017,0,0,1.228,0,0,0.030
2023-10-01 00:00,11.155,0.019,0,0,1.229,0,0,0.039
2023-10-01 01:00,10.989,0.019,0,0,1.230,0,0,0.046
2023-10-01 02:00,10.819,0.019,0,0,1.231,0,0,0.054
2023-10-01 03:00,10.589,0.024,0,0,1.232,0,0,0.074
2023-10-01 04:00,10.347,0.026,0,0,1.234,0,0,0.098
2023-10-01 05:00,10.237,0.025,0,0,1.235,25.941,69.870,0.118
2023-10-01 06:00,10.747,0.011,0,0,1.235,119.073,239.575,0.059
2023-10-01 07:00,11.540,0.001,0,0,1.233,233.983,390.284,0.016
2023-10-01 08:00,12.688,0,0,0,1.230,336.042,510.275,0.005
2023-10-01 09:00,13.914,0,0,0,1.226,399.043,591.681,0.002
2023-10-01 10:00,14.856,0,0,0,1.222,434.385,628.608,0.002
2023-10-01 11:00,15.488,0,0,0,1.219,428.374,618.544,0.002
2023-10-01 12:00,15.824,0,0,0,1.216,378.856,562.353,0.002
2023-10-01 13:00,15.858,0,0,0,1.215,298.405,463.712,0.003
2023-10-01 14:00,15.510,0,0,0,1.215,193.290,329.256,0.002
2023-10-01 15:00,14.195,0,0,0,1.217,81.044,168.278,0.002
2023-10-01 16:00,11.985,0,0,0,1.220,5.841,18.676,0.042
2023-10-01 17:00,11.331,0,0,0,1.224,0,0,0.380
2023-10-01 18:00,11.147,0,0,0,1.228,0,0,0.877
2023-10-01 19:00,10.998,0,0,0,1.231,0,0,0.942
2023-10-01 20:00,10.761,0.001,0,0,1.234,0,0,0.937
2023-10-01 21:00,10.400,0.010,0,0,1.236,0,0,0.754
2023-10-01 22:00,9.711,0.017,0,0,1.238,0,0,0.329
2023-10-01 23:00,9.374,0.020,0,0,1.239,0,0,0.754
2023-10-02 00:00,9.288,0.020,0,0,1.240,0,0,0.603
2023-10-02 01:00,9.132,0.019,0,0,1.240,0,0,0.532
2023-10-02 02:00,9.245,0.016,0,0,1.241,0,0,0.933
2023-10-02 03:00,9.371,0.014,0,0,1.240,0,0,0.942
2023-10-02 04:00,9.698,0.013,0,0,1.239,0,0,0.929
2023-10-02 05:00,10.057,0.018,0,0,1.238,16.289,63.052,0.946
2023-10-02 06:00,10.868,0.046,0,0,1.237,77.048,231.700,0.933
2023-10-02 07:00,11.760,0.110,0,0,1.232,107.007,382.409,0.951
2023-10-02 08:00,12.267,0.170,0,0,1.229,85.361,502.525,0.931
2023-10-02 09:00,12.693,0.116,0,0,1.227,109.389,583.782,0.963
2023-10-02 10:00,13.508,0.050,0,0,1.223,206.363,620.778,0.963
2023-10-02 11:00,14.738,0.026,0,0,1.217,310.702,610.700,0.957
2023-10-02 12:00,15.701,0.015,0,0,1.211,277.474,554.589,0.962
2023-10-02 13:00,16.032,0.016,0,0,1.208,197.161,455.847,0.961
2023-10-02 14:00,15.908,0.020,0,0,1.207,121.842,321.424,0.963
2023-10-02 15:00,15.443,0.012,0,0,1.207,48.263,160.399,0.960
2023-10-02 16:00,14.833,0.004,0,0,1.209,3.464,15.245,0.955
2023-10-02 17:00,14.501,0.003,0,0,1.211,0,0,0.957
2023-10-02 18:00,14.221,0.002,0,0,1.213,0,0,0.953
2023-10-02 19:00,13.936,0.003,0,0,1.214,0,0,0.946
2023-10-02 20:00,13.412,0.005,0,0,1.217,0,0,0.941
2023-10-02 21:00,12.799,0.009,0,0,1.219,0,0,0.954
2023-10-02 22:00,12.562,0.016,0,0,1.221,0,0,0.962
2023-10-02 23:00,12.214,0.019,0,0,1.222,0,0,0.927
2023-10-03 00:00,11.652,0.020,0,0,1.222,0,0,0.944
2023-10-03 01:00,11.688,0.019,0,0,1.224,0,0,0.973
2023-10-03 02:00,11.694,0.016,0,0,1.225,0,0,0.983
2023-10-03 03:00,11.361,0.014,0,0,1.224,0,0,0.971
2023-10-03 04:00,10.892,0.019,0,0,1.224,0,0,0.975
2023-10-03 05:00,11.241,0.040,0,0,1.224,4.580,56.565,0.981
2023-10-03 06:00,11.574,0.026,0,0,1.223,34.951,223.822,0.964
2023-10-03 07:00,11.923,0.023,0,0,1.222,74.717,374.574,0.965
2023-10-03 08:00,12.248,0.027,0,0,1.221,92.539,494.690,0.958
2023-10-03 09:00,12.473,0.029,0,0,1.219,112.544,576.024,0.960
2023-10-03 10:00,12.746,0.080,0,0,1.217,154.150,612.879,0.961
2023-10-03 11:00,12.828,0.488,0,0,1.216,163.365,602.950,0.986
2023-10-03 12:00,12.112,1.767,0,0,1.216,79.474,546.603,0.988
2023-10-03 13:00,11.399,4.696,0,0,1.217,46.429,448.012,0.981
2023-10-03 14:00,10.713,4.976,0,0,1.219,32.983,313.549,0.984
2023-10-03 15:00,9.991,2.404,0,0,1.220,12.618,152.487,0.989
2023-10-03 16:00,9.703,0.367,0,0,1.220,0.648,12.165,0.992
2023-10-03 17:00,9.579,0.087,0,0,1.219,0,0,0.990
2023-10-03 18:00,9.652,0.062,0,0,1.220,0,0,0.792
2023-10-03 19:00,9.624,0.087,0,0,1.220,0,0,0.527
2023-10-03 20:00,9.661,0.100,0,0,1.221,0,0,0.581
2023-10-03 21:00,9.739,0.122,0,0,1.221,0,0,0.537
2023-10-03 22:00,9.756,0.080,0,0,1.221,0,0,0.588
2023-10-03 23:00,9.635,0.035,0,0,1.222,0,0,0.705
2023-10-04 00:00,9.487,0.027,0,0,1.223,0,0,0.849
2023-10-04 01:00,9.503,0.014,0,0,1.223,0,0,0.956
2023-10-04 02:00,9.404,0.017,0,0,1.224,0,0,0.789
2023-10-04 03:00,9.306,0.022,0,0,1.224,0,0,0.332
2023-10-04 04:00,9.256,0.021,0,0,1.225,0,0,0.260
2023-10-04 05:00,9.360,0.024,0,0,1.225,17.331,50.441,0.270
2023-10-04 06:00,9.922,0.023,0,0,1.224,101.049,215.910,0.243
2023-10-04 07:00,10.841,0.017,0,0,1.221,202.447,366.699,0.337
2023-10-04 08:00,11.864,0.004,0,0,1.217,285.888,486.819,0.368
2023-10-04 09:00,12.813,0.002,0,0,1.214,306.430,568.032,0.496
2023-10-04 10:00,13.554,0.006,0,0,1.211,315.187,605.108,0.346
2023-10-04 11:00,14.254,0.011,0,0,1.209,377.100,595.044,0.083
2023-10-04 12:00,14.689,0.014,0,0,1.207,358.773,538.853,0.029
2023-10-04 13:00,14.776,0.020,0,0,1.206,286.245,440.130,0.054
2023-10-04 14:00,14.493,0.027,0,0,1.207,174.561,305.674,0.150
2023-10-04 15:00,13.757,0.024,0,0,1.210,66.087,144.571,0.115
2023-10-04 16:00,12.761,0.020,0,0,1.214,2.702,9.435,0.106
2023-10-04 17:00,12.142,0.008,0,0,1.218,0,0,0.106
2023-10-04 18:00,11.754,0.005,0,0,1.221,0,0,0.135
2023-10-04 19:00,11.448,0.003,0,0,1.223,0,0,0.328
2023-10-04 20:00,11.157,0.002,0,0,1.224,0,0,0.744
2023-10-04 21:00,10.458,0.002,0,0,1.227,0,0,0.894
2023-10-04 22:00,9.489,0.009,0,0,1.230,0,0,0.954
2023-10-04 23:00,9.008,0.015,0,0,1.231,0,0,0.980
2023-10-05 00:00,8.835,0.019,0,0,1.231,0,0,0.992
2023-10-05 01:00,8.730,0.035,0,0,1.232,0,0,0.989
2023-10-05 02:00,8.572,0.115,0,0,1.232,0,0,0.985
2023-10-05 03:00,8.463,0.252,0,0,1.234,0,0,0.981
2023-10-05 04:00,8.501,0.263,0,0,1.235,0,0,0.979
2023-10-05 05:00,8.377,0.230,0,0,1.237,5.366,44.656,0.979
2023-10-05 06:00,8.355,0.217,0,0,1.238,32.427,207.994,0.978
2023-10-05 07:00,8.500,0.160,0,0,1.238,80.222,358.753,0.978
2023-10-05 08:00,8.864,0.087,0,0,1.238,125.467,478.937,0.977
2023-10-05 09:00,9.456,0.034,0,0,1.237,175.214,560.282,0.981
2023-10-05 10:00,10.027,0.006,0,0,1.236,212.205,597.209,0.984
2023-10-05 11:00,10.432,0.002,0,0,1.236,245.316,587.280,0.967
2023-10-05 12:00,10.516,0.001,0,0,1.237,244.236,530.941,0.830
2023-10-05 13:00,10.341,0.001,0,0,1.239,243.309,432.255,0.443
2023-10-05 14:00,9.787,0,0,0,1.242,164.688,297.725,0.222
2023-10-05 15:00,8.831,0,0,0,1.246,65.058,136.656,0.029
2023-10-05 16:00,7.417,0,0,0,1.252,2.182,7.056,0.005
2023-10-05 17:00,6.345,0,0,0,1.256,0,0,0.001
2023-10-05 18:00,5.035,0,0,0,1.260,0,0,0.001
2023-10-05 19:00,4.413,0,0,0,1.262,0,0,0
2023-10-05 20:00,4.007,0,0,0,1.264,0,0,0
2023-10-05 21:00,3.682,0,0,0,1.265,0,0,0.001
2023-10-05 22:00,3.523,0,0,0,1.265,0,0,0.005
2023-10-05 23:00,3.415,0,0,0,1.265,0,0,0.100
2023-10-06 00:00,3.387,0,0,0,1.264,0,0,0.628
2023-10-06 01:00,3.451,0,0,0,1.263,0,0,0.934
2023-10-06 02:00,3.774,0,0,0,1.262,0,0,0.936
2023-10-06 03:00,4.225,0,0,0,1.261,0,0,0.936
2023-10-06 04:00,4.689,0,0,0,1.260,0,0,0.953
2023-10-06 05:00,5.464,0.001,0,0,1.258,8.298,39.222,0.968
2023-10-06 06:00,7.035,0,0,0,1.255,52.694,200.116,0.990
2023-10-06 07:00,7.929,0.002,0,0,1.251,95.110,350.871,0.993
2023-10-06 08:00,9.014,0.017,0,0,1.245,146.472,470.988,0.992
2023-10-06 09:00,9.828,0.102,0,0,1.239,125.777,552.362,0.993
2023-10-06 10:00,10.299,0.316,0,0,1.234,121.933,589.365,0.990
2023-10-06 11:00,10.594,0.623,0,0,1.229,118.533,579.280,0.983
2023-10-06 12:00,10.306,1.921,0,0,1.227,87.136,523.089,0.991
2023-10-06 13:00,9.873,2.270,0,0,1.225,31.474,424.306,0.992
2023-10-06 14:00,10.073,0.671,0,0,1.220,16.839,289.843,0.987
2023-10-06 15:00,10.678,0.095,0,0,1.213,15.086,128.762,0.964
2023-10-06 16:00,11.200,0.098,0,0,1.207,0.399,5.023,0.975
2023-10-06 17:00,12.086,0.142,0,0,1.200,0,0,0.957
2023-10-06 18:00,12.740,0.206,0,0,1.194,0,0,0.525
2023-10-06 19:00,12.893,0.273,0,0,1.191,0,0,0.590
2023-10-06 20:00,12.866,0.249,0,0,1.191,0,0,0.649
2023-10-06 21:00,12.771,0.305,0,0,1.191,0,0,0.632
2023-10-06 22:00,12.634,0.447,0,0,1.192,0,0,0.613
2023-10-06 23:00,11.934,0.231,0,0,1.197,0,0,0.540
2023-10-07 00:00,9.918,0.138,0,0,1.209,0,0,0.569
2023-10-07 01:00,7.751,0.029,0,0,1.223,0,0,0.593
2023-10-07 02:00,6.826,0.014,0,0,1.229,0,0,0.499
2023-10-07 03:00,6.567,0.008,0,0,1.232,0,0,0.411
2023-10-07 04:00,6.049,0.008,0,0,1.236,0,0,0.252
2023-10-07 05:00,5.406,0.003,0,0,1.241,11.795,34.150,0.043
2023-10-07 06:00,5.384,0.001,0,0,1.244,106.580,192.204,0.028
2023-10-07 07:00,6.057,0.001,0,0,1.243,220.945,342.996,0.027
2023-10-07 08:00,6.916,0,0,0,1.241,320.737,463.113,0.011
2023-10-07 09:00,7.789,0,0,0,1.239,393.038,544.518,0.005
2023-10-07 10:00,8.515,0,0,0,1.237,428.649,581.445,0.008
2023-10-07 11:00,8.955,0,0,0,1.236,419.311,571.382,0.011
2023-10-07 12:00,9.134,0,0,0,1.236,366.465,515.191,0.015
2023-10-07 13:00,9.040,0,0,0,1.237,283.437,416.431,0.027
2023-10-07 14:00,8.682,0,0,0,1.239,171.922,281.968,0.047
2023-10-07 15:00,8.006,0,0,0,1.242,59.006,120.865,0.041
2023-10-07 16:00,7.157,0,0,0,1.246,0.877,3.338,0.051
2023-10-07 17:00,6.593,0,0,0,1.249,0,0,0.069
2023-10-07 18:00,6.216,0,0,0,1.251,0,0,0.087
2023-10-07 19:00,5.930,0,0,0,1.253,0,0,0.135
2023-10-07 20:00,5.664,0,0,0,1.255,0,0,0.171
2023-10-07 21:00,5.370,0,0,0,1.257,0,0,0.136
2023-10-07 22:00,4.971,0,0,0,1.260,0,0,0.099
2023-10-07 23:00,4.618,0,0,0,1.262,0,0,0.107
2023-10-08 00:00,4.378,0,0,0,1.264,0,0,0.137
2023-10-08 01:00,4.225,0.001,0,0,1.265,0,0,0.146
2023-10-08 02:00,4.167,0.001,0,0,1.266,0,0,0.139
2023-10-08 03:00,4.190,0.002,0,0,1.266,0,0,0.139
2023-10-08 04:00,4.287,0.003,0,0,1.266,0,0,0.136
2023-10-08 05:00,4.390,0.005,0,0,1.267,10.132,29.437,0.133
2023-10-08 06:00,4.846,0.006,0,0,1.266,91.207,184.325,0.126
2023-10-08 07:00,5.681,0.006,0,0,1.265,195.070,335.047,0.105
2023-10-08 08:00,6.622,0.003,0,0,1.262,291.228,455.231,0.081
2023-10-08 09:00,7.497,0.001,0,0,1.259,359.330,536.532,0.061
2023-10-08 10:00,8.261,0,0,0,1.257,397.124,573.459,0.047
2023-10-08 11:00,8.820,0,0,0,1.255,395.132,563.530,0.040
2023-10-08 12:00,9.115,0,0,0,1.253,349.888,507.191,0.034
2023-10-08 13:00,9.149,0,0,0,1.253,272.346,408.549,0.027
2023-10-08 14:00,8.870,0,0,0,1.253,168.222,274.019,0.018
2023-10-08 15:00,7.982,0,0,0,1.255,56.302,112.998,0.014
2023-10-08 16:00,6.351,0,0,0,1.260,0.520,2.007,0.013
2023-10-08 17:00,4.976,0,0,0,1.264,0,0,0.050
2023-10-08 18:00,4.523,0,0,0,1.267,0,0,0.350
2023-10-08 19:00,4.858,0,0,0,1.270,0,0,0.776
2023-10-08 20:00,5.192,0,0,0,1.269,0,0,0.926
2023-10-08 21:00,4.895,0,0,0,1.270,0,0,0.968
2023-10-08 22:00,4.724,0,0,0,1.270,0,0,0.978
2023-10-08 23:00,4.531,0,0,0,1.271,0,0,0.990
2023-10-09 00:00,4.449,0,0,0,1.271,0,0,0.995
2023-10-09 01:00,4.308,0,0,0,1.271,0,0,0.991
2023-10-09 02:00,4.186,0,0,0,1.271,0,0,0.929
2023-10-09 03:00,3.932,0,0,0,1.272,0,0,0.782
2023-10-09 04:00,3.900,0,0,0,1.272,0,0,0.682
2023-10-09 05:00,3.573,0,0,0,1.273,7.007,25.071,0.514
2023-10-09 06:00,4.131,0,0,0,1.271,90.802,176.433,0.074
2023-10-09 07:00,5.315,0,0,0,1.267,214.602,327.165,0.005
2023-10-09 08:00,6.778,0,0,0,1.261,313.887,447.281,0.004
2023-10-09 09:00,8.042,0,0,0,1.256,382.930,528.619,0.248
2023-10-09 10:00,8.890,0,0,0,1.252,409.215,565.467,0.905
2023-10-09 11:00,9.361,0,0,0,1.249,391.967,555.538,0.945
2023-10-09 12:00,9.484,0,0,0,1.248,321.017,499.309,0.949
2023-10-09 13:00,9.254,0,0,0,1.247,201.275,400.600,0.947
2023-10-09 14:00,8.660,0,0,0,1.248,115.155,266.137,0.910
2023-10-09 15:00,6.930,0,0,0,1.249,40.433,105.116,0.703
2023-10-09 16:00,5.205,0,0,0,1.252,0.255,1.028,0.279
2023-10-09 17:00,4.626,0,0,0,1.255,0,0,0.281
2023-10-09 18:00,4.414,0,0,0,1.257,0,0,0.408
2023-10-09 19:00,4.190,0,0,0,1.258,0,0,0.636
2023-10-09 20:00,3.737,0,0,0,1.260,0,0,0.938
2023-10-09 21:00,3.299,0,0,0,1.262,0,0,0.905
2023-10-09 22:00,3.213,0,0,0,1.264,0,0,0.798
2023-10-09 23:00,2.942,0,0,0,1.266,0,0,0.662
2023-10-10 00:00,2.829,0,0,0,1.267,0,0,0.821
2023-10-10 01:00,3.501,0.001,0,0,1.269,0,0,0.977
2023-10-10 02:00,3.950,0.001,0,0,1.270,0,0,0.977
2023-10-10 03:00,3.220,0,0,0,1.271,0,0,0.968
2023-10-10 04:00,3.018,0,0,0,1.271,0,0,0.965
2023-10-10 05:00,3.131,0,0,0,1.271,5.617,21.061,0.966
2023-10-10 06:00,4.034,0,0,0,1.270,57.741,168.560,0.955
2023-10-10 07:00,5.169,0,0,0,1.266,185.371,319.290,0.952
2023-10-10 08:00,6.755,0,0,0,1.260,277.640,439.406,0.949
2023-10-10 09:00,8.049,0,0,0,1.254,354.068,520.619,0.943
2023-10-10 10:00,9.001,0,0,0,1.249,397.289,557.695,0.938
2023-10-10 11:00,9.622,0,0,0,1.245,390.948,547.618,0.925
2023-10-10 12:00,9.974,0,0,0,1.241,337.592,491.359,0.947
2023-10-10 13:00,9.886,0,0,0,1.239,222.479,392.725,0.946
2023-10-10 14:00,9.372,0,0,0,1.239,123.617,258.262,0.943
2023-10-10 15:00,8.305,0,0,0,1.241,34.812,97.252,0.941
2023-10-10 16:00,7.561,0,0,0,1.244,0.076,0.388,0.941
2023-10-10 17:00,7.065,0,0,0,1.245,0,0,0.945
2023-10-10 18:00,7.121,0.016,0,0,1.244,0,0,0.965
2023-10-10 19:00,7.508,0.157,0,0,1.241,0,0,0.980
2023-10-10 20:00,7.921,0.423,0,0,1.237,0,0,0.985
2023-10-10 21:00,8.520,0.799,0,0,1.232,0,0,0.983
2023-10-10 22:00,9.247,0.620,0,0,1.226,0,0,0.985
2023-10-10 23:00,9.572,0.140,0,0,1.222,0,0,0.976
2023-10-11 00:00,9.838,0.043,0,0,1.219,0,0,0.966
2023-10-11 01:00,10.198,0.031,0,0,1.215,0,0,0.960
2023-10-11 02:00,10.565,0.025,0,0,1.212,0,0,0.954
2023-10-11 03:00,10.986,0.015,0,0,1.208,0,0,0.949
2023-10-11 04:00,11.370,0.009,0,0,1.205,0,0,0.945
2023-10-11 05:00,11.663,0.010,0,0,1.203,4.001,17.408,0.954
2023-10-11 06:00,12.135,0.010,0,0,1.200,36.498,160.707,0.981
2023-10-11 07:00,12.740,0.007,0,0,1.196,65.309,311.415,0.986
2023-10-11 08:00,13.462,0.009,0,0,1.192,122.763,431.446,0.973
2023-10-11 09:00,14.394,0.020,0,0,1.187,218.076,512.781,0.949
2023-10-11 10:00,15.026,0.036,0,0,1.183,241.072,549.703,0.977
2023-10-11 11:00,15.153,0.100,0,0,1.180,145.998,539.639,0.935
2023-10-11 12:00,15.384,0.058,0,0,1.178,185.296,483.477,0.640
2023-10-11 13:00,15.539,0.008,0,0,1.178,226.883,384.768,0.168
2023-10-11 14:00,14.470,0.001,0,0,1.185,145.485,250.411,0.033
2023-10-11 15:00,12.842,0,0,0,1.193,41.520,89.417,0.016
2023-10-11 16:00,11.679,0,0,0,1.199,0.016,0.083,0.057
2023-10-11 17:00,11.257,0,0,0,1.202,0,0,0.176
2023-10-11 18:00,11.003,0,0,0,1.203,0,0,0.103
2023-10-11 19:00,10.680,0,0,0,1.205,0,0,0.056
2023-10-11 20:00,10.352,0,0,0,1.207,0,0,0.013
2023-10-11 21:00,10.083,0,0,0,1.208,0,0,0.028
2023-10-11 22:00,9.963,0,0,0,1.208,0,0,0.082
2023-10-11 23:00,9.960,0,0,0,1.207,0,0,0.181
2023-10-12 00:00,10.059,0.001,0,0,1.206,0,0,0.412
2023-10-12 01:00,10.230,0.008,0,0,1.205,0,0,0.579
2023-10-12 02:00,10.259,0.014,0,0,1.205,0,0,0.523
2023-10-12 03:00,10.171,0.004,0,0,1.205,0,0,0.176
2023-10-12 04:00,9.802,0.001,0,0,1.208,0,0,0.042
2023-10-12 05:00,9.357,0,0,0,1.211,4.542,14.112,0.008
2023-10-12 06:00,9.398,0,0,0,1.213,80.106,152.832,0.007
2023-10-12 07:00,10.116,0,0,0,1.212,192.234,303.466,0.008
2023-10-12 08:00,11.089,0,0,0,1.209,288.954,423.571,0.009
2023-10-12 09:00,11.924,0,0,0,1.206,356.708,504.862,0.012
2023-10-12 10:00,12.455,0,0,0,1.204,386.485,541.717,0.021
2023-10-12 11:00,12.704,0.001,0,0,1.203,374.948,531.788,0.029
2023-10-12 12:00,12.726,0,0,0,1.204,328.339,475.528,0.024
2023-10-12 13:00,12.552,0,0,0,1.205,249.574,376.893,0.026
2023-10-12 14:00,12.158,0.001,0,0,1.207,142.871,242.556,0.059
2023-10-12 15:00,11.513,0.001,0,0,1.211,35.983,81.721,0.098
2023-10-12 16:00,10.810,0,0,0,1.216,0.002,0.008,0.054
2023-10-12 17:00,10.168,0,0,0,1.221,0,0,0.028
2023-10-12 18:00,9.382,0,0,0,1.226,0,0,0.020
2023-10-12 19:00,8.586,0,0,0,1.231,0,0,0.016
2023-10-12 20:00,7.745,0,0,0,1.235,0,0,0.043
2023-10-12 21:00,7.228,0,0,0,1.239,0,0,0.027
2023-10-12 22:00,6.752,0,0,0,1.242,0,0,0.044
2023-10-12 23:00,6.402,0,0,0,1.244,0,0,0.203
2023-10-13 00:00,6.251,0,0,0,1.246,0,0,0.498
2023-10-13 01:00,6.013,0.001,0,0,1.248,0,0,0.797
2023-10-13 02:00,6.096,0.001,0,0,1.249,0,0,0.928
2023-10-13 03:00,5.597,0.002,0,0,1.250,0,0,0.970
2023-10-13 04:00,5.799,0.002,0,0,1.251,0,0,0.967
2023-10-13 05:00,5.600,0.002,0,0,1.251,2.663,11.166,0.961
2023-10-13 06:00,5.824,0.001,0,0,1.251,52.798,145.017,0.833
2023-10-13 07:00,6.682,0,0,0,1.248,167.102,295.631,0.934
2023-10-13 08:00,7.801,0,0,0,1.243,242.917,415.696,0.937
2023-10-13 09:00,8.827,0,0,0,1.239,280.052,496.909,0.936
2023-10-13 10:00,9.576,0,0,0,1.234,282.829,533.797,0.938
2023-10-13 11:00,9.892,0,0,0,1.231,226.060,523.868,0.942
2023-10-13 12:00,9.752,0,0,0,1.229,134.706,467.653,0.976
2023-10-13 13:00,9.285,0.005,0,0,1.228,62.322,369.018,0.981
2023-10-13 14:00,8.814,0.243,0,0,1.228,28.893,234.681,0.979
2023-10-13 15:00,8.337,1.938,0,0,1.228,7.074,74.322,0.985
2023-10-13 16:00,7.907,2.694,0,0,1.226,0,0.001,0.989
2023-10-13 17:00,8.384,1.911,0,0,1.219,0,0,0.990
2023-10-13 18:00,9.371,1.395,0,0,1.210,0,0,0.988
2023-10-13 19:00,10.237,0.756,0,0,1.202,0,0,0.975
2023-10-13 20:00,10.887,0.334,0,0,1.196,0,0,0.966
2023-10-13 21:00,11.385,0.145,0,0,1.191,0,0,0.963
2023-10-13 22:00,11.780,0.082,0,0,1.189,0,0,0.710
2023-10-13 23:00,12.166,0.044,0,0,1.186,0,0,0.478
2023-10-14 00:00,12.189,0.033,0,0,1.186,0,0,0.831
2023-10-14 01:00,11.424,0.017,0,0,1.192,0,0,0.954
2023-10-14 02:00,10.669,0.008,0,0,1.198,0,0,0.949
2023-10-14 03:00,10.191,0.007,0,0,1.200,0,0,0.910
2023-10-14 04:00,9.824,0.006,0,0,1.202,0,0,0.821
2023-10-14 05:00,9.418,0.004,0,0,1.203,2.294,8.569,0.210
2023-10-14 06:00,9.435,0.002,0,0,1.204,71.189,137.188,0.028
2023-10-14 07:00,10.047,0,0,0,1.202,181.372,287.759,0.008
2023-10-14 08:00,10.788,0.002,0,0,1.199,277.160,407.740,0.024
2023-10-14 09:00,11.232,0.007,0,0,1.197,329.399,489.027,0.088
2023-10-14 10:00,11.469,0.013,0,0,1.196,333.849,525.804,0.243
2023-10-14 11:00,11.442,0.021,0,0,1.196,270.957,515.875,0.318
2023-10-14 12:00,11.331,0.038,0,0,1.196,220.944,459.767,0.344
2023-10-14 13:00,11.064,0.066,0,0,1.197,155.414,361.143,0.503
2023-10-14 14:00,10.613,0.120,0,0,1.198,58.018,226.851,0.696
2023-10-14 15:00,10.217,0.168,0,0,1.200,7.538,67.280,0.785
2023-10-14 16:00,9.968,0.139,0,0,1.201,0,0,0.651
2023-10-14 17:00,9.807,0.038,0,0,1.202,0,0,0.512
2023-10-14 18:00,9.687,0.008,0,0,1.203,0,0,0.308
2023-10-14 19:00,9.566,0.001,0,0,1.204,0,0,0.248
2023-10-14 20:00,9.477,0,0,0,1.204,0,0,0.410
2023-10-14 21:00,9.443,0.002,0,0,1.204,0,0,0.843
2023-10-14 22:00,9.358,0.013,0,0,1.205,0,0,0.823
2023-10-14 23:00,9.057,0.040,0,0,1.207,0,0,0.736
2023-10-15 00:00,8.482,0.105,0,0,1.210,0,0,0.517
2023-10-15 01:00,7.766,0.145,0,0,1.214,0,0,0.420
2023-10-15 02:00,7.155,0.088,0,0,1.218,0,0,0.749
2023-10-15 03:00,6.727,0.031,0,0,1.222,0,0,0.853
2023-10-15 04:00,6.366,0.007,0,0,1.225,0,0,0.782
2023-10-15 05:00,6.077,0.001,0,0,1.228,1.699,6.324,0.747
2023-10-15 06:00,6.387,0,0,0,1.229,58.023,129.436,0.781
2023-10-15 07:00,7.464,0,0,0,1.227,159.397,279.959,0.784
2023-10-15 08:00,8.618,0,0,0,1.224,252.962,399.869,0.729
2023-10-15 09:00,9.278,0,0,0,1.223,328.750,481.078,0.536
2023-10-15 10:00,9.626,0,0,0,1.223,362.249,518.033,0.656
2023-10-15 11:00,9.781,0,0,0,1.223,348.382,508.036,0.841
2023-10-15 12:00,9.750,0,0,0,1.224,293.005,451.818,0.741
2023-10-15 13:00,9.545,0,0,0,1.225,211.457,353.272,0.657
2023-10-15 14:00,9.088,0,0,0,1.227,107.765,219.040,0.541
2023-10-15 15:00,8.295,0,0,0,1.230,23.225,60.590,0.345
2023-10-15 16:00,7.447,0,0,0,1.235,0,0,0.307
2023-10-15 17:00,6.919,0,0,0,1.238,0,0,0.244
2023-10-15 18:00,6.372,0,0,0,1.241,0,0,0.249
2023-10-15 19:00,5.557,0.001,0,0,1.245,0,0,0.310
2023-10-15 20:00,5.297,0.001,0,0,1.248,0,0,0.325
2023-10-15 21:00,4.969,0.001,0,0,1.250,0,0,0.327
2023-10-15 22:00,4.553,0.001,0,0,1.253,0,0,0.321
2023-10-15 23:00,4.179,0,0,0,1.256,0,0,0.308
2023-10-16 00:00,3.839,0,0,0,1.258,0,0,0.303
2023-10-16 01:00,3.500,0,0,0,1.261,0,0,0.295
2023-10-16 02:00,3.102,0,0,0,1.264,0,0,0.251
2023-10-16 03:00,2.738,0,0,0,1.266,0,0,0.181
2023-10-16 04:00,2.505,0,0,0,1.268,0,0,0.184
2023-10-16 05:00,2.340,0,0,0,1.269,1.235,4.432,0.212
2023-10-16 06:00,2.634,0,0,0,1.269,58.708,121.647,0.191
2023-10-16 07:00,3.745,0,0,0,1.266,165.040,272.127,0.185
2023-10-16 08:00,5.190,0,0,0,1.261,259.473,391.994,0.166
2023-10-16 09:00,6.489,0,0,0,1.255,331.825,473.203,0.107
2023-10-16 10:00,7.503,0,0,0,1.251,368.128,510.047,0.050
2023-10-16 11:00,8.117,0,0,0,1.248,360.159,500.047,0.049
2023-10-16 12:00,8.367,0,0,0,1.247,311.477,443.947,0.068
2023-10-16 13:00,8.266,0,0,0,1.246,227.089,345.437,0.069
2023-10-16 14:00,7.790,0,0,0,1.247,122.193,211.250,0.047
2023-10-16 15:00,6.887,0,0,0,1.250,24.030,54.273,0.018
2023-10-16 16:00,6.071,0,0,0,1.254,0,0,0.006
2023-10-16 17:00,5.352,0,0,0,1.258,0,0,0.003
2023-10-16 18:00,4.492,0,0,0,1.262,0,0,0.027
2023-10-16 19:00,4.137,0,0,0,1.264,0,0,0.133
2023-10-16 20:00,3.955,0,0,0,1.265,0,0,0.397
2023-10-16 21:00,3.908,0,0,0,1.266,0,0,0.477
2023-10-16 22:00,3.837,0.001,0,0,1.266,0,0,0.597
2023-10-16 23:00,3.971,0.003,0,0,1.264,0,0,0.860
2023-10-17 00:00,4.411,0.028,0,0,1.263,0,0,0.923
2023-10-17 01:00,4.252,0.076,0,0,1.263,0,0,0.919
2023-10-17 02:00,4.117,0.075,0,0,1.264,0,0,0.923
2023-10-17 03:00,4.057,0.033,0,0,1.264,0,0,0.905
2023-10-17 04:00,4.071,0.018,0,0,1.264,0,0,0.909
2023-10-17 05:00,4.145,0.020,0,0,1.263,0.322,2.886,0.944
2023-10-17 06:00,4.395,0.024,0,0,1.263,20.240,113.928,0.954
2023-10-17 07:00,4.846,0.034,0,0,1.261,63.291,264.303,0.951
2023-10-17 08:00,5.403,0.049,0,0,1.259,102.492,384.159,0.983
2023-10-17 09:00,6.085,0.041,0,0,1.255,124.285,465.328,0.992
2023-10-17 10:00,7.050,0.020,0,0,1.250,170.732,502.169,0.985
2023-10-17 11:00,7.982,0.048,0,0,1.244,190.185,492.172,0.985
2023-10-17 12:00,8.455,0.219,0,0,1.240,131.508,436.072,0.992
2023-10-17 13:00,8.521,0.585,0,0,1.237,59.981,337.606,0.995
2023-10-17 14:00,8.573,0.651,0,0,1.235,19.430,203.496,0.988
2023-10-17 15:00,8.463,0.268,0,0,1.236,4.751,48.322,0.905
2023-10-17 16:00,8.250,0.081,0,0,1.237,0,0,0.606
2023-10-17 17:00,7.926,0.047,0,0,1.238,0,0,0.530
2023-10-17 18:00,7.607,0.057,0,0,1.241,0,0,0.629
2023-10-17 19:00,7.457,0.061,0,0,1.243,0,0,0.767
2023-10-17 20:00,7.226,0.034,0,0,1.244,0,0,0.748
2023-10-17 21:00,6.841,0.023,0,0,1.247,0,0,0.736
2023-10-17 22:00,6.561,0.021,0,0,1.249,0,0,0.694
2023-10-17 23:00,6.333,0.023,0,0,1.250,0,0,0.719
2023-10-18 00:00,6.157,0.026,0,0,1.252,0,0,0.741
2023-10-18 01:00,5.870,0.025,0,0,1.254,0,0,0.817
2023-10-18 02:00,5.478,0.024,0,0,1.257,0,0,0.928
2023-10-18 03:00,5.241,0.035,0,0,1.259,0,0,0.932
2023-10-18 04:00,5.124,0.040,0,0,1.261,0,0,0.872
2023-10-18 05:00,5.014,0.030,0,0,1.262,0.113,1.679,0.801
2023-10-18 06:00,5.049,0.015,0,0,1.263,19.760,106.232,0.679
2023-10-18 07:00,5.379,0.005,0,0,1.264,102.734,256.550,0.318
2023-10-18 08:00,6.170,0.002,0,0,1.262,215.125,376.369,0.076
2023-10-18 09:00,7.100,0.001,0,0,1.260,309.033,457.457,0.022
2023-10-18 10:00,7.652,0,0,0,1.258,346.483,494.294,0.014
2023-10-18 11:00,7.893,0.001,0,0,1.258,337.341,484.337,0.025
2023-10-18 12:00,7.871,0.001,0,0,1.257,285.854,428.197,0.057
2023-10-18 13:00,7.552,0.004,0,0,1.258,196.287,329.816,0.206
2023-10-18 14:00,6.849,0.005,0,0,1.260,86.391,195.766,0.342
2023-10-18 15:00,5.485,0.005,0,0,1.263,12.999,42.729,0.229
2023-10-18 16:00,4.123,0.005,0,0,1.267,0,0,0.192
2023-10-18 17:00,3.493,0.007,0,0,1.270,0,0,0.152
2023-10-18 18:00,2.848,0.009,0,0,1.272,0,0,0.134
2023-10-18 19:00,2.380,0.008,0,0,1.274,0,0,0.146
2023-10-18 20:00,2.076,0.009,0,0,1.276,0,0,0.176
2023-10-18 21:00,1.981,0.014,0,0,1.277,0,0,0.328
2023-10-18 22:00,2.530,0.019,0,0,1.280,0,0,0.620
2023-10-18 23:00,2.592,0.019,0,0,1.282,0,0,0.792
2023-10-19 00:00,2.488,0.022,0,0,1.283,0,0,0.788
2023-10-19 01:00,2.340,0.023,0,0,1.284,0,0,0.771
2023-10-19 02:00,1.974,0.025,0.002,0,1.285,0,0,0.621
2023-10-19 03:00,1.803,0.015,0.002,0,1.286,0,0,0.644
2023-10-19 04:00,1.703,0.008,0.001,0,1.286,0,0,0.607
2023-10-19 05:00,1.644,0.008,0.001,0,1.286,0.104,0.814,0.574
2023-10-19 06:00,1.807,0.018,0.002,0,1.286,27.332,98.556,0.598
2023-10-19 07:00,2.300,0.024,0.001,0,1.284,76.819,248.800,0.681
2023-10-19 08:00,2.969,0.065,0,0,1.281,122.148,368.537,0.508
2023-10-19 09:00,3.738,0.127,0,0,1.277,187.709,449.622,0.399
2023-10-19 10:00,4.082,0.125,0,0,1.275,229.178,486.462,0.348
2023-10-19 11:00,4.089,0.060,0,0,1.276,235.253,476.466,0.321
2023-10-19 12:00,4.014,0.032,0,0,1.276,202.946,420.440,0.324
2023-10-19 13:00,3.665,0.028,0,0,1.277,142.642,322.059,0.313
2023-10-19 14:00,3.023,0.030,0,0,1.279,75.850,188.079,0.350
2023-10-19 15:00,2.195,0.026,0,0,1.282,9.867,37.481,0.404
2023-10-19 16:00,1.788,0.024,0,0,1.284,0,0,0.411
2023-10-19 17:00,1.628,0.034,0.001,0,1.285,0,0,0.411
2023-10-19 18:00,1.670,0.053,0.001,0,1.284,0,0,0.441
2023-10-19 19:00,1.869,0.073,0,0,1.283,0,0,0.424
2023-10-19 20:00,2.183,0.104,0,0,1.282,0,0,0.505
2023-10-19 21:00,2.515,0.138,0,0,1.280,0,0,0.571
2023-10-19 22:00,2.785,0.120,0,0,1.278,0,0,0.627
2023-10-19 23:00,2.985,0.114,0,0,1.277,0,0,0.633
2023-10-20 00:00,3.153,0.118,0,0,1.276,0,0,0.657
2023-10-20 01:00,3.321,0.115,0,0,1.275,0,0,0.683
2023-10-20 02:00,3.514,0.103,0,0,1.274,0,0,0.686
2023-10-20 03:00,3.686,0.098,0,0,1.274,0,0,0.671
2023-10-20 04:00,3.780,0.098,0,0,1.274,0,0,0.630
2023-10-20 05:00,3.752,0.090,0,0,1.274,0.026,0.284,0.580
2023-10-20 06:00,3.739,0.085,0,0,1.275,20.286,90.942,0.542
2023-10-20 07:00,3.923,0.098,0,0,1.275,79.330,241.112,0.505
2023-10-20 08:00,4.240,0.096,0,0,1.275,129.929,360.787,0.539
2023-10-20 09:00,4.610,0.088,0,0,1.274,173.552,441.751,0.498
2023-10-20 10:00,4.948,0.097,0,0,1.273,199.535,478.587,0.426
2023-10-20 11:00,5.175,0.085,0,0,1.272,216.227,468.631,0.412
2023-10-20 12:00,5.175,0.063,0,0,1.271,181.248,412.615,0.406
2023-10-20 13:00,4.944,0.054,0,0,1.272,132.526,314.349,0.373
2023-10-20 14:00,4.520,0.038,0,0,1.273,66.199,180.393,0.342
2023-10-20 15:00,4.053,0.028,0,0,1.274,8.167,32.608,0.320
2023-10-20 16:00,3.794,0.024,0,0,1.276,0,0,0.320
2023-10-20 17:00,3.809,0.024,0,0,1.276,0,0,0.344
2023-10-20 18:00,3.938,0.026,0,0,1.275,0,0,0.414
2023-10-20 19:00,4.018,0.027,0,0,1.274,0,0,0.419
2023-10-20 20:00,4.004,0.032,0,0,1.274,0,0,0.460
2023-10-20 21:00,4.080,0.036,0,0,1.274,0,0,0.504
2023-10-20 22:00,4.165,0.038,0,0,1.274,0,0,0.416
2023-10-20 23:00,4.241,0.030,0,0,1.272,0,0,0.564
2023-10-21 00:00,4.331,0.022,0,0,1.272,0,0,0.715
2023-10-21 01:00,4.317,0.022,0,0,1.271,0,0,0.943
2023-10-21 02:00,4.343,0.012,0,0,1.270,0,0,0.964
2023-10-21 03:00,4.409,0.007,0,0,1.270,0,0,0.959
2023-10-21 04:00,4.382,0.002,0,0,1.270,0,0,0.950
2023-10-21 05:00,4.518,0.003,0,0,1.270,0.005,0.055,0.958
2023-10-21 06:00,4.736,0.003,0,0,1.269,13.096,83.392,0.967
2023-10-21 07:00,5.015,0.004,0,0,1.267,34.631,233.445,0.974
2023-10-21 08:00,5.284,0.006,0,0,1.266,57.201,353.037,0.991
2023-10-21 09:00,5.479,0.011,0,0,1.265,70.849,434.001,0.993
2023-10-21 10:00,5.714,0.057,0,0,1.264,111.479,470.756,0.989
2023-10-21 11:00,5.753,0.175,0,0,1.263,95.553,460.841,0.987
2023-10-21 12:00,5.542,0.385,0,0,1.263,47.086,404.858,0.982
2023-10-21 13:00,5.146,0.668,0,0,1.263,28.468,306.599,0.979
2023-10-21 14:00,4.795,0.972,0,0,1.264,12.539,172.751,0.979
2023-10-21 15:00,4.542,1.109,0,0,1.265,1.271,28.091,0.981
2023-10-21 16:00,4.390,1.009,0,0,1.265,0,0,0.986
2023-10-21 17:00,4.369,0.750,0,0,1.265,0,0,0.989
2023-10-21 18:00,4.438,0.490,0,0,1.264,0,0,0.949
2023-10-21 19:00,4.481,0.373,0,0,1.264,0,0,0.833
2023-10-21 20:00,4.518,0.282,0,0,1.263,0,0,0.728
2023-10-21 21:00,4.530,0.263,0,0,1.262,0,0,0.706
2023-10-21 22:00,4.523,0.216,0,0,1.262,0,0,0.708
2023-10-21 23:00,4.524,0.151,0,0,1.262,0,0,0.734
2023-10-22 00:00,4.620,0.113,0,0,1.261,0,0,0.761
2023-10-22 01:00,4.736,0.081,0,0,1.260,0,0,0.798
2023-10-22 02:00,4.853,0.072,0,0,1.259,0,0,0.846
2023-10-22 03:00,4.944,0.079,0,0,1.259,0,0,0.891
2023-10-22 04:00,5.041,0.079,0,0,1.258,0,0,0.940
2023-10-22 05:00,5.162,0.070,0,0,1.258,0,0.006,0.978
2023-10-22 06:00,5.289,0.060,0,0,1.257,4.798,76.019,0.983
2023-10-22 07:00,5.448,0.050,0,0,1.257,23.018,225.781,0.965
2023-10-22 08:00,5.681,0.051,0,0,1.256,46.695,345.331,0.941
2023-10-22 09:00,6.007,0.042,0,0,1.254,63.177,426.251,0.924
2023-10-22 10:00,6.394,0.032,0,0,1.253,87.292,463.006,0.862
2023-10-22 11:00,6.767,0.026,0,0,1.251,108.791,453.084,0.817
2023-10-22 12:00,7.013,0.018,0,0,1.250,104.481,397.108,0.754
2023-10-22 13:00,7.088,0.011,0,0,1.249,86.397,298.900,0.716
2023-10-22 14:00,6.907,0.008,0,0,1.249,45.956,165.185,0.683
2023-10-22 15:00,5.947,0.007,0,0,1.250,5.020,23.923,0.759
2023-10-22 16:00,5.750,0.009,0,0,1.251,0,0,0.890
2023-10-22 17:00,5.757,0.013,0,0,1.252,0,0,0.954
2023-10-22 18:00,5.750,0.023,0,0,1.253,0,0,0.973
2023-10-22 19:00,5.800,0.050,0,0,1.254,0,0,0.962
2023-10-22 20:00,5.687,0.053,0,0,1.254,0,0,0.942
2023-10-22 21:00,5.641,0.048,0,0,1.255,0,0,0.948
2023-10-22 22:00,5.602,0.039,0,0,1.255,0,0,0.966
2023-10-22 23:00,5.474,0.028,0,0,1.255,0,0,0.955
2023-10-23 00:00,5.341,0.016,0,0,1.256,0,0,0.917
2023-10-23 01:00,5.122,0.012,0,0,1.257,0,0,0.810
2023-10-23 02:00,4.647,0.015,0,0,1.258,0,0,0.643
2023-10-23 03:00,4.532,0.017,0,0,1.258,0,0,0.694
2023-10-23 04:00,4.497,0.022,0,0,1.259,0,0,0.743
2023-10-23 05:00,4.431,0.023,0,0,1.260,0,0,0.867
2023-10-23 06:00,4.607,0.020,0,0,1.261,14.237,68.983,0.824
2023-10-23 07:00,5.100,0.011,0,0,1.261,59.285,218.216,0.739
2023-10-23 08:00,5.694,0.008,0,0,1.259,132.230,337.702,0.603
2023-10-23 09:00,6.360,0.011,0,0,1.256,169.279,418.541,0.624
2023-10-23 10:00,6.855,0.015,0,0,1.254,172.568,455.256,0.655
2023-10-23 11:00,7.186,0.015,0,0,1.253,166.289,445.374,0.633
2023-10-23 12:00,7.323,0.018,0,0,1.252,140.193,389.405,0.632
2023-10-23 13:00,7.171,0.026,0,0,1.253,93.987,291.275,0.614
2023-10-23 14:00,6.556,0.033,0,0,1.254,42.313,157.624,0.617
2023-10-23 15:00,5.392,0.027,0,0,1.256,3.415,20.102,0.585
2023-10-23 16:00,4.985,0.022,0,0,1.259,0,0,0.579
2023-10-23 17:00,4.710,0.021,0,0,1.262,0,0,0.613
2023-10-23 18:00,4.441,0.013,0,0,1.265,0,0,0.584
2023-10-23 19:00,4.212,0.005,0,0,1.267,0,0,0.619
2023-10-23 20:00,4.072,0.004,0,0,1.269,0,0,0.701
2023-10-23 21:00,3.914,0.007,0,0,1.271,0,0,0.826
2023-10-23 22:00,3.830,0.010,0,0,1.273,0,0,0.809
2023-10-23 23:00,3.757,0.012,0,0,1.273,0,0,0.818
2023-10-24 00:00,3.699,0.013,0,0,1.274,0,0,0.840
2023-10-24 01:00,3.624,0.012,0,0,1.275,0,0,0.805
2023-10-24 02:00,3.555,0.009,0,0,1.276,0,0,0.692
2023-10-24 03:00,3.480,0.006,0,0,1.276,0,0,0.588
2023-10-24 04:00,3.213,0.004,0,0,1.276,0,0,0.789
2023-10-24 05:00,2.896,0.004,0,0,1.276,0,0,0.949
2023-10-24 06:00,3.302,0.003,0,0,1.277,20.471,62.319,0.955
2023-10-24 07:00,4.082,0.002,0,0,1.276,85.049,210.656,0.783
2023-10-24 08:00,5.023,0.002,0,0,1.272,199.503,330.003,0.633
2023-10-24 09:00,6.022,0.002,0,0,1.268,262.481,410.794,0.651
2023-10-24 10:00,6.626,0.002,0,0,1.265,298.030,447.510,0.595
2023-10-24 11:00,6.893,0.001,0,0,1.264,295.486,437.635,0.459
2023-10-24 12:00,6.840,0.001,0,0,1.264,247.210,381.733,0.370
2023-10-24 13:00,6.478,0.004,0,0,1.264,164.071,283.653,0.375
2023-10-24 14:00,5.773,0.003,0,0,1.266,64.463,150.144,0.337
2023-10-24 15:00,4.547,0.002,0,0,1.270,4.892,16.634,0.230
2023-10-24 16:00,3.898,0.001,0,0,1.274,0,0,0.158
2023-10-24 17:00,3.395,0.001,0,0,1.276,0,0,0.144
2023-10-24 18:00,2.773,0.002,0,0,1.279,0,0,0.191
2023-10-24 19:00,2.415,0.001,0,0,1.281,0,0,0.392
2023-10-24 20:00,2.224,0.001,0,0,1.282,0,0,0.530
2023-10-24 21:00,2.191,0.001,0,0,1.282,0,0,0.388
2023-10-24 22:00,1.964,0.002,0,0,1.282,0,0,0.366
2023-10-24 23:00,1.998,0.005,0,0,1.281,0,0,0.480
2023-10-25 00:00,1.791,0.011,0.001,0,1.280,0,0,0.644
2023-10-25 01:00,1.906,0.016,0,0,1.278,0,0,0.707
2023-10-25 02:00,2.009,0.011,0,0,1.277,0,0,0.835
2023-10-25 03:00,2.561,0.008,0.001,0,1.276,0,0,0.949
2023-10-25 04:00,3.014,0.006,0.001,0,1.274,0,0,0.949
2023-10-25 05:00,2.854,0.005,0.001,0,1.275,0,0,0.955
2023-10-25 06:00,2.942,0.006,0.001,0,1.275,14.808,56.014,0.961
2023-10-25 07:00,3.569,0.006,0,0,1.273,70.110,203.115,0.969
2023-10-25 08:00,4.450,0.008,0,0,1.270,124.931,322.456,0.975
2023-10-25 09:00,4.989,0.009,0,0,1.268,163.085,403.169,0.957
2023-10-25 10:00,5.127,0.008,0,0,1.268,180.688,439.881,0.972
2023-10-25 11:00,4.991,0.008,0,0,1.268,159.705,430.003,0.985
2023-10-25 12:00,4.674,0.006,0,0,1.269,122.654,374.148,0.992
2023-10-25 13:00,4.302,0.005,0,0,1.270,78.917,276.143,0.995
2023-10-25 14:00,3.891,0.004,0,0,1.271,33.639,142.666,0.995
2023-10-25 15:00,3.539,0.002,0,0,1.272,2.540,13.514,0.992
2023-10-25 16:00,3.446,0.001,0,0,1.271,0,0,0.982
2023-10-25 17:00,3.401,0.002,0,0,1.271,0,0,0.969
2023-10-25 18:00,3.356,0.002,0,0,1.270,0,0,0.943
2023-10-25 19:00,3.317,0.003,0,0,1.270,0,0,0.931
2023-10-25 20:00,3.209,0.004,0,0,1.270,0,0,0.930
2023-10-25 21:00,3.088,0.005,0,0,1.270,0,0,0.973
2023-10-25 22:00,3.050,0.007,0,0,1.270,0,0,0.986
2023-10-25 23:00,3.151,0.011,0,0,1.269,0,0,0.994
2023-10-26 00:00,3.227,0.022,0,0,1.269,0,0,0.996
2023-10-26 01:00,3.267,0.030,0,0,1.268,0,0,0.996
2023-10-26 02:00,3.255,0.035,0,0,1.267,0,0,0.996
2023-10-26 03:00,3.221,0.042,0,0,1.267,0,0,0.997
2023-10-26 04:00,3.218,0.055,0,0,1.266,0,0,0.997
2023-10-26 05:00,3.268,0.067,0,0,1.265,0,0,0.997
2023-10-26 06:00,3.389,0.068,0,0,1.264,4.053,50.085,0.997
2023-10-26 07:00,3.673,0.067,0,0,1.263,21.994,195.678,0.997
2023-10-26 08:00,4.066,0.064,0,0,1.261,46.298,314.875,0.995
2023-10-26 09:00,4.466,0.058,0,0,1.259,71.697,395.584,0.994
2023-10-26 10:00,4.727,0.050,0,0,1.258,89.661,432.256,0.992
2023-10-26 11:00,4.855,0.045,0,0,1.257,96.146,422.303,0.991
2023-10-26 12:00,4.825,0.037,0,0,1.256,80.504,366.534,0.988
2023-10-26 13:00,4.645,0.027,0,0,1.257,55.696,268.643,0.989
2023-10-26 14:00,4.312,0.021,0,0,1.257,23.823,135.291,0.991
2023-10-26 15:00,3.886,0.015,0,0,1.259,1.325,10.728,0.995
2023-10-26 16:00,3.561,0.012,0,0,1.260,0,0,0.991
2023-10-26 17:00,3.282,0.010,0,0,1.262,0,0,0.979
2023-10-26 18:00,3.078,0.013,0,0,1.262,0,0,0.971
2023-10-26 19:00,3.055,0.016,0,0,1.262,0,0,0.957
2023-10-26 20:00,2.988,0.015,0,0,1.262,0,0,0.919
2023-10-26 21:00,2.966,0.013,0,0,1.261,0,0,0.878
2023-10-26 22:00,2.903,0.014,0,0,1.261,0,0,0.854
2023-10-26 23:00,2.893,0.021,0,0,1.261,0,0,0.888
2023-10-27 00:00,2.880,0.026,0,0,1.260,0,0,0.880
2023-10-27 01:00,2.725,0.037,0.001,0,1.261,0,0,0.880
2023-10-27 02:00,2.702,0.064,0.004,0,1.261,0,0,0.904
2023-10-27 03:00,2.750,0.080,0.004,0,1.261,0,0,0.908
2023-10-27 04:00,2.819,0.082,0.001,0,1.260,0,0,0.895
2023-10-27 05:00,2.871,0.081,0.001,0,1.259,0,0,0.820
2023-10-27 06:00,3.005,0.075,0,0,1.259,6.532,44.499,0.760
2023-10-27 07:00,3.323,0.068,0,0,1.258,38.964,188.262,0.753
2023-10-27 08:00,3.745,0.063,0,0,1.256,77.139,307.375,0.752
2023-10-27 09:00,4.118,0.066,0,0,1.255,103.722,388.044,0.792
2023-10-27 10:00,4.388,0.071,0,0,1.254,104.121,424.675,0.810
2023-10-27 11:00,4.588,0.083,0,0,1.253,116.542,414.793,0.806
2023-10-27 12:00,4.563,0.088,0,0,1.252,88.151,359.027,0.715
2023-10-27 13:00,4.397,0.088,0,0,1.253,71.312,261.186,0.610
2023-10-27 14:00,4.011,0.075,0,0,1.254,30.172,127.918,0.576
2023-10-27 15:00,3.558,0.060,0,0,1.256,1.112,8.277,0.586
2023-10-27 16:00,3.301,0.051,0,0,1.258,0,0,0.594
2023-10-27 17:00,3.124,0.048,0,0,1.259,0,0,0.585
2023-10-27 18:00,2.915,0.044,0,0,1.260,0,0,0.561
2023-10-27 19:00,2.746,0.042,0,0,1.261,0,0,0.605
2023-10-27 20:00,2.612,0.040,0,0,1.262,0,0,0.650
2023-10-27 21:00,2.500,0.042,0,0,1.263,0,0,0.697
2023-10-27 22:00,2.418,0.042,0,0,1.264,0,0,0.697
2023-10-27 23:00,2.368,0.043,0,0,1.264,0,0,0.691
2023-10-28 00:00,2.284,0.046,0,0,1.265,0,0,0.710
2023-10-28 01:00,2.174,0.048,0,0,1.265,0,0,0.665
2023-10-28 02:00,2.029,0.040,0,0,1.266,0,0,0.590
2023-10-28 03:00,1.809,0.021,0.001,0,1.267,0,0,0.492
2023-10-28 04:00,1.299,0.009,0,0,1.269,0,0,0.496
2023-10-28 05:00,0.969,0.006,0.003,0,1.272,0,0,0.501
2023-10-28 06:00,0.573,0.007,0.005,0.001,1.274,12.297,39.287,0.538
2023-10-28 07:00,0.849,0.004,0.002,0,1.275,65.916,180.912,0.238
2023-10-28 08:00,1.478,0.002,0.001,0,1.273,173.823,299.926,0.174
2023-10-28 09:00,2.285,0.003,0,0,1.270,226.722,380.544,0.296
2023-10-28 10:00,2.926,0.008,0,0,1.268,240.149,417.175,0.318
2023-10-28 11:00,3.289,0.016,0,0,1.266,229.177,407.293,0.312
2023-10-28 12:00,3.254,0.021,0,0,1.266,173.555,351.527,0.413
2023-10-28 13:00,2.962,0.015,0,0,1.267,98.588,253.811,0.481
2023-10-28 14:00,2.305,0.009,0,0,1.268,45.713,120.625,0.411
2023-10-28 15:00,0.873,0.008,0,0,1.270,1.360,6.159,0.411
2023-10-28 16:00,0.510,0.005,0,0,1.272,0,0,0.397
2023-10-28 17:00,0.380,0.006,0,0,1.274,0,0,0.419
2023-10-28 18:00,0.327,0.006,0.001,0,1.276,0,0,0.415
2023-10-28 19:00,0.130,0.005,0.003,0,1.278,0,0,0.419
2023-10-28 20:00,0.056,0.006,0.004,0.001,1.280,0,0,0.470
2023-10-28 21:00,0.063,0.006,0.004,0.001,1.281,0,0,0.489
2023-10-28 22:00,-0.341,0.005,0.004,0.001,1.282,0,0,0.500
2023-10-28 23:00,-0.414,0.006,0.006,0.001,1.283,0,0,0.647
2023-10-29 00:00,-0.409,0.006,0.005,0.001,1.284,0,0,0.691
2023-10-29 01:00,-0.883,0.006,0.005,0.001,1.284,0,0,0.581
2023-10-29 02:00,-0.979,0.006,0.005,0.001,1.284,0,0,0.530
2023-10-29 03:00,-0.964,0.006,0.006,0.001,1.284,0,0,0.543
2023-10-29 04:00,-0.959,0.006,0.006,0.001,1.285,0,0,0.568
2023-10-29 05:00,-0.916,0.006,0.005,0.001,1.285,0,0,0.509
2023-10-29 06:00,-0.880,0.005,0.005,0.001,1.286,11.139,34.424,0.465
2023-10-29 07:00,-0.454,0.003,0.003,0,1.286,77.022,173.622,0.421
2023-10-29 08:00,0.684,0,0,0,1.281,164.996,292.551,0.122
2023-10-29 09:00,2.057,0,0,0,1.275,246.881,373.088,0.047
2023-10-29 10:00,3.221,0,0,0,1.269,276.591,409.675,0.191
2023-10-29 11:00,3.923,0,0,0,1.265,257.676,399.796,0.385
2023-10-29 12:00,4.105,0,0,0,1.263,193.745,344.078,0.809
2023-10-29 13:00,3.541,0,0,0,1.261,96.664,246.460,0.913
2023-10-29 14:00,2.290,0,0,0,1.259,30.416,113.416,0.978
2023-10-29 15:00,1.684,0.001,0,0,1.259,0.627,4.371,0.989
2023-10-29 16:00,1.972,0.004,0,0,1.259,0,0,0.991
2023-10-29 17:00,2.241,0.018,0,0,1.258,0,0,0.992
2023-10-29 18:00,2.369,0.074,0,0,1.257,0,0,0.994
2023-10-29 19:00,2.239,0.166,0.001,0,1.257,0,0,0.994
2023-10-29 20:00,2.310,0.236,0.002,0.001,1.256,0,0,0.995
2023-10-29 21:00,2.562,0.306,0.005,0.003,1.256,0,0,0.996
2023-10-29 22:00,2.842,0.688,0.027,0.018,1.256,0,0,0.996
2023-10-29 23:00,2.642,1.344,0.059,0.059,1.258,0,0,0.993
2023-10-30 00:00,2.237,1.477,0.186,0.162,1.260,0,0,0.992
2023-10-30 01:00,1.996,0.898,0.027,0.287,1.261,0,0,0.969
2023-10-30 02:00,2.087,0.321,0.018,0.303,1.260,0,0,0.922
2023-10-30 03:00,2.351,0.165,0.018,0.315,1.258,0,0,0.868
2023-10-30 04:00,2.550,0.151,0.016,0.326,1.256,0,0,0.794
2023-10-30 05:00,2.593,0.136,0.017,0.338,1.256,0,0,0.846
2023-10-30 06:00,2.622,0.093,0.017,0.353,1.257,3.985,29.911,0.858
2023-10-30 07:00,2.804,0.066,0.014,0.365,1.257,34.782,166.372,0.836
2023-10-30 08:00,3.160,0.091,0.008,0.369,1.256,77.981,285.250,0.830
2023-10-30 09:00,3.555,0.175,0.003,0.361,1.255,103.305,365.713,0.866
2023-10-30 10:00,3.802,0.344,0.010,0.354,1.254,100.262,402.218,0.925
2023-10-30 11:00,3.840,0.829,0.050,0.366,1.253,82.332,392.347,0.953
2023-10-30 12:00,3.594,1.874,0.223,0.504,1.255,50.715,336.703,0.987
2023-10-30 13:00,2.780,2.518,0.220,0.727,1.260,25.519,239.149,0.994
2023-10-30 14:00,1.962,1.807,0.577,1.213,1.264,8.777,106.239,0.975
2023-10-30 15:00,1.960,0.838,0.088,1.414,1.263,0.118,2.902,0.953
2023-10-30 16:00,2.574,0.776,0.138,1.500,1.259,0,0,0.983
2023-10-30 17:00,3.286,1.381,0.264,1.672,1.254,0,0,0.977
2023-10-30 18:00,3.863,1.935,0.370,1.946,1.249,0,0,0.958
2023-10-30 19:00,4.585,1.729,0.240,2.182,1.244,0,0,0.941
2023-10-30 20:00,5.628,1.246,0.068,2.237,1.237,0,0,0.875
2023-10-30 21:00,6.024,0.708,0.021,2.191,1.232,0,0,0.785
2023-10-30 22:00,6.192,0.315,0.012,2.148,1.227,0,0,0.710
2023-10-30 23:00,7.500,0.198,0.004,2.099,1.225,0,0,0.692
2023-10-31 00:00,7.654,0.105,0.002,2.046,1.224,0,0,0.777
2023-10-31 01:00,7.528,0.060,0.001,1.983,1.224,0,0,0.955
2023-10-31 02:00,7.425,0.044,0.001,1.908,1.224,0,0,0.977
2023-10-31 03:00,7.289,0.043,0,1.848,1.226,0,0,0.986
2023-10-31 04:00,7.033,0.087,0.001,1.806,1.228,0,0,0.993
2023-10-31 05:00,6.695,0.235,0,1.773,1.229,0,0,0.995
2023-10-31 06:00,6.350,0.511,0,1.743,1.230,0.858,25.740,0.997
2023-10-31 07:00,6.459,0.738,0,1.712,1.231,9.813,159.243,0.997
2023-10-31 08:00,6.763,0.774,0,1.675,1.232,21.517,277.926,0.997
2023-10-31 09:00,6.659,0.666,0,1.628,1.232,27.861,358.338,0.997
2023-10-31 10:00,6.339,0.549,0,1.573,1.233,30.593,394.843,0.997
2023-10-31 11:00,5.848,0.547,0.004,1.524,1.235,29.835,384.972,0.995
2023-10-31 12:00,5.381,0.639,0.009,1.478,1.237,22.693,329.446,0.994
2023-10-31 13:00,4.896,0.753,0.026,1.439,1.238,13.159,231.958,0.993
2023-10-31 14:00,4.400,0.916,0.061,1.444,1.240,3.946,99.155,0.994
2023-10-31 15:00,3.943,0.975,0.052,1.464,1.242,0.012,1.745,0.994
2023-10-31 16:00,3.497,0.872,0.083,1.498,1.245,0,0,0.995
2023-10-31 17:00,3.092,0.687,0.061,1.527,1.247,0,0,0.995
2023-10-31 18:00,2.814,0.585,0.058,1.547,1.248,0,0,0.992
2023-10-31 19:00,2.633,0.488,0.071,1.576,1.249,0,0,0.993
2023-10-31 20:00,2.515,0.452,0.079,1.610,1.250,0,0,0.996
2023-10-31 21:00,2.350,0.863,0.247,1.720,1.251,0,0,0.997
2023-10-31 22:00,2.133,1.304,0.344,2.014,1.253,0,0,0.996
2023-10-31 23:00,1.590,0.981,0.281,2.255,1.257,0,0,0.994
2023-11-01 00:00,1.353,0.775,0.379,2.566,1.258,0,0,0.994
2023-11-01 01:00,1.237,0.585,0.366,2.936,1.259,0,0,0.994
2023-11-01 02:00,1.230,0.223,0.099,3.110,1.260,0,0,0.995
2023-11-01 03:00,1.258,0.043,0.005,3.091,1.260,0,0,0.991
2023-11-01 04:00,1.349,0.014,0.001,3.027,1.260,0,0,0.919
2023-11-01 05:00,1.333,0.013,0.001,2.974,1.261,0,0,0.764
2023-11-01 06:00,1.294,0.017,0.001,2.937,1.262,3.416,21.912,0.697
2023-11-01 07:00,1.339,0.015,0.001,2.894,1.264,32.590,152.124,0.712
2023-11-01 08:00,1.510,0.010,0.002,2.821,1.264,68.416,270.794,0.610
2023-11-01 09:00,1.756,0.011,0.001,2.713,1.264,120.316,351.088,0.609
2023-11-01 10:00,1.969,0.017,0,2.574,1.263,141.871,387.593,0.673
2023-11-01 11:00,2.041,0.022,0,2.433,1.263,117.236,377.722,0.712
2023-11-01 12:00,2.005,0.021,0,2.305,1.264,95.461,322.196,0.659
2023-11-01 13:00,1.842,0.015,0,2.208,1.265,69.487,224.796,0.590
2023-11-01 14:00,1.453,0.017,0.001,2.155,1.267,24.463,92.123,0.600
2023-11-01 15:00,1.042,0.016,0.007,2.147,1.270,0.109,0.898,0.629
2023-11-01 16:00,0.768,0.014,0.013,2.156,1.272,0,0,0.645
2023-11-01 17:00,0.527,0.013,0.012,2.167,1.274,0,0,0.681
2023-11-01 18:00,0.314,0.011,0.010,2.179,1.275,0,0,0.816
2023-11-01 19:00,0.115,0.009,0.009,2.188,1.276,0,0,0.954
2023-11-01 20:00,0.010,0.008,0.008,2.196,1.278,0,0,0.853
2023-11-01 21:00,-0.327,0.006,0.006,2.203,1.279,0,0,0.646
2023-11-01 22:00,-0.585,0.005,0.005,2.209,1.280,0,0,0.575
2023-11-01 23:00,-0.827,0.004,0.004,2.213,1.280,0,0,0.653
2023-11-02 00:00,-1.036,0.002,0.002,2.217,1.281,0,0,0.819
2023-11-02 01:00,-1.210,0.001,0.001,2.218,1.280,0,0,0.845
2023-11-02 02:00,-1.489,0.001,0.001,2.220,1.280,0,0,0.733
2023-11-02 03:00,-1.556,0.005,0.004,2.222,1.279,0,0,0.754
2023-11-02 04:00,-0.961,0.037,0.032,2.239,1.278,0,0,0.908
2023-11-02 05:00,-0.306,0.125,0.106,2.308,1.277,0,0,0.990
2023-11-02 06:00,0.115,0.256,0.193,2.467,1.275,0.937,18.423,0.996
2023-11-02 07:00,0.542,0.277,0.154,2.636,1.273,10.773,145.083,0.996
2023-11-02 08:00,1.093,0.172,0.090,2.742,1.270,21.410,263.669,0.992
2023-11-02 09:00,1.735,0.111,0.016,2.760,1.266,32.477,343.882,0.985
2023-11-02 10:00,2.343,0.121,0.008,2.725,1.262,34.806,380.343,0.993
2023-11-02 11:00,2.894,0.156,0.012,2.682,1.259,24.247,370.472,1.000
2023-11-02 12:00,3.410,0.167,0.015,2.639,1.255,15.826,315.071,1.000
2023-11-02 13:00,3.875,0.168,0.003,2.561,1.252,9.658,217.730,0.998
2023-11-02 14:00,4.327,0.154,0,2.454,1.249,3.638,85.176,0.996
2023-11-02 15:00,4.777,0.181,0,2.328,1.246,0.008,0.355,0.997
2023-11-02 16:00,5.196,0.126,0,2.190,1.244,0,0,0.993
2023-11-02 17:00,5.546,0.053,0,2.046,1.241,0,0,0.994
2023-11-02 18:00,5.840,0.072,0,1.884,1.239,0,0,0.998
2023-11-02 19:00,6.013,0.159,0,1.747,1.238,0,0,0.997
2023-11-02 20:00,6.178,0.248,0,1.632,1.237,0,0,0.996
2023-11-02 21:00,6.353,0.206,0,1.530,1.235,0,0,0.996
2023-11-02 22:00,6.563,0.169,0,1.429,1.233,0,0,0.995
2023-11-02 23:00,6.695,0.114,0,1.337,1.232,0,0,0.996
2023-11-03 00:00,6.844,0.047,0,1.250,1.230,0,0,0.996
2023-11-03 01:00,6.942,0.061,0,1.161,1.229,0,0,0.996
2023-11-03 02:00,7.025,0.134,0,1.076,1.228,0,0,0.996
2023-11-03 03:00,7.061,0.054,0,0.988,1.227,0,0,0.998
2023-11-03 04:00,7.089,0.087,0,0.906,1.226,0,0,0.998
2023-11-03 05:00,7.103,0.059,0,0.831,1.226,0,0,0.999
2023-11-03 06:00,7.128,0.052,0,0.759,1.225,1.077,15.264,0.997
2023-11-03 07:00,7.159,0.059,0,0.694,1.225,13.278,138.145,0.998
2023-11-03 08:00,7.187,0.128,0,0.636,1.224,25.593,256.591,0.998
2023-11-03 09:00,7.227,0.521,0,0.583,1.223,34.789,336.757,0.997
2023-11-03 10:00,7.303,1.834,0,0.535,1.222,41.694,373.137,0.993
2023-11-03 11:00,7.367,2.550,0,0.493,1.221,27.601,363.340,0.989
2023-11-03 12:00,7.487,2.052,0,0.454,1.219,19.762,307.986,0.990
2023-11-03 13:00,7.633,1.455,0,0.419,1.218,12.778,210.730,0.994
2023-11-03 14:00,7.756,0.930,0,0.387,1.216,5.031,78.301,0.993
2023-11-03 15:00,7.781,0.383,0,0.358,1.216,0.003,0.094,0.992
2023-11-03 16:00,7.802,0.630,0,0.334,1.216,0,0,0.996
2023-11-03 17:00,7.827,1.141,0,0.313,1.216,0,0,0.993
2023-11-03 18:00,7.837,1.279,0,0.295,1.216,0,0,0.989
2023-11-03 19:00,7.846,0.866,0,0.280,1.215,0,0,0.990
2023-11-03 20:00,7.800,0.724,0,0.267,1.215,0,0,0.994
2023-11-03 21:00,7.795,1.200,0,0.255,1.215,0,0,0.997
2023-11-03 22:00,7.799,1.749,0,0.244,1.214,0,0,0.995
2023-11-03 23:00,7.800,2.029,0,0.234,1.213,0,0,0.995
2023-11-04 00:00,7.812,1.323,0,0.223,1.212,0,0,0.995
2023-11-04 01:00,7.753,1.493,0,0.214,1.211,0,0,0.994
2023-11-04 02:00,7.771,2.028,0,0.205,1.210,0,0,0.994
2023-11-04 03:00,7.768,1.151,0,0.196,1.209,0,0,0.995
2023-11-04 04:00,7.738,0.652,0,0.187,1.208,0,0,0.992
2023-11-04 05:00,7.700,0.739,0,0.178,1.208,0,0,0.989
2023-11-04 06:00,7.664,1.267,0,0.170,1.207,0.474,12.415,0.991
2023-11-04 07:00,7.758,0.867,0,0.161,1.206,7.820,131.289,0.992
2023-11-04 08:00,8.125,0.343,0,0.153,1.204,16.753,249.591,0.954
2023-11-04 09:00,8.506,0.109,0,0.143,1.201,50.602,329.672,0.812
2023-11-04 10:00,8.847,0.068,0,0.133,1.200,110.173,366.019,0.551
2023-11-04 11:00,8.974,0.085,0,0.123,1.199,142.598,356.262,0.472
2023-11-04 12:00,8.801,0.097,0,0.113,1.200,102.964,300.872,0.529
2023-11-04 13:00,8.564,0.121,0,0.105,1.201,64.050,203.813,0.525
2023-11-04 14:00,7.705,0.099,0,0.100,1.202,16.073,71.614,0.614
2023-11-04 15:00,7.102,0.091,0,0.097,1.205,0.001,0.015,0.670
2023-11-04 16:00,6.751,0.060,0,0.093,1.209,0,0,0.681
2023-11-04 17:00,6.580,0.020,0,0.089,1.215,0,0,0.626
2023-11-04 18:00,5.807,0.010,0,0.085,1.221,0,0,0.819
2023-11-04 19:00,5.350,0.013,0,0.082,1.225,0,0,0.943
2023-11-04 20:00,5.406,0.025,0,0.080,1.225,0,0,0.980
2023-11-04 21:00,5.770,0.043,0,0.077,1.224,0,0,0.942
2023-11-04 22:00,6.226,0.046,0,0.075,1.222,0,0,0.943
2023-11-04 23:00,6.654,0.042,0,0.072,1.220,0,0,0.979
2023-11-05 00:00,6.850,0.027,0,0.069,1.220,0,0,0.966
2023-11-05 01:00,6.844,0.019,0,0.067,1.220,0,0,0.863
2023-11-05 02:00,6.690,0.011,0,0.064,1.220,0,0,0.812
2023-11-05 03:00,6.380,0.005,0,0.062,1.221,0,0,0.918
2023-11-05 04:00,6.038,0.002,0,0.061,1.221,0,0,0.959
2023-11-05 05:00,5.601,0.001,0,0.060,1.221,0,0,0.810
2023-11-05 06:00,5.516,0.002,0,0.059,1.220,2.629,9.900,0.662
2023-11-05 07:00,6.345,0.006,0,0.057,1.219,47.730,124.461,0.808
2023-11-05 08:00,7.174,0.012,0,0.055,1.217,87.719,242.653,0.972
2023-11-05 09:00,7.822,0.041,0,0.051,1.214,107.971,322.676,0.992
2023-11-05 10:00,8.056,0.038,0,0.048,1.213,106.236,359.012,0.994
2023-11-05 11:00,8.051,0.015,0,0.045,1.213,91.374,349.262,0.971
2023-11-05 12:00,7.964,0.008,0,0.039,1.213,77.128,293.990,0.902
2023-11-05 13:00,7.777,0.006,0,0.030,1.213,48.842,196.959,0.876
2023-11-05 14:00,7.488,0.005,0,0.029,1.214,11.845,65.236,0.856
2023-11-05 15:00,7.278,0.005,0,0.028,1.215,0,0.002,0.805
2023-11-05 16:00,7.185,0.006,0,0.026,1.216,0,0,0.676
2023-11-05 17:00,7.034,0.006,0,0.025,1.216,0,0,0.681
2023-11-05 18:00,6.945,0.009,0,0.024,1.217,0,0,0.774
2023-11-05 19:00,7.049,0.021,0,0.023,1.216,0,0,0.919
2023-11-05 20:00,7.208,0.045,0,0.022,1.216,0,0,0.949
2023-11-05 21:00,7.262,0.072,0,0.021,1.216,0,0,0.935
2023-11-05 22:00,7.160,0.147,0,0.021,1.216,0,0,0.954
2023-11-05 23:00,7.111,0.270,0,0.020,1.217,0,0,0.987
2023-11-06 00:00,7.082,0.324,0,0.019,1.217,0,0,0.989
2023-11-06 01:00,6.998,0.291,0,0.018,1.217,0,0,0.980
2023-11-06 02:00,6.867,0.220,0,0.018,1.217,0,0,0.970
2023-11-06 03:00,6.699,0.129,0,0.017,1.218,0,0,0.943
2023-11-06 04:00,6.332,0.102,0,0.017,1.218,0,0,0.824
2023-11-06 05:00,6.199,0.116,0,0.016,1.218,0,0,0.787
2023-11-06 06:00,6.187,0.113,0,0.016,1.219,0.716,7.689,0.762
2023-11-06 07:00,6.516,0.096,0,0.015,1.219,19.814,117.751,0.705
2023-11-06 08:00,7.229,0.071,0,0.015,1.219,51.466,235.841,0.671
2023-11-06 09:00,7.800,0.070,0,0.014,1.219,84.140,315.797,0.649
2023-11-06 10:00,8.036,0.041,0,0.014,1.218,98.956,352.137,0.741
2023-11-06 11:00,8.050,0.038,0,0.013,1.219,93.081,342.340,0.831
2023-11-06 12:00,7.930,0.044,0,0.012,1.219,75.270,287.115,0.892
2023-11-06 13:00,7.635,0.039,0,0.012,1.221,41.995,190.172,0.933
2023-11-06 14:00,7.008,0.053,0,0.012,1.222,8.496,59.194,0.966
2023-11-06 15:00,6.774,0.060,0,0.011,1.224,0,0,0.995
2023-11-06 16:00,6.807,0.066,0,0.011,1.226,0,0,0.997
2023-11-06 17:00,6.672,0.057,0,0.010,1.228,0,0,0.993
2023-11-06 18:00,6.501,0.045,0,0.010,1.230,0,0,0.969
2023-11-06 19:00,6.315,0.038,0,0.010,1.231,0,0,0.932
2023-11-06 20:00,6.122,0.040,0,0.010,1.232,0,0,0.917
2023-11-06 21:00,6.086,0.051,0,0.010,1.233,0,0,0.928
2023-11-06 22:00,6.111,0.073,0,0.009,1.234,0,0,0.959
2023-11-06 23:00,6.017,0.165,0,0.009,1.233,0,0,0.974
2023-11-07 00:00,6.020,0.367,0,0.009,1.233,0,0,0.983
2023-11-07 01:00,6.173,0.538,0,0.009,1.232,0,0,0.985
2023-11-07 02:00,6.276,0.590,0,0.009,1.231,0,0,0.989
2023-11-07 03:00,6.369,0.498,0,0.008,1.231,0,0,0.994
2023-11-07 04:00,6.360,0.354,0,0.008,1.232,0,0,0.994
2023-11-07 05:00,6.277,0.260,0,0.008,1.233,0,0,0.989
2023-11-07 06:00,6.256,0.213,0,0.008,1.234,0.297,5.771,0.950
2023-11-07 07:00,6.304,0.182,0,0.007,1.235,10.513,111.127,0.920
2023-11-07 08:00,6.546,0.135,0,0.007,1.235,26.300,229.113,0.912
2023-11-07 09:00,6.759,0.093,0,0.007,1.235,40.580,308.926,0.900
2023-11-07 10:00,6.955,0.074,0,0.007,1.235,56.123,345.262,0.880
2023-11-07 11:00,7.100,0.075,0,0.007,1.234,60.136,335.509,0.852
2023-11-07 12:00,7.155,0.086,0,0.006,1.234,55.882,280.290,0.794
2023-11-07 13:00,7.047,0.083,0,0.006,1.235,40.251,183.485,0.774
2023-11-07 14:00,6.719,0.066,0,0.006,1.235,8.875,53.496,0.744
2023-11-07 15:00,6.398,0.067,0,0.006,1.237,0,0,0.702
2023-11-07 16:00,6.328,0.062,0,0.006,1.239,0,0,0.691
2023-11-07 17:00,6.218,0.063,0,0.005,1.240,0,0,0.722
2023-11-07 18:00,6.121,0.064,0,0.005,1.241,0,0,0.741
2023-11-07 19:00,5.962,0.054,0,0.005,1.242,0,0,0.730
2023-11-07 20:00,5.784,0.042,0,0.005,1.243,0,0,0.713
2023-11-07 21:00,5.608,0.033,0,0.005,1.245,0,0,0.753
2023-11-07 22:00,5.433,0.027,0,0.005,1.246,0,0,0.807
2023-11-07 23:00,5.309,0.025,0,0.005,1.247,0,0,0.889
2023-11-08 00:00,5.139,0.042,0,0.005,1.249,0,0,0.946
2023-11-08 01:00,4.903,0.028,0,0.005,1.251,0,0,0.992
2023-11-08 02:00,4.669,0.027,0,0.004,1.252,0,0,0.999
2023-11-08 03:00,4.573,0.029,0,0.004,1.253,0,0,0.999
2023-11-08 04:00,4.574,0.055,0,0.004,1.252,0,0,0.999
2023-11-08 05:00,4.562,0.109,0,0.004,1.252,0,0,0.997
2023-11-08 06:00,4.524,0.150,0,0.004,1.251,0.272,4.157,0.997
2023-11-08 07:00,4.612,0.190,0,0.004,1.251,13.026,104.577,0.991
2023-11-08 08:00,5.016,0.288,0,0.004,1.249,37.671,222.427,0.968
2023-11-08 09:00,5.490,0.423,0,0.004,1.247,64.667,302.183,0.940
2023-11-08 10:00,5.896,0.557,0,0.004,1.245,71.228,338.512,0.949
2023-11-08 11:00,6.177,0.689,0,0.004,1.243,57.219,328.759,0.977
2023-11-08 12:00,6.350,0.753,0,0.004,1.241,35.154,273.655,0.991
2023-11-08 13:00,6.463,0.734,0,0.004,1.239,17.552,176.919,0.992
2023-11-08 14:00,6.374,0.624,0,0.004,1.238,3.713,48.146,0.993
2023-11-08 15:00,6.173,0.437,0,0.003,1.238,0,0,0.988
2023-11-08 16:00,6.078,0.269,0,0.003,1.239,0,0,0.952
2023-11-08 17:00,5.927,0.109,0,0.003,1.240,0,0,0.850
2023-11-08 18:00,5.615,0.053,0,0.003,1.242,0,0,0.790
2023-11-08 19:00,5.299,0.028,0,0.003,1.245,0,0,0.790
2023-11-08 20:00,5.012,0.018,0,0.003,1.248,0,0,0.788
2023-11-08 21:00,4.624,0.015,0,0.003,1.252,0,0,0.866
2023-11-08 22:00,4.132,0.017,0,0.003,1.255,0,0,0.946
2023-11-08 23:00,3.776,0.019,0,0.003,1.258,0,0,0.966
2023-11-09 00:00,3.609,0.021,0,0.003,1.259,0,0,0.979
2023-11-09 01:00,3.539,0.024,0,0.003,1.260,0,0,0.989
2023-11-09 02:00,3.491,0.023,0,0.003,1.260,0,0,0.989
2023-11-09 03:00,3.493,0.022,0,0.003,1.260,0,0,0.994
2023-11-09 04:00,3.514,0.020,0,0.003,1.259,0,0,0.998
2023-11-09 05:00,3.515,0.011,0,0.003,1.259,0,0,0.997
2023-11-09 06:00,3.521,0.009,0,0.003,1.259,0.298,2.831,0.995
2023-11-09 07:00,3.711,0.015,0,0.003,1.258,18.431,98.149,0.995
2023-11-09 08:00,4.102,0.028,0,0.003,1.257,51.584,215.885,0.991
2023-11-09 09:00,4.580,0.064,0,0.003,1.254,73.193,295.551,0.994
2023-11-09 10:00,5.116,0.122,0,0.003,1.250,57.839,331.806,0.998
2023-11-09 11:00,5.607,0.098,0,0.002,1.247,53.737,322.056,0.997
2023-11-09 12:00,6.029,0.067,0,0.002,1.243,46.817,267.030,0.997
2023-11-09 13:00,6.601,0.098,0,0.002,1.238,24.522,170.419,0.997
2023-11-09 14:00,6.949,0.141,0,0.002,1.235,4.031,43.129,0.997
2023-11-09 15:00,7.121,0.316,0,0.002,1.234,0,0,0.997
2023-11-09 16:00,7.079,0.803,0,0.002,1.233,0,0,0.997
2023-11-09 17:00,6.884,1.407,0,0.002,1.234,0,0,0.996
2023-11-09 18:00,6.567,1.487,0,0.001,1.235,0,0,0.997
2023-11-09 19:00,6.246,1.230,0,0,1.236,0,0,0.997
2023-11-09 20:00,6.239,0.678,0,0,1.236,0,0,0.997
2023-11-09 21:00,6.388,0.282,0,0,1.234,0,0,0.996
2023-11-09 22:00,6.514,0.089,0,0,1.233,0,0,0.996
2023-11-09 23:00,6.649,0.031,0,0,1.232,0,0,0.995
2023-11-10 00:00,6.680,0.016,0,0,1.231,0,0,0.990
2023-11-10 01:00,6.655,0.013,0,0,1.231,0,0,0.986
2023-11-10 02:00,6.505,0.010,0,0,1.231,0,0,0.992
2023-11-10 03:00,6.452,0.010,0,0,1.231,0,0,0.995
2023-11-10 04:00,6.433,0.012,0,0,1.231,0,0,0.998
2023-11-10 05:00,6.316,0.019,0,0,1.231,0,0,0.998
2023-11-10 06:00,6.209,0.046,0,0,1.230,0.045,1.770,0.997
2023-11-10 07:00,6.332,0.107,0,0,1.230,6.170,91.786,0.997
2023-11-10 08:00,6.646,0.149,0,0,1.230,17.658,209.386,0.996
2023-11-10 09:00,6.962,0.089,0,0,1.229,35.269,289.051,0.965
2023-11-10 10:00,7.376,0.028,0,0,1.228,78.412,325.188,0.857
2023-11-10 11:00,7.749,0.075,0,0,1.227,97.065,315.509,0.906
2023-11-10 12:00,7.821,0.079,0,0,1.226,55.697,260.530,0.993
2023-11-10 13:00,7.628,0.026,0,0,1.226,28.313,164.003,0.996
2023-11-10 14:00,7.302,0.017,0,0,1.228,5.706,38.441,0.990
2023-11-10 15:00,6.907,0.019,0,0,1.230,0,0,0.981
2023-11-10 16:00,6.592,0.029,0,0,1.233,0,0,0.957
2023-11-10 17:00,6.382,0.039,0,0,1.235,0,0,0.965
2023-11-10 18:00,6.359,0.037,0,0,1.236,0,0,0.997
2023-11-10 19:00,6.432,0.041,0,0,1.236,0,0,0.997
2023-11-10 20:00,6.521,0.050,0,0,1.235,0,0,0.995
2023-11-10 21:00,6.613,0.073,0,0,1.235,0,0,0.997
2023-11-10 22:00,6.629,0.126,0,0,1.234,0,0,0.995
2023-11-10 23:00,6.419,0.137,0,0,1.235,0,0,0.990
2023-11-11 00:00,6.271,0.090,0,0,1.235,0,0,0.982
2023-11-11 01:00,6.172,0.032,0,0,1.236,0,0,0.940
2023-11-11 02:00,6.138,0.023,0,0,1.236,0,0,0.889
2023-11-11 03:00,6.196,0.020,0,0,1.238,0,0,0.850
2023-11-11 04:00,6.104,0.021,0,0,1.239,0,0,0.811
2023-11-11 05:00,5.883,0.018,0,0,1.240,0,0,0.815
2023-11-11 06:00,5.883,0.013,0,0,1.240,0.088,0.989,0.819
2023-11-11 07:00,6.034,0.013,0,0,1.241,15.916,85.537,0.689
2023-11-11 08:00,6.383,0.016,0,0,1.241,54.336,203.031,0.650
2023-11-11 09:00,6.736,0.022,0,0,1.241,86.076,282.594,0.610
2023-11-11 10:00,7.155,0.045,0,0,1.239,110.441,318.688,0.585
2023-11-11 11:00,7.438,0.059,0,0,1.238,112.927,309.049,0.567
2023-11-11 12:00,7.486,0.041,0,0,1.238,83.286,254.114,0.621
2023-11-11 13:00,7.114,0.043,0,0,1.238,41.487,157.691,0.668
2023-11-11 14:00,6.439,0.034,0,0,1.239,5.975,34.090,0.686
2023-11-11 15:00,6.087,0.030,0,0,1.240,0,0,0.661
2023-11-11 16:00,6.003,0.024,0,0,1.241,0,0,0.640
2023-11-11 17:00,6.003,0.019,0,0,1.241,0,0,0.637
2023-11-11 18:00,6.128,0.020,0,0,1.242,0,0,0.638
2023-11-11 19:00,6.169,0.017,0,0,1.243,0,0,0.649
2023-11-11 20:00,5.867,0.023,0,0,1.244,0,0,0.675
2023-11-11 21:00,5.369,0.027,0,0,1.245,0,0,0.802
2023-11-11 22:00,5.315,0.034,0,0,1.247,0,0,0.932
2023-11-11 23:00,5.445,0.045,0,0,1.249,0,0,0.969
2023-11-12 00:00,5.479,0.047,0,0,1.250,0,0,0.981
2023-11-12 01:00,5.379,0.046,0,0,1.251,0,0,0.986
2023-11-12 02:00,5.257,0.045,0,0,1.252,0,0,0.991
2023-11-12 03:00,5.050,0.041,0,0,1.254,0,0,0.991
2023-11-12 04:00,4.782,0.031,0,0,1.255,0,0,0.992
2023-11-12 05:00,4.469,0.025,0,0,1.257,0,0,0.994
2023-11-12 06:00,4.131,0.020,0,0,1.259,0.035,0.461,0.995
2023-11-12 07:00,3.767,0.016,0,0,1.262,9.302,79.372,0.996
2023-11-12 08:00,3.518,0.014,0,0,1.263,30.635,196.761,0.998
2023-11-12 09:00,3.470,0.014,0,0,1.264,52.332,276.219,0.999
2023-11-12 10:00,3.485,0.015,0,0,1.264,59.832,312.313,0.998
2023-11-12 11:00,3.491,0.019,0,0,1.264,56.014,302.674,0.996
2023-11-12 12:00,3.499,0.023,0,0,1.263,40.494,247.803,0.994
2023-11-12 13:00,3.451,0.030,0,0,1.263,19.422,151.500,0.988
2023-11-12 14:00,3.315,0.041,0,0,1.263,2.558,30.044,0.972
2023-11-12 15:00,3.258,0.047,0,0,1.263,0,0,0.948
2023-11-12 16:00,3.224,0.053,0,0,1.263,0,0,0.896
2023-11-12 17:00,3.096,0.057,0,0,1.264,0,0,0.800
2023-11-12 18:00,2.929,0.046,0,0,1.265,0,0,0.777
2023-11-12 19:00,2.707,0.030,0,0,1.266,0,0,0.774
2023-11-12 20:00,2.468,0.022,0,0,1.267,0,0,0.808
2023-11-12 21:00,2.236,0.026,0.001,0,1.268,0,0,0.865
2023-11-12 22:00,2.028,0.041,0.005,0.001,1.269,0,0,0.900
2023-11-12 23:00,1.879,0.049,0.006,0.001,1.270,0,0,0.918
2023-11-13 00:00,1.785,0.052,0.005,0.001,1.270,0,0,0.979
2023-11-13 01:00,1.713,0.062,0.007,0.001,1.270,0,0,0.983
2023-11-13 02:00,1.610,0.083,0.014,0.002,1.271,0,0,0.987
2023-11-13 03:00,1.493,0.090,0.013,0.002,1.271,0,0,0.992
2023-11-13 04:00,1.364,0.076,0.011,0.001,1.272,0,0,0.990
2023-11-13 05:00,1.234,0.060,0.010,0.001,1.272,0,0,0.955
2023-11-13 06:00,1.055,0.041,0.006,0.001,1.273,0.004,0.153,0.955
2023-11-13 07:00,0.902,0.027,0.003,0,1.274,10.184,73.358,0.972
2023-11-13 08:00,0.950,0.021,0.002,0,1.275,40.241,190.594,0.972
2023-11-13 09:00,1.142,0.020,0.003,0,1.274,65.984,269.969,0.976
2023-11-13 10:00,1.387,0.027,0.004,0,1.273,75.011,306.056,0.979
2023-11-13 11:00,1.547,0.037,0.003,0,1.272,62.453,296.424,0.982
2023-11-13 12:00,1.558,0.035,0.003,0,1.272,47.078,241.573,0.975
2023-11-13 13:00,1.379,0.031,0.003,0,1.272,26.025,145.398,0.945
2023-11-13 14:00,1.049,0.026,0.004,0,1.273,4.262,26.306,0.909
2023-11-13 15:00,0.743,0.017,0.007,0.001,1.274,0,0,0.852
2023-11-13 16:00,0.510,0.015,0.011,0.001,1.274,0,0,0.818
2023-11-13 17:00,0.380,0.019,0.014,0.002,1.275,0,0,0.844
2023-11-13 18:00,0.309,0.025,0.019,0.002,1.275,0,0,0.821
2023-11-13 19:00,0.274,0.026,0.020,0.003,1.274,0,0,0.755
2023-11-13 20:00,0.320,0.026,0.020,0.003,1.273,0,0,0.760
2023-11-13 21:00,0.441,0.024,0.008,0.001,1.272,0,0,0.789
2023-11-13 22:00,0.580,0.021,0.010,0.002,1.271,0,0,0.784
2023-11-13 23:00,0.756,0.024,0.011,0.002,1.269,0,0,0.789
2023-11-14 00:00,0.881,0.029,0.013,0.002,1.268,0,0,0.840
2023-11-14 01:00,1.041,0.036,0.014,0.003,1.267,0,0,0.918
2023-11-14 02:00,1.255,0.048,0.017,0.006,1.267,0,0,0.880
2023-11-14 03:00,1.459,0.029,0.009,0.013,1.266,0,0,0.883
2023-11-14 04:00,1.573,0.030,0.004,0.017,1.265,0,0,0.939
2023-11-14 05:00,1.622,0.024,0.005,0.020,1.265,0,0,0.949
2023-11-14 06:00,1.600,0.021,0.003,0.023,1.265,0.006,0.046,0.956
2023-11-14 07:00,1.611,0.019,0.003,0.025,1.265,12.398,67.486,0.920
2023-11-14 08:00,1.826,0.015,0.003,0.027,1.265,49.675,184.533,0.748
2023-11-14 09:00,2.104,0.015,0.002,0.029,1.264,94.252,263.844,0.595
2023-11-14 10:00,2.403,0.024,0.001,0.029,1.263,116.756,299.931,0.658
2023-11-14 11:00,2.591,0.035,0,0.029,1.262,100.016,290.225,0.789
2023-11-14 12:00,2.571,0.028,0,0.028,1.262,74.296,235.491,0.859
2023-11-14 13:00,2.336,0.024,0,0.028,1.263,37.688,139.396,0.954
2023-11-14 14:00,1.960,0.023,0.001,0.028,1.265,4.474,22.869,0.976
2023-11-14 15:00,1.659,0.021,0.003,0.030,1.266,0,0,0.978
2023-11-14 16:00,1.479,0.019,0.002,0.032,1.268,0,0,0.980
2023-11-14 17:00,1.338,0.019,0.002,0.034,1.270,0,0,0.984
2023-11-14 18:00,1.205,0.024,0.004,0.036,1.271,0,0,0.987
2023-11-14 19:00,1.072,0.028,0.010,0.039,1.272,0,0,0.989
2023-11-14 20:00,0.981,0.031,0.014,0.043,1.273,0,0,0.992
2023-11-14 21:00,0.915,0.029,0.022,0.047,1.274,0,0,0.994
2023-11-14 22:00,0.886,0.024,0.018,0.049,1.274,0,0,0.995
2023-11-14 23:00,0.912,0.023,0.015,0.051,1.274,0,0,0.994
2023-11-15 00:00,1.017,0.024,0.010,0.053,1.274,0,0,0.990
2023-11-15 01:00,1.015,0.019,0.009,0.055,1.274,0,0,0.982
2023-11-15 02:00,0.947,0.016,0.009,0.058,1.275,0,0,0.951
2023-11-15 03:00,0.810,0.012,0.008,0.060,1.276,0,0,0.852
2023-11-15 04:00,0.653,0.014,0.011,0.063,1.278,0,0,0.795
2023-11-15 05:00,0.640,0.011,0.010,0.067,1.278,0,0,0.795
2023-11-15 06:00,0.549,0.008,0.007,0.069,1.279,0.001,0.009,0.907
2023-11-15 07:00,0.633,0.007,0.006,0.071,1.280,14.532,61.877,0.956
2023-11-15 08:00,1.123,0.003,0.002,0.071,1.279,55.980,178.559,0.985
2023-11-15 09:00,1.589,0.002,0.001,0.071,1.277,94.152,257.807,0.985
2023-11-15 10:00,2.020,0.002,0.001,0.071,1.276,120.270,293.810,0.978
2023-11-15 11:00,2.283,0.002,0.001,0.071,1.275,127.728,284.178,0.980
2023-11-15 12:00,2.263,0.005,0.001,0.072,1.276,88.514,229.511,0.990
2023-11-15 13:00,1.954,0.011,0.003,0.074,1.277,38.363,133.521,0.992
2023-11-15 14:00,1.413,0.014,0.005,0.077,1.280,4.037,19.709,0.988
2023-11-15 15:00,0.996,0.016,0.006,0.081,1.283,0,0,0.970
2023-11-15 16:00,0.634,0.016,0.006,0.084,1.286,0,0,0.953
2023-11-15 17:00,0.376,0.015,0.013,0.087,1.287,0,0,0.947
2023-11-15 18:00,0.239,0.016,0.014,0.089,1.289,0,0,0.950
2023-11-15 19:00,0.143,0.018,0.016,0.091,1.290,0,0,0.942
2023-11-15 20:00,0.207,0.020,0.018,0.094,1.290,0,0,0.901
2023-11-15 21:00,0.098,0.015,0.013,0.096,1.291,0,0,0.887
2023-11-15 22:00,0.053,0.014,0.012,0.098,1.292,0,0,0.866
2023-11-15 23:00,0.019,0.013,0.011,0.101,1.292,0,0,0.834
2023-11-16 00:00,-0.059,0.014,0.012,0.104,1.293,0,0,0.840
2023-11-16 01:00,-0.232,0.011,0.010,0.106,1.294,0,0,0.841
2023-11-16 02:00,-0.268,0.007,0.006,0.107,1.295,0,0,0.820
2023-11-16 03:00,-0.390,0.004,0.003,0.108,1.296,0,0,0.789
2023-11-16 04:00,-0.624,0.003,0.003,0.108,1.297,0,0,0.754
2023-11-16 05:00,-0.909,0.002,0.002,0.108,1.298,0,0,0.642
2023-11-16 06:00,-1.192,0.005,0.004,0.108,1.300,0,0,0.558
2023-11-16 07:00,-1.084,0.005,0.005,0.109,1.301,17.292,56.575,0.387
2023-11-16 08:00,-0.717,0.002,0.002,0.109,1.300,78.099,172.746,0.172
2023-11-16 09:00,-0.178,0.002,0.002,0.109,1.298,137.716,251.891,0.178
2023-11-16 10:00,0.275,0.001,0.001,0.110,1.296,160.364,287.857,0.185
2023-11-16 11:00,0.540,0.002,0.002,0.110,1.295,152.284,278.225,0.192
2023-11-16 12:00,0.505,0.001,0.001,0.111,1.295,117.015,223.636,0.177
2023-11-16 13:00,0.045,0.001,0.001,0.112,1.296,59.514,127.751,0.167
2023-11-16 14:00,-1.096,0.001,0,0.112,1.298,5.250,16.845,0.156
2023-11-16 15:00,-1.572,0,0,0.112,1.300,0,0,0.114
2023-11-16 16:00,-1.691,0.001,0,0.112,1.301,0,0,0.140
2023-11-16 17:00,-2.022,0.001,0,0.112,1.301,0,0,0.166
2023-11-16 18:00,-2.073,0.001,0.001,0.112,1.300,0,0,0.192
2023-11-16 19:00,-1.952,0.003,0,0.112,1.299,0,0,0.136
2023-11-16 20:00,-1.868,0.003,0.001,0.112,1.298,0,0,0.159
2023-11-16 21:00,-1.715,0.005,0.001,0.113,1.297,0,0,0.199
2023-11-16 22:00,-1.513,0.008,0.005,0.113,1.296,0,0,0.250
2023-11-16 23:00,-1.297,0.009,0.006,0.113,1.294,0,0,0.266
2023-11-17 00:00,-1.200,0.010,0.004,0.113,1.293,0,0,0.290
2023-11-17 01:00,-1.024,0.009,0.002,0.113,1.291,0,0,0.298
2023-11-17 02:00,-0.827,0.007,0.001,0.113,1.290,0,0,0.313
2023-11-17 03:00,-0.690,0.006,0,0.113,1.289,0,0,0.343
2023-11-17 04:00,-0.553,0.007,0,0.113,1.288,0,0,0.415
2023-11-17 05:00,-0.549,0.014,0.001,0.114,1.289,0,0,0.517
2023-11-17 06:00,-0.380,0.020,0.002,0.114,1.289,0,0,0.553
2023-11-17 07:00,-0.099,0.021,0.005,0.117,1.290,13.878,51.576,0.550
2023-11-17 08:00,0.727,0.018,0.005,0.120,1.291,60.203,167.016,0.525
2023-11-17 09:00,1.383,0.010,0.004,0.123,1.291,101.117,246.096,0.506
2023-11-17 10:00,1.717,0.006,0.002,0.125,1.290,125.205,282.060,0.467
2023-11-17 11:00,1.833,0.003,0.001,0.124,1.290,126.030,272.428,0.367
2023-11-17 12:00,1.486,0.002,0,0.122,1.290,106.758,217.884,0.219
2023-11-17 13:00,0.495,0.002,0,0.122,1.290,53.466,122.094,0.203
2023-11-17 14:00,-0.205,0.002,0,0.122,1.291,4.241,14.240,0.253
2023-11-17 15:00,-0.295,0.002,0,0.122,1.292,0,0,0.289
2023-11-17 16:00,-0.121,0.002,0.001,0.123,1.292,0,0,0.322
2023-11-17 17:00,0.116,0.004,0.001,0.124,1.293,0,0,0.401
2023-11-17 18:00,0.357,0.003,0,0.124,1.293,0,0,0.518
2023-11-17 19:00,0.498,0.003,0,0.124,1.293,0,0,0.637
2023-11-17 20:00,0.543,0.005,0,0.125,1.294,0,0,0.690
2023-11-17 21:00,0.512,0.006,0.001,0.125,1.294,0,0,0.640
2023-11-17 22:00,0.276,0.007,0.001,0.126,1.295,0,0,0.658
2023-11-17 23:00,-0.252,0.009,0.001,0.126,1.297,0,0,0.721
2023-11-18 00:00,-0.810,0.009,0.001,0.127,1.298,0,0,0.854
2023-11-18 01:00,-1.109,0.007,0.004,0.127,1.300,0,0,0.941
2023-11-18 02:00,-1.366,0.004,0.003,0.127,1.303,0,0,0.961
2023-11-18 03:00,-1.658,0.002,0.001,0.127,1.307,0,0,0.927
2023-11-18 04:00,-2.162,0.001,0,0.127,1.310,0,0,0.806
2023-11-18 05:00,-2.737,0.001,0.001,0.127,1.313,0,0,0.708
2023-11-18 06:00,-3.045,0.002,0.001,0.127,1.315,0,0,0.614
2023-11-18 07:00,-3.117,0.002,0.001,0.127,1.317,16.070,46.898,0.494
2023-11-18 08:00,-2.857,0.002,0.001,0.127,1.317,74.651,161.393,0.366
2023-11-18 09:00,-2.385,0.001,0.001,0.127,1.316,128.125,240.429,0.185
2023-11-18 10:00,-1.981,0.001,0.001,0.126,1.314,174.548,276.350,0.072
2023-11-18 11:00,-1.797,0,0,0.126,1.313,167.043,266.725,0.112
2023-11-18 12:00,-1.903,0,0,0.126,1.313,125.639,212.220,0.099
2023-11-18 13:00,-2.477,0,0,0.125,1.314,59.296,116.554,0.067
2023-11-18 14:00,-3.760,0,0,0.125,1.316,4.059,11.907,0.069
2023-11-18 15:00,-4.174,0,0,0.126,1.318,0,0,0.101
2023-11-18 16:00,-4.319,0.001,0.001,0.126,1.320,0,0,0.203
2023-11-18 17:00,-4.408,0.002,0.002,0.126,1.322,0,0,0.324
2023-11-18 18:00,-4.457,0.004,0.004,0.127,1.323,0,0,0.409
2023-11-18 19:00,-4.453,0.003,0.003,0.129,1.323,0,0,0.388
2023-11-18 20:00,-4.536,0.003,0.003,0.131,1.323,0,0,0.388
2023-11-18 21:00,-4.637,0.003,0.003,0.133,1.323,0,0,0.427
2023-11-18 22:00,-4.725,0.003,0.003,0.134,1.323,0,0,0.447
2023-11-18 23:00,-5.001,0.002,0.002,0.136,1.322,0,0,0.472
2023-11-19 00:00,-5.251,0.002,0.002,0.137,1.322,0,0,0.585
2023-11-19 01:00,-5.333,0.001,0.001,0.138,1.320,0,0,0.811
2023-11-19 02:00,-5.272,0.001,0.001,0.139,1.319,0,0,0.943
2023-11-19 03:00,-5.226,0.001,0.001,0.139,1.317,0,0,0.932
2023-11-19 04:00,-5.179,0.001,0.001,0.140,1.315,0,0,0.908
2023-11-19 05:00,-5.057,0.002,0,0.140,1.313,0,0,0.910
2023-11-19 06:00,-4.881,0.002,0,0.140,1.311,0,0,0.931
2023-11-19 07:00,-4.627,0.003,0,0.140,1.309,13.628,42.532,0.948
2023-11-19 08:00,-3.969,0.002,0.001,0.140,1.306,64.074,155.954,0.950
2023-11-19 09:00,-2.997,0.002,0.001,0.140,1.302,106.449,234.866,0.969
2023-11-19 10:00,-2.100,0.004,0.002,0.140,1.299,118.914,270.725,0.968
2023-11-19 11:00,-1.498,0.009,0.006,0.141,1.296,102.407,261.103,0.932
2023-11-19 12:00,-1.232,0.011,0.006,0.141,1.293,74.315,206.720,0.904
2023-11-19 13:00,-1.463,0.013,0.006,0.142,1.290,35.920,111.147,0.925
2023-11-19 14:00,-1.973,0.017,0.010,0.143,1.288,2.119,9.811,0.953
2023-11-19 15:00,-2.258,0.013,0.007,0.144,1.287,0,0,0.905
2023-11-19 16:00,-2.301,0.017,0.006,0.145,1.287,0,0,0.840
2023-11-19 17:00,-2.161,0.028,0.008,0.146,1.286,0,0,0.796
2023-11-19 18:00,-1.824,0.046,0.014,0.149,1.285,0,0,0.768
2023-11-19 19:00,-1.378,0.068,0.017,0.153,1.283,0,0,0.811
2023-11-19 20:00,-0.904,0.095,0.009,0.160,1.281,0,0,0.890
2023-11-19 21:00,-0.386,0.067,0.007,0.167,1.279,0,0,0.890
2023-11-19 22:00,0.095,0.067,0.011,0.177,1.278,0,0,0.808
2023-11-19 23:00,0.357,0.064,0.012,0.188,1.277,0,0,0.755
2023-11-20 00:00,0.348,0.049,0.008,0.197,1.277,0,0,0.737
2023-11-20 01:00,0.260,0.044,0.007,0.206,1.278,0,0,0.664
2023-11-20 02:00,0.202,0.041,0.007,0.214,1.278,0,0,0.530
2023-11-20 03:00,0.295,0.028,0.006,0.219,1.279,0,0,0.543
2023-11-20 04:00,0.308,0.015,0.003,0.223,1.278,0,0,0.571
2023-11-20 05:00,0.257,0.011,0.004,0.227,1.278,0,0,0.412
2023-11-20 06:00,0.168,0.012,0.003,0.229,1.277,0,0,0.364
2023-11-20 07:00,0.084,0.012,0.003,0.232,1.276,11.502,38.443,0.330
2023-11-20 08:00,0.447,0.012,0.003,0.235,1.276,62.013,150.581,0.386
2023-11-20 09:00,1.035,0.008,0.003,0.238,1.275,106.434,229.430,0.452
2023-11-20 10:00,1.600,0.006,0.003,0.241,1.274,127.479,265.235,0.376
2023-11-20 11:00,1.863,0.005,0.002,0.242,1.274,123.325,255.721,0.266
2023-11-20 12:00,1.532,0.004,0.002,0.244,1.273,98.826,201.342,0.189
2023-11-20 13:00,0.687,0.004,0.001,0.246,1.274,43.813,105.866,0.272
2023-11-20 14:00,-0.203,0.006,0.003,0.249,1.275,2.057,7.966,0.455
2023-11-20 15:00,-0.544,0.006,0,0.250,1.276,0,0,0.468
2023-11-20 16:00,-0.695,0.006,0,0.251,1.277,0,0,0.388
2023-11-20 17:00,-0.762,0.007,0.001,0.252,1.279,0,0,0.322
2023-11-20 18:00,-0.878,0.007,0.001,0.252,1.280,0,0,0.313
2023-11-20 19:00,-0.971,0.010,0.001,0.254,1.281,0,0,0.333
2023-11-20 20:00,-1.117,0.007,0.001,0.255,1.282,0,0,0.335
2023-11-20 21:00,-1.096,0.006,0.001,0.256,1.282,0,0,0.333
2023-11-20 22:00,-1.119,0.007,0.002,0.258,1.283,0,0,0.353
2023-11-20 23:00,-1.120,0.012,0.008,0.262,1.284,0,0,0.387
2023-11-21 00:00,-1.251,0.017,0.008,0.269,1.285,0,0,0.465
2023-11-21 01:00,-1.379,0.013,0.006,0.274,1.287,0,0,0.515
2023-11-21 02:00,-1.318,0.015,0.006,0.278,1.289,0,0,0.562
2023-11-21 03:00,-1.090,0.010,0.005,0.281,1.291,0,0,0.599
2023-11-21 04:00,-1.168,0.008,0.004,0.283,1.293,0,0,0.619
2023-11-21 05:00,-1.013,0.009,0.006,0.285,1.296,0,0,0.751
2023-11-21 06:00,-0.563,0.016,0.013,0.288,1.299,0,0,0.856
2023-11-21 07:00,-0.446,0.032,0.024,0.293,1.300,6.080,34.646,0.889
2023-11-21 08:00,-0.159,0.050,0.032,0.298,1.299,38.696,145.352,0.832
2023-11-21 09:00,0.191,0.039,0.017,0.300,1.299,68.038,224.141,0.749
2023-11-21 10:00,0.462,0.025,0.008,0.301,1.299,77.562,259.937,0.608
2023-11-21 11:00,0.563,0.014,0.006,0.301,1.300,86.027,250.387,0.476
2023-11-21 12:00,0.449,0.004,0.002,0.300,1.300,78.084,196.092,0.331
2023-11-21 13:00,-0.044,0.003,0.003,0.300,1.302,37.614,100.720,0.362
2023-11-21 14:00,-0.767,0.004,0.004,0.301,1.305,1.393,6.339,0.445
2023-11-21 15:00,-1.242,0.005,0.005,0.301,1.309,0,0,0.500
2023-11-21 16:00,-1.642,0.005,0.005,0.302,1.312,0,0,0.500
2023-11-21 17:00,-2.006,0.004,0.004,0.302,1.315,0,0,0.471
2023-11-21 18:00,-2.413,0.004,0.004,0.303,1.317,0,0,0.457
2023-11-21 19:00,-2.772,0.003,0.003,0.305,1.319,0,0,0.382
2023-11-21 20:00,-3.495,0.001,0.001,0.305,1.320,0,0,0.253
2023-11-21 21:00,-3.841,0.002,0.002,0.306,1.320,0,0,0.235
2023-11-21 22:00,-3.669,0.002,0.002,0.307,1.320,0,0,0.239
2023-11-21 23:00,-3.629,0.002,0.002,0.307,1.321,0,0,0.229
2023-11-22 00:00,-3.687,0.003,0.003,0.308,1.321,0,0,0.231
2023-11-22 01:00,-3.958,0.003,0.003,0.309,1.321,0,0,0.219
2023-11-22 02:00,-4.745,0.003,0.003,0.310,1.322,0,0,0.297
2023-11-22 03:00,-5.559,0.004,0.004,0.311,1.324,0,0,0.448
2023-11-22 04:00,-5.303,0.014,0.014,0.313,1.326,0,0,0.585
2023-11-22 05:00,-4.866,0.009,0.009,0.314,1.326,0,0,0.604
2023-11-22 06:00,-4.766,0.011,0.011,0.316,1.325,0,0,0.852
2023-11-22 07:00,-4.442,0.013,0.013,0.319,1.321,7.350,31.127,0.970
2023-11-22 08:00,-3.683,0.016,0.016,0.322,1.316,30.032,140.268,0.973
2023-11-22 09:00,-2.812,0.015,0.015,0.323,1.310,42.509,218.954,0.972
2023-11-22 10:00,-1.976,0.013,0.013,0.325,1.303,46.518,254.732,0.983
2023-11-22 11:00,-1.080,0.009,0.009,0.326,1.296,42.191,245.219,0.992
2023-11-22 12:00,-0.252,0.027,0.027,0.334,1.289,21.892,190.967,0.994
2023-11-22 13:00,0.423,0.160,0.157,0.392,1.283,7.455,95.688,0.990
2023-11-22 14:00,0.883,0.526,0.455,0.710,1.278,0.162,4.939,0.988
2023-11-22 15:00,1.137,0.978,0.634,1.195,1.273,0,0,0.990
2023-11-22 16:00,1.261,1.839,1.112,2.059,1.269,0,0,0.990
2023-11-22 17:00,1.320,2.007,1.054,3.021,1.266,0,0,0.989
2023-11-22 18:00,1.344,1.244,0.281,3.355,1.262,0,0,0.985
2023-11-22 19:00,1.641,0.436,0,3.060,1.258,0,0,0.896
2023-11-22 20:00,2.017,0.208,0,2.678,1.254,0,0,0.937
2023-11-22 21:00,2.087,0.092,0,2.404,1.252,0,0,0.971
2023-11-22 22:00,2.217,0.023,0,2.196,1.250,0,0,0.875
2023-11-22 23:00,2.385,0.014,0,2.041,1.247,0,0,0.915
2023-11-23 00:00,2.658,0.017,0,1.925,1.244,0,0,0.931
2023-11-23 01:00,2.990,0.020,0,1.814,1.241,0,0,0.957
2023-11-23 02:00,3.087,0.030,0,1.737,1.239,0,0,0.987
2023-11-23 03:00,3.117,0.036,0,1.674,1.238,0,0,0.974
2023-11-23 04:00,3.180,0.028,0,1.616,1.235,0,0,0.958
2023-11-23 05:00,3.248,0.055,0,1.556,1.234,0,0,0.960
2023-11-23 06:00,3.168,0.112,0,1.503,1.233,0,0,0.935
2023-11-23 07:00,3.179,0.041,0,1.445,1.232,2.443,27.870,0.952
2023-11-23 08:00,3.284,0.020,0,1.373,1.230,16.259,135.290,0.951
2023-11-23 09:00,3.489,0.017,0,1.294,1.228,33.908,213.913,0.921
2023-11-23 10:00,3.719,0.106,0,1.213,1.225,47.245,249.687,0.844
2023-11-23 11:00,3.786,0.198,0,1.141,1.224,50.256,240.157,0.837
2023-11-23 12:00,3.682,0.122,0,1.081,1.223,33.288,185.968,0.848
2023-11-23 13:00,3.436,0.052,0,1.033,1.224,15.977,90.793,0.802
2023-11-23 14:00,3.019,0.065,0,0.993,1.225,0.453,3.740,0.756
2023-11-23 15:00,2.457,0.022,0,0.958,1.229,0,0,0.826
2023-11-23 16:00,1.824,0.010,0.001,0.936,1.233,0,0,0.801
2023-11-23 17:00,1.252,0.007,0.003,0.924,1.237,0,0,0.735
2023-11-23 18:00,0.709,0.016,0.012,0.924,1.241,0,0,0.808
2023-11-23 19:00,0.419,0.014,0.011,0.932,1.243,0,0,0.746
2023-11-23 20:00,0.104,0.015,0.014,0.944,1.245,0,0,0.679
2023-11-23 21:00,-0.145,0.009,0.008,0.954,1.246,0,0,0.547
2023-11-23 22:00,-0.316,0.010,0.008,0.962,1.248,0,0,0.543
2023-11-23 23:00,-0.370,0.008,0.006,0.969,1.249,0,0,0.391
2023-11-24 00:00,-0.638,0.005,0.003,0.973,1.250,0,0,0.504
2023-11-24 01:00,-0.897,0.004,0.003,0.976,1.251,0,0,0.764
2023-11-24 02:00,-1.158,0.004,0.004,0.979,1.253,0,0,0.814
2023-11-24 03:00,-1.338,0.005,0.005,0.983,1.254,0,0,0.672
2023-11-24 04:00,-1.460,0.006,0.005,0.988,1.254,0,0,0.529
2023-11-24 05:00,-1.622,0.006,0.005,0.993,1.255,0,0,0.430
2023-11-24 06:00,-1.829,0.006,0.005,0.998,1.256,0,0,0.430
2023-11-24 07:00,-1.984,0.006,0.005,1.003,1.258,6.578,24.869,0.487
2023-11-24 08:00,-1.804,0.008,0.006,1.008,1.257,44.853,130.477,0.568
2023-11-24 09:00,-1.493,0.012,0.010,1.015,1.257,75.493,209.018,0.594
2023-11-24 10:00,-1.217,0.019,0.015,1.026,1.257,88.924,244.752,0.637
2023-11-24 11:00,-0.989,0.026,0.021,1.042,1.257,78.178,235.245,0.691
2023-11-24 12:00,-0.867,0.027,0.021,1.060,1.257,55.615,181.113,0.709
2023-11-24 13:00,-0.864,0.037,0.023,1.079,1.258,21.610,86.041,0.725
2023-11-24 14:00,-0.904,0.057,0.028,1.103,1.258,0.393,2.735,0.792
2023-11-24 15:00,-0.833,0.072,0.036,1.132,1.259,0,0,0.845
2023-11-24 16:00,-0.693,0.090,0.051,1.174,1.259,0,0,0.874
2023-11-24 17:00,-0.587,0.099,0.060,1.228,1.260,0,0,0.912
2023-11-24 18:00,-0.625,0.086,0.050,1.279,1.261,0,0,0.952
2023-11-24 19:00,-0.712,0.085,0.057,1.327,1.262,0,0,0.959
2023-11-24 20:00,-0.854,0.068,0.054,1.379,1.264,0,0,0.968
2023-11-24 21:00,-1.005,0.047,0.042,1.420,1.266,0,0,0.934
2023-11-24 22:00,-1.213,0.043,0.042,1.446,1.268,0,0,0.824
2023-11-24 23:00,-1.488,0.046,0.046,1.474,1.271,0,0,0.732
2023-11-25 00:00,-1.853,0.038,0.038,1.495,1.275,0,0,0.714
2023-11-25 01:00,-2.183,0.033,0.033,1.510,1.278,0,0,0.839
2023-11-25 02:00,-2.419,0.036,0.036,1.528,1.280,0,0,0.841
2023-11-25 03:00,-2.649,0.028,0.028,1.546,1.282,0,0,0.810
2023-11-25 04:00,-2.869,0.021,0.021,1.555,1.284,0,0,0.501
2023-11-25 05:00,-3.123,0.017,0.017,1.565,1.286,0,0,0.424
2023-11-25 06:00,-3.441,0.030,0.030,1.581,1.288,0,0,0.513
2023-11-25 07:00,-3.660,0.039,0.039,1.614,1.290,4.256,22.099,0.659
2023-11-25 08:00,-3.669,0.054,0.054,1.655,1.291,30.707,125.790,0.808
2023-11-25 09:00,-3.610,0.061,0.061,1.704,1.292,52.432,204.288,0.688
2023-11-25 10:00,-3.635,0.062,0.062,1.757,1.293,66.511,239.996,0.674
2023-11-25 11:00,-3.849,0.067,0.067,1.817,1.295,56.251,230.491,0.701
2023-11-25 12:00,-4.194,0.067,0.067,1.878,1.297,40.928,176.389,0.666
2023-11-25 13:00,-4.553,0.063,0.063,1.938,1.299,14.051,81.427,0.677
2023-11-25 14:00,-4.910,0.063,0.063,1.998,1.301,0.179,1.916,0.706
2023-11-25 15:00,-5.277,0.056,0.056,2.053,1.304,0,0,0.737
2023-11-25 16:00,-5.659,0.049,0.049,2.102,1.306,0,0,0.758
2023-11-25 17:00,-5.972,0.042,0.041,2.143,1.307,0,0,0.761
2023-11-25 18:00,-6.102,0.036,0.033,2.177,1.308,0,0,0.777
2023-11-25 19:00,-6.004,0.037,0.034,2.209,1.307,0,0,0.796
2023-11-25 20:00,-5.868,0.037,0.035,2.242,1.306,0,0,0.824
2023-11-25 21:00,-5.694,0.031,0.029,2.272,1.305,0,0,0.873
2023-11-25 22:00,-5.533,0.023,0.021,2.296,1.303,0,0,0.917
2023-11-25 23:00,-5.325,0.020,0.018,2.314,1.301,0,0,0.923
2023-11-26 00:00,-5.093,0.024,0.023,2.334,1.300,0,0,0.893
2023-11-26 01:00,-4.932,0.040,0.038,2.364,1.299,0,0,0.897
2023-11-26 02:00,-4.695,0.060,0.057,2.411,1.298,0,0,0.918
2023-11-26 03:00,-4.479,0.071,0.069,2.475,1.298,0,0,0.930
2023-11-26 04:00,-4.330,0.075,0.074,2.546,1.297,0,0,0.923
2023-11-26 05:00,-4.181,0.077,0.076,2.621,1.297,0,0,0.887
2023-11-26 06:00,-4.064,0.073,0.072,2.695,1.297,0,0,0.811
2023-11-26 07:00,-4.199,0.061,0.061,2.761,1.298,2.571,19.576,0.711
2023-11-26 08:00,-4.162,0.053,0.053,2.817,1.299,24.157,121.251,0.663
2023-11-26 09:00,-3.735,0.044,0.044,2.862,1.298,49.367,199.663,0.630
2023-11-26 10:00,-3.299,0.048,0.048,2.903,1.296,64.345,235.334,0.654
2023-11-26 11:00,-3.021,0.054,0.054,2.949,1.295,61.835,225.866,0.650
2023-11-26 12:00,-2.960,0.066,0.066,3.005,1.295,43.944,171.826,0.631
2023-11-26 13:00,-3.126,0.079,0.079,3.079,1.295,13.706,76.958,0.653
2023-11-26 14:00,-3.441,0.065,0.064,3.150,1.297,0.114,1.264,0.666
2023-11-26 15:00,-3.586,0.055,0.055,3.208,1.298,0,0,0.659
2023-11-26 16:00,-3.709,0.046,0.046,3.258,1.299,0,0,0.634
2023-11-26 17:00,-3.958,0.044,0.043,3.302,1.299,0,0,0.589
2023-11-26 18:00,-4.164,0.045,0.045,3.347,1.300,0,0,0.560
2023-11-26 19:00,-4.273,0.042,0.042,3.391,1.300,0,0,0.549
2023-11-26 20:00,-4.280,0.045,0.044,3.434,1.300,0,0,0.557
2023-11-26 21:00,-4.166,0.053,0.052,3.482,1.299,0,0,0.564
2023-11-26 22:00,-4.135,0.074,0.073,3.544,1.299,0,0,0.654
2023-11-26 23:00,-3.858,0.103,0.102,3.636,1.299,0,0,0.815
2023-11-27 00:00,-3.421,0.122,0.112,3.745,1.298,0,0,0.903
2023-11-27 01:00,-3.111,0.113,0.104,3.858,1.298,0,0,0.926
2023-11-27 02:00,-2.881,0.066,0.066,3.936,1.297,0,0,0.863
2023-11-27 03:00,-2.913,0.033,0.033,3.977,1.298,0,0,0.742
2023-11-27 04:00,-3.188,0.026,0.025,3.996,1.300,0,0,0.616
2023-11-27 05:00,-3.634,0.011,0.011,4.001,1.302,0,0,0.513
2023-11-27 06:00,-4.095,0.009,0.009,3.999,1.305,0,0,0.449
2023-11-27 07:00,-4.474,0.010,0.010,3.999,1.307,3.642,17.267,0.348
2023-11-27 08:00,-4.583,0.014,0.014,4.001,1.309,39.799,116.845,0.361
2023-11-27 09:00,-4.506,0.015,0.015,4.002,1.309,72.567,195.189,0.433
2023-11-27 10:00,-4.407,0.012,0.012,3.999,1.309,86.697,230.834,0.425
2023-11-27 11:00,-4.356,0.011,0.011,3.992,1.309,83.983,221.370,0.396
2023-11-27 12:00,-4.443,0.012,0.012,3.987,1.309,61.308,167.426,0.399
2023-11-27 13:00,-4.775,0.015,0.015,3.989,1.309,20.211,72.625,0.409
2023-11-27 14:00,-5.165,0.016,0.016,3.997,1.310,0.108,0.770,0.400
2023-11-27 15:00,-5.456,0.017,0.017,4.007,1.311,0,0,0.417
2023-11-27 16:00,-5.829,0.017,0.017,4.018,1.313,0,0,0.448
2023-11-27 17:00,-6.115,0.017,0.017,4.028,1.314,0,0,0.496
2023-11-27 18:00,-6.265,0.015,0.015,4.039,1.314,0,0,0.513
2023-11-27 19:00,-6.387,0.013,0.013,4.048,1.314,0,0,0.453
2023-11-27 20:00,-6.509,0.015,0.015,4.057,1.314,0,0,0.532
2023-11-27 21:00,-6.472,0.029,0.029,4.076,1.313,0,0,0.747
2023-11-27 22:00,-6.218,0.035,0.035,4.104,1.311,0,0,0.939
2023-11-27 23:00,-5.955,0.044,0.044,4.140,1.309,0,0,0.971
2023-11-28 00:00,-5.568,0.033,0.033,4.174,1.306,0,0,0.920
2023-11-28 01:00,-5.204,0.021,0.021,4.193,1.302,0,0,0.967
2023-11-28 02:00,-4.665,0.028,0.028,4.208,1.298,0,0,0.994
2023-11-28 03:00,-4.134,0.040,0.040,4.227,1.294,0,0,0.996
2023-11-28 04:00,-3.812,0.118,0.118,4.288,1.292,0,0,0.997
2023-11-28 05:00,-3.630,0.255,0.255,4.469,1.290,0,0,0.998
2023-11-28 06:00,-3.446,0.389,0.389,4.785,1.288,0,0,0.998
2023-11-28 07:00,-3.332,0.437,0.437,5.196,1.286,0.573,15.166,0.969
2023-11-28 08:00,-3.373,0.394,0.394,5.590,1.286,8.514,112.596,0.947
2023-11-28 09:00,-3.616,0.354,0.354,5.940,1.288,18.209,190.873,0.937
2023-11-28 10:00,-3.994,0.311,0.311,6.253,1.290,21.377,226.522,0.945
2023-11-28 11:00,-4.309,0.298,0.298,6.530,1.291,22.540,217.054,0.964
2023-11-28 12:00,-4.511,0.317,0.317,6.826,1.292,13.318,163.135,0.964
2023-11-28 13:00,-4.646,0.303,0.303,7.124,1.292,4.259,68.438,0.971
2023-11-28 14:00,-4.696,0.246,0.246,7.393,1.292,0.005,0.424,0.967
2023-11-28 15:00,-4.716,0.168,0.168,7.590,1.292,0,0,0.949
2023-11-28 16:00,-4.809,0.113,0.113,7.723,1.291,0,0,0.912
2023-11-28 17:00,-4.824,0.100,0.100,7.825,1.290,0,0,0.878
2023-11-28 18:00,-4.722,0.135,0.135,7.942,1.290,0,0,0.884
2023-11-28 19:00,-4.551,0.200,0.200,8.114,1.290,0,0,0.878
2023-11-28 20:00,-4.408,0.266,0.265,8.352,1.289,0,0,0.882
2023-11-28 21:00,-4.145,0.335,0.329,8.653,1.288,0,0,0.873
2023-11-28 22:00,-3.732,0.444,0.435,9.043,1.286,0,0,0.886
2023-11-28 23:00,-3.377,0.522,0.509,9.529,1.284,0,0,0.899
2023-11-29 00:00,-2.959,0.501,0.489,10.037,1.282,0,0,0.911
2023-11-29 01:00,-2.543,0.425,0.413,10.486,1.280,0,0,0.926
2023-11-29 02:00,-2.157,0.323,0.315,10.844,1.278,0,0,0.919
2023-11-29 03:00,-2.011,0.230,0.225,11.105,1.277,0,0,0.877
2023-11-29 04:00,-2.232,0.149,0.146,11.285,1.277,0,0,0.734
2023-11-29 05:00,-2.717,0.069,0.067,11.385,1.279,0,0,0.522
2023-11-29 06:00,-3.340,0.027,0.026,11.430,1.282,0,0,0.415
2023-11-29 07:00,-3.787,0.013,0.012,11.450,1.285,2.488,13.263,0.379
2023-11-29 08:00,-3.608,0.009,0.007,11.462,1.286,31.269,108.502,0.385
2023-11-29 09:00,-2.848,0.005,0.004,11.468,1.287,65.538,186.728,0.370
2023-11-29 10:00,-2.073,0.004,0.003,11.472,1.286,86.448,222.331,0.334
2023-11-29 11:00,-1.638,0.003,0.002,11.473,1.284,86.672,212.892,0.300
2023-11-29 12:00,-1.724,0.002,0.001,11.474,1.283,61.821,159.010,0.307
2023-11-29 13:00,-2.384,0.003,0.001,11.476,1.283,19.784,64.426,0.413
2023-11-29 14:00,-3.192,0.011,0.008,11.485,1.283,0.035,0.210,0.557
2023-11-29 15:00,-3.523,0.007,0.002,11.492,1.283,0,0,0.712
2023-11-29 16:00,-3.441,0.009,0.002,11.498,1.283,0,0,0.828
2023-11-29 17:00,-3.172,0.013,0.003,11.507,1.282,0,0,0.898
2023-11-29 18:00,-2.955,0.022,0.006,11.519,1.282,0,0,0.901
2023-11-29 19:00,-2.783,0.033,0.012,11.537,1.282,0,0,0.927
2023-11-29 20:00,-2.570,0.046,0.019,11.564,1.281,0,0,0.952
2023-11-29 21:00,-2.223,0.058,0.018,11.599,1.281,0,0,0.970
2023-11-29 22:00,-1.692,0.058,0.016,11.632,1.280,0,0,0.982
2023-11-29 23:00,-1.297,0.077,0.021,11.672,1.279,0,0,0.994
2023-11-30 00:00,-1.104,0.069,0.029,11.711,1.279,0,0,0.996
2023-11-30 01:00,-1.076,0.056,0.030,11.747,1.280,0,0,0.994
2023-11-30 02:00,-1.103,0.050,0.035,11.785,1.281,0,0,0.989
2023-11-30 03:00,-1.173,0.044,0.027,11.815,1.282,0,0,0.972
2023-11-30 04:00,-1.320,0.058,0.032,11.846,1.284,0,0,0.951
2023-11-30 05:00,-1.373,0.073,0.042,11.885,1.285,0,0,0.983
2023-11-30 06:00,-1.497,0.076,0.042,11.923,1.286,0,0,0.972
2023-11-30 07:00,-1.599,0.098,0.064,11.968,1.286,1.084,11.554,0.982
2023-11-30 08:00,-1.568,0.130,0.099,12.037,1.287,12.654,104.544,0.991
2023-11-30 09:00,-1.461,0.193,0.188,12.160,1.286,25.048,182.691,0.985
2023-11-30 10:00,-1.443,0.248,0.247,12.352,1.286,29.416,218.274,0.970
2023-11-30 11:00,-1.416,0.317,0.316,12.602,1.285,26.211,208.886,0.957
2023-11-30 12:00,-1.416,0.354,0.353,12.906,1.285,14.993,155.073,0.974
2023-11-30 13:00,-1.466,0.338,0.337,13.211,1.285,4.196,60.560,0.996
2023-11-30 14:00,-1.427,0.320,0.316,13.487,1.284,0.001,0.096,0.997
2023-11-30 15:00,-1.300,0.281,0.252,13.729,1.284,0,0,0.981
2023-11-30 16:00,-1.159,0.232,0.189,13.904,1.283,0,0,0.969
2023-11-30 17:00,-1.035,0.162,0.133,14.023,1.282,0,0,0.962
2023-11-30 18:00,-0.992,0.094,0.078,14.083,1.282,0,0,0.958
2023-11-30 19:00,-1.002,0.059,0.052,14.107,1.282,0,0,0.937
2023-11-30 20:00,-1.046,0.050,0.047,14.118,1.282,0,0,0.933
2023-11-30 21:00,-1.095,0.065,0.063,14.136,1.282,0,0,0.956
2023-11-30 22:00,-1.110,0.087,0.086,14.180,1.282,0,0,0.948
2023-11-30 23:00,-1.130,0.074,0.073,14.229,1.282,0,0,0.936
2023-12-01 00:00,-1.144,0.051,0.050,14.258,1.282,0,0,0.929
2023-12-01 01:00,-1.150,0.041,0.040,14.271,1.282,0,0,0.925
2023-12-01 02:00,-1.142,0.043,0.042,14.281,1.282,0,0,0.919
2023-12-01 03:00,-1.129,0.044,0.044,14.297,1.281,0,0,0.915
2023-12-01 04:00,-1.077,0.042,0.042,14.313,1.281,0,0,0.933
2023-12-01 05:00,-1.043,0.040,0.040,14.329,1.281,0,0,0.896
2023-12-01 06:00,-1.037,0.040,0.039,14.344,1.281,0,0,0.902
2023-12-01 07:00,-1.057,0.040,0.039,14.362,1.282,1.276,10.017,0.934
2023-12-01 08:00,-1.015,0.036,0.036,14.376,1.282,18.800,100.763,0.897
2023-12-01 09:00,-0.881,0.030,0.030,14.380,1.282,42.596,178.873,0.823
2023-12-01 10:00,-0.735,0.026,0.025,14.369,1.281,57.834,214.419,0.802
2023-12-01 11:00,-0.704,0.031,0.030,14.356,1.281,55.545,205.013,0.838
2023-12-01 12:00,-0.858,0.050,0.048,14.360,1.282,37.618,151.260,0.879
2023-12-01 13:00,-1.092,0.043,0.041,14.375,1.283,10.870,56.913,0.909
2023-12-01 14:00,-1.308,0.040,0.038,14.394,1.284,0.003,0.037,0.925
2023-12-01 15:00,-1.508,0.041,0.039,14.416,1.285,0,0,0.921
2023-12-01 16:00,-1.775,0.039,0.039,14.440,1.287,0,0,0.911
2023-12-01 17:00,-2.055,0.038,0.038,14.465,1.289,0,0,0.906
2023-12-01 18:00,-2.359,0.035,0.035,14.488,1.291,0,0,0.953
2023-12-01 19:00,-2.680,0.037,0.037,14.516,1.293,0,0,0.995
2023-12-01 20:00,-2.951,0.034,0.034,14.544,1.295,0,0,0.998
2023-12-01 21:00,-3.200,0.029,0.029,14.568,1.296,0,0,0.997
2023-12-01 22:00,-3.427,0.027,0.027,14.588,1.298,0,0,0.997
2023-12-01 23:00,-3.611,0.025,0.025,14.604,1.300,0,0,0.996
2023-12-02 00:00,-3.772,0.021,0.021,14.615,1.301,0,0,0.996
2023-12-02 01:00,-4.008,0.022,0.022,14.627,1.302,0,0,0.994
2023-12-02 02:00,-4.296,0.023,0.023,14.639,1.304,0,0,0.981
2023-12-02 03:00,-4.704,0.024,0.024,14.652,1.306,0,0,0.947
2023-12-02 04:00,-5.179,0.026,0.026,14.670,1.308,0,0,0.911
2023-12-02 05:00,-5.586,0.040,0.040,14.695,1.310,0,0,0.907
2023-12-02 06:00,-5.800,0.057,0.057,14.739,1.311,0,0,0.919
2023-12-02 07:00,-5.993,0.060,0.060,14.792,1.313,0.989,8.644,0.948
2023-12-02 08:00,-5.943,0.055,0.055,14.841,1.314,15.935,97.108,0.962
2023-12-02 09:00,-5.657,0.052,0.052,14.879,1.313,33.976,175.185,0.952
2023-12-02 10:00,-5.434,0.055,0.055,14.913,1.313,44.829,210.708,0.920
2023-12-02 11:00,-5.246,0.064,0.064,14.953,1.312,41.825,201.326,0.879
2023-12-02 12:00,-5.117,0.068,0.068,15.002,1.312,28.871,147.595,0.830
2023-12-02 13:00,-5.174,0.072,0.072,15.061,1.312,8.364,53.480,0.789
2023-12-02 14:00,-5.322,0.068,0.068,15.128,1.312,0.001,0.011,0.764
2023-12-02 15:00,-5.400,0.059,0.059,15.189,1.313,0,0,0.763
2023-12-02 16:00,-5.436,0.068,0.068,15.251,1.313,0,0,0.769
2023-12-02 17:00,-5.394,0.073,0.073,15.321,1.313,0,0,0.767
2023-12-02 18:00,-5.324,0.068,0.068,15.392,1.312,0,0,0.736
2023-12-02 19:00,-5.304,0.051,0.051,15.450,1.313,0,0,0.701
2023-12-02 20:00,-5.357,0.045,0.045,15.497,1.313,0,0,0.702
2023-12-02 21:00,-5.306,0.034,0.034,15.535,1.313,0,0,0.710
2023-12-02 22:00,-5.228,0.032,0.031,15.565,1.312,0,0,0.715
2023-12-02 23:00,-5.161,0.034,0.034,15.596,1.312,0,0,0.707
2023-12-03 00:00,-5.119,0.035,0.034,15.627,1.312,0,0,0.706
2023-12-03 01:00,-5.038,0.039,0.039,15.660,1.312,0,0,0.708
2023-12-03 02:00,-4.970,0.042,0.042,15.699,1.312,0,0,0.712
2023-12-03 03:00,-4.981,0.024,0.024,15.729,1.312,0,0,0.629
2023-12-03 04:00,-5.340,0.017,0.017,15.748,1.314,0,0,0.561
2023-12-03 05:00,-6.070,0.020,0.020,15.768,1.315,0,0,0.625
2023-12-03 06:00,-6.544,0.026,0.026,15.792,1.316,0,0,0.733
2023-12-03 07:00,-6.577,0.030,0.030,15.821,1.317,1.035,7.424,0.862
2023-12-03 08:00,-6.341,0.034,0.034,15.852,1.318,18.661,93.639,0.920
2023-12-03 09:00,-5.574,0.041,0.041,15.884,1.317,37.006,171.625,0.953
2023-12-03 10:00,-4.931,0.053,0.053,15.920,1.316,41.270,207.169,0.979
2023-12-03 11:00,-4.763,0.066,0.066,15.967,1.315,35.031,197.767,0.985
2023-12-03 12:00,-4.714,0.077,0.077,16.026,1.315,21.222,144.095,0.975
2023-12-03 13:00,-4.810,0.084,0.084,16.099,1.315,5.527,50.286,0.954
2023-12-03 14:00,-4.992,0.079,0.079,16.173,1.317,0,0.003,0.944
2023-12-03 15:00,-5.100,0.068,0.068,16.238,1.317,0,0,0.932
2023-12-03 16:00,-5.235,0.055,0.055,16.289,1.318,0,0,0.927
2023-12-03 17:00,-5.421,0.040,0.040,16.327,1.319,0,0,0.930
2023-12-03 18:00,-5.692,0.025,0.025,16.348,1.321,0,0,0.940
2023-12-03 19:00,-6.029,0.017,0.017,16.358,1.323,0,0,0.957
2023-12-03 20:00,-6.405,0.011,0.011,16.358,1.324,0,0,0.957
2023-12-03 21:00,-7.042,0.007,0.007,16.352,1.327,0,0,0.964
2023-12-03 22:00,-7.914,0.005,0.005,16.344,1.330,0,0,0.962
2023-12-03 23:00,-8.753,0.003,0.003,16.339,1.333,0,0,0.957
2023-12-04 00:00,-9.625,0.003,0.003,16.337,1.336,0,0,0.945
2023-12-04 01:00,-10.469,0.004,0.004,16.337,1.337,0,0,0.884
2023-12-04 02:00,-10.769,0.005,0.005,16.339,1.338,0,0,0.860
2023-12-04 03:00,-10.644,0.009,0.009,16.345,1.339,0,0,0.825
2023-12-04 04:00,-10.593,0.011,0.011,16.353,1.338,0,0,0.727
2023-12-04 05:00,-10.409,0.008,0.008,16.362,1.337,0,0,0.544
2023-12-04 06:00,-10.466,0.007,0.007,16.370,1.337,0,0,0.454
2023-12-04 07:00,-10.638,0.009,0.009,16.379,1.337,1.207,6.346,0.387
2023-12-04 08:00,-10.323,0.011,0.011,16.390,1.337,25.951,90.308,0.431
2023-12-04 09:00,-9.018,0.011,0.011,16.396,1.336,52.721,168.273,0.491
2023-12-04 10:00,-8.258,0.008,0.008,16.386,1.334,71.757,203.790,0.468
2023-12-04 11:00,-7.900,0.006,0.006,16.375,1.332,72.522,194.392,0.420
2023-12-04 12:00,-7.801,0.005,0.005,16.368,1.331,48.096,140.782,0.419
2023-12-04 13:00,-8.344,0.005,0.005,16.370,1.332,12.602,47.309,0.410
2023-12-04 14:00,-9.621,0.005,0.005,16.376,1.333,0,0.001,0.412
2023-12-04 15:00,-10.160,0.006,0.006,16.383,1.335,0,0,0.400
2023-12-04 16:00,-10.521,0.007,0.007,16.390,1.336,0,0,0.461
2023-12-04 17:00,-10.680,0.008,0.008,16.398,1.338,0,0,0.519
2023-12-04 18:00,-10.769,0.010,0.010,16.409,1.340,0,0,0.574
2023-12-04 19:00,-10.850,0.012,0.012,16.422,1.342,0,0,0.600
2023-12-04 20:00,-10.944,0.015,0.015,16.437,1.343,0,0,0.608
2023-12-04 21:00,-10.949,0.012,0.012,16.452,1.344,0,0,0.577
2023-12-04 22:00,-10.901,0.012,0.012,16.465,1.344,0,0,0.569
2023-12-04 23:00,-10.823,0.013,0.013,16.479,1.343,0,0,0.599
2023-12-05 00:00,-10.680,0.014,0.014,16.494,1.342,0,0,0.600
2023-12-05 01:00,-10.521,0.014,0.014,16.510,1.341,0,0,0.614
2023-12-05 02:00,-10.375,0.012,0.012,16.525,1.341,0,0,0.649
2023-12-05 03:00,-10.060,0.009,0.009,16.537,1.339,0,0,0.671
2023-12-05 04:00,-9.716,0.009,0.009,16.547,1.337,0,0,0.674
2023-12-05 05:00,-9.585,0.007,0.007,16.556,1.337,0,0,0.661
2023-12-05 06:00,-9.549,0.005,0.005,16.564,1.337,0,0,0.612
2023-12-05 07:00,-9.546,0.005,0.005,16.570,1.337,1.013,5.399,0.599
2023-12-05 08:00,-9.342,0.004,0.004,16.575,1.337,26.407,87.162,0.552
2023-12-05 09:00,-8.777,0.003,0.003,16.579,1.337,62.472,165.062,0.514
2023-12-05 10:00,-7.818,0.003,0.003,16.578,1.336,79.464,200.546,0.499
2023-12-05 11:00,-7.467,0.004,0.004,16.569,1.336,74.548,191.201,0.525
2023-12-05 12:00,-7.516,0.006,0.006,16.567,1.335,45.954,137.595,0.559
2023-12-05 13:00,-8.123,0.007,0.007,16.573,1.335,11.056,44.556,0.568
2023-12-05 14:00,-8.597,0.008,0.008,16.582,1.335,0,0.001,0.572
2023-12-05 15:00,-8.827,0.010,0.010,16.592,1.337,0,0,0.600
2023-12-05 16:00,-8.965,0.011,0.011,16.603,1.338,0,0,0.625
2023-12-05 17:00,-9.049,0.012,0.012,16.616,1.339,0,0,0.650
2023-12-05 18:00,-9.137,0.014,0.014,16.630,1.340,0,0,0.673
2023-12-05 19:00,-9.225,0.015,0.015,16.646,1.341,0,0,0.693
2023-12-05 20:00,-9.334,0.016,0.016,16.662,1.342,0,0,0.697
2023-12-05 21:00,-9.414,0.014,0.014,16.679,1.343,0,0,0.685
2023-12-05 22:00,-9.504,0.012,0.012,16.693,1.343,0,0,0.664
2023-12-05 23:00,-9.694,0.009,0.009,16.705,1.344,0,0,0.614
2023-12-06 00:00,-10.105,0.006,0.006,16.713,1.346,0,0,0.537
2023-12-06 01:00,-10.549,0.005,0.005,16.720,1.348,0,0,0.582
2023-12-06 02:00,-10.901,0.005,0.005,16.726,1.349,0,0,0.762
2023-12-06 03:00,-11.110,0.005,0.005,16.732,1.351,0,0,0.892
2023-12-06 04:00,-11.196,0.006,0.006,16.739,1.352,0,0,0.940
2023-12-06 05:00,-11.218,0.008,0.008,16.747,1.353,0,0,0.934
2023-12-06 06:00,-11.228,0.008,0.008,16.755,1.354,0,0,0.888
2023-12-06 07:00,-11.251,0.007,0.007,16.764,1.355,0.887,4.573,0.822
2023-12-06 08:00,-11.101,0.007,0.007,16.771,1.355,25.740,84.181,0.746
2023-12-06 09:00,-10.308,0.006,0.006,16.778,1.354,60.611,162.062,0.691
2023-12-06 10:00,-9.377,0.006,0.006,16.775,1.352,81.158,197.520,0.732
2023-12-06 11:00,-8.904,0.006,0.006,16.767,1.349,77.233,188.164,0.818
2023-12-06 12:00,-8.748,0.005,0.005,16.765,1.347,51.372,134.655,0.927
2023-12-06 13:00,-9.070,0.004,0.002,16.768,1.345,12.464,42.021,0.970
2023-12-06 14:00,-9.531,0.003,0.002,16.771,1.344,0,0,0.969
2023-12-06 15:00,-9.804,0.005,0.002,16.775,1.344,0,0,0.971
2023-12-06 16:00,-9.997,0.008,0.003,16.780,1.344,0,0,0.975
2023-12-06 17:00,-10.031,0.010,0.005,16.787,1.344,0,0,0.979
2023-12-06 18:00,-9.922,0.016,0.009,16.798,1.345,0,0,0.984
2023-12-06 19:00,-9.631,0.022,0.015,16.815,1.344,0,0,0.991
2023-12-06 20:00,-9.220,0.024,0.019,16.835,1.344,0,0,0.994
2023-12-06 21:00,-8.706,0.025,0.022,16.859,1.342,0,0,0.998
2023-12-06 22:00,-8.007,0.025,0.023,16.884,1.338,0,0,0.998
2023-12-06 23:00,-7.254,0.020,0.018,16.906,1.333,0,0,0.998
2023-12-07 00:00,-6.397,0.018,0.016,16.923,1.328,0,0,0.997
2023-12-07 01:00,-5.476,0.018,0.016,16.935,1.321,0,0,0.995
2023-12-07 02:00,-4.711,0.016,0.015,16.942,1.316,0,0,0.996
2023-12-07 03:00,-4.020,0.019,0.017,16.939,1.311,0,0,0.998
2023-12-07 04:00,-3.472,0.028,0.018,16.929,1.308,0,0,0.998
2023-12-07 05:00,-2.749,0.042,0.015,16.915,1.306,0,0,0.998
2023-12-07 06:00,-2.214,0.050,0.014,16.906,1.305,0,0,0.998
2023-12-07 07:00,-1.842,0.061,0.014,16.913,1.304,0.249,3.855,0.998
2023-12-07 08:00,-1.416,0.078,0.020,16.934,1.304,8.470,81.350,0.998
2023-12-07 09:00,-0.941,0.107,0.024,16.960,1.303,18.543,159.187,0.998
2023-12-07 10:00,-0.662,0.130,0.031,16.996,1.302,22.226,194.665,0.998
2023-12-07 11:00,-0.570,0.118,0.034,17.041,1.302,20.121,185.289,0.998
2023-12-07 12:00,-0.579,0.094,0.031,17.087,1.301,13.325,131.821,0.998
2023-12-07 13:00,-0.584,0.096,0.028,17.124,1.300,3.195,39.695,0.997
2023-12-07 14:00,-0.580,0.141,0.059,17.174,1.300,0,0,0.996
2023-12-07 15:00,-0.546,0.241,0.175,17.276,1.299,0,0,0.995
2023-12-07 16:00,-0.421,0.342,0.237,17.472,1.299,0,0,0.988
2023-12-07 17:00,-0.321,0.425,0.353,17.750,1.298,0,0,0.979
2023-12-07 18:00,-0.240,0.433,0.348,18.067,1.298,0,0,0.967
2023-12-07 19:00,-0.141,0.414,0.336,18.364,1.297,0,0,0.962
2023-12-07 20:00,-0.066,0.429,0.349,18.649,1.296,0,0,0.962
2023-12-07 21:00,-0.001,0.471,0.367,18.953,1.296,0,0,0.962
2023-12-07 22:00,0.074,0.453,0.356,19.250,1.295,0,0,0.960
2023-12-07 23:00,0.122,0.412,0.314,19.498,1.295,0,0,0.958
2023-12-08 00:00,0.151,0.377,0.279,19.706,1.295,0,0,0.958
2023-12-08 01:00,0.182,0.362,0.262,19.901,1.295,0,0,0.955
2023-12-08 02:00,0.205,0.312,0.210,20.063,1.294,0,0,0.942
2023-12-08 03:00,0.212,0.250,0.160,20.171,1.294,0,0,0.916
2023-12-08 04:00,0.205,0.197,0.110,20.223,1.294,0,0,0.867
2023-12-08 05:00,0.238,0.180,0.100,20.266,1.293,0,0,0.794
2023-12-08 06:00,0.260,0.163,0.092,20.325,1.293,0,0,0.759
2023-12-08 07:00,0.319,0.145,0.036,20.241,1.293,0.202,3.238,0.839
2023-12-08 08:00,0.360,0.112,0.029,20.120,1.293,11.151,78.694,0.720
2023-12-08 09:00,0.418,0.093,0.024,19.944,1.293,30.058,156.500,0.705
2023-12-08 10:00,0.482,0.077,0.011,19.699,1.293,41.354,191.921,0.706
2023-12-08 11:00,0.507,0.067,0.010,19.456,1.293,40.431,182.601,0.790
2023-12-08 12:00,0.491,0.057,0.009,19.284,1.293,26.463,129.157,0.961
2023-12-08 13:00,0.407,0.046,0.007,19.214,1.293,5.901,37.558,0.977
2023-12-08 14:00,0.276,0.040,0.005,19.195,1.293,0,0,0.979
2023-12-08 15:00,0.214,0.034,0.004,19.176,1.293,0,0,0.978
2023-12-08 16:00,0.203,0.037,0.004,19.149,1.293,0,0,0.979
2023-12-08 17:00,0.246,0.052,0.004,19.109,1.293,0,0,0.978
2023-12-08 18:00,0.275,0.065,0.005,19.063,1.292,0,0,0.982
2023-12-08 19:00,0.344,0.081,0.005,18.974,1.292,0,0,0.988
2023-12-08 20:00,0.465,0.114,0.007,18.749,1.291,0,0,0.997
2023-12-08 21:00,0.515,0.153,0.014,18.410,1.291,0,0,0.998
2023-12-08 22:00,0.533,0.204,0.029,18.097,1.291,0,0,0.997
2023-12-08 23:00,0.499,0.199,0.046,17.877,1.292,0,0,0.997
2023-12-09 00:00,0.396,0.149,0.072,17.769,1.293,0,0,0.997
2023-12-09 01:00,0.302,0.084,0.055,17.796,1.294,0,0,0.997
2023-12-09 02:00,0.195,0.063,0.048,17.823,1.294,0,0,0.997
2023-12-09 03:00,-0.009,0.061,0.052,17.864,1.295,0,0,0.996
2023-12-09 04:00,-0.196,0.091,0.078,17.917,1.295,0,0,0.996
2023-12-09 05:00,-0.377,0.156,0.138,18.023,1.295,0,0,0.996
2023-12-09 06:00,-0.518,0.169,0.144,18.162,1.295,0,0,0.995
2023-12-09 07:00,-0.555,0.134,0.118,18.286,1.295,0.114,2.709,0.978
2023-12-09 08:00,-0.584,0.087,0.075,18.372,1.295,9.236,76.225,0.904
2023-12-09 09:00,-0.435,0.063,0.054,18.421,1.294,31.346,153.962,0.810
2023-12-09 10:00,-0.288,0.053,0.045,18.450,1.293,43.733,189.417,0.785
2023-12-09 11:00,-0.269,0.049,0.041,18.470,1.292,43.372,180.101,0.792
2023-12-09 12:00,-0.378,0.051,0.042,18.487,1.292,27.421,126.677,0.899
2023-12-09 13:00,-0.600,0.058,0.049,18.510,1.292,5.306,35.623,0.989
2023-12-09 14:00,-0.781,0.066,0.064,18.553,1.292,0,0,0.996
2023-12-09 15:00,-0.878,0.068,0.066,18.606,1.292,0,0,0.992
2023-12-09 16:00,-0.974,0.066,0.064,18.659,1.292,0,0,0.973
2023-12-09 17:00,-1.032,0.061,0.050,18.704,1.291,0,0,0.973
2023-12-09 18:00,-1.094,0.063,0.050,18.743,1.291,0,0,0.989
2023-12-09 19:00,-1.113,0.078,0.065,18.793,1.290,0,0,0.987
2023-12-09 20:00,-1.111,0.086,0.070,18.854,1.289,0,0,0.981
2023-12-09 21:00,-1.159,0.106,0.083,18.925,1.288,0,0,0.973
2023-12-09 22:00,-1.269,0.132,0.105,19.018,1.288,0,0,0.926
2023-12-09 23:00,-1.247,0.131,0.106,19.128,1.288,0,0,0.833
2023-12-10 00:00,-1.583,0.112,0.091,19.229,1.288,0,0,0.683
2023-12-10 01:00,-1.951,0.076,0.061,19.312,1.288,0,0,0.603
2023-12-10 02:00,-2.009,0.042,0.033,19.363,1.287,0,0,0.572
2023-12-10 03:00,-1.856,0.024,0.018,19.392,1.287,0,0,0.559
2023-12-10 04:00,-1.982,0.025,0.018,19.415,1.288,0,0,0.577
2023-12-10 05:00,-2.158,0.037,0.028,19.445,1.288,0,0,0.651
2023-12-10 06:00,-1.974,0.052,0.042,19.487,1.288,0,0,0.722
2023-12-10 07:00,-1.743,0.059,0.047,19.537,1.287,0.228,2.262,0.747
2023-12-10 08:00,-1.433,0.051,0.041,19.585,1.286,14.567,73.912,0.835
2023-12-10 09:00,-0.763,0.036,0.030,19.614,1.286,37.257,151.646,0.882
2023-12-10 10:00,-0.414,0.032,0.026,19.623,1.286,56.219,187.066,0.878
2023-12-10 11:00,-0.341,0.034,0.029,19.632,1.286,52.653,177.783,0.956
2023-12-10 12:00,-0.408,0.041,0.036,19.652,1.286,30.279,124.383,0.984
2023-12-10 13:00,-0.655,0.045,0.040,19.686,1.286,5.689,33.854,0.987
2023-12-10 14:00,-0.847,0.042,0.038,19.726,1.286,0,0,0.991
2023-12-10 15:00,-0.812,0.038,0.032,19.760,1.286,0,0,0.997
2023-12-10 16:00,-0.867,0.037,0.030,19.790,1.286,0,0,0.997
2023-12-10 17:00,-0.902,0.036,0.021,19.819,1.284,0,0,0.998
2023-12-10 18:00,-0.663,0.037,0.012,19.845,1.282,0,0,0.998
2023-12-10 19:00,-0.317,0.039,0.013,19.866,1.281,0,0,0.998
2023-12-10 20:00,-0.034,0.062,0.022,19.884,1.280,0,0,0.995
2023-12-10 21:00,0.092,0.114,0.040,19.908,1.279,0,0,0.989
2023-12-10 22:00,0.160,0.152,0.056,19.936,1.278,0,0,0.994
2023-12-10 23:00,0.200,0.192,0.058,19.944,1.278,0,0,0.996
2023-12-11 00:00,0.241,0.203,0.051,19.922,1.277,0,0,0.998
2023-12-11 01:00,0.282,0.181,0.041,19.861,1.276,0,0,0.998
2023-12-11 02:00,0.317,0.150,0.056,19.792,1.276,0,0,0.998
2023-12-11 03:00,0.378,0.121,0.037,19.718,1.275,0,0,0.998
2023-12-11 04:00,0.411,0.112,0.049,19.665,1.274,0,0,0.996
2023-12-11 05:00,0.397,0.114,0.056,19.656,1.274,0,0,0.991
2023-12-11 06:00,0.377,0.101,0.056,19.664,1.274,0,0,0.975
2023-12-11 07:00,0.361,0.076,0.029,19.641,1.274,0.129,1.889,0.985
2023-12-11 08:00,0.366,0.058,0.018,19.555,1.274,10.062,71.767,0.993
2023-12-11 09:00,0.426,0.048,0.007,19.372,1.274,27.537,149.462,0.995
2023-12-11 10:00,0.516,0.042,0.004,19.096,1.273,36.705,184.878,0.996
2023-12-11 11:00,0.524,0.035,0.004,18.876,1.273,36.360,175.601,0.995
2023-12-11 12:00,0.476,0.032,0.017,18.777,1.274,24.993,122.240,0.992
2023-12-11 13:00,0.285,0.034,0.025,18.755,1.274,5.555,32.250,0.988
2023-12-11 14:00,0.034,0.038,0.032,18.765,1.276,0,0,0.987
2023-12-11 15:00,-0.200,0.039,0.033,18.781,1.277,0,0,0.989
2023-12-11 16:00,-0.425,0.036,0.030,18.796,1.279,0,0,0.992
2023-12-11 17:00,-0.622,0.033,0.027,18.811,1.280,0,0,0.981
2023-12-11 18:00,-0.835,0.032,0.026,18.825,1.282,0,0,0.926
2023-12-11 19:00,-1.092,0.031,0.026,18.841,1.283,0,0,0.824
2023-12-11 20:00,-1.412,0.027,0.023,18.858,1.285,0,0,0.736
2023-12-11 21:00,-1.760,0.026,0.020,18.873,1.287,0,0,0.690
2023-12-11 22:00,-2.088,0.024,0.016,18.884,1.289,0,0,0.661
2023-12-11 23:00,-2.412,0.024,0.016,18.891,1.291,0,0,0.638
2023-12-12 00:00,-2.740,0.019,0.017,18.900,1.293,0,0,0.726
2023-12-12 01:00,-3.023,0.018,0.018,18.912,1.295,0,0,0.798
2023-12-12 02:00,-3.243,0.020,0.020,18.928,1.296,0,0,0.871
2023-12-12 03:00,-3.380,0.019,0.019,18.943,1.297,0,0,0.857
2023-12-12 04:00,-3.498,0.019,0.019,18.959,1.298,0,0,0.736
2023-12-12 05:00,-3.682,0.020,0.020,18.980,1.298,0,0,0.636
2023-12-12 06:00,-3.830,0.022,0.022,19.006,1.299,0,0,0.600
2023-12-12 07:00,-3.928,0.023,0.023,19.033,1.300,0.197,1.576,0.604
2023-12-12 08:00,-3.925,0.023,0.023,19.061,1.300,15.153,69.829,0.634
2023-12-12 09:00,-3.713,0.018,0.018,19.080,1.300,40.218,147.521,0.613
2023-12-12 10:00,-3.474,0.015,0.015,19.087,1.299,57.984,182.917,0.596
2023-12-12 11:00,-3.305,0.018,0.018,19.094,1.298,54.646,173.621,0.620
2023-12-12 12:00,-3.272,0.022,0.022,19.106,1.298,31.675,120.292,0.629
2023-12-12 13:00,-3.412,0.025,0.025,19.130,1.298,5.799,30.823,0.599
2023-12-12 14:00,-3.544,0.031,0.031,19.160,1.299,0,0,0.587
2023-12-12 15:00,-3.615,0.035,0.035,19.196,1.299,0,0,0.584
2023-12-12 16:00,-3.730,0.031,0.031,19.232,1.299,0,0,0.569
2023-12-12 17:00,-3.908,0.028,0.028,19.268,1.299,0,0,0.547
2023-12-12 18:00,-4.166,0.026,0.026,19.303,1.300,0,0,0.561
2023-12-12 19:00,-4.349,0.028,0.028,19.339,1.301,0,0,0.593
2023-12-12 20:00,-4.411,0.030,0.030,19.376,1.303,0,0,0.610
2023-12-12 21:00,-4.477,0.034,0.034,19.415,1.303,0,0,0.611
2023-12-12 22:00,-4.422,0.043,0.043,19.458,1.303,0,0,0.598
2023-12-12 23:00,-4.446,0.042,0.042,19.509,1.303,0,0,0.603
2023-12-13 00:00,-4.556,0.044,0.044,19.560,1.303,0,0,0.616
2023-12-13 01:00,-4.499,0.044,0.044,19.611,1.303,0,0,0.621
2023-12-13 02:00,-4.469,0.037,0.037,19.657,1.303,0,0,0.594
2023-12-13 03:00,-4.534,0.036,0.036,19.700,1.303,0,0,0.586
2023-12-13 04:00,-4.551,0.038,0.038,19.745,1.303,0,0,0.595
2023-12-13 05:00,-4.383,0.039,0.039,19.790,1.302,0,0,0.574
2023-12-13 06:00,-4.240,0.036,0.036,19.833,1.301,0,0,0.561
2023-12-13 07:00,-4.338,0.034,0.034,19.875,1.302,0.124,1.319,0.563
2023-12-13 08:00,-4.412,0.032,0.032,19.915,1.303,13.517,68.048,0.565
2023-12-13 09:00,-4.278,0.028,0.028,19.946,1.303,37.823,145.709,0.562
2023-12-13 10:00,-4.029,0.025,0.025,19.967,1.302,53.657,181.105,0.545
2023-12-13 11:00,-3.687,0.023,0.023,19.980,1.301,52.137,171.848,0.535
2023-12-13 12:00,-3.666,0.023,0.023,19.996,1.301,32.187,118.522,0.520
2023-12-13 13:00,-3.983,0.024,0.023,20.022,1.303,5.805,29.555,0.549
2023-12-13 14:00,-4.383,0.026,0.026,20.054,1.306,0,0,0.571
2023-12-13 15:00,-4.716,0.025,0.025,20.088,1.308,0,0,0.575
2023-12-13 16:00,-5.019,0.022,0.022,20.120,1.310,0,0,0.573
2023-12-13 17:00,-5.334,0.021,0.021,20.149,1.312,0,0,0.565
2023-12-13 18:00,-5.713,0.020,0.020,20.177,1.315,0,0,0.543
2023-12-13 19:00,-6.102,0.017,0.017,20.204,1.317,0,0,0.537
2023-12-13 20:00,-6.462,0.013,0.013,20.226,1.319,0,0,0.485
2023-12-13 21:00,-6.829,0.011,0.011,20.245,1.322,0,0,0.464
2023-12-13 22:00,-7.298,0.011,0.011,20.265,1.325,0,0,0.475
2023-12-13 23:00,-7.883,0.009,0.009,20.282,1.328,0,0,0.438
2023-12-14 00:00,-8.666,0.007,0.007,20.296,1.332,0,0,0.416
2023-12-14 01:00,-9.635,0.006,0.006,20.308,1.338,0,0,0.436
2023-12-14 02:00,-10.502,0.004,0.004,20.319,1.343,0,0,0.414
2023-12-14 03:00,-11.004,0.003,0.003,20.328,1.345,0,0,0.305
2023-12-14 04:00,-11.609,0.002,0.002,20.335,1.348,0,0,0.267
2023-12-14 05:00,-12.315,0.002,0.002,20.342,1.351,0,0,0.275
2023-12-14 06:00,-12.827,0.002,0.002,20.347,1.354,0,0,0.266
2023-12-14 07:00,-13.217,0.002,0.002,20.353,1.356,0.232,1.110,0.219
2023-12-14 08:00,-13.469,0.002,0.002,20.357,1.358,26.190,66.423,0.180
2023-12-14 09:00,-13.071,0.001,0.001,20.356,1.358,69.997,144.084,0.188
2023-12-14 10:00,-12.511,0.001,0.001,20.349,1.357,91.945,179.480,0.197
2023-12-14 11:00,-12.030,0.001,0.001,20.338,1.355,85.410,170.223,0.195
2023-12-14 12:00,-11.959,0.001,0.001,20.330,1.354,52.469,116.928,0.200
2023-12-14 13:00,-12.717,0.001,0.001,20.328,1.356,9.694,28.427,0.176
2023-12-14 14:00,-13.693,0.001,0.001,20.330,1.358,0,0,0.160
2023-12-14 15:00,-14.232,0,0,20.332,1.360,0,0,0.140
2023-12-14 16:00,-14.921,0,0,20.334,1.361,0,0,0.105
2023-12-14 17:00,-15.559,0,0,20.337,1.361,0,0,0.117
2023-12-14 18:00,-15.729,0,0,20.340,1.360,0,0,0.148
2023-12-14 19:00,-15.620,0,0,20.343,1.359,0,0,0.147
2023-12-14 20:00,-15.533,0,0,20.345,1.358,0,0,0.193
2023-12-14 21:00,-15.931,0,0,20.347,1.360,0,0,0.283
2023-12-14 22:00,-16.746,0,0,20.349,1.365,0,0,0.588
2023-12-14 23:00,-17.344,0,0,20.351,1.370,0,0,0.857
2023-12-15 00:00,-17.382,0.001,0.001,20.353,1.373,0,0,0.963
2023-12-15 01:00,-16.663,0.004,0.004,20.357,1.375,0,0,0.991
2023-12-15 02:00,-15.428,0.004,0.004,20.363,1.375,0,0,0.996
2023-12-15 03:00,-14.186,0.001,0.001,20.367,1.369,0,0,0.996
2023-12-15 04:00,-13.279,0.001,0.001,20.368,1.363,0,0,0.995
2023-12-15 05:00,-12.711,0.008,0.008,20.372,1.358,0,0,0.987
2023-12-15 06:00,-12.369,0.029,0.029,20.391,1.354,0,0,0.966
2023-12-15 07:00,-11.832,0.079,0.079,20.446,1.348,0.168,0.941,0.926
2023-12-15 08:00,-10.306,0.159,0.159,20.569,1.342,12.793,65.007,0.929
2023-12-15 09:00,-8.324,0.172,0.172,20.746,1.336,24.859,142.646,0.918
2023-12-15 10:00,-6.928,0.085,0.085,20.856,1.328,31.430,178.042,0.833
2023-12-15 11:00,-5.735,0.050,0.047,20.903,1.321,32.710,168.785,0.741
2023-12-15 12:00,-4.791,0.041,0.036,20.933,1.315,19.948,115.522,0.711
2023-12-15 13:00,-4.169,0.039,0.032,20.961,1.311,3.309,27.452,0.758
2023-12-15 14:00,-3.685,0.020,0.015,20.977,1.307,0,0,0.716
2023-12-15 15:00,-3.320,0.006,0.005,20.979,1.304,0,0,0.556
2023-12-15 16:00,-3.246,0.004,0.004,20.980,1.302,0,0,0.497
2023-12-15 17:00,-3.213,0.007,0.007,20.989,1.299,0,0,0.567
2023-12-15 18:00,-2.431,0.012,0.009,21.000,1.298,0,0,0.713
2023-12-15 19:00,-1.544,0.013,0.006,20.997,1.297,0,0,0.902
2023-12-15 20:00,-1.168,0.008,0.004,20.990,1.296,0,0,0.841
2023-12-15 21:00,-1.154,0.008,0.006,20.985,1.296,0,0,0.847
2023-12-15 22:00,-1.213,0.016,0.015,20.984,1.298,0,0,0.783
2023-12-15 23:00,-1.475,0.021,0.019,20.988,1.300,0,0,0.754
2023-12-16 00:00,-1.782,0.020,0.019,20.995,1.302,0,0,0.749
2023-12-16 01:00,-2.027,0.019,0.019,21.004,1.304,0,0,0.750
2023-12-16 02:00,-2.186,0.019,0.018,21.015,1.305,0,0,0.747
2023-12-16 03:00,-2.231,0.013,0.013,21.021,1.305,0,0,0.809
2023-12-16 04:00,-2.094,0.008,0.008,21.019,1.303,0,0,0.933
2023-12-16 05:00,-1.733,0.006,0.006,21.014,1.300,0,0,0.914
2023-12-16 06:00,-1.107,0.006,0.005,21.009,1.296,0,0,0.978
2023-12-16 07:00,-0.343,0.017,0.009,20.954,1.291,0.074,0.807,0.997
2023-12-16 08:00,0.447,0.093,0.004,20.754,1.286,5.053,63.757,0.998
2023-12-16 09:00,0.753,0.109,0.001,19.960,1.283,6.177,141.359,0.999
2023-12-16 10:00,0.910,0.077,0.001,18.888,1.282,5.358,176.755,0.999
2023-12-16 11:00,1.079,0.040,0,18.002,1.279,7.324,167.535,0.999
2023-12-16 12:00,1.231,0.024,0,17.001,1.277,7.394,114.301,0.999
2023-12-16 13:00,1.320,0.021,0,15.907,1.275,1.312,26.613,0.999
2023-12-16 14:00,1.402,0.018,0,14.804,1.273,0,0,0.998
2023-12-16 15:00,1.515,0.015,0,13.634,1.271,0,0,0.998
2023-12-16 16:00,1.668,0.013,0,12.400,1.268,0,0,0.998
2023-12-16 17:00,1.869,0.009,0,11.127,1.266,0,0,0.998
2023-12-16 18:00,2.144,0.010,0,9.821,1.262,0,0,0.997
2023-12-16 19:00,3.284,0.010,0,7.731,1.254,0,0,0.986
2023-12-16 20:00,3.915,0.011,0,5.586,1.252,0,0,0.848
2023-12-16 21:00,3.815,0.009,0,4.277,1.255,0,0,0.850
2023-12-16 22:00,3.235,0.006,0,3.587,1.261,0,0,0.798
2023-12-16 23:00,2.533,0.002,0,3.270,1.267,0,0,0.660
2023-12-17 00:00,1.955,0.001,0,3.143,1.272,0,0,0.605
2023-12-17 01:00,1.574,0.002,0.001,3.074,1.277,0,0,0.747
2023-12-17 02:00,1.232,0.004,0.003,3.028,1.280,0,0,0.975
2023-12-17 03:00,0.958,0.007,0.004,2.998,1.283,0,0,0.981
2023-12-17 04:00,0.527,0.014,0.010,2.995,1.287,0,0,0.992
2023-12-17 05:00,0.327,0.016,0.011,3.001,1.288,0,0,0.993
2023-12-17 06:00,0.229,0.016,0.012,3.006,1.289,0,0,0.997
2023-12-17 07:00,0.195,0.016,0.012,3.014,1.289,0.054,0.704,0.998
2023-12-17 08:00,0.385,0.013,0.009,3.018,1.287,5.906,62.694,0.998
2023-12-17 09:00,0.586,0.014,0.009,3.020,1.285,14.020,140.297,0.998
2023-12-17 10:00,0.878,0.048,0.015,3.017,1.282,15.981,175.692,0.999
2023-12-17 11:00,1.221,0.263,0.040,3.019,1.278,13.427,166.473,0.996
2023-12-17 12:00,1.534,0.631,0.006,2.988,1.274,7.748,113.241,0.998
2023-12-17 13:00,1.824,0.678,0.001,2.948,1.270,0.720,25.902,0.998
2023-12-17 14:00,2.171,0.610,0.003,2.903,1.266,0,0,0.995
2023-12-17 15:00,2.458,0.384,0.001,2.851,1.263,0,0,0.990
2023-12-17 16:00,2.702,0.166,0,2.792,1.261,0,0,0.993
2023-12-17 17:00,3.228,0.058,0,2.699,1.258,0,0,0.996
2023-12-17 18:00,3.724,0.050,0,2.557,1.256,0,0,0.995
2023-12-17 19:00,3.819,0.026,0,2.440,1.256,0,0,0.989
2023-12-17 20:00,3.868,0.016,0,2.331,1.255,0,0,0.987
2023-12-17 21:00,3.702,0.012,0,2.239,1.256,0,0,0.988
2023-12-17 22:00,3.697,0.013,0,2.152,1.256,0,0,0.993
2023-12-17 23:00,3.853,0.021,0,2.065,1.255,0,0,0.982
2023-12-18 00:00,3.981,0.027,0,1.977,1.255,0,0,0.960
2023-12-18 01:00,4.067,0.024,0,1.889,1.255,0,0,0.963
2023-12-18 02:00,4.128,0.019,0,1.801,1.254,0,0,0.890
2023-12-18 03:00,4.183,0.019,0,1.717,1.254,0,0,0.932
2023-12-18 04:00,4.301,0.024,0,1.633,1.254,0,0,0.948
2023-12-18 05:00,4.376,0.027,0,1.552,1.254,0,0,0.938
2023-12-18 06:00,4.385,0.019,0,1.478,1.255,0,0,0.948
2023-12-18 07:00,4.322,0.013,0,1.413,1.256,0.017,0.620,0.843
2023-12-18 08:00,4.157,0.014,0,1.355,1.257,8.396,61.810,0.850
2023-12-18 09:00,4.099,0.018,0,1.298,1.258,19.996,139.422,0.943
2023-12-18 10:00,4.095,0.024,0,1.241,1.258,18.429,174.817,0.965
2023-12-18 11:00,4.056,0.026,0,1.188,1.259,16.067,165.618,0.962
2023-12-18 12:00,3.998,0.027,0,1.140,1.259,9.476,112.395,0.974
2023-12-18 13:00,3.910,0.030,0,1.100,1.259,1.638,25.336,0.986
2023-12-18 14:00,3.815,0.034,0,1.064,1.259,0,0,0.992
2023-12-18 15:00,3.761,0.032,0,1.030,1.258,0,0,0.998
2023-12-18 16:00,3.854,0.027,0,0.995,1.257,0,0,0.998
2023-12-18 17:00,3.989,0.027,0,0.959,1.255,0,0,0.998
2023-12-18 18:00,4.237,0.026,0,0.920,1.252,0,0,0.997
2023-12-18 19:00,4.493,0.028,0,0.880,1.250,0,0,0.995
2023-12-18 20:00,4.580,0.035,0,0.839,1.247,0,0,0.996
2023-12-18 21:00,4.591,0.044,0,0.796,1.246,0,0,0.996
2023-12-18 22:00,4.591,0.472,0,0.755,1.244,0,0,0.988
2023-12-18 23:00,4.672,1.148,0,0.717,1.241,0,0,0.980
2023-12-19 00:00,4.877,0.511,0,0.675,1.237,0,0,0.987
2023-12-19 01:00,5.208,0.155,0,0.622,1.233,0,0,0.997
2023-12-19 02:00,5.705,0.028,0,0.543,1.229,0,0,0.952
2023-12-19 03:00,6.136,0.012,0,0.432,1.227,0,0,0.765
2023-12-19 04:00,6.152,0.004,0,0.342,1.227,0,0,0.696
2023-12-19 05:00,5.766,0,0,0.272,1.230,0,0,0.225
2023-12-19 06:00,4.894,0,0,0.227,1.235,0,0,0.005
2023-12-19 07:00,4.044,0,0,0.201,1.241,0.130,0.562,0.003
2023-12-19 08:00,3.652,0,0,0.181,1.244,26.640,61.102,0.006
2023-12-19 09:00,3.783,0,0,0.162,1.245,73.667,138.709,0.008
2023-12-19 10:00,3.912,0,0,0.146,1.245,97.854,174.128,0.008
2023-12-19 11:00,3.846,0,0,0.134,1.245,90.849,164.930,0.029
2023-12-19 12:00,3.531,0,0,0.127,1.246,54.263,111.709,0.088
2023-12-19 13:00,2.954,0,0,0.123,1.249,8.897,24.892,0.255
2023-12-19 14:00,2.373,0,0,0.120,1.251,0,0,0.450
2023-12-19 15:00,1.850,0,0,0.119,1.254,0,0,0.472
2023-12-19 16:00,1.566,0,0,0.117,1.255,0,0,0.416
2023-12-19 17:00,1.316,0.001,0.001,0.117,1.257,0,0,0.406
2023-12-19 18:00,1.004,0.002,0.002,0.117,1.259,0,0,0.351
2023-12-19 19:00,0.688,0.003,0.002,0.119,1.261,0,0,0.402
2023-12-19 20:00,0.510,0.004,0.003,0.123,1.262,0,0,0.545
2023-12-19 21:00,0.365,0.008,0.006,0.126,1.263,0,0,0.723
2023-12-19 22:00,0.392,0.026,0.020,0.139,1.263,0,0,0.836
2023-12-19 23:00,0.281,0.028,0.022,0.161,1.263,0,0,0.832
2023-12-20 00:00,0.083,0.025,0.014,0.178,1.264,0,0,0.791
2023-12-20 01:00,-0.163,0.025,0.012,0.191,1.265,0,0,0.769
2023-12-20 02:00,-0.414,0.025,0.012,0.202,1.266,0,0,0.772
2023-12-20 03:00,-0.557,0.022,0.010,0.213,1.266,0,0,0.761
2023-12-20 04:00,-0.680,0.021,0.010,0.223,1.265,0,0,0.775
2023-12-20 05:00,-0.605,0.023,0.011,0.234,1.263,0,0,0.829
2023-12-20 06:00,-0.287,0.035,0.013,0.246,1.261,0,0,0.931
2023-12-20 07:00,0.136,0.051,0.016,0.261,1.258,0.020,0.521,0.992
2023-12-20 08:00,0.601,0.066,0.025,0.281,1.256,7.678,60.591,0.998
2023-12-20 09:00,1.155,0.104,0.013,0.299,1.253,16.351,138.209,0.999
2023-12-20 10:00,1.427,0.157,0.018,0.313,1.250,15.643,173.628,0.999
2023-12-20 11:00,1.558,0.252,0.024,0.331,1.248,11.686,164.430,0.999
2023-12-20 12:00,1.530,0.466,0.077,0.378,1.247,6.225,111.220,0.999
2023-12-20 13:00,1.232,0.728,0.246,0.535,1.248,0.710,24.567,0.998
2023-12-20 14:00,0.794,0.778,0.156,0.749,1.250,0,0,0.996
2023-12-20 15:00,0.568,0.662,0.521,1.107,1.250,0,0,0.984
2023-12-20 16:00,0.499,0.468,0.315,1.535,1.249,0,0,0.953
2023-12-20 17:00,0.398,0.299,0.236,1.798,1.249,0,0,0.923
2023-12-20 18:00,0.113,0.171,0.132,1.966,1.250,0,0,0.825
2023-12-20 19:00,-0.123,0.078,0.070,2.066,1.251,0,0,0.757
2023-12-20 20:00,-0.066,0.036,0.030,2.110,1.252,0,0,0.737
2023-12-20 21:00,-0.404,0.026,0.023,2.135,1.254,0,0,0.684
2023-12-20 22:00,-0.848,0.031,0.029,2.162,1.256,0,0,0.657
2023-12-20 23:00,-1.168,0.039,0.038,2.196,1.257,0,0,0.653
2023-12-21 00:00,-1.436,0.048,0.047,2.240,1.258,0,0,0.631
2023-12-21 01:00,-1.687,0.054,0.053,2.290,1.259,0,0,0.647
2023-12-21 02:00,-1.898,0.059,0.059,2.345,1.259,0,0,0.654
2023-12-21 03:00,-2.024,0.049,0.048,2.399,1.259,0,0,0.636
2023-12-21 04:00,-2.170,0.026,0.025,2.432,1.259,0,0,0.681
2023-12-21 05:00,-2.344,0.013,0.013,2.448,1.258,0,0,0.724
2023-12-21 06:00,-2.502,0.016,0.016,2.463,1.258,0,0,0.589
2023-12-21 07:00,-2.536,0.009,0.009,2.476,1.257,0.064,0.495,0.499
2023-12-21 08:00,-2.552,0.004,0.004,2.482,1.256,17.966,60.249,0.721
2023-12-21 09:00,-2.205,0.005,0.005,2.486,1.253,51.310,137.859,0.986
2023-12-21 10:00,-1.737,0.011,0.010,2.492,1.249,50.585,173.312,0.997
2023-12-21 11:00,-1.196,0.015,0.013,2.502,1.243,41.985,164.117,0.997
2023-12-21 12:00,-0.695,0.027,0.023,2.517,1.238,22.375,110.926,0.997
2023-12-21 13:00,-0.291,0.081,0.073,2.561,1.233,2.637,24.363,0.996
2023-12-21 14:00,0.046,0.197,0.161,2.675,1.229,0,0,0.996
2023-12-21 15:00,0.335,0.354,0.201,2.850,1.226,0,0,0.995
2023-12-21 16:00,0.495,0.599,0.273,3.045,1.224,0,0,0.995
2023-12-21 17:00,0.594,0.831,0.475,3.383,1.222,0,0,0.996
2023-12-21 18:00,0.703,0.887,0.447,3.747,1.221,0,0,0.997
2023-12-21 19:00,0.751,0.863,0.385,4.013,1.221,0,0,0.997
2023-12-21 20:00,0.739,0.813,0.305,4.178,1.220,0,0,0.997
2023-12-21 21:00,0.740,0.801,0.484,4.418,1.220,0,0,0.998
2023-12-21 22:00,0.764,0.873,0.496,4.759,1.219,0,0,0.998
2023-12-21 23:00,0.808,0.988,0.665,5.097,1.219,0,0,0.998
2023-12-22 00:00,0.785,1.056,0.718,5.581,1.219,0,0,0.998
2023-12-22 01:00,0.787,1.019,0.857,6.133,1.219,0,0,0.998
2023-12-22 02:00,0.821,0.981,0.828,6.744,1.218,0,0,0.998
2023-12-22 03:00,0.819,0.828,0.709,7.308,1.219,0,0,0.994
2023-12-22 04:00,0.795,0.609,0.498,7.718,1.220,0,0,0.959
2023-12-22 05:00,0.756,0.476,0.385,7.992,1.221,0,0,0.920
2023-12-22 06:00,0.686,0.463,0.374,8.254,1.223,0,0,0.963
2023-12-22 07:00,0.603,0.449,0.351,8.539,1.224,0.014,0.483,0.994
2023-12-22 08:00,0.501,0.570,0.437,8.856,1.226,4.534,60.092,0.997
2023-12-22 09:00,0.448,0.883,0.733,9.382,1.227,9.293,137.734,0.997
2023-12-22 10:00,0.430,0.947,0.824,10.134,1.227,11.138,173.187,0.997
2023-12-22 11:00,0.391,0.783,0.665,10.831,1.228,10.645,163.992,0.997
2023-12-22 12:00,0.315,0.642,0.541,11.390,1.229,6.755,110.801,0.998
2023-12-22 13:00,0.175,0.589,0.496,11.871,1.230,1.080,24.281,0.998
2023-12-22 14:00,0.014,0.579,0.510,12.340,1.232,0,0,0.998
2023-12-22 15:00,-0.103,0.550,0.477,12.806,1.232,0,0,0.998
2023-12-22 16:00,-0.177,0.508,0.447,13.235,1.233,0,0,0.997
2023-12-22 17:00,-0.211,0.448,0.394,13.623,1.234,0,0,0.994
2023-12-22 18:00,-0.222,0.425,0.371,13.970,1.234,0,0,0.977
2023-12-22 19:00,-0.245,0.426,0.373,14.313,1.235,0,0,0.963
2023-12-22 20:00,-0.277,0.403,0.353,14.643,1.236,0,0,0.955
2023-12-22 21:00,-0.310,0.408,0.353,14.958,1.237,0,0,0.956
2023-12-22 22:00,-0.362,0.415,0.359,15.276,1.238,0,0,0.955
2023-12-22 23:00,-0.456,0.429,0.377,15.607,1.239,0,0,0.952
2023-12-23 00:00,-0.581,0.400,0.353,15.938,1.241,0,0,0.952
2023-12-23 01:00,-0.765,0.304,0.266,16.208,1.243,0,0,0.879
2023-12-23 02:00,-1.016,0.207,0.171,16.385,1.246,0,0,0.793
2023-12-23 03:00,-1.367,0.134,0.109,16.490,1.249,0,0,0.754
2023-12-23 04:00,-1.830,0.117,0.105,16.572,1.252,0,0,0.718
2023-12-23 05:00,-2.328,0.115,0.106,16.664,1.255,0,0,0.799
2023-12-23 06:00,-2.809,0.110,0.100,16.754,1.259,0,0,0.962
2023-12-23 07:00,-3.254,0.103,0.093,16.838,1.262,0.020,0.484,0.987
2023-12-23 08:00,-3.686,0.099,0.088,16.918,1.265,7.752,60.124,0.967
2023-12-23 09:00,-4.012,0.108,0.099,16.998,1.268,23.311,137.793,0.899
2023-12-23 10:00,-4.228,0.135,0.129,17.098,1.270,32.394,173.249,0.809
2023-12-23 11:00,-4.330,0.128,0.122,17.208,1.271,29.762,164.057,0.786
2023-12-23 12:00,-4.404,0.112,0.107,17.304,1.272,17.935,110.864,0.761
2023-12-23 13:00,-4.515,0.107,0.104,17.396,1.273,2.731,24.328,0.743
2023-12-23 14:00,-4.598,0.111,0.109,17.493,1.275,0,0,0.735
2023-12-23 15:00,-4.595,0.101,0.099,17.590,1.276,0,0,0.692
2023-12-23 16:00,-4.630,0.069,0.065,17.663,1.277,0,0,0.601
2023-12-23 17:00,-4.788,0.034,0.033,17.704,1.278,0,0,0.539
2023-12-23 18:00,-5.112,0.016,0.015,17.722,1.281,0,0,0.501
2023-12-23 19:00,-5.533,0.009,0.009,17.732,1.283,0,0,0.484
2023-12-23 20:00,-6.012,0.007,0.007,17.737,1.287,0,0,0.471
2023-12-23 21:00,-6.442,0.005,0.005,17.739,1.290,0,0,0.401
2023-12-23 22:00,-6.745,0.003,0.003,17.737,1.291,0,0,0.409
2023-12-23 23:00,-6.942,0.002,0.002,17.732,1.292,0,0,0.390
2023-12-24 00:00,-7.291,0.001,0.001,17.728,1.294,0,0,0.290
2023-12-24 01:00,-7.846,0.001,0.001,17.730,1.297,0,0,0.168
2023-12-24 02:00,-8.951,0,0,17.736,1.299,0,0,0.102
2023-12-24 03:00,-10.359,0,0,17.743,1.302,0,0,0.043
2023-12-24 04:00,-11.214,0,0,17.750,1.306,0,0,0.050
2023-12-24 05:00,-11.702,0,0,17.758,1.309,0,0,0.121
2023-12-24 06:00,-12.282,0,0,17.766,1.312,0,0,0.121
2023-12-24 07:00,-12.996,0,0,17.772,1.313,0.117,0.499,0.134
2023-12-24 08:00,-13.223,0,0,17.776,1.313,25.160,60.341,0.130
2023-12-24 09:00,-12.657,0,0,17.779,1.313,70.943,138.021,0.319
2023-12-24 10:00,-11.054,0,0,17.781,1.309,80.876,173.499,0.953
2023-12-24 11:00,-9.657,0,0,17.781,1.304,45.421,164.307,0.993
2023-12-24 12:00,-9.075,0,0,17.781,1.299,19.577,111.127,0.993
2023-12-24 13:00,-8.610,0,0,17.782,1.294,2.609,24.493,0.989
2023-12-24 14:00,-7.995,0.005,0.005,17.785,1.288,0,0,0.979
2023-12-24 15:00,-7.626,0.046,0.046,17.809,1.282,0,0,0.979
2023-12-24 16:00,-7.100,0.236,0.236,17.950,1.276,0,0,0.984
2023-12-24 17:00,-6.355,0.430,0.430,18.312,1.271,0,0,0.984
2023-12-24 18:00,-5.565,0.517,0.516,18.802,1.265,0,0,0.945
2023-12-24 19:00,-4.446,0.515,0.481,19.305,1.260,0,0,0.878
2023-12-24 20:00,-3.415,0.497,0.429,19.762,1.256,0,0,0.871
2023-12-24 21:00,-2.391,0.391,0.302,20.111,1.252,0,0,0.860
2023-12-24 22:00,-1.853,0.323,0.253,20.351,1.249,0,0,0.875
2023-12-24 23:00,-1.452,0.404,0.350,20.610,1.246,0,0,0.933
2023-12-25 00:00,-1.120,0.397,0.349,20.946,1.244,0,0,0.914
2023-12-25 01:00,-0.870,0.194,0.162,21.173,1.242,0,0,0.821
2023-12-25 02:00,-0.663,0.113,0.094,21.286,1.241,0,0,0.678
2023-12-25 03:00,-0.487,0.080,0.066,21.364,1.239,0,0,0.644
2023-12-25 04:00,-0.474,0.052,0.027,21.417,1.238,0,0,0.607
2023-12-25 05:00,-0.564,0.031,0.010,21.448,1.238,0,0,0.576
2023-12-25 06:00,-0.647,0.023,0.012,21.469,1.238,0,0,0.544
2023-12-25 07:00,-0.742,0.016,0.011,21.489,1.239,0.063,0.528,0.527
2023-12-25 08:00,-0.749,0.013,0.008,21.506,1.240,15.591,60.737,0.523
2023-12-25 09:00,-0.477,0.010,0.006,21.513,1.241,45.099,138.422,0.555
2023-12-25 10:00,-0.210,0.011,0.006,21.494,1.241,58.603,173.937,0.699
2023-12-25 11:00,-0.130,0.015,0.011,21.459,1.242,47.298,164.748,0.902
2023-12-25 12:00,-0.269,0.030,0.026,21.456,1.244,25.257,111.564,0.925
2023-12-25 13:00,-0.905,0.059,0.055,21.498,1.245,3.976,24.780,0.923
2023-12-25 14:00,-1.494,0.074,0.067,21.566,1.246,0,0,0.896
2023-12-25 15:00,-1.793,0.088,0.081,21.646,1.248,0,0,0.789
2023-12-25 16:00,-1.682,0.116,0.110,21.748,1.250,0,0,0.752
2023-12-25 17:00,-1.358,0.167,0.158,21.888,1.252,0,0,0.743
2023-12-25 18:00,-1.489,0.198,0.183,22.069,1.254,0,0,0.764
2023-12-25 19:00,-2.098,0.227,0.199,22.266,1.258,0,0,0.818
2023-12-25 20:00,-2.874,0.351,0.321,22.534,1.262,0,0,0.935
2023-12-25 21:00,-3.592,0.446,0.436,22.940,1.268,0,0,0.943
2023-12-25 22:00,-3.576,0.352,0.350,23.344,1.274,0,0,0.877
2023-12-25 23:00,-4.095,0.106,0.106,23.551,1.278,0,0,0.684
2023-12-26 00:00,-4.709,0.008,0.006,23.582,1.282,0,0,0.371
2023-12-26 01:00,-5.781,0.002,0.001,23.589,1.287,0,0,0.302
2023-12-26 02:00,-6.996,0.001,0.001,23.598,1.292,0,0,0.363
2023-12-26 03:00,-8.156,0.002,0.002,23.609,1.296,0,0,0.467
2023-12-26 04:00,-8.665,0.005,0.005,23.623,1.299,0,0,0.573
2023-12-26 05:00,-8.658,0.008,0.008,23.638,1.300,0,0,0.595
2023-12-26 06:00,-8.588,0.011,0.011,23.657,1.300,0,0,0.745
2023-12-26 07:00,-8.274,0.018,0.018,23.680,1.299,0.108,0.573,0.809
2023-12-26 08:00,-8.008,0.022,0.022,23.708,1.298,16.196,61.310,0.848
2023-12-26 09:00,-7.638,0.022,0.019,23.730,1.297,32.858,139.047,0.851
2023-12-26 10:00,-7.157,0.011,0.008,23.730,1.295,50.226,174.562,0.810
2023-12-26 11:00,-6.712,0.004,0.003,23.717,1.293,59.928,165.373,0.775
2023-12-26 12:00,-6.974,0.003,0.003,23.703,1.294,43.028,112.189,0.775
2023-12-26 13:00,-8.317,0.003,0.003,23.705,1.297,7.751,25.189,0.748
2023-12-26 14:00,-9.628,0.003,0.003,23.712,1.300,0,0,0.666
2023-12-26 15:00,-10.271,0.002,0.002,23.720,1.304,0,0,0.720
2023-12-26 16:00,-10.356,0.002,0.002,23.728,1.307,0,0,0.729
2023-12-26 17:00,-10.241,0.003,0.003,23.739,1.311,0,0,0.658
2023-12-26 18:00,-10.220,0.004,0.004,23.751,1.315,0,0,0.591
2023-12-26 19:00,-10.186,0.005,0.005,23.764,1.317,0,0,0.571
2023-12-26 20:00,-9.999,0.003,0.003,23.775,1.317,0,0,0.593
2023-12-26 21:00,-9.768,0.002,0.002,23.785,1.316,0,0,0.718
2023-12-26 22:00,-9.269,0.001,0.001,23.790,1.314,0,0,0.835
2023-12-26 23:00,-8.926,0.002,0.002,23.791,1.313,0,0,0.891
2023-12-27 00:00,-8.866,0.002,0.002,23.792,1.313,0,0,0.904
2023-12-27 01:00,-8.769,0.001,0.001,23.787,1.314,0,0,0.718
2023-12-27 02:00,-8.936,0,0,23.788,1.315,0,0,0.541
2023-12-27 03:00,-8.850,0,0,23.791,1.316,0,0,0.321
2023-12-27 04:00,-8.663,0,0,23.793,1.316,0,0,0.256
2023-12-27 05:00,-8.185,0.001,0,23.790,1.314,0,0,0.256
2023-12-27 06:00,-7.847,0.001,0,23.788,1.314,0,0,0.260
2023-12-27 07:00,-7.589,0.001,0.001,23.790,1.314,0.130,0.636,0.237
2023-12-27 08:00,-7.358,0.001,0.001,23.792,1.315,21.921,62.081,0.256
2023-12-27 09:00,-6.842,0.001,0.001,23.786,1.314,61.042,139.859,0.221
2023-12-27 10:00,-6.136,0,0,23.767,1.311,85.571,175.374,0.154
2023-12-27 11:00,-5.519,0,0,23.741,1.309,82.297,166.185,0.090
2023-12-27 12:00,-5.129,0,0,23.715,1.307,51.203,113.002,0.045
2023-12-27 13:00,-5.105,0,0,23.700,1.307,8.712,25.724,0.028
2023-12-27 14:00,-5.282,0,0,23.694,1.308,0,0,0.051
2023-12-27 15:00,-5.620,0,0,23.695,1.311,0,0,0.320
2023-12-27 16:00,-6.184,0,0,23.706,1.315,0,0,0.889
2023-12-27 17:00,-6.764,0.001,0.001,23.720,1.319,0,0,0.856
2023-12-27 18:00,-7.285,0.003,0.003,23.735,1.323,0,0,0.930
2023-12-27 19:00,-7.586,0.003,0.003,23.749,1.325,0,0,0.967
2023-12-27 20:00,-8.094,0.003,0.003,23.761,1.328,0,0,0.969
2023-12-27 21:00,-8.401,0.002,0.002,23.773,1.330,0,0,0.967
2023-12-27 22:00,-8.709,0.001,0.001,23.781,1.330,0,0,0.975
2023-12-27 23:00,-8.991,0.001,0.001,23.788,1.330,0,0,0.992
2023-12-28 00:00,-8.867,0.001,0.001,23.794,1.329,0,0,0.995
2023-12-28 01:00,-8.706,0.001,0.001,23.797,1.325,0,0,0.994
2023-12-28 02:00,-8.314,0,0,23.801,1.320,0,0,0.991
2023-12-28 03:00,-7.703,0.001,0.001,23.805,1.313,0,0,0.991
2023-12-28 04:00,-6.908,0.005,0.004,23.811,1.305,0,0,0.992
2023-12-28 05:00,-5.875,0.018,0.016,23.824,1.297,0,0,0.994
2023-12-28 06:00,-4.709,0.064,0.055,23.860,1.289,0,0,0.979
2023-12-28 07:00,-3.392,0.157,0.129,23.946,1.282,0.059,0.724,0.894
2023-12-28 08:00,-1.933,0.279,0.229,24.103,1.276,11.088,63.028,0.843
2023-12-28 09:00,-0.786,0.517,0.406,24.374,1.272,28.844,140.854,0.921
2023-12-28 10:00,-0.321,0.586,0.417,24.786,1.268,30.511,176.380,0.916
2023-12-28 11:00,0.006,0.334,0.179,24.689,1.264,20.909,167.242,0.959
2023-12-28 12:00,0.254,0.144,0.040,24.297,1.261,10.517,114.002,0.967
2023-12-28 13:00,0.461,0.079,0.021,23.591,1.258,1.623,26.393,0.989
2023-12-28 14:00,0.587,0.146,0.045,22.461,1.257,0,0,0.991
2023-12-28 15:00,0.638,0.236,0.034,21.397,1.256,0,0,0.990
2023-12-28 16:00,0.644,0.145,0.017,20.960,1.256,0,0,0.987
2023-12-28 17:00,0.613,0.059,0.007,20.649,1.256,0,0,0.990
2023-12-28 18:00,0.550,0.026,0.005,20.415,1.257,0,0,0.982
2023-12-28 19:00,0.483,0.019,0.009,20.234,1.259,0,0,0.941
2023-12-28 20:00,0.459,0.018,0.010,20.031,1.260,0,0,0.929
2023-12-28 21:00,0.461,0.017,0.008,19.826,1.261,0,0,0.877
2023-12-28 22:00,0.275,0.010,0.005,19.683,1.262,0,0,0.907
2023-12-28 23:00,0.042,0.012,0.006,19.635,1.264,0,0,0.985
2023-12-29 00:00,-0.188,0.013,0.009,19.600,1.265,0,0,0.994
2023-12-29 01:00,-0.257,0.014,0.012,19.575,1.264,0,0,0.998
2023-12-29 02:00,-0.166,0.049,0.021,19.549,1.261,0,0,0.996
2023-12-29 03:00,0.109,0.500,0.057,19.497,1.258,0,0,0.995
2023-12-29 04:00,0.394,1.145,0.408,19.687,1.255,0,0,0.995
2023-12-29 05:00,0.530,0.991,0.313,19.781,1.253,0,0,0.997
2023-12-29 06:00,0.666,0.506,0.177,19.806,1.251,0,0,0.998
2023-12-29 07:00,0.739,0.301,0.065,19.772,1.249,0.007,0.834,0.998
2023-12-29 08:00,0.750,0.132,0.021,19.670,1.249,3.467,64.153,0.998
2023-12-29 09:00,0.775,0.051,0.007,19.409,1.250,11.799,141.984,0.998
2023-12-29 10:00,0.792,0.024,0.003,18.969,1.251,23.433,177.567,0.993
2023-12-29 11:00,0.787,0.020,0.002,18.550,1.251,24.537,168.430,0.991
2023-12-29 12:00,0.827,0.029,0.003,18.157,1.250,17.595,115.189,0.992
2023-12-29 13:00,0.793,0.126,0.005,17.960,1.250,2.675,27.196,0.994
2023-12-29 14:00,0.731,0.436,0.085,17.955,1.250,0,0,0.995
2023-12-29 15:00,0.706,0.729,0.126,18.139,1.251,0,0,0.994
2023-12-29 16:00,0.625,0.671,0.095,18.231,1.251,0,0,0.991
2023-12-29 17:00,0.649,0.414,0.189,18.384,1.251,0,0,0.994
2023-12-29 18:00,0.745,0.313,0.064,18.484,1.250,0,0,0.997
2023-12-29 19:00,0.766,0.241,0.055,18.551,1.250,0,0,0.998
2023-12-29 20:00,0.817,0.163,0.042,18.599,1.250,0,0,0.998
2023-12-29 21:00,0.796,0.107,0.027,18.624,1.251,0,0,0.998
2023-12-29 22:00,0.751,0.075,0.018,18.640,1.251,0,0,0.990
2023-12-29 23:00,0.641,0.081,0.028,18.659,1.252,0,0,0.973
2023-12-30 00:00,0.453,0.101,0.054,18.704,1.254,0,0,0.978
2023-12-30 01:00,0.339,0.149,0.092,18.778,1.255,0,0,0.984
2023-12-30 02:00,0.127,0.208,0.149,18.898,1.256,0,0,0.990
2023-12-30 03:00,-0.160,0.321,0.279,19.120,1.258,0,0,0.993
2023-12-30 04:00,-0.421,0.355,0.340,19.440,1.260,0,0,0.993
2023-12-30 05:00,-0.630,0.310,0.296,19.761,1.262,0,0,0.971
2023-12-30 06:00,-0.818,0.261,0.247,20.029,1.264,0,0,0.956
2023-12-30 07:00,-0.841,0.256,0.240,20.270,1.266,0.039,0.975,0.944
2023-12-30 08:00,-0.871,0.279,0.261,20.520,1.268,7.067,65.466,0.919
2023-12-30 09:00,-0.789,0.297,0.278,20.784,1.269,19.512,143.359,0.900
2023-12-30 10:00,-0.653,0.321,0.295,21.064,1.269,25.954,178.942,0.895
2023-12-30 11:00,-0.561,0.308,0.273,21.339,1.270,24.694,169.807,0.884
2023-12-30 12:00,-0.562,0.250,0.228,21.577,1.271,15.532,116.551,0.880
2023-12-30 13:00,-0.677,0.146,0.128,21.743,1.273,2.964,28.129,0.849
2023-12-30 14:00,-0.870,0.063,0.037,21.813,1.276,0,0,0.795
2023-12-30 15:00,-1.118,0.024,0.012,21.831,1.278,0,0,0.732
2023-12-30 16:00,-1.479,0.012,0.010,21.843,1.281,0,0,0.659
2023-12-30 17:00,-1.865,0.012,0.011,21.857,1.285,0,0,0.613
2023-12-30 18:00,-2.209,0.010,0.010,21.871,1.287,0,0,0.536
2023-12-30 19:00,-2.519,0.009,0.009,21.885,1.290,0,0,0.473
2023-12-30 20:00,-2.800,0.008,0.008,21.900,1.292,0,0,0.480
2023-12-30 21:00,-2.990,0.008,0.008,21.915,1.294,0,0,0.483
2023-12-30 22:00,-3.260,0.007,0.007,21.930,1.297,0,0,0.484
2023-12-30 23:00,-3.531,0.007,0.007,21.947,1.299,0,0,0.508
2023-12-31 00:00,-3.875,0.005,0.005,21.963,1.302,0,0,0.506
2023-12-31 01:00,-4.198,0.004,0.004,21.976,1.303,0,0,0.507
2023-12-31 02:00,-4.366,0.003,0.003,21.990,1.304,0,0,0.498
2023-12-31 03:00,-4.539,0.003,0.003,22.004,1.306,0,0,0.486
2023-12-31 04:00,-5.058,0.004,0.004,22.018,1.307,0,0,0.511
2023-12-31 05:00,-5.758,0.004,0.003,22.030,1.308,0,0,0.545
2023-12-31 06:00,-6.015,0.005,0.005,22.044,1.308,0,0,0.563
2023-12-31 07:00,-6.033,0.007,0.006,22.058,1.308,0.209,1.152,0.568
2023-12-31 08:00,-5.622,0.006,0.006,22.071,1.307,20.856,66.966,0.571
2023-12-31 09:00,-4.549,0.006,0.006,22.079,1.306,56.011,144.918,0.591
2023-12-31 10:00,-3.508,0.006,0.006,22.073,1.305,72.758,180.505,0.625
2023-12-31 11:00,-3.127,0.007,0.007,22.059,1.305,68.265,171.373,0.685
2023-12-31 12:00,-3.292,0.007,0.007,22.049,1.305,41.645,118.096,0.685
2023-12-31 13:00,-3.919,0.006,0.006,22.049,1.306,7.822,29.220,0.608
2023-12-31 14:00,-4.533,0.006,0.006,22.057,1.307,0,0,0.563
2023-12-31 15:00,-4.540,0.006,0.006,22.065,1.307,0,0,0.571
2023-12-31 16:00,-4.337,0.006,0.006,22.066,1.308,0,0,0.579
2023-12-31 17:00,-4.228,0.007,0.007,22.065,1.308,0,0,0.611
2023-12-31 18:00,-4.188,0.006,0.006,22.064,1.308,0,0,0.607
2023-12-31 19:00,-4.256,0.007,0.007,22.063,1.308,0,0,0.618
2023-12-31 20:00,-4.175,0.007,0.007,22.063,1.308,0,0,0.705
2023-12-31 21:00,-4.009,0.007,0.007,22.061,1.308,0,0,0.841
2023-12-31 22:00,-3.887,0.007,0.007,22.057,1.307,0,0,0.944
2023-12-31 23:00,-3.761,0.006,0.006,22.051,1.306,0,0,0.963
