# Renewables.ninja Weather (Point API) - 59.325, 18.071 - Version: 1.0 - License: https://science.nasa.gov/earth-science/earth-science-data/data-information-policy - Reference: https://www.renewables.ninja/
# Units: time in UTC, t2m in ºC, prectotland in mm/h, precsnoland in mm/h, snomas in kg/m², rhoa in kg/m³, swgdn in W/m², swtdn in W/m², cldtot in fraction
# {"units": {"time": "UTC", "t2m": "\u00baC", "prectotland": "mm/h", "precsnoland": "mm/h", "snomas": "kg/m\u00b2", "rhoa": "kg/m\u00b3", "swgdn": "W/m\u00b2", "swtdn": "W/m\u00b2", "cldtot": "fraction"}, "params": {"lat": "59.3251172", "lon": "18.0710935", "date_from": "2025-01-01", "date_to": "2025-12-31", "dataset": "merra2", "header": "true", "local_time": "false", "var_t2m": "true", "var_prectotland": "true", "var_precsnoland": "true", "var_snomas": "true", "var_rhoa": "true", "var_swgdn": "true", "var_swtdn": "true", "var_cldtot": "true"}}
time,t2m,prectotland,precsnoland,snomas,rhoa,swgdn,swtdn,cldtot
2025-01-01 00:00,-0.871,1.087,0.892,4.307,1.266,0,0,0.994
2025-01-01 01:00,-0.327,0.443,0.324,4.758,1.260,0,0,0.991
2025-01-01 02:00,0.028,0.151,0.107,4.847,1.256,0,0,0.987
2025-01-01 03:00,-0.243,0.089,0.053,4.849,1.255,0,0,0.983
2025-01-01 04:00,-0.646,0.102,0.051,4.847,1.257,0,0,0.972
2025-01-01 05:00,-1.105,0.099,0.060,4.873,1.259,0,0,0.944
2025-01-01 06:00,-1.447,0.125,0.101,4.942,1.260,0,0,0.930
2025-01-01 07:00,-1.578,0.149,0.124,5.052,1.260,0.067,1.570,0.838
2025-01-01 08:00,-1.610,0.128,0.106,5.164,1.260,9.423,70.026,0.713
2025-01-01 09:00,-1.425,0.142,0.124,5.273,1.260,29.107,148.047,0.698
2025-01-01 10:00,-1.168,0.141,0.130,5.401,1.260,39.272,183.749,0.719
2025-01-01 11:00,-1.111,0.078,0.072,5.493,1.260,39.531,174.598,0.703
2025-01-01 12:00,-1.184,0.069,0.064,5.552,1.260,27.406,121.282,0.743
2025-01-01 13:00,-1.441,0.108,0.105,5.627,1.260,4.988,31.490,0.839
2025-01-01 14:00,-1.582,0.309,0.305,5.831,1.260,0,0,0.957
2025-01-01 15:00,-1.568,0.497,0.492,6.258,1.260,0,0,0.959
2025-01-01 16:00,-1.632,0.521,0.517,6.759,1.261,0,0,0.958
2025-01-01 17:00,-1.776,0.540,0.537,7.285,1.261,0,0,0.958
2025-01-01 18:00,-1.921,0.556,0.554,7.804,1.262,0,0,0.948
2025-01-01 19:00,-2.099,0.699,0.697,8.449,1.263,0,0,0.934
2025-01-01 20:00,-2.353,0.438,0.437,9.009,1.264,0,0,0.901
2025-01-01 21:00,-2.809,0.159,0.159,9.263,1.267,0,0,0.881
2025-01-01 22:00,-3.334,0.045,0.045,9.337,1.270,0,0,0.830
2025-01-01 23:00,-3.876,0.025,0.025,9.359,1.273,0,0,0.911
2025-01-02 00:00,-4.303,0.025,0.025,9.378,1.276,0,0,0.922
2025-01-02 01:00,-4.896,0.006,0.006,9.384,1.280,0,0,0.894
2025-01-02 02:00,-5.902,0.001,0.001,9.383,1.283,0,0,0.946
2025-01-02 03:00,-6.520,0.001,0.001,9.383,1.285,0,0,0.991
2025-01-02 04:00,-6.720,0.001,0.001,9.382,1.287,0,0,0.987
2025-01-02 05:00,-7.113,0,0,9.382,1.288,0,0,0.946
2025-01-02 06:00,-7.622,0,0,9.381,1.290,0,0,0.762
2025-01-02 07:00,-8.013,0,0,9.381,1.291,0.442,1.882,0.284
2025-01-02 08:00,-8.070,0,0,9.380,1.292,30.650,72.015,0.118
2025-01-02 09:00,-7.035,0,0,9.377,1.290,80.988,150.109,0.014
2025-01-02 10:00,-5.380,0,0,9.369,1.286,107.846,185.812,0.001
2025-01-02 11:00,-4.748,0,0,9.346,1.284,101.189,176.680,0.009
2025-01-02 12:00,-4.900,0,0,9.320,1.284,63.673,123.304,0.067
2025-01-02 13:00,-5.789,0,0,9.306,1.287,12.816,33.000,0.049
2025-01-02 14:00,-7.050,0,0,9.301,1.291,0,0,0.151
2025-01-02 15:00,-7.448,0,0,9.299,1.293,0,0,0.456
2025-01-02 16:00,-7.353,0.001,0.001,9.296,1.294,0,0,0.738
2025-01-02 17:00,-7.002,0.003,0.003,9.293,1.293,0,0,0.840
2025-01-02 18:00,-6.704,0.003,0.003,9.294,1.291,0,0,0.917
2025-01-02 19:00,-6.719,0.002,0.002,9.295,1.291,0,0,0.916
2025-01-02 20:00,-6.852,0.001,0.001,9.297,1.291,0,0,0.933
2025-01-02 21:00,-7.013,0.002,0.002,9.300,1.293,0,0,0.932
2025-01-02 22:00,-7.181,0.002,0.002,9.303,1.294,0,0,0.966
2025-01-02 23:00,-7.443,0.002,0.002,9.306,1.295,0,0,0.978
2025-01-03 00:00,-7.659,0.003,0.003,9.309,1.295,0,0,0.912
2025-01-03 01:00,-7.408,0.006,0.006,9.316,1.295,0,0,0.790
2025-01-03 02:00,-6.973,0.004,0.004,9.323,1.293,0,0,0.667
2025-01-03 03:00,-7.284,0.002,0.002,9.328,1.293,0,0,0.631
2025-01-03 04:00,-8.127,0,0,9.328,1.296,0,0,0.362
2025-01-03 05:00,-8.947,0,0,9.325,1.298,0,0,0.218
2025-01-03 06:00,-9.098,0,0,9.324,1.299,0,0,0.447
2025-01-03 07:00,-8.944,0,0,9.325,1.300,0.572,2.255,0.739
2025-01-03 08:00,-8.401,0.001,0.001,9.326,1.298,26.800,74.183,0.975
2025-01-03 09:00,-7.740,0.005,0.005,9.329,1.296,52.502,152.334,0.991
2025-01-03 10:00,-7.346,0.031,0.031,9.346,1.295,53.968,188.066,0.992
2025-01-03 11:00,-7.102,0.063,0.063,9.398,1.293,42.609,178.934,0.991
2025-01-03 12:00,-7.032,0.046,0.046,9.447,1.293,25.693,125.554,0.991
2025-01-03 13:00,-7.545,0.018,0.018,9.461,1.294,6.622,34.682,0.984
2025-01-03 14:00,-8.282,0.003,0.003,9.450,1.298,0,0,0.980
2025-01-03 15:00,-8.678,0.001,0.001,9.431,1.301,0,0,0.911
2025-01-03 16:00,-9.157,0,0,9.411,1.304,0,0,0.501
2025-01-03 17:00,-9.706,0,0,9.395,1.307,0,0,0.344
2025-01-03 18:00,-9.856,0,0,9.381,1.310,0,0,0.163
2025-01-03 19:00,-10.149,0.001,0.001,9.370,1.312,0,0,0.147
2025-01-03 20:00,-10.105,0.002,0.002,9.360,1.314,0,0,0.198
2025-01-03 21:00,-10.130,0.001,0.001,9.354,1.315,0,0,0.232
2025-01-03 22:00,-10.319,0,0,9.348,1.316,0,0,0.285
2025-01-03 23:00,-10.725,0,0,9.343,1.317,0,0,0.362
2025-01-04 00:00,-11.249,0,0,9.337,1.318,0,0,0.332
2025-01-04 01:00,-11.534,0,0,9.330,1.318,0,0,0.256
2025-01-04 02:00,-11.458,0,0,9.320,1.317,0,0,0.231
2025-01-04 03:00,-10.829,0,0,9.307,1.317,0,0,0.262
2025-01-04 04:00,-10.318,0,0,9.291,1.317,0,0,0.337
2025-01-04 05:00,-10.243,0,0,9.271,1.319,0,0,0.402
2025-01-04 06:00,-10.366,0,0,9.258,1.320,0,0,0.449
2025-01-04 07:00,-10.352,0,0,9.249,1.320,0.681,2.703,0.488
2025-01-04 08:00,-9.788,0,0,9.242,1.319,30.847,76.517,0.482
2025-01-04 09:00,-8.544,0,0,9.230,1.316,76.815,154.734,0.431
2025-01-04 10:00,-7.705,0,0,9.209,1.312,103.291,190.503,0.350
2025-01-04 11:00,-7.160,0,0,9.189,1.309,99.491,181.373,0.235
2025-01-04 12:00,-7.078,0,0,9.174,1.308,65.311,127.969,0.124
2025-01-04 13:00,-7.558,0,0,9.169,1.309,14.389,36.548,0.068
2025-01-04 14:00,-8.454,0,0,9.172,1.311,0,0,0.064
2025-01-04 15:00,-9.160,0,0,9.176,1.313,0,0,0.134
2025-01-04 16:00,-9.388,0,0,9.180,1.314,0,0,0.293
2025-01-04 17:00,-9.608,0,0,9.185,1.315,0,0,0.674
2025-01-04 18:00,-9.718,0,0,9.189,1.316,0,0,0.723
2025-01-04 19:00,-9.853,0,0,9.193,1.317,0,0,0.744
2025-01-04 20:00,-9.951,0,0,9.196,1.317,0,0,0.785
2025-01-04 21:00,-10.020,0,0,9.200,1.318,0,0,0.661
2025-01-04 22:00,-10.143,0,0,9.203,1.318,0,0,0.233
2025-01-04 23:00,-10.316,0,0,9.207,1.318,0,0,0.044
2025-01-05 00:00,-10.530,0,0,9.210,1.318,0,0,0.054
2025-01-05 01:00,-10.562,0,0,9.213,1.318,0,0,0.119
2025-01-05 02:00,-10.552,0,0,9.215,1.318,0,0,0.199
2025-01-05 03:00,-10.580,0,0,9.217,1.318,0,0,0.111
2025-01-05 04:00,-10.853,0,0,9.219,1.320,0,0,0.032
2025-01-05 05:00,-11.111,0,0,9.221,1.321,0,0,0.019
2025-01-05 06:00,-11.209,0,0,9.223,1.322,0,0,0.019
2025-01-05 07:00,-11.253,0,0,9.224,1.322,0.893,3.233,0.015
2025-01-05 08:00,-10.986,0,0,9.226,1.323,36.652,79.046,0.006
2025-01-05 09:00,-9.931,0,0,9.226,1.321,87.760,157.334,0.001
2025-01-05 10:00,-8.341,0,0,9.223,1.317,113.811,193.128,0
2025-01-05 11:00,-7.530,0,0,9.214,1.314,106.895,183.996,0.005
2025-01-05 12:00,-7.680,0,0,9.210,1.312,68.987,130.554,0.022
2025-01-05 13:00,-8.563,0,0,9.210,1.313,15.689,38.601,0.048
2025-01-05 14:00,-9.407,0,0,9.211,1.314,0,0,0.034
2025-01-05 15:00,-9.653,0,0,9.213,1.317,0,0,0.208
2025-01-05 16:00,-9.771,0,0,9.215,1.318,0,0,0.292
2025-01-05 17:00,-9.636,0,0,9.216,1.319,0,0,0.681
2025-01-05 18:00,-9.219,0,0,9.217,1.318,0,0,0.840
2025-01-05 19:00,-8.804,0,0,9.218,1.316,0,0,0.913
2025-01-05 20:00,-8.525,0,0,9.219,1.314,0,0,0.979
2025-01-05 21:00,-8.056,0,0,9.220,1.311,0,0,0.983
2025-01-05 22:00,-7.528,0,0,9.221,1.307,0,0,0.991
2025-01-05 23:00,-7.069,0,0,9.222,1.302,0,0,0.992
2025-01-06 00:00,-6.622,0,0,9.224,1.297,0,0,0.993
2025-01-06 01:00,-5.977,0,0,9.225,1.292,0,0,0.995
2025-01-06 02:00,-5.330,0,0,9.227,1.286,0,0,0.995
2025-01-06 03:00,-4.789,0,0,9.228,1.281,0,0,0.995
2025-01-06 04:00,-4.305,0,0,9.230,1.277,0,0,0.995
2025-01-06 05:00,-3.788,0,0,9.228,1.274,0,0,0.995
2025-01-06 06:00,-3.066,0,0,9.220,1.272,0,0,0.994
2025-01-06 07:00,-2.378,0,0,9.206,1.271,0.371,3.852,0.994
2025-01-06 08:00,-1.427,0.001,0,9.177,1.270,11.056,81.733,0.995
2025-01-06 09:00,-0.832,0.004,0,9.130,1.269,22.973,160.084,0.995
2025-01-06 10:00,-0.463,0.008,0.001,9.083,1.267,28.441,195.937,0.995
2025-01-06 11:00,-0.289,0.016,0.004,9.046,1.266,23.868,186.785,0.995
2025-01-06 12:00,-0.228,0.026,0.015,9.025,1.265,14.646,133.304,0.995
2025-01-06 13:00,-0.273,0.052,0.037,9.026,1.264,3.957,40.849,0.995
2025-01-06 14:00,-0.390,0.112,0.088,9.066,1.264,0,0,0.995
2025-01-06 15:00,-0.486,0.162,0.116,9.145,1.264,0,0,0.994
2025-01-06 16:00,-0.546,0.250,0.197,9.272,1.263,0,0,0.988
2025-01-06 17:00,-0.559,0.448,0.375,9.540,1.262,0,0,0.989
2025-01-06 18:00,-0.495,0.732,0.640,10.030,1.261,0,0,0.994
2025-01-06 19:00,-0.238,1.204,1.122,10.903,1.259,0,0,0.996
2025-01-06 20:00,-0.098,1.455,1.409,12.155,1.257,0,0,0.995
2025-01-06 21:00,-0.010,1.472,1.394,13.515,1.256,0,0,0.996
2025-01-06 22:00,0.051,1.219,1.146,14.724,1.254,0,0,0.995
2025-01-06 23:00,0.104,1.001,0.900,15.617,1.252,0,0,0.993
2025-01-07 00:00,0.108,1.162,1.010,16.422,1.250,0,0,0.994
2025-01-07 01:00,0.278,1.244,1.088,17.339,1.248,0,0,0.998
2025-01-07 02:00,0.577,0.607,0.519,17.807,1.245,0,0,0.994
2025-01-07 03:00,0.752,0.252,0.078,17.537,1.243,0,0,0.983
2025-01-07 04:00,0.804,0.069,0.029,17.043,1.243,0,0,0.917
2025-01-07 05:00,0.654,0.015,0.007,16.626,1.246,0,0,0.702
2025-01-07 06:00,0.500,0.018,0.018,16.482,1.248,0,0,0.769
2025-01-07 07:00,0.540,0.017,0.017,16.239,1.249,0.471,4.573,0.695
2025-01-07 08:00,0.618,0.013,0.012,15.916,1.248,16.849,84.608,0.683
2025-01-07 09:00,0.875,0.006,0.005,15.488,1.247,43.357,163.021,0.702
2025-01-07 10:00,1.047,0.005,0.001,14.735,1.245,53.175,198.917,0.728
2025-01-07 11:00,1.189,0.005,0.001,13.763,1.244,47.762,189.785,0.689
2025-01-07 12:00,1.284,0.003,0.001,12.698,1.243,35.194,136.242,0.615
2025-01-07 13:00,1.299,0.003,0.001,11.771,1.243,9.442,43.290,0.580
2025-01-07 14:00,1.322,0.003,0,10.960,1.242,0,0,0.559
2025-01-07 15:00,1.429,0.007,0.001,10.148,1.241,0,0,0.542
2025-01-07 16:00,1.569,0.011,0.001,9.276,1.241,0,0,0.541
2025-01-07 17:00,1.645,0.012,0.001,8.457,1.240,0,0,0.559
2025-01-07 18:00,1.668,0.006,0.001,7.735,1.241,0,0,0.527
2025-01-07 19:00,1.591,0.003,0,7.121,1.242,0,0,0.599
2025-01-07 20:00,1.438,0.002,0,6.628,1.244,0,0,0.674
2025-01-07 21:00,1.253,0.003,0.001,6.254,1.245,0,0,0.662
2025-01-07 22:00,1.087,0.004,0.001,5.971,1.247,0,0,0.654
2025-01-07 23:00,0.958,0.005,0.001,5.761,1.248,0,0,0.664
2025-01-08 00:00,0.896,0.006,0.001,5.593,1.248,0,0,0.659
2025-01-08 01:00,0.889,0.007,0,5.424,1.248,0,0,0.652
2025-01-08 02:00,0.905,0.009,0,5.251,1.247,0,0,0.654
2025-01-08 03:00,0.984,0.005,0,5.075,1.246,0,0,0.723
2025-01-08 04:00,1.100,0.004,0.001,4.892,1.245,0,0,0.750
2025-01-08 05:00,1.210,0.004,0.001,4.699,1.244,0,0,0.720
2025-01-08 06:00,1.269,0.006,0.001,4.487,1.244,0,0,0.716
2025-01-08 07:00,1.298,0.012,0.001,4.265,1.243,0.989,5.404,0.899
2025-01-08 08:00,1.434,0.038,0.004,4.037,1.242,23.121,87.639,0.979
2025-01-08 09:00,1.619,0.160,0.003,3.771,1.241,40.923,166.146,0.994
2025-01-08 10:00,1.697,0.290,0.001,3.498,1.241,42.408,202.066,0.995
2025-01-08 11:00,1.630,0.477,0.001,3.252,1.242,25.262,192.914,0.987
2025-01-08 12:00,1.545,0.429,0.005,3.053,1.242,13.865,139.367,0.966
2025-01-08 13:00,1.539,0.305,0.009,2.931,1.242,2.613,45.964,0.952
2025-01-08 14:00,1.491,0.202,0.001,2.864,1.242,0,0.001,0.965
2025-01-08 15:00,1.336,0.127,0.001,2.838,1.243,0,0,0.968
2025-01-08 16:00,0.996,0.060,0.003,2.827,1.244,0,0,0.977
2025-01-08 17:00,0.850,0.030,0.004,2.820,1.246,0,0,0.980
2025-01-08 18:00,0.906,0.021,0.007,2.812,1.248,0,0,0.960
2025-01-08 19:00,0.669,0.017,0.007,2.806,1.251,0,0,0.909
2025-01-08 20:00,0.456,0.020,0.014,2.812,1.253,0,0,0.905
2025-01-08 21:00,0.251,0.021,0.019,2.827,1.256,0,0,0.846
2025-01-08 22:00,-0.074,0.018,0.017,2.845,1.259,0,0,0.790
2025-01-08 23:00,-0.580,0.014,0.014,2.859,1.263,0,0,0.688
2025-01-09 00:00,-1.193,0.009,0.009,2.870,1.266,0,0,0.484
2025-01-09 01:00,-2.019,0.004,0.003,2.876,1.269,0,0,0.426
2025-01-09 02:00,-2.435,0.006,0.005,2.881,1.272,0,0,0.526
2025-01-09 03:00,-2.433,0.006,0.003,2.886,1.272,0,0,0.500
2025-01-09 04:00,-2.507,0.016,0.003,2.889,1.272,0,0,0.430
2025-01-09 05:00,-2.619,0.023,0.002,2.892,1.272,0,0,0.367
2025-01-09 06:00,-2.814,0.019,0.001,2.894,1.273,0,0,0.311
2025-01-09 07:00,-2.972,0.022,0.003,2.897,1.273,1.353,6.358,0.392
2025-01-09 08:00,-2.497,0.016,0.005,2.901,1.272,30.466,90.847,0.482
2025-01-09 09:00,-1.860,0.016,0.009,2.908,1.272,54.405,169.457,0.768
2025-01-09 10:00,-1.519,0.020,0.011,2.918,1.272,62.873,205.378,0.891
2025-01-09 11:00,-1.349,0.022,0.010,2.928,1.272,53.163,196.226,0.933
2025-01-09 12:00,-1.487,0.023,0.009,2.937,1.272,36.953,142.657,0.938
2025-01-09 13:00,-1.898,0.025,0.009,2.946,1.273,10.433,48.849,0.780
2025-01-09 14:00,-2.367,0.026,0.011,2.956,1.275,0,0.002,0.726
2025-01-09 15:00,-2.841,0.022,0.012,2.968,1.277,0,0,0.926
2025-01-09 16:00,-3.233,0.017,0.011,2.980,1.280,0,0,0.962
2025-01-09 17:00,-3.397,0.022,0.014,2.993,1.282,0,0,0.841
2025-01-09 18:00,-3.559,0.022,0.016,3.008,1.284,0,0,0.579
2025-01-09 19:00,-3.778,0.020,0.018,3.026,1.287,0,0,0.564
2025-01-09 20:00,-4.116,0.014,0.013,3.039,1.288,0,0,0.545
2025-01-09 21:00,-4.383,0.011,0.011,3.049,1.290,0,0,0.593
2025-01-09 22:00,-4.503,0.011,0.010,3.058,1.291,0,0,0.690
2025-01-09 23:00,-4.432,0.012,0.010,3.067,1.291,0,0,0.625
2025-01-10 00:00,-4.232,0.019,0.015,3.080,1.290,0,0,0.769
2025-01-10 01:00,-3.885,0.032,0.025,3.101,1.289,0,0,0.960
2025-01-10 02:00,-3.358,0.042,0.035,3.132,1.286,0,0,0.990
2025-01-10 03:00,-2.682,0.052,0.046,3.175,1.284,0,0,0.995
2025-01-10 04:00,-2.003,0.065,0.059,3.228,1.281,0,0,0.995
2025-01-10 05:00,-1.470,0.082,0.067,3.291,1.279,0,0,0.998
2025-01-10 06:00,-1.131,0.101,0.072,3.357,1.278,0,0,0.998
2025-01-10 07:00,-0.731,0.162,0.121,3.450,1.277,0.197,7.443,0.998
2025-01-10 08:00,-0.482,0.205,0.160,3.592,1.277,5.315,94.222,0.998
2025-01-10 09:00,-0.235,0.167,0.139,3.739,1.276,12.502,172.896,0.998
2025-01-10 10:00,-0.064,0.143,0.100,3.846,1.276,18.705,208.878,0.997
2025-01-10 11:00,0.025,0.190,0.107,3.937,1.276,22.214,199.726,0.996
2025-01-10 12:00,0.011,0.294,0.222,4.085,1.277,12.407,146.095,0.997
2025-01-10 13:00,-0.111,0.326,0.265,4.340,1.278,2.268,51.972,0.997
2025-01-10 14:00,-0.280,0.289,0.229,4.555,1.278,0,0.005,0.998
2025-01-10 15:00,-0.391,0.391,0.365,4.828,1.279,0,0,0.998
2025-01-10 16:00,-0.388,0.513,0.512,5.270,1.279,0,0,0.998
2025-01-10 17:00,-0.370,0.524,0.522,5.758,1.279,0,0,0.998
2025-01-10 18:00,-0.329,0.594,0.590,6.286,1.279,0,0,0.998
2025-01-10 19:00,-0.264,0.593,0.588,6.836,1.278,0,0,0.998
2025-01-10 20:00,-0.169,0.616,0.612,7.383,1.277,0,0,0.998
2025-01-10 21:00,-0.018,0.598,0.594,7.933,1.276,0,0,0.998
2025-01-10 22:00,0.117,0.553,0.538,8.413,1.275,0,0,0.998
2025-01-10 23:00,0.176,0.548,0.502,8.846,1.275,0,0,0.998
2025-01-11 00:00,0.179,0.564,0.508,9.257,1.276,0,0,0.998
2025-01-11 01:00,0.197,0.509,0.436,9.628,1.276,0,0,0.998
2025-01-11 02:00,0.201,0.392,0.322,9.906,1.277,0,0,0.997
2025-01-11 03:00,0.137,0.268,0.222,10.068,1.278,0,0,0.927
2025-01-11 04:00,0.035,0.223,0.198,10.181,1.279,0,0,0.897
2025-01-11 05:00,-0.051,0.196,0.190,10.289,1.280,0,0,0.964
2025-01-11 06:00,-0.114,0.175,0.169,10.381,1.282,0,0,0.961
2025-01-11 07:00,-0.152,0.162,0.142,10.452,1.283,0.765,8.675,0.955
2025-01-11 08:00,-0.137,0.154,0.127,10.503,1.284,15.276,97.754,0.892
2025-01-11 09:00,-0.055,0.154,0.118,10.537,1.284,36.963,176.520,0.796
2025-01-11 10:00,0.016,0.137,0.090,10.549,1.285,50.701,212.546,0.744
2025-01-11 11:00,0.021,0.097,0.039,10.515,1.286,53.049,203.410,0.683
2025-01-11 12:00,-0.079,0.061,0.011,10.443,1.287,41.465,149.720,0.585
2025-01-11 13:00,-0.333,0.029,0.003,10.362,1.288,13.875,55.331,0.427
2025-01-11 14:00,-0.690,0.010,0,10.282,1.291,0.003,0.019,0.264
2025-01-11 15:00,-0.995,0.002,0,10.205,1.293,0,0,0.102
2025-01-11 16:00,-1.185,0.001,0,10.130,1.294,0,0,0.005
2025-01-11 17:00,-1.328,0,0,10.058,1.296,0,0,0.008
2025-01-11 18:00,-1.469,0,0,9.989,1.297,0,0,0.025
2025-01-11 19:00,-1.578,0,0,9.926,1.299,0,0,0.054
2025-01-11 20:00,-1.610,0.003,0.003,9.873,1.300,0,0,0.111
2025-01-11 21:00,-1.548,0.006,0.006,9.828,1.300,0,0,0.387
2025-01-11 22:00,-1.345,0.016,0.016,9.792,1.301,0,0,0.590
2025-01-11 23:00,-1.149,0.028,0.028,9.764,1.301,0,0,0.652
2025-01-12 00:00,-1.052,0.031,0.031,9.742,1.302,0,0,0.656
2025-01-12 01:00,-1.048,0.021,0.021,9.715,1.304,0,0,0.619
2025-01-12 02:00,-1.132,0.012,0.012,9.679,1.306,0,0,0.529
2025-01-12 03:00,-1.413,0.002,0.002,9.636,1.309,0,0,0.244
2025-01-12 04:00,-1.976,0,0,9.596,1.312,0,0,0.023
2025-01-12 05:00,-2.727,0,0,9.561,1.316,0,0,0.015
2025-01-12 06:00,-3.507,0,0,9.529,1.321,0,0,0.039
2025-01-12 07:00,-4.220,0,0,9.505,1.325,3.236,10.060,0.096
2025-01-12 08:00,-4.657,0,0,9.488,1.330,48.461,101.471,0.184
2025-01-12 09:00,-4.300,0,0,9.467,1.330,94.693,180.312,0.194
2025-01-12 10:00,-3.932,0,0,9.441,1.330,128.993,216.378,0.427
2025-01-12 11:00,-3.900,0,0,9.416,1.330,121.129,207.226,0.349
2025-01-12 12:00,-4.240,0,0,9.399,1.332,84.364,153.495,0.179
2025-01-12 13:00,-5.598,0,0,9.392,1.335,26.184,58.904,0.007
2025-01-12 14:00,-7.376,0,0,9.391,1.341,0.013,0.060,0.002
2025-01-12 15:00,-8.164,0,0,9.391,1.346,0,0,0
2025-01-12 16:00,-8.670,0,0,9.390,1.349,0,0,0.005
2025-01-12 17:00,-9.216,0,0,9.390,1.352,0,0,0.035
2025-01-12 18:00,-9.568,0,0,9.392,1.354,0,0,0.034
2025-01-12 19:00,-9.924,0,0,9.394,1.355,0,0,0.068
2025-01-12 20:00,-9.850,0,0,9.397,1.354,0,0,0.054
2025-01-12 21:00,-9.837,0,0,9.400,1.353,0,0,0.027
2025-01-12 22:00,-9.964,0,0,9.403,1.353,0,0,0.034
2025-01-12 23:00,-9.954,0,0,9.404,1.354,0,0,0.086
2025-01-13 00:00,-9.885,0,0,9.402,1.353,0,0,0.438
2025-01-13 01:00,-9.562,0,0,9.402,1.352,0,0,0.593
2025-01-13 02:00,-9.411,0,0,9.401,1.352,0,0,0.623
2025-01-13 03:00,-8.772,0,0,9.401,1.350,0,0,0.910
2025-01-13 04:00,-7.819,0,0,9.398,1.348,0,0,0.964
2025-01-13 05:00,-7.114,0.004,0.004,9.393,1.344,0,0,0.980
2025-01-13 06:00,-6.122,0.008,0.008,9.390,1.339,0,0,0.991
2025-01-13 07:00,-5.235,0.005,0.005,9.382,1.333,1.156,11.614,0.992
2025-01-13 08:00,-4.334,0.004,0.004,9.366,1.327,16.704,105.335,0.976
2025-01-13 09:00,-3.518,0.003,0.003,9.346,1.322,56.984,184.270,0.935
2025-01-13 10:00,-2.667,0.002,0.002,9.319,1.316,73.489,220.358,0.829
2025-01-13 11:00,-1.870,0.002,0.002,9.282,1.311,73.536,211.226,0.649
2025-01-13 12:00,-1.185,0.003,0.003,9.233,1.306,47.215,157.470,0.824
2025-01-13 13:00,-0.634,0.005,0.005,9.176,1.301,10.623,62.710,0.967
2025-01-13 14:00,-0.035,0.006,0.004,9.069,1.297,0.010,0.144,0.991
2025-01-13 15:00,0.552,0.004,0.002,8.825,1.292,0,0,0.985
2025-01-13 16:00,0.941,0.004,0,8.325,1.288,0,0,0.983
2025-01-13 17:00,1.227,0.005,0,7.626,1.285,0,0,0.991
2025-01-13 18:00,1.438,0.008,0,6.871,1.283,0,0,0.992
2025-01-13 19:00,1.608,0.009,0,6.144,1.281,0,0,0.994
2025-01-13 20:00,1.794,0.009,0,5.467,1.280,0,0,0.997
2025-01-13 21:00,1.943,0.009,0,4.871,1.278,0,0,0.997
2025-01-13 22:00,2.071,0.014,0,4.349,1.276,0,0,0.998
2025-01-13 23:00,2.209,0.024,0,3.884,1.275,0,0,0.998
2025-01-14 00:00,2.350,0.040,0,3.480,1.273,0,0,0.998
2025-01-14 01:00,2.493,0.068,0,3.120,1.271,0,0,0.996
2025-01-14 02:00,2.655,0.050,0,2.791,1.269,0,0,0.995
2025-01-14 03:00,2.812,0.027,0,2.500,1.268,0,0,0.996
2025-01-14 04:00,2.955,0.032,0,2.246,1.266,0,0,0.998
2025-01-14 05:00,3.091,0.028,0,2.037,1.265,0,0,0.999
2025-01-14 06:00,3.221,0.014,0,1.877,1.263,0,0,0.998
2025-01-14 07:00,3.288,0.008,0,1.760,1.263,0.883,13.343,0.993
2025-01-14 08:00,3.360,0.008,0,1.661,1.262,13.752,109.365,0.991
2025-01-14 09:00,3.466,0.009,0,1.569,1.262,22.348,188.375,0.977
2025-01-14 10:00,3.518,0.006,0,1.489,1.262,25.830,224.540,0.962
2025-01-14 11:00,3.498,0.008,0,1.421,1.261,28.941,215.388,0.971
2025-01-14 12:00,3.410,0.009,0,1.361,1.262,23.158,161.538,0.915
2025-01-14 13:00,3.197,0.013,0,1.313,1.263,6.913,66.712,0.964
2025-01-14 14:00,2.965,0.018,0,1.274,1.264,0.007,0.305,0.972
2025-01-14 15:00,2.668,0.018,0,1.240,1.267,0,0,0.970
2025-01-14 16:00,2.318,0.016,0,1.212,1.270,0,0,0.937
2025-01-14 17:00,1.993,0.008,0,1.190,1.273,0,0,0.948
2025-01-14 18:00,1.755,0.005,0,1.170,1.275,0,0,0.986
2025-01-14 19:00,1.569,0.003,0,1.150,1.278,0,0,0.997
2025-01-14 20:00,1.347,0.005,0,1.125,1.282,0,0,0.976
2025-01-14 21:00,0.981,0.014,0.007,1.102,1.286,0,0,0.871
2025-01-14 22:00,0.649,0.017,0.015,1.099,1.289,0,0,0.840
2025-01-14 23:00,0.595,0.027,0.014,1.104,1.290,0,0,0.842
2025-01-15 00:00,0.599,0.032,0.005,1.096,1.292,0,0,0.822
2025-01-15 01:00,0.570,0.028,0.006,1.088,1.293,0,0,0.784
2025-01-15 02:00,0.553,0.024,0.021,1.092,1.295,0,0,0.742
2025-01-15 03:00,0.489,0.023,0.022,1.109,1.296,0,0,0.717
2025-01-15 04:00,0.390,0.023,0.023,1.130,1.298,0,0,0.709
2025-01-15 05:00,0.241,0.020,0.020,1.151,1.300,0,0,0.928
2025-01-15 06:00,0.064,0.012,0.012,1.167,1.301,0,0,0.880
2025-01-15 07:00,-0.444,0.009,0.009,1.177,1.301,3.772,15.269,0.759
2025-01-15 08:00,0.027,0.009,0.009,1.186,1.302,39.410,113.552,0.893
2025-01-15 09:00,0.343,0.007,0.007,1.191,1.303,70.023,192.645,0.933
2025-01-15 10:00,0.237,0.001,0.001,1.189,1.304,80.541,228.856,0.900
2025-01-15 11:00,0.345,0.001,0.001,1.184,1.302,83.217,219.704,0.932
2025-01-15 12:00,0.332,0.001,0.001,1.180,1.301,45.013,165.825,0.983
2025-01-15 13:00,0.276,0.002,0.002,1.178,1.301,8.007,70.868,0.992
2025-01-15 14:00,0.299,0.004,0.004,1.178,1.300,0.019,0.596,0.994
2025-01-15 15:00,0.423,0.005,0.005,1.179,1.299,0,0,0.996
2025-01-15 16:00,0.618,0.004,0.004,1.177,1.298,0,0,0.994
2025-01-15 17:00,0.777,0.003,0.003,1.167,1.296,0,0,0.992
2025-01-15 18:00,0.941,0.004,0.002,1.146,1.294,0,0,0.993
2025-01-15 19:00,1.124,0.007,0,1.112,1.292,0,0,0.993
2025-01-15 20:00,1.295,0.012,0,1.070,1.291,0,0,0.997
2025-01-15 21:00,1.433,0.009,0,1.027,1.289,0,0,0.997
2025-01-15 22:00,1.556,0.015,0,0.984,1.288,0,0,0.999
2025-01-15 23:00,1.705,0.017,0,0.944,1.286,0,0,0.999
2025-01-16 00:00,1.852,0.016,0,0.908,1.285,0,0,0.999
2025-01-16 01:00,1.995,0.015,0,0.873,1.283,0,0,0.996
2025-01-16 02:00,2.106,0.016,0,0.840,1.282,0,0,0.987
2025-01-16 03:00,2.131,0.021,0,0.809,1.282,0,0,0.981
2025-01-16 04:00,2.079,0.025,0,0.780,1.283,0,0,0.977
2025-01-16 05:00,2.010,0.024,0,0.756,1.283,0,0,0.978
2025-01-16 06:00,1.984,0.022,0,0.733,1.284,0,0,0.977
2025-01-16 07:00,1.979,0.018,0,0.712,1.284,0.648,17.398,0.977
2025-01-16 08:00,2.010,0.017,0,0.692,1.284,8.124,117.885,0.979
2025-01-16 09:00,2.038,0.019,0,0.670,1.285,17.106,197.082,0.978
2025-01-16 10:00,2.018,0.021,0,0.647,1.285,20.372,233.353,0.976
2025-01-16 11:00,1.979,0.026,0,0.623,1.285,17.663,224.164,0.974
2025-01-16 12:00,1.883,0.030,0,0.600,1.286,11.439,170.223,0.974
2025-01-16 13:00,1.732,0.032,0,0.579,1.287,3.625,75.202,0.976
2025-01-16 14:00,1.556,0.033,0,0.559,1.288,0.012,1.025,0.989
2025-01-16 15:00,1.504,0.023,0,0.541,1.289,0,0,0.997
2025-01-16 16:00,1.606,0.014,0,0.524,1.288,0,0,0.999
2025-01-16 17:00,1.732,0.011,0,0.509,1.288,0,0,0.999
2025-01-16 18:00,1.822,0.009,0,0.496,1.288,0,0,0.998
2025-01-16 19:00,1.886,0.007,0,0.485,1.288,0,0,0.997
2025-01-16 20:00,1.835,0.009,0,0.473,1.289,0,0,0.998
2025-01-16 21:00,1.633,0.016,0,0.462,1.291,0,0,0.992
2025-01-16 22:00,1.384,0.021,0,0.450,1.292,0,0,0.994
2025-01-16 23:00,1.274,0.020,0,0.441,1.293,0,0,0.994
2025-01-17 00:00,1.362,0.015,0,0.430,1.292,0,0,0.989
2025-01-17 01:00,1.556,0.012,0,0.418,1.291,0,0,0.982
2025-01-17 02:00,1.704,0.010,0,0.407,1.290,0,0,0.988
2025-01-17 03:00,1.797,0.006,0,0.397,1.290,0,0,0.957
2025-01-17 04:00,1.871,0.003,0,0.387,1.289,0,0,0.956
2025-01-17 05:00,1.952,0.003,0,0.374,1.288,0,0,0.984
2025-01-17 06:00,2.028,0.002,0,0.359,1.287,0,0,0.951
2025-01-17 07:00,2.152,0.002,0,0.346,1.285,4.206,19.739,0.899
2025-01-17 08:00,2.592,0.001,0,0.331,1.283,33.959,122.373,0.936
2025-01-17 09:00,3.195,0.001,0,0.315,1.279,67.711,201.685,0.976
2025-01-17 10:00,3.806,0,0,0.297,1.275,88.179,237.981,0.974
2025-01-17 11:00,4.232,0,0,0.278,1.272,90.938,228.826,0.964
2025-01-17 12:00,4.309,0,0,0.261,1.270,66.488,174.825,0.952
2025-01-17 13:00,4.155,0,0,0.246,1.270,22.879,79.670,0.966
2025-01-17 14:00,4.082,0,0,0.228,1.270,0.253,1.608,0.977
2025-01-17 15:00,4.031,0,0,0.208,1.270,0,0,0.859
2025-01-17 16:00,4.018,0,0,0.186,1.269,0,0,0.674
2025-01-17 17:00,4.042,0,0,0.165,1.269,0,0,0.950
2025-01-17 18:00,4.201,0.001,0,0.143,1.269,0,0,0.901
2025-01-17 19:00,4.299,0.003,0,0.126,1.269,0,0,0.667
2025-01-17 20:00,4.401,0.009,0,0.112,1.269,0,0,0.845
2025-01-17 21:00,4.562,0.007,0,0.101,1.270,0,0,0.991
2025-01-17 22:00,4.700,0.002,0,0.093,1.269,0,0,0.986
2025-01-17 23:00,4.663,0,0,0.087,1.270,0,0,0.939
2025-01-18 00:00,4.296,0.001,0,0.084,1.272,0,0,0.574
2025-01-18 01:00,3.760,0.002,0,0.083,1.276,0,0,0.776
2025-01-18 02:00,3.462,0.005,0,0.081,1.280,0,0,0.930
2025-01-18 03:00,3.117,0.004,0,0.080,1.283,0,0,0.956
2025-01-18 04:00,2.861,0.004,0,0.078,1.285,0,0,0.949
2025-01-18 05:00,2.601,0.004,0,0.077,1.287,0,0,0.617
2025-01-18 06:00,2.225,0.002,0,0.076,1.288,0,0,0.528
2025-01-18 07:00,2.073,0.002,0,0.075,1.291,4.936,22.303,0.729
2025-01-18 08:00,2.355,0.001,0,0.074,1.291,36.426,126.999,0.901
2025-01-18 09:00,2.679,0,0,0.072,1.289,103.844,206.432,0.652
2025-01-18 10:00,3.019,0,0,0.070,1.287,141.213,242.768,0.377
2025-01-18 11:00,3.274,0,0,0.068,1.286,134.648,233.579,0.271
2025-01-18 12:00,3.104,0,0,0.067,1.286,95.274,179.536,0.345
2025-01-18 13:00,2.501,0.001,0,0.066,1.288,29.817,84.295,0.517
2025-01-18 14:00,1.488,0.003,0,0.066,1.291,0.355,2.365,0.485
2025-01-18 15:00,1.401,0.004,0,0.065,1.293,0,0,0.787
2025-01-18 16:00,1.473,0.007,0,0.065,1.294,0,0,0.867
2025-01-18 17:00,1.437,0.007,0,0.064,1.294,0,0,0.957
2025-01-18 18:00,1.289,0.006,0,0.064,1.294,0,0,0.938
2025-01-18 19:00,1.159,0.007,0.001,0.064,1.295,0,0,0.932
2025-01-18 20:00,1.186,0.006,0,0.064,1.294,0,0,0.951
2025-01-18 21:00,1.374,0.006,0,0.064,1.293,0,0,0.977
2025-01-18 22:00,1.732,0.011,0,0.061,1.290,0,0,0.974
2025-01-18 23:00,2.242,0.013,0,0.059,1.286,0,0,0.976
2025-01-19 00:00,2.740,0.008,0,0.058,1.282,0,0,0.960
2025-01-19 01:00,3.076,0.007,0,0.057,1.279,0,0,0.948
2025-01-19 02:00,3.275,0.007,0,0.056,1.278,0,0,0.974
2025-01-19 03:00,3.270,0.010,0,0.055,1.277,0,0,0.984
2025-01-19 04:00,3.157,0.015,0,0.053,1.278,0,0,0.975
2025-01-19 05:00,2.944,0.022,0,0.052,1.279,0,0,0.954
2025-01-19 06:00,2.656,0.032,0,0.050,1.281,0,0,0.947
2025-01-19 07:00,2.308,0.035,0,0.048,1.283,1.930,25.108,0.944
2025-01-19 08:00,2.097,0.025,0,0.047,1.284,16.209,131.810,0.934
2025-01-19 09:00,2.099,0.014,0,0.045,1.285,33.095,211.310,0.913
2025-01-19 10:00,2.182,0.004,0,0.043,1.285,52.312,247.706,0.852
2025-01-19 11:00,2.306,0.002,0,0.041,1.284,72.436,238.517,0.811
2025-01-19 12:00,2.285,0.002,0,0.040,1.284,60.833,184.391,0.814
2025-01-19 13:00,2.020,0.003,0,0.039,1.285,26.881,89.066,0.797
2025-01-19 14:00,1.692,0.004,0,0.039,1.287,0.575,3.301,0.889
2025-01-19 15:00,1.320,0.002,0,0.039,1.290,0,0,0.960
2025-01-19 16:00,0.947,0.003,0,0.039,1.293,0,0,0.912
2025-01-19 17:00,0.646,0.009,0.003,0.040,1.295,0,0,0.803
2025-01-19 18:00,0.516,0.011,0.007,0.046,1.297,0,0,0.692
2025-01-19 19:00,0.250,0.013,0.013,0.052,1.298,0,0,0.708
2025-01-19 20:00,0.113,0.014,0.014,0.063,1.300,0,0,0.682
2025-01-19 21:00,0.039,0.009,0.009,0.069,1.299,0,0,0.661
2025-01-19 22:00,-0.176,0.011,0.011,0.078,1.301,0,0,0.698
2025-01-19 23:00,-0.375,0.012,0.012,0.087,1.302,0,0,0.790
2025-01-20 00:00,-0.441,0.011,0.011,0.097,1.303,0,0,0.938
2025-01-20 01:00,-0.623,0.011,0.011,0.105,1.303,0,0,0.983
2025-01-20 02:00,-0.710,0.009,0.009,0.113,1.304,0,0,0.987
2025-01-20 03:00,-0.697,0.010,0.010,0.120,1.304,0,0,0.987
2025-01-20 04:00,-0.618,0.010,0.009,0.128,1.304,0,0,0.984
2025-01-20 05:00,-0.578,0.011,0.011,0.136,1.304,0,0,0.983
2025-01-20 06:00,-0.438,0.011,0.011,0.145,1.303,0,0,0.985
2025-01-20 07:00,-0.268,0.011,0.011,0.154,1.303,6.533,28.160,0.988
2025-01-20 08:00,0.156,0.009,0.009,0.163,1.301,37.085,136.744,0.989
2025-01-20 09:00,0.564,0.007,0.007,0.170,1.300,65.548,216.310,0.990
2025-01-20 10:00,1.045,0.005,0.004,0.174,1.297,68.343,252.772,0.996
2025-01-20 11:00,1.483,0.010,0.002,0.173,1.294,53.896,243.579,0.999
2025-01-20 12:00,1.645,0.014,0,0.171,1.292,31.873,189.451,1.000
2025-01-20 13:00,1.579,0.019,0,0.168,1.291,10.459,93.974,1.000
2025-01-20 14:00,1.568,0.028,0,0.167,1.290,0.218,4.428,1.000
2025-01-20 15:00,1.666,0.035,0,0.164,1.289,0,0,1.000
2025-01-20 16:00,1.737,0.040,0,0.162,1.288,0,0,1.000
2025-01-20 17:00,1.774,0.071,0,0.159,1.288,0,0,1.000
2025-01-20 18:00,1.781,0.097,0,0.157,1.287,0,0,1.000
2025-01-20 19:00,1.764,0.099,0,0.154,1.287,0,0,1.000
2025-01-20 20:00,1.729,0.099,0,0.152,1.287,0,0,1.000
2025-01-20 21:00,1.670,0.082,0,0.150,1.287,0,0,1.000
2025-01-20 22:00,1.625,0.113,0.001,0.148,1.287,0,0,0.999
2025-01-20 23:00,1.602,0.162,0.001,0.147,1.286,0,0,0.999
2025-01-21 00:00,1.579,0.205,0.014,0.154,1.285,0,0,0.999
2025-01-21 01:00,1.499,0.156,0.014,0.166,1.285,0,0,0.997
2025-01-21 02:00,1.456,0.132,0.008,0.174,1.285,0,0,0.996
2025-01-21 03:00,1.477,0.100,0.004,0.178,1.284,0,0,0.995
2025-01-21 04:00,1.492,0.081,0.004,0.179,1.283,0,0,0.996
2025-01-21 05:00,1.495,0.063,0.005,0.181,1.282,0,0,0.998
2025-01-21 06:00,1.503,0.049,0.006,0.184,1.281,0,0,0.998
2025-01-21 07:00,1.522,0.053,0.005,0.187,1.281,2.540,31.474,0.997
2025-01-21 08:00,1.628,0.059,0.002,0.188,1.280,16.836,141.810,0.994
2025-01-21 09:00,1.869,0.062,0.001,0.185,1.278,35.888,221.498,0.986
2025-01-21 10:00,2.082,0.067,0.001,0.181,1.276,45.189,258.018,0.987
2025-01-21 11:00,2.180,0.070,0.001,0.177,1.275,41.449,248.809,0.989
2025-01-21 12:00,2.174,0.076,0,0.174,1.274,28.617,194.578,0.990
2025-01-21 13:00,1.993,0.080,0,0.171,1.274,11.973,99.025,0.991
2025-01-21 14:00,1.658,0.073,0,0.170,1.274,0.490,5.769,0.992
2025-01-21 15:00,1.304,0.060,0,0.169,1.274,0,0,0.994
2025-01-21 16:00,0.928,0.047,0,0.169,1.275,0,0,0.995
2025-01-21 17:00,0.791,0.037,0,0.169,1.275,0,0,0.998
2025-01-21 18:00,0.774,0.028,0,0.169,1.276,0,0,0.998
2025-01-21 19:00,0.657,0.024,0.003,0.170,1.277,0,0,0.998
2025-01-21 20:00,0.694,0.024,0.006,0.171,1.279,0,0,0.998
2025-01-21 21:00,0.584,0.021,0.007,0.171,1.280,0,0,0.996
2025-01-21 22:00,0.341,0.026,0.021,0.181,1.282,0,0,0.993
2025-01-21 23:00,0.094,0.029,0.027,0.203,1.283,0,0,0.973
2025-01-22 00:00,-0.148,0.024,0.022,0.223,1.284,0,0,0.896
2025-01-22 01:00,-0.327,0.018,0.017,0.239,1.285,0,0,0.822
2025-01-22 02:00,-0.416,0.017,0.016,0.251,1.285,0,0,0.770
2025-01-22 03:00,-0.389,0.014,0.014,0.262,1.284,0,0,0.820
2025-01-22 04:00,-0.297,0.012,0.010,0.272,1.283,0,0,0.783
2025-01-22 05:00,-0.084,0.011,0.009,0.281,1.282,0,0,0.700
2025-01-22 06:00,0.198,0.013,0.010,0.289,1.280,0,0,0.758
2025-01-22 07:00,0.372,0.025,0.021,0.299,1.279,4.199,35.065,0.949
2025-01-22 08:00,0.668,0.075,0.047,0.327,1.278,15.094,147.036,0.997
2025-01-22 09:00,0.833,0.105,0.002,0.346,1.278,23.465,226.847,0.997
2025-01-22 10:00,0.927,0.106,0.003,0.345,1.277,30.498,263.393,0.996
2025-01-22 11:00,0.990,0.096,0,0.342,1.276,27.439,254.184,0.998
2025-01-22 12:00,1.025,0.103,0,0.340,1.276,16.558,199.891,0.998
2025-01-22 13:00,1.019,0.099,0,0.338,1.275,6.815,104.213,0.998
2025-01-22 14:00,0.982,0.054,0,0.337,1.275,0.334,7.323,0.997
2025-01-22 15:00,0.960,0.021,0,0.337,1.275,0,0,0.996
2025-01-22 16:00,0.810,0.011,0,0.336,1.276,0,0,0.995
2025-01-22 17:00,0.743,0.010,0.002,0.336,1.276,0,0,0.995
2025-01-22 18:00,0.764,0.017,0.007,0.341,1.277,0,0,0.996
2025-01-22 19:00,0.802,0.029,0.006,0.345,1.277,0,0,0.997
2025-01-22 20:00,0.753,0.058,0.012,0.350,1.277,0,0,0.998
2025-01-22 21:00,0.730,0.100,0.030,0.366,1.277,0,0,0.996
2025-01-22 22:00,0.685,0.141,0.096,0.425,1.277,0,0,0.996
2025-01-22 23:00,0.634,0.142,0.102,0.531,1.277,0,0,0.999
2025-01-23 00:00,0.610,0.151,0.102,0.626,1.276,0,0,0.999
2025-01-23 01:00,0.621,0.244,0.152,0.748,1.276,0,0,0.999
2025-01-23 02:00,0.648,0.328,0.198,0.933,1.275,0,0,0.998
2025-01-23 03:00,0.650,0.294,0.205,1.138,1.274,0,0,0.998
2025-01-23 04:00,0.706,0.177,0.110,1.292,1.274,0,0,0.998
2025-01-23 05:00,0.801,0.093,0.025,1.337,1.273,0,0,0.998
2025-01-23 06:00,0.990,0.065,0.017,1.349,1.271,0,0,0.998
2025-01-23 07:00,1.264,0.081,0.013,1.354,1.270,3.593,38.926,0.998
2025-01-23 08:00,1.591,0.113,0.024,1.357,1.268,15.566,152.372,0.998
2025-01-23 09:00,1.896,0.143,0.017,1.357,1.265,25.360,232.285,0.997
2025-01-23 10:00,2.113,0.118,0.001,1.333,1.263,30.259,268.893,0.996
2025-01-23 11:00,2.237,0.109,0.001,1.296,1.261,28.555,259.684,0.996
2025-01-23 12:00,2.224,0.118,0,1.250,1.260,19.142,205.326,0.995
2025-01-23 13:00,2.136,0.132,0.001,1.198,1.260,8.720,109.528,0.995
2025-01-23 14:00,2.036,0.150,0.001,1.135,1.259,0.399,9.113,0.995
2025-01-23 15:00,1.968,0.173,0.001,1.056,1.259,0,0,0.995
2025-01-23 16:00,1.963,0.190,0.004,0.973,1.259,0,0,0.998
2025-01-23 17:00,2.011,0.287,0.006,0.891,1.257,0,0,0.999
2025-01-23 18:00,1.979,0.587,0.040,0.828,1.257,0,0,0.998
2025-01-23 19:00,1.713,1.041,0.224,0.886,1.257,0,0,0.998
2025-01-23 20:00,1.337,1.193,0.287,1.111,1.259,0,0,0.997
2025-01-23 21:00,0.898,0.729,0.215,1.314,1.262,0,0,0.972
2025-01-23 22:00,0.860,0.209,0.027,1.387,1.262,0,0,0.853
2025-01-23 23:00,0.912,0.048,0.005,1.376,1.261,0,0,0.758
2025-01-24 00:00,0.824,0.021,0.005,1.364,1.262,0,0,0.777
2025-01-24 01:00,0.721,0.019,0.009,1.359,1.264,0,0,0.774
2025-01-24 02:00,0.593,0.023,0.022,1.368,1.265,0,0,0.751
2025-01-24 03:00,0.503,0.018,0.018,1.384,1.267,0,0,0.703
2025-01-24 04:00,0.429,0.012,0.012,1.396,1.268,0,0,0.647
2025-01-24 05:00,0.372,0.013,0.012,1.406,1.268,0,0,0.624
2025-01-24 06:00,0.373,0.016,0.012,1.414,1.269,0,0,0.616
2025-01-24 07:00,0.569,0.014,0.007,1.416,1.268,7.716,43.098,0.579
2025-01-24 08:00,0.934,0.014,0,1.388,1.267,40.719,157.849,0.634
2025-01-24 09:00,1.287,0.019,0,1.337,1.267,60.555,237.851,0.695
2025-01-24 10:00,1.564,0.022,0,1.283,1.266,64.764,274.518,0.713
2025-01-24 11:00,1.845,0.022,0,1.219,1.264,61.586,265.346,0.697
2025-01-24 12:00,2.043,0.044,0,1.160,1.263,48.876,210.892,0.878
2025-01-24 13:00,2.079,0.110,0.001,1.107,1.262,18.689,114.986,0.981
2025-01-24 14:00,2.087,0.081,0,1.048,1.261,0.773,11.136,0.996
2025-01-24 15:00,2.261,0.018,0,0.977,1.260,0,0,0.999
2025-01-24 16:00,2.517,0.012,0,0.908,1.257,0,0,0.998
2025-01-24 17:00,2.696,0.016,0,0.844,1.255,0,0,0.997
2025-01-24 18:00,2.760,0.033,0.001,0.768,1.254,0,0,0.999
2025-01-24 19:00,2.741,0.129,0.001,0.681,1.253,0,0,0.999
2025-01-24 20:00,2.726,0.556,0.001,0.592,1.251,0,0,0.998
2025-01-24 21:00,2.610,0.660,0,0.507,1.251,0,0,0.992
2025-01-24 22:00,2.624,0.712,0,0.433,1.249,0,0,0.988
2025-01-24 23:00,2.826,0.277,0,0.371,1.247,0,0,0.986
2025-01-25 00:00,3.172,0.034,0,0.330,1.245,0,0,0.983
2025-01-25 01:00,3.359,0.007,0,0.301,1.244,0,0,0.969
2025-01-25 02:00,3.412,0.006,0,0.276,1.243,0,0,0.962
2025-01-25 03:00,3.392,0.005,0,0.251,1.244,0,0,0.942
2025-01-25 04:00,3.312,0.005,0,0.226,1.245,0,0,0.963
2025-01-25 05:00,3.151,0.005,0,0.202,1.246,0,0,0.977
2025-01-25 06:00,2.914,0.006,0,0.181,1.248,0,0,0.980
2025-01-25 07:00,2.640,0.006,0,0.162,1.251,6.377,47.551,0.988
2025-01-25 08:00,2.467,0.004,0,0.145,1.252,23.988,163.472,0.990
2025-01-25 09:00,2.509,0.002,0,0.129,1.253,49.615,243.595,0.972
2025-01-25 10:00,2.783,0.001,0,0.114,1.252,92.812,280.275,0.918
2025-01-25 11:00,3.158,0,0,0.102,1.250,126.042,271.096,0.883
2025-01-25 12:00,3.380,0,0,0.092,1.248,83.187,216.619,0.980
2025-01-25 13:00,3.397,0,0,0.086,1.247,28.387,120.579,0.993
2025-01-25 14:00,3.335,0,0,0.081,1.247,1.929,13.423,0.992
2025-01-25 15:00,3.312,0.001,0,0.077,1.247,0,0,0.992
2025-01-25 16:00,3.227,0.001,0,0.073,1.248,0,0,0.992
2025-01-25 17:00,3.135,0,0,0.070,1.248,0,0,0.990
2025-01-25 18:00,3.033,0,0,0.066,1.249,0,0,0.911
2025-01-25 19:00,2.793,0.001,0,0.063,1.250,0,0,0.725
2025-01-25 20:00,2.464,0.006,0,0.060,1.252,0,0,0.608
2025-01-25 21:00,2.246,0.011,0,0.057,1.254,0,0,0.560
2025-01-25 22:00,2.256,0.016,0,0.053,1.255,0,0,0.707
2025-01-25 23:00,2.327,0.016,0,0.049,1.256,0,0,0.752
2025-01-26 00:00,2.443,0.007,0,0.045,1.256,0,0,0.650
2025-01-26 01:00,2.592,0.002,0,0.042,1.255,0,0,0.434
2025-01-26 02:00,2.676,0.002,0,0.039,1.255,0,0,0.408
2025-01-26 03:00,2.703,0.003,0,0.036,1.256,0,0,0.617
2025-01-26 04:00,2.706,0.001,0,0.034,1.256,0,0,0.726
2025-01-26 05:00,2.577,0,0,0.028,1.258,0,0,0.614
2025-01-26 06:00,2.322,0,0,0.024,1.260,0,0,0.448
2025-01-26 07:00,2.131,0.001,0,0.024,1.262,15.695,52.333,0.631
2025-01-26 08:00,2.225,0.002,0,0.023,1.263,54.942,169.222,0.958
2025-01-26 09:00,2.469,0.006,0,0.020,1.263,60.483,249.470,0.995
2025-01-26 10:00,2.642,0.003,0,0.020,1.263,55.560,286.225,0.997
2025-01-26 11:00,2.715,0.001,0,0.019,1.263,60.716,276.971,0.997
2025-01-26 12:00,2.652,0,0,0.019,1.262,47.261,222.431,0.997
2025-01-26 13:00,2.147,0,0,0.019,1.262,22.966,126.298,0.996
2025-01-26 14:00,1.113,0,0,0.019,1.262,1.757,15.967,0.994
2025-01-26 15:00,0.725,0.001,0,0.019,1.263,0,0,0.994
2025-01-26 16:00,0.582,0.001,0,0.019,1.264,0,0,0.995
2025-01-26 17:00,0.447,0.004,0,0.019,1.265,0,0,0.995
2025-01-26 18:00,0.329,0.005,0,0.019,1.266,0,0,0.995
2025-01-26 19:00,0.278,0.006,0,0.019,1.267,0,0,0.996
2025-01-26 20:00,0.280,0.006,0.001,0.019,1.267,0,0,0.996
2025-01-26 21:00,0.227,0.006,0.001,0.020,1.268,0,0,0.973
2025-01-26 22:00,0.143,0.007,0.001,0.020,1.268,0,0,0.811
2025-01-26 23:00,0.213,0.010,0.004,0.021,1.269,0,0,0.708
2025-01-27 00:00,0.229,0.015,0.009,0.025,1.269,0,0,0.610
2025-01-27 01:00,-0.251,0.025,0.022,0.031,1.270,0,0,0.671
2025-01-27 02:00,-0.388,0.028,0.028,0.035,1.271,0,0,0.690
2025-01-27 03:00,-0.399,0.026,0.025,0.038,1.274,0,0,0.718
2025-01-27 04:00,-0.973,0.022,0.022,0.041,1.276,0,0,0.851
2025-01-27 05:00,-1.390,0.018,0.016,0.044,1.278,0,0,0.985
2025-01-27 06:00,-1.490,0.021,0.018,0.049,1.279,0,0,0.997
2025-01-27 07:00,-1.512,0.024,0.022,0.053,1.280,11.660,57.427,0.998
2025-01-27 08:00,-1.211,0.029,0.028,0.057,1.279,41.655,175.075,0.998
2025-01-27 09:00,-0.609,0.026,0.026,0.060,1.276,73.152,255.391,0.933
2025-01-27 10:00,0.114,0.023,0.021,0.061,1.273,106.755,292.225,0.801
2025-01-27 11:00,0.782,0.019,0.009,0.062,1.269,99.971,282.978,0.893
2025-01-27 12:00,1.191,0.020,0.004,0.064,1.266,70.553,228.409,0.980
2025-01-27 13:00,1.278,0.023,0.004,0.067,1.263,28.017,132.131,0.986
2025-01-27 14:00,1.337,0.039,0.005,0.070,1.260,2.406,18.796,0.990
2025-01-27 15:00,1.584,0.321,0.031,0.085,1.258,0,0,0.977
2025-01-27 16:00,1.789,0.844,0.051,0.125,1.256,0,0,0.962
2025-01-27 17:00,1.881,0.939,0.095,0.207,1.254,0,0,0.944
2025-01-27 18:00,1.993,0.898,0.069,0.270,1.252,0,0,0.909
2025-01-27 19:00,2.119,0.887,0.035,0.310,1.250,0,0,0.927
2025-01-27 20:00,2.308,0.716,0.007,0.320,1.248,0,0,0.973
2025-01-27 21:00,2.524,0.557,0.001,0.316,1.247,0,0,0.978
2025-01-27 22:00,2.613,0.143,0,0.312,1.247,0,0,0.922
2025-01-27 23:00,2.584,0.007,0,0.307,1.248,0,0,0.792
2025-01-28 00:00,2.334,0.004,0,0.304,1.250,0,0,0.751
2025-01-28 01:00,2.159,0.007,0,0.301,1.252,0,0,0.823
2025-01-28 02:00,2.124,0.014,0,0.298,1.253,0,0,0.960
2025-01-28 03:00,2.229,0.018,0,0.295,1.254,0,0,0.979
2025-01-28 04:00,2.267,0.019,0,0.292,1.253,0,0,0.977
2025-01-28 05:00,2.394,0.042,0,0.289,1.253,0,0,0.951
2025-01-28 06:00,2.341,0.040,0,0.287,1.254,0.001,0.010,0.946
2025-01-28 07:00,2.328,0.031,0,0.285,1.254,11.129,62.852,0.987
2025-01-28 08:00,2.585,0.033,0,0.281,1.254,38.728,181.075,0.997
2025-01-28 09:00,2.820,0.031,0,0.274,1.254,57.715,261.513,0.998
2025-01-28 10:00,2.916,0.026,0,0.267,1.254,60.280,298.350,0.993
2025-01-28 11:00,2.854,0.021,0,0.260,1.255,46.146,289.103,0.988
2025-01-28 12:00,2.970,0.021,0,0.253,1.254,34.701,234.472,0.966
2025-01-28 13:00,3.029,0.033,0,0.248,1.253,20.629,138.109,0.947
2025-01-28 14:00,2.734,0.044,0,0.246,1.253,2.114,21.903,0.944
2025-01-28 15:00,2.683,0.041,0,0.245,1.252,0,0,0.970
2025-01-28 16:00,2.924,0.039,0,0.243,1.252,0,0,0.996
2025-01-28 17:00,2.950,0.035,0,0.242,1.251,0,0,0.998
2025-01-28 18:00,3.003,0.033,0,0.240,1.250,0,0,0.999
2025-01-28 19:00,3.080,0.036,0,0.238,1.250,0,0,0.999
2025-01-28 20:00,3.051,0.040,0,0.236,1.250,0,0,1.000
2025-01-28 21:00,3.097,0.053,0,0.233,1.250,0,0,1.000
2025-01-28 22:00,3.270,0.122,0,0.229,1.250,0,0,1.000
2025-01-28 23:00,3.456,0.284,0,0.224,1.251,0,0,1.000
2025-01-29 00:00,3.382,0.472,0,0.219,1.251,0,0,0.999
2025-01-29 01:00,3.302,0.651,0,0.215,1.251,0,0,0.998
2025-01-29 02:00,3.204,0.949,0,0.212,1.251,0,0,0.998
2025-01-29 03:00,3.103,1.208,0,0.208,1.251,0,0,0.998
2025-01-29 04:00,2.970,1.423,0,0.205,1.251,0,0,0.989
2025-01-29 05:00,2.810,1.521,0,0.202,1.251,0,0,0.983
2025-01-29 06:00,2.562,1.326,0.022,0.202,1.252,0,0.048,0.980
2025-01-29 07:00,2.418,1.151,0.115,0.252,1.252,3.108,68.596,0.977
2025-01-29 08:00,2.289,1.222,0.154,0.370,1.252,12.877,187.200,0.970
2025-01-29 09:00,2.091,1.234,0.147,0.499,1.253,22.515,267.759,0.955
2025-01-29 10:00,1.957,0.789,0.209,0.673,1.253,30.950,304.600,0.928
2025-01-29 11:00,2.082,0.422,0.089,0.803,1.252,35.858,295.353,0.889
2025-01-29 12:00,2.282,0.275,0.067,0.873,1.250,29.492,240.659,0.914
2025-01-29 13:00,2.357,0.168,0.036,0.912,1.249,11.346,144.172,0.930
2025-01-29 14:00,2.215,0.093,0.018,0.935,1.249,1.556,25.312,0.813
2025-01-29 15:00,1.378,0.040,0.018,0.953,1.251,0,0,0.590
2025-01-29 16:00,1.177,0.016,0.011,0.965,1.254,0,0,0.513
2025-01-29 17:00,0.895,0.017,0.010,0.973,1.258,0,0,0.708
2025-01-29 18:00,0.753,0.022,0.009,0.978,1.260,0,0,0.877
2025-01-29 19:00,0.650,0.024,0.008,0.981,1.262,0,0,0.896
2025-01-29 20:00,0.586,0.024,0.013,0.985,1.263,0,0,0.885
2025-01-29 21:00,0.564,0.028,0.016,0.996,1.263,0,0,0.876
2025-01-29 22:00,0.547,0.033,0.018,1.010,1.264,0,0,0.876
2025-01-29 23:00,0.525,0.032,0.020,1.026,1.264,0,0,0.899
2025-01-30 00:00,0.501,0.030,0.019,1.045,1.265,0,0,0.919
2025-01-30 01:00,0.523,0.029,0.017,1.061,1.266,0,0,0.921
2025-01-30 02:00,0.491,0.025,0.014,1.073,1.267,0,0,0.928
2025-01-30 03:00,0.440,0.020,0.012,1.084,1.268,0,0,0.913
2025-01-30 04:00,0.331,0.014,0.007,1.092,1.269,0,0,0.889
2025-01-30 05:00,0.167,0.010,0.006,1.098,1.271,0,0,0.879
2025-01-30 06:00,-0.023,0.007,0.005,1.103,1.273,0.015,0.167,0.772
2025-01-30 07:00,-0.106,0.006,0.005,1.107,1.275,17.325,74.585,0.669
2025-01-30 08:00,0.114,0.005,0.004,1.111,1.275,60.550,193.425,0.612
2025-01-30 09:00,0.566,0.002,0.001,1.109,1.274,127.841,274.020,0.344
2025-01-30 10:00,1.150,0.001,0.001,1.092,1.272,173.026,310.975,0.306
2025-01-30 11:00,1.519,0.001,0,1.065,1.271,160.056,301.728,0.301
2025-01-30 12:00,1.562,0.001,0.001,1.036,1.271,124.244,246.975,0.468
2025-01-30 13:00,1.262,0.006,0.002,1.021,1.273,53.837,150.359,0.911
2025-01-30 14:00,0.889,0.015,0.004,1.020,1.275,5.196,29.026,0.989
2025-01-30 15:00,0.733,0.021,0.015,1.029,1.276,0,0,0.997
2025-01-30 16:00,0.646,0.026,0.015,1.044,1.277,0,0,0.994
2025-01-30 17:00,0.583,0.024,0.013,1.058,1.277,0,0,0.988
2025-01-30 18:00,0.539,0.019,0.010,1.069,1.277,0,0,0.987
2025-01-30 19:00,0.479,0.023,0.011,1.079,1.277,0,0,0.989
2025-01-30 20:00,0.515,0.029,0.015,1.092,1.277,0,0,0.991
2025-01-30 21:00,0.430,0.027,0.012,1.106,1.278,0,0,0.993
2025-01-30 22:00,0.180,0.025,0.008,1.115,1.278,0,0,0.991
2025-01-30 23:00,-0.016,0.024,0.004,1.121,1.279,0,0,0.985
2025-01-31 00:00,-0.279,0.017,0.004,1.125,1.280,0,0,0.989
2025-01-31 01:00,-0.361,0.015,0.004,1.130,1.281,0,0,0.997
2025-01-31 02:00,-0.417,0.012,0.005,1.134,1.282,0,0,0.998
2025-01-31 03:00,-0.695,0.014,0.008,1.141,1.284,0,0,0.987
2025-01-31 04:00,-0.969,0.016,0.009,1.150,1.287,0,0,0.911
2025-01-31 05:00,-1.102,0.018,0.009,1.159,1.290,0,0,0.776
2025-01-31 06:00,-1.152,0.018,0.009,1.168,1.292,0.052,0.488,0.688
2025-01-31 07:00,-1.054,0.018,0.008,1.177,1.293,21.353,80.754,0.661
2025-01-31 08:00,-0.690,0.017,0.006,1.183,1.293,67.522,199.741,0.618
2025-01-31 09:00,-0.013,0.011,0.003,1.185,1.291,110.410,280.509,0.488
2025-01-31 10:00,0.711,0.007,0.002,1.175,1.288,150.138,317.475,0.456
2025-01-31 11:00,1.034,0.003,0.001,1.154,1.287,151.587,308.228,0.381
2025-01-31 12:00,1.093,0.001,0,1.130,1.286,133.437,253.408,0.174
2025-01-31 13:00,0.560,0,0,1.122,1.287,77.936,156.675,0.143
2025-01-31 14:00,-1.108,0.001,0.001,1.123,1.290,12.315,33.045,0.117
2025-01-31 15:00,-1.629,0.003,0.003,1.125,1.295,0,0,0.382
2025-01-31 16:00,-1.339,0.010,0.010,1.132,1.299,0,0,0.516
2025-01-31 17:00,-1.369,0.007,0.007,1.141,1.301,0,0,0.506
2025-01-31 18:00,-1.369,0.011,0.011,1.154,1.301,0,0,0.435
2025-01-31 19:00,-1.714,0.003,0.003,1.158,1.304,0,0,0.434
2025-01-31 20:00,-2.144,0.003,0.003,1.161,1.306,0,0,0.441
2025-01-31 21:00,-2.100,0.001,0.001,1.164,1.307,0,0,0.240
2025-01-31 22:00,-2.436,0,0,1.165,1.308,0,0,0.145
2025-01-31 23:00,-2.907,0,0,1.166,1.311,0,0,0.201
2025-02-01 00:00,-3.045,0,0,1.167,1.312,0,0,0.142
2025-02-01 01:00,-3.046,0,0,1.168,1.312,0,0,0.113
2025-02-01 02:00,-3.133,0,0,1.169,1.312,0,0,0.098
2025-02-01 03:00,-3.302,0,0,1.170,1.314,0,0,0.166
2025-02-01 04:00,-3.453,0.001,0.001,1.171,1.316,0,0,0.235
2025-02-01 05:00,-3.416,0.001,0,1.172,1.316,0,0,0.220
2025-02-01 06:00,-3.498,0,0,1.173,1.317,0.228,1.045,0.195
2025-02-01 07:00,-3.416,0.001,0,1.174,1.318,36.331,87.035,0.174
2025-02-01 08:00,-2.617,0.001,0.001,1.174,1.315,108.863,206.178,0.106
2025-02-01 09:00,-1.661,0.001,0.001,1.172,1.311,173.431,287.020,0.042
2025-02-01 10:00,-0.788,0,0,1.167,1.307,204.882,324.100,0.034
2025-02-01 11:00,-0.227,0,0,1.160,1.305,200.873,314.850,0.025
2025-02-01 12:00,-0.119,0,0,1.155,1.304,161.192,259.911,0.023
2025-02-01 13:00,-0.571,0,0,1.152,1.305,89.634,163.089,0.063
2025-02-01 14:00,-1.667,0,0,1.152,1.308,15.296,37.410,0.060
2025-02-01 15:00,-2.725,0,0,1.152,1.313,0,0,0.122
2025-02-01 16:00,-3.066,0.001,0.001,1.154,1.317,0,0,0.353
2025-02-01 17:00,-3.075,0.001,0.001,1.156,1.318,0,0,0.300
2025-02-01 18:00,-3.454,0,0,1.156,1.319,0,0,0.219
2025-02-01 19:00,-3.680,0,0,1.157,1.320,0,0,0.175
2025-02-01 20:00,-4.009,0,0,1.157,1.321,0,0,0.063
2025-02-01 21:00,-4.341,0,0,1.158,1.322,0,0,0.089
2025-02-01 22:00,-4.584,0,0,1.158,1.323,0,0,0.066
2025-02-01 23:00,-4.709,0,0,1.158,1.324,0,0,0.024
2025-02-02 00:00,-4.829,0,0,1.159,1.324,0,0,0.026
2025-02-02 01:00,-4.871,0,0,1.159,1.324,0,0,0.018
2025-02-02 02:00,-4.918,0,0,1.159,1.324,0,0,0.018
2025-02-02 03:00,-4.947,0,0,1.159,1.324,0,0,0.014
2025-02-02 04:00,-5.046,0,0,1.160,1.324,0,0,0.018
2025-02-02 05:00,-5.251,0.001,0.001,1.160,1.324,0,0,0.115
2025-02-02 06:00,-5.415,0.002,0.002,1.162,1.325,0.459,1.854,0.319
2025-02-02 07:00,-5.172,0.004,0.004,1.165,1.325,36.389,93.440,0.442
2025-02-02 08:00,-4.363,0.011,0.011,1.172,1.322,94.242,212.739,0.503
2025-02-02 09:00,-3.455,0.012,0.012,1.182,1.318,127.376,293.719,0.552
2025-02-02 10:00,-2.641,0.010,0.010,1.188,1.314,144.441,330.806,0.536
2025-02-02 11:00,-2.081,0.009,0.009,1.192,1.311,140.074,321.553,0.496
2025-02-02 12:00,-1.840,0.007,0.007,1.196,1.309,108.388,266.573,0.437
2025-02-02 13:00,-1.946,0.005,0.005,1.198,1.310,64.811,169.593,0.349
2025-02-02 14:00,-2.525,0.004,0.004,1.202,1.312,12.452,42.090,0.281
2025-02-02 15:00,-3.254,0.004,0.004,1.206,1.314,0,0,0.259
2025-02-02 16:00,-3.625,0.005,0.005,1.210,1.316,0,0,0.309
2025-02-02 17:00,-3.887,0.007,0.007,1.216,1.318,0,0,0.403
2025-02-02 18:00,-4.036,0.010,0.009,1.223,1.319,0,0,0.474
2025-02-02 19:00,-4.035,0.011,0.011,1.232,1.319,0,0,0.500
2025-02-02 20:00,-4.058,0.015,0.014,1.242,1.320,0,0,0.529
2025-02-02 21:00,-4.035,0.014,0.014,1.257,1.319,0,0,0.544
2025-02-02 22:00,-4.071,0.015,0.015,1.269,1.320,0,0,0.571
2025-02-02 23:00,-4.044,0.011,0.011,1.280,1.320,0,0,0.527
2025-02-03 00:00,-4.131,0.010,0.010,1.289,1.320,0,0,0.515
2025-02-03 01:00,-4.268,0.009,0.009,1.298,1.321,0,0,0.553
2025-02-03 02:00,-4.340,0.008,0.008,1.306,1.322,0,0,0.612
2025-02-03 03:00,-4.293,0.008,0.008,1.313,1.322,0,0,0.791
2025-02-03 04:00,-4.318,0.009,0.009,1.322,1.322,0,0,0.892
2025-02-03 05:00,-4.280,0.009,0.008,1.330,1.322,0,0,0.934
2025-02-03 06:00,-4.193,0.008,0.007,1.337,1.322,0.497,2.957,0.927
2025-02-03 07:00,-4.001,0.008,0.008,1.344,1.321,27.921,99.949,0.849
2025-02-03 08:00,-3.295,0.009,0.009,1.351,1.320,90.106,219.403,0.896
2025-02-03 09:00,-2.452,0.006,0.006,1.354,1.316,134.547,300.469,0.955
2025-02-03 10:00,-1.811,0.003,0.003,1.353,1.313,117.561,337.600,0.993
2025-02-03 11:00,-1.581,0.008,0.008,1.353,1.311,85.872,328.310,0.960
2025-02-03 12:00,-1.469,0.011,0.011,1.358,1.311,74.042,273.283,0.862
2025-02-03 13:00,-1.509,0.014,0.014,1.366,1.312,48.749,176.218,0.744
2025-02-03 14:00,-2.027,0.022,0.022,1.384,1.312,11.252,47.113,0.714
2025-02-03 15:00,-2.594,0.028,0.028,1.409,1.314,0,0,0.682
2025-02-03 16:00,-2.880,0.017,0.017,1.431,1.315,0,0,0.623
2025-02-03 17:00,-3.264,0.016,0.016,1.445,1.315,0,0,0.461
2025-02-03 18:00,-3.509,0.017,0.017,1.460,1.316,0,0,0.387
2025-02-03 19:00,-3.645,0.016,0.016,1.475,1.316,0,0,0.543
2025-02-03 20:00,-3.525,0.011,0.011,1.486,1.317,0,0,0.624
2025-02-03 21:00,-3.383,0.007,0.007,1.493,1.316,0,0,0.487
2025-02-03 22:00,-3.273,0.010,0.010,1.500,1.315,0,0,0.478
2025-02-03 23:00,-3.425,0.016,0.016,1.513,1.314,0,0,0.622
2025-02-04 00:00,-3.745,0.016,0.016,1.528,1.314,0,0,0.901
2025-02-04 01:00,-3.913,0.014,0.014,1.542,1.313,0,0,0.976
2025-02-04 02:00,-3.736,0.018,0.018,1.557,1.312,0,0,0.975
2025-02-04 03:00,-3.096,0.054,0.053,1.592,1.310,0,0,0.982
2025-02-04 04:00,-2.407,0.122,0.120,1.680,1.309,0,0,0.993
2025-02-04 05:00,-2.005,0.164,0.158,1.823,1.308,0,0,0.991
2025-02-04 06:00,-1.630,0.181,0.171,1.989,1.306,0.213,4.337,0.953
2025-02-04 07:00,-1.203,0.186,0.167,2.156,1.303,15.171,106.542,0.911
2025-02-04 08:00,-0.613,0.201,0.176,2.324,1.301,47.592,226.151,0.966
2025-02-04 09:00,-0.052,0.163,0.132,2.476,1.299,57.963,307.340,0.982
2025-02-04 10:00,0.326,0.090,0.050,2.538,1.297,55.899,344.556,0.994
2025-02-04 11:00,0.569,0.039,0.007,2.528,1.295,59.366,335.185,0.968
2025-02-04 12:00,0.744,0.017,0.004,2.495,1.294,70.183,280.158,0.910
2025-02-04 13:00,0.702,0.010,0.003,2.464,1.294,43.972,182.946,0.927
2025-02-04 14:00,0.462,0.006,0.003,2.449,1.294,9.855,52.494,0.935
2025-02-04 15:00,0.235,0.006,0.005,2.449,1.296,0,0,0.953
2025-02-04 16:00,0.128,0.010,0.009,2.456,1.296,0,0,0.926
2025-02-04 17:00,0.096,0.014,0.013,2.465,1.297,0,0,0.934
2025-02-04 18:00,0.153,0.012,0.011,2.475,1.296,0,0,0.983
2025-02-04 19:00,0.280,0.014,0.010,2.481,1.295,0,0,0.991
2025-02-04 20:00,0.422,0.018,0.012,2.485,1.294,0,0,0.975
2025-02-04 21:00,0.620,0.017,0.006,2.477,1.293,0,0,0.905
2025-02-04 22:00,0.669,0.015,0.001,2.449,1.293,0,0,0.857
2025-02-04 23:00,0.544,0.013,0.003,2.431,1.293,0,0,0.925
2025-02-05 00:00,0.414,0.011,0.009,2.419,1.294,0,0,0.917
2025-02-05 01:00,0.055,0.018,0.018,2.427,1.296,0,0,0.909
2025-02-05 02:00,-0.245,0.021,0.021,2.446,1.298,0,0,0.857
2025-02-05 03:00,-0.308,0.015,0.014,2.462,1.297,0,0,0.779
2025-02-05 04:00,-0.149,0.010,0.008,2.470,1.295,0,0,0.775
2025-02-05 05:00,0.126,0.008,0.006,2.471,1.293,0,0,0.832
2025-02-05 06:00,0.423,0.006,0.001,2.449,1.291,0.803,6.002,0.769
2025-02-05 07:00,0.722,0.006,0,2.387,1.290,25.792,113.250,0.844
2025-02-05 08:00,1.214,0.007,0,2.268,1.288,49.158,233.006,0.912
2025-02-05 09:00,1.746,0.006,0,2.089,1.286,96.698,314.219,0.772
2025-02-05 10:00,2.147,0.008,0,1.915,1.284,118.099,351.556,0.701
2025-02-05 11:00,2.430,0.004,0,1.760,1.282,97.531,342.185,0.724
2025-02-05 12:00,2.685,0.002,0,1.638,1.280,90.210,287.033,0.557
2025-02-05 13:00,2.773,0.001,0,1.555,1.280,67.457,189.759,0.494
2025-02-05 14:00,2.680,0.002,0,1.497,1.280,15.104,58.215,0.595
2025-02-05 15:00,2.684,0.001,0,1.455,1.282,0,0,0.592
2025-02-05 16:00,2.211,0.001,0,1.429,1.286,0,0,0.482
2025-02-05 17:00,1.470,0.002,0,1.412,1.292,0,0,0.711
2025-02-05 18:00,1.245,0.010,0.003,1.394,1.297,0,0,0.828
2025-02-05 19:00,0.810,0.026,0.021,1.391,1.302,0,0,0.879
2025-02-05 20:00,0.624,0.008,0.006,1.395,1.305,0,0,0.777
2025-02-05 21:00,0.204,0.004,0.004,1.391,1.308,0,0,0.698
2025-02-05 22:00,-0.190,0.010,0.010,1.398,1.312,0,0,0.750
2025-02-05 23:00,-0.365,0.010,0.010,1.408,1.315,0,0,0.705
2025-02-06 00:00,-0.545,0.009,0.009,1.417,1.317,0,0,0.647
2025-02-06 01:00,-0.713,0.009,0.009,1.427,1.319,0,0,0.593
2025-02-06 02:00,-1.174,0.008,0.008,1.435,1.321,0,0,0.616
2025-02-06 03:00,-1.257,0.005,0.005,1.442,1.323,0,0,0.506
2025-02-06 04:00,-1.376,0.002,0.002,1.445,1.324,0,0,0.369
2025-02-06 05:00,-1.676,0.001,0.001,1.447,1.326,0,0,0.339
2025-02-06 06:00,-1.887,0.002,0.002,1.449,1.328,2.077,7.991,0.366
2025-02-06 07:00,-1.469,0.001,0.001,1.451,1.328,50.657,120.051,0.242
2025-02-06 08:00,-0.597,0,0,1.449,1.326,141.364,239.942,0.038
2025-02-06 09:00,0.298,0,0,1.436,1.323,210.458,321.301,0.007
2025-02-06 10:00,1.156,0,0,1.385,1.319,241.596,358.563,0.001
2025-02-06 11:00,1.709,0,0,1.316,1.317,234.359,349.310,0
2025-02-06 12:00,1.878,0,0,1.259,1.315,188.645,294.040,0
2025-02-06 13:00,1.227,0,0,1.231,1.316,114.114,196.674,0.028
2025-02-06 14:00,-0.358,0,0,1.228,1.317,28.979,64.312,0.076
2025-02-06 15:00,-1.297,0,0,1.229,1.321,0,0.001,0.086
2025-02-06 16:00,-1.714,0,0,1.230,1.325,0,0,0.148
2025-02-06 17:00,-1.924,0,0,1.231,1.328,0,0,0.257
2025-02-06 18:00,-1.894,0.002,0.002,1.233,1.331,0,0,0.445
2025-02-06 19:00,-1.787,0.003,0.003,1.236,1.334,0,0,0.501
2025-02-06 20:00,-1.733,0.006,0.006,1.240,1.336,0,0,0.643
2025-02-06 21:00,-1.690,0.008,0.008,1.248,1.339,0,0,0.686
2025-02-06 22:00,-1.882,0.011,0.010,1.256,1.341,0,0,0.716
2025-02-06 23:00,-2.105,0.014,0.013,1.266,1.343,0,0,0.746
2025-02-07 00:00,-2.280,0.018,0.014,1.279,1.345,0,0,0.764
2025-02-07 01:00,-2.501,0.019,0.015,1.293,1.346,0,0,0.770
2025-02-07 02:00,-2.701,0.021,0.017,1.309,1.347,0,0,0.770
2025-02-07 03:00,-2.851,0.020,0.019,1.327,1.348,0,0,0.780
2025-02-07 04:00,-2.858,0.021,0.018,1.345,1.348,0,0,0.760
2025-02-07 05:00,-2.850,0.023,0.020,1.363,1.347,0,0,0.759
2025-02-07 06:00,-2.684,0.026,0.024,1.385,1.346,1.864,10.282,0.795
2025-02-07 07:00,-1.996,0.028,0.025,1.410,1.343,35.469,126.955,0.896
2025-02-07 08:00,-1.191,0.021,0.017,1.430,1.340,69.311,246.984,0.958
2025-02-07 09:00,-0.373,0.013,0.008,1.438,1.336,99.766,328.426,0.953
2025-02-07 10:00,0.455,0.012,0.003,1.421,1.331,131.417,365.806,0.848
2025-02-07 11:00,1.097,0.025,0.001,1.384,1.327,148.715,356.435,0.671
2025-02-07 12:00,1.284,0.038,0.001,1.350,1.325,110.468,301.165,0.644
2025-02-07 13:00,1.160,0.033,0.001,1.329,1.324,67.414,203.674,0.593
2025-02-07 14:00,0.674,0.031,0.001,1.322,1.325,18.209,70.772,0.540
2025-02-07 15:00,0.228,0.022,0.002,1.322,1.326,0.001,0.010,0.486
2025-02-07 16:00,-0.057,0.014,0.004,1.325,1.328,0,0,0.439
2025-02-07 17:00,-0.351,0.025,0.020,1.337,1.329,0,0,0.467
2025-02-07 18:00,-0.412,0.024,0.020,1.360,1.329,0,0,0.482
2025-02-07 19:00,-0.490,0.016,0.010,1.376,1.330,0,0,0.541
2025-02-07 20:00,-0.545,0.017,0.008,1.385,1.330,0,0,0.549
2025-02-07 21:00,-0.713,0.021,0.018,1.397,1.330,0,0,0.529
2025-02-07 22:00,-0.784,0.018,0.017,1.417,1.331,0,0,0.561
2025-02-07 23:00,-1.013,0.017,0.016,1.434,1.332,0,0,0.623
2025-02-08 00:00,-1.142,0.017,0.016,1.449,1.333,0,0,0.688
2025-02-08 01:00,-1.278,0.017,0.017,1.464,1.333,0,0,0.704
2025-02-08 02:00,-1.384,0.017,0.017,1.478,1.334,0,0,0.715
2025-02-08 03:00,-1.433,0.015,0.015,1.492,1.333,0,0,0.714
2025-02-08 04:00,-1.409,0.015,0.013,1.504,1.333,0,0,0.715
2025-02-08 05:00,-1.399,0.015,0.013,1.518,1.332,0,0,0.708
2025-02-08 06:00,-1.275,0.016,0.014,1.531,1.330,2.322,12.888,0.704
2025-02-08 07:00,-0.883,0.019,0.015,1.544,1.329,36.367,133.932,0.703
2025-02-08 08:00,-0.194,0.027,0.023,1.561,1.326,77.734,254.087,0.710
2025-02-08 09:00,0.362,0.027,0.008,1.568,1.324,115.275,335.676,0.721
2025-02-08 10:00,0.656,0.029,0.003,1.556,1.322,134.329,373.056,0.715
2025-02-08 11:00,0.775,0.026,0,1.538,1.321,132.087,363.759,0.713
2025-02-08 12:00,0.748,0.027,0,1.521,1.320,107.521,308.405,0.713
2025-02-08 13:00,0.542,0.028,0.004,1.515,1.320,64.777,210.737,0.652
2025-02-08 14:00,0.080,0.023,0.017,1.522,1.320,18.839,77.555,0.662
2025-02-08 15:00,-0.403,0.021,0.017,1.539,1.321,0.008,0.069,0.694
2025-02-08 16:00,-0.470,0.020,0.018,1.557,1.322,0,0,0.695
2025-02-08 17:00,-0.542,0.017,0.014,1.574,1.321,0,0,0.697
2025-02-08 18:00,-0.609,0.016,0.013,1.588,1.321,0,0,0.725
2025-02-08 19:00,-0.754,0.014,0.011,1.599,1.321,0,0,0.815
2025-02-08 20:00,-0.723,0.016,0.012,1.612,1.321,0,0,0.943
2025-02-08 21:00,-0.792,0.016,0.012,1.624,1.321,0,0,0.989
2025-02-08 22:00,-1.068,0.011,0.008,1.635,1.321,0,0,0.994
2025-02-08 23:00,-1.127,0.008,0.005,1.641,1.320,0,0,0.998
2025-02-09 00:00,-1.194,0.008,0.005,1.646,1.319,0,0,0.998
2025-02-09 01:00,-1.214,0.009,0.006,1.652,1.319,0,0,0.998
2025-02-09 02:00,-1.056,0.009,0.006,1.659,1.319,0,0,0.996
2025-02-09 03:00,-0.824,0.010,0.007,1.665,1.319,0,0,0.992
2025-02-09 04:00,-0.565,0.012,0.009,1.673,1.319,0,0,0.991
2025-02-09 05:00,-0.386,0.014,0.010,1.683,1.319,0,0,0.992
2025-02-09 06:00,-0.349,0.012,0.008,1.692,1.320,2.334,15.828,0.993
2025-02-09 07:00,-0.282,0.010,0.006,1.699,1.321,30.052,140.994,0.990
2025-02-09 08:00,0.038,0.010,0.008,1.702,1.321,70.958,261.256,0.985
2025-02-09 09:00,0.491,0.007,0.005,1.687,1.321,104.446,342.926,0.975
2025-02-09 10:00,0.958,0.008,0,1.644,1.318,134.962,380.387,0.953
2025-02-09 11:00,1.030,0.015,0,1.588,1.318,124.738,371.016,0.940
2025-02-09 12:00,0.932,0.012,0,1.542,1.318,100.968,315.655,0.893
2025-02-09 13:00,0.674,0.009,0,1.517,1.319,68.026,217.904,0.786
2025-02-09 14:00,-0.106,0.008,0.004,1.515,1.321,22.035,84.548,0.652
2025-02-09 15:00,-0.872,0.004,0.004,1.520,1.322,0.036,0.290,0.582
2025-02-09 16:00,-1.157,0.003,0.002,1.523,1.324,0,0,0.492
2025-02-09 17:00,-1.646,0.003,0.002,1.526,1.326,0,0,0.462
2025-02-09 18:00,-2.056,0.003,0.002,1.528,1.328,0,0,0.447
2025-02-09 19:00,-2.320,0.005,0.003,1.532,1.331,0,0,0.433
2025-02-09 20:00,-2.426,0.007,0.006,1.537,1.334,0,0,0.527
2025-02-09 21:00,-2.578,0.011,0.011,1.546,1.337,0,0,0.617
2025-02-09 22:00,-2.762,0.012,0.011,1.558,1.339,0,0,0.625
2025-02-09 23:00,-3.217,0.014,0.014,1.571,1.342,0,0,0.611
2025-02-10 00:00,-3.664,0.014,0.013,1.585,1.345,0,0,0.600
2025-02-10 01:00,-4.004,0.011,0.011,1.597,1.347,0,0,0.548
2025-02-10 02:00,-4.304,0.009,0.009,1.607,1.348,0,0,0.512
2025-02-10 03:00,-4.614,0.007,0.007,1.615,1.350,0,0,0.492
2025-02-10 04:00,-4.879,0.005,0.005,1.621,1.351,0,0,0.456
2025-02-10 05:00,-5.147,0.004,0.004,1.625,1.352,0,0,0.437
2025-02-10 06:00,-5.350,0.003,0.003,1.628,1.354,5.633,19.106,0.420
2025-02-10 07:00,-5.000,0.002,0.002,1.630,1.354,64.415,148.119,0.386
2025-02-10 08:00,-4.040,0.001,0.001,1.630,1.350,151.036,268.587,0.213
2025-02-10 09:00,-2.800,0,0,1.624,1.344,218.243,350.301,0.138
2025-02-10 10:00,-1.569,0,0,1.616,1.338,254.496,387.762,0.186
2025-02-10 11:00,-0.598,0,0,1.606,1.332,250.004,378.505,0.256
2025-02-10 12:00,-0.051,0,0,1.597,1.328,205.431,322.990,0.199
2025-02-10 13:00,-0.057,0,0,1.591,1.326,132.652,225.152,0.041
2025-02-10 14:00,-1.374,0,0,1.589,1.326,42.982,91.662,0.008
2025-02-10 15:00,-2.759,0,0,1.590,1.327,0.177,0.798,0.004
2025-02-10 16:00,-3.330,0,0,1.590,1.328,0,0,0.031
2025-02-10 17:00,-3.623,0,0,1.591,1.330,0,0,0.098
2025-02-10 18:00,-3.651,0.004,0.004,1.594,1.333,0,0,0.358
2025-02-10 19:00,-3.230,0.014,0.014,1.603,1.335,0,0,0.507
2025-02-10 20:00,-3.044,0.017,0.017,1.621,1.338,0,0,0.563
2025-02-10 21:00,-2.974,0.013,0.013,1.635,1.338,0,0,0.610
2025-02-10 22:00,-2.965,0.015,0.015,1.649,1.339,0,0,0.643
2025-02-10 23:00,-2.936,0.016,0.016,1.665,1.339,0,0,0.648
2025-02-11 00:00,-2.879,0.015,0.015,1.680,1.340,0,0,0.629
2025-02-11 01:00,-2.927,0.015,0.015,1.694,1.340,0,0,0.629
2025-02-11 02:00,-3.004,0.014,0.014,1.709,1.340,0,0,0.683
2025-02-11 03:00,-3.120,0.015,0.015,1.723,1.341,0,0,0.734
2025-02-11 04:00,-3.264,0.018,0.018,1.738,1.342,0,0,0.729
2025-02-11 05:00,-3.449,0.021,0.021,1.755,1.343,0,0,0.768
2025-02-11 06:00,-3.583,0.021,0.021,1.773,1.344,5.187,22.717,0.743
2025-02-11 07:00,-3.282,0.017,0.017,1.789,1.344,52.017,155.348,0.674
2025-02-11 08:00,-2.464,0.016,0.015,1.801,1.340,110.450,275.959,0.709
2025-02-11 09:00,-1.501,0.013,0.013,1.809,1.336,161.884,357.757,0.683
2025-02-11 10:00,-0.944,0.009,0.009,1.811,1.333,190.499,395.262,0.625
2025-02-11 11:00,-0.504,0.010,0.010,1.810,1.330,191.211,385.891,0.579
2025-02-11 12:00,-0.280,0.010,0.010,1.809,1.328,158.914,330.372,0.567
2025-02-11 13:00,-0.445,0.012,0.012,1.811,1.327,100.243,232.468,0.583
2025-02-11 14:00,-1.021,0.015,0.015,1.819,1.328,33.018,98.840,0.631
2025-02-11 15:00,-1.806,0.022,0.022,1.833,1.329,0.266,1.618,0.675
2025-02-11 16:00,-2.193,0.026,0.026,1.853,1.331,0,0,0.694
2025-02-11 17:00,-2.496,0.032,0.032,1.878,1.332,0,0,0.701
2025-02-11 18:00,-2.760,0.039,0.039,1.909,1.332,0,0,0.694
2025-02-11 19:00,-3.010,0.040,0.040,1.944,1.333,0,0,0.683
2025-02-11 20:00,-3.151,0.039,0.039,1.978,1.333,0,0,0.672
2025-02-11 21:00,-3.189,0.027,0.027,2.007,1.332,0,0,0.666
2025-02-11 22:00,-3.158,0.024,0.024,2.029,1.330,0,0,0.655
2025-02-11 23:00,-3.057,0.022,0.022,2.051,1.328,0,0,0.639
2025-02-12 00:00,-2.972,0.017,0.017,2.070,1.327,0,0,0.623
2025-02-12 01:00,-2.923,0.014,0.014,2.085,1.326,0,0,0.605
2025-02-12 02:00,-2.867,0.012,0.012,2.098,1.325,0,0,0.566
2025-02-12 03:00,-2.923,0.014,0.014,2.110,1.325,0,0,0.567
2025-02-12 04:00,-3.037,0.015,0.015,2.124,1.325,0,0,0.609
2025-02-12 05:00,-3.142,0.015,0.015,2.139,1.325,0,0,0.639
2025-02-12 06:00,-3.266,0.017,0.017,2.154,1.326,6.359,26.679,0.648
2025-02-12 07:00,-2.766,0.016,0.016,2.168,1.326,53.773,162.637,0.614
2025-02-12 08:00,-1.976,0.018,0.018,2.179,1.324,117.987,283.334,0.626
2025-02-12 09:00,-1.519,0.018,0.018,2.188,1.322,158.111,365.257,0.655
2025-02-12 10:00,-1.186,0.014,0.014,2.191,1.321,186.356,402.843,0.640
2025-02-12 11:00,-0.938,0.010,0.010,2.190,1.319,186.562,393.512,0.597
2025-02-12 12:00,-0.807,0.005,0.005,2.185,1.318,169.347,337.872,0.457
2025-02-12 13:00,-0.956,0.005,0.005,2.179,1.317,112.919,239.880,0.491
2025-02-12 14:00,-1.702,0.007,0.007,2.179,1.318,39.043,106.090,0.561
2025-02-12 15:00,-2.697,0.010,0.010,2.185,1.318,0.537,2.754,0.621
2025-02-12 16:00,-2.973,0.014,0.014,2.195,1.319,0,0,0.653
2025-02-12 17:00,-3.165,0.019,0.019,2.209,1.320,0,0,0.685
2025-02-12 18:00,-3.352,0.024,0.024,2.228,1.320,0,0,0.687
2025-02-12 19:00,-3.629,0.028,0.028,2.251,1.321,0,0,0.681
2025-02-12 20:00,-3.899,0.029,0.029,2.275,1.322,0,0,0.682
2025-02-12 21:00,-4.104,0.030,0.030,2.301,1.324,0,0,0.684
2025-02-12 22:00,-4.256,0.033,0.033,2.328,1.325,0,0,0.704
2025-02-12 23:00,-4.339,0.034,0.034,2.357,1.325,0,0,0.724
2025-02-13 00:00,-4.449,0.037,0.037,2.388,1.326,0,0,0.714
2025-02-13 01:00,-4.572,0.035,0.035,2.419,1.326,0,0,0.664
2025-02-13 02:00,-4.726,0.036,0.036,2.449,1.326,0,0,0.595
2025-02-13 03:00,-4.873,0.044,0.044,2.485,1.325,0,0,0.684
2025-02-13 04:00,-4.463,0.039,0.039,2.526,1.323,0,0,0.586
2025-02-13 05:00,-4.100,0.025,0.025,2.554,1.321,0,0,0.597
2025-02-13 06:00,-3.785,0.018,0.018,2.573,1.320,6.777,30.998,0.608
2025-02-13 07:00,-2.905,0.014,0.014,2.585,1.317,54.242,170.010,0.599
2025-02-13 08:00,-1.779,0.011,0.011,2.587,1.312,121.293,290.834,0.564
2025-02-13 09:00,-0.802,0.006,0.006,2.577,1.308,183.183,372.871,0.482
2025-02-13 10:00,-0.168,0.002,0.002,2.554,1.306,241.159,410.468,0.410
2025-02-13 11:00,0.091,0.001,0.001,2.524,1.305,242.712,401.097,0.256
2025-02-13 12:00,-0.063,0.001,0.001,2.494,1.306,212.435,345.490,0.120
2025-02-13 13:00,-0.574,0,0,2.470,1.308,150.280,247.321,0.034
2025-02-13 14:00,-1.467,0,0,2.457,1.311,57.567,113.423,0.013
2025-02-13 15:00,-2.576,0,0,2.452,1.314,1.207,4.216,0.006
2025-02-13 16:00,-3.447,0,0,2.451,1.317,0,0,0.018
2025-02-13 17:00,-4.391,0,0,2.452,1.320,0,0,0.083
2025-02-13 18:00,-4.836,0.001,0.001,2.454,1.322,0,0,0.193
2025-02-13 19:00,-4.875,0.005,0.005,2.458,1.323,0,0,0.301
2025-02-13 20:00,-4.854,0.013,0.013,2.468,1.324,0,0,0.391
2025-02-13 21:00,-4.850,0.023,0.023,2.487,1.324,0,0,0.431
2025-02-13 22:00,-4.902,0.025,0.025,2.511,1.324,0,0,0.457
2025-02-13 23:00,-4.690,0.034,0.034,2.536,1.323,0,0,0.526
2025-02-14 00:00,-4.581,0.050,0.050,2.581,1.323,0,0,0.589
2025-02-14 01:00,-4.395,0.046,0.046,2.626,1.322,0,0,0.619
2025-02-14 02:00,-4.254,0.057,0.057,2.678,1.322,0,0,0.555
2025-02-14 03:00,-4.530,0.047,0.047,2.734,1.323,0,0,0.539
2025-02-14 04:00,-4.833,0.047,0.047,2.778,1.325,0,0,0.550
2025-02-14 05:00,-4.990,0.042,0.042,2.824,1.326,0,0,0.588
2025-02-14 06:00,-5.214,0.038,0.038,2.865,1.328,7.382,35.673,0.607
2025-02-14 07:00,-4.992,0.030,0.030,2.899,1.328,51.098,177.451,0.602
2025-02-14 08:00,-4.370,0.025,0.025,2.921,1.326,106.401,298.415,0.510
2025-02-14 09:00,-3.573,0.027,0.027,2.936,1.322,170.975,380.503,0.496
2025-02-14 10:00,-2.801,0.021,0.021,2.944,1.319,182.189,418.137,0.502
2025-02-14 11:00,-2.260,0.027,0.027,2.949,1.316,179.131,408.766,0.506
2025-02-14 12:00,-2.017,0.037,0.037,2.966,1.314,147.232,353.082,0.501
2025-02-14 13:00,-2.124,0.026,0.026,2.985,1.313,99.227,254.862,0.485
2025-02-14 14:00,-2.782,0.015,0.015,3.000,1.314,41.672,120.820,0.401
2025-02-14 15:00,-3.981,0.010,0.010,3.011,1.316,1.333,6.012,0.353
2025-02-14 16:00,-4.718,0.008,0.008,3.021,1.319,0,0,0.310
2025-02-14 17:00,-5.283,0.008,0.008,3.029,1.321,0,0,0.279
2025-02-14 18:00,-5.782,0.006,0.006,3.036,1.323,0,0,0.274
2025-02-14 19:00,-6.218,0.005,0.005,3.042,1.324,0,0,0.310
2025-02-14 20:00,-6.410,0.004,0.004,3.046,1.325,0,0,0.358
2025-02-14 21:00,-6.669,0.003,0.003,3.050,1.326,0,0,0.530
2025-02-14 22:00,-6.645,0.003,0.003,3.053,1.327,0,0,0.673
2025-02-14 23:00,-6.616,0.001,0.001,3.055,1.328,0,0,0.706
2025-02-15 00:00,-6.742,0.001,0.001,3.057,1.328,0,0,0.719
2025-02-15 01:00,-6.963,0.001,0.001,3.058,1.328,0,0,0.497
2025-02-15 02:00,-7.612,0.001,0.001,3.059,1.329,0,0,0.335
2025-02-15 03:00,-7.957,0.004,0.004,3.062,1.330,0,0,0.439
2025-02-15 04:00,-7.707,0.016,0.016,3.073,1.332,0,0,0.711
2025-02-15 05:00,-7.345,0.055,0.055,3.108,1.332,0,0,0.777
2025-02-15 06:00,-7.049,0.301,0.301,3.277,1.330,7.890,40.707,0.877
2025-02-15 07:00,-6.569,0.475,0.475,3.707,1.329,35.007,184.929,0.909
2025-02-15 08:00,-6.091,0.408,0.408,4.145,1.328,57.884,306.040,0.938
2025-02-15 09:00,-5.502,0.270,0.270,4.472,1.326,69.291,388.206,0.933
2025-02-15 10:00,-4.627,0.140,0.140,4.650,1.322,77.159,425.843,0.932
2025-02-15 11:00,-3.867,0.069,0.069,4.726,1.319,99.739,416.472,0.932
2025-02-15 12:00,-3.529,0.055,0.055,4.755,1.318,88.265,360.747,0.901
2025-02-15 13:00,-3.546,0.039,0.039,4.766,1.319,58.772,262.487,0.767
2025-02-15 14:00,-3.871,0.026,0.026,4.765,1.321,32.959,128.278,0.609
2025-02-15 15:00,-4.436,0.032,0.032,4.770,1.324,1.569,8.149,0.508
2025-02-15 16:00,-4.874,0.034,0.034,4.788,1.327,0,0,0.546
2025-02-15 17:00,-5.218,0.034,0.034,4.809,1.329,0,0,0.561
2025-02-15 18:00,-5.559,0.035,0.035,4.835,1.331,0,0,0.587
2025-02-15 19:00,-5.890,0.029,0.029,4.860,1.332,0,0,0.526
2025-02-15 20:00,-6.213,0.032,0.032,4.887,1.334,0,0,0.491
2025-02-15 21:00,-6.495,0.030,0.030,4.917,1.336,0,0,0.531
2025-02-15 22:00,-6.750,0.023,0.023,4.943,1.338,0,0,0.496
2025-02-15 23:00,-7.119,0.015,0.015,4.961,1.339,0,0,0.438
2025-02-16 00:00,-7.617,0.011,0.011,4.973,1.341,0,0,0.366
2025-02-16 01:00,-8.132,0.008,0.008,4.982,1.344,0,0,0.357
2025-02-16 02:00,-8.543,0.003,0.003,4.987,1.345,0,0,0.285
2025-02-16 03:00,-9.265,0.001,0.001,4.989,1.347,0,0,0.258
2025-02-16 04:00,-9.959,0.001,0.001,4.989,1.348,0,0,0.249
2025-02-16 05:00,-10.246,0.001,0.001,4.989,1.349,0,0,0.222
2025-02-16 06:00,-10.406,0.001,0.001,4.989,1.349,17.007,46.116,0.192
2025-02-16 07:00,-9.346,0.001,0.001,4.987,1.346,98.762,192.528,0.248
2025-02-16 08:00,-7.871,0.001,0.001,4.972,1.341,173.526,313.669,0.380
2025-02-16 09:00,-6.636,0.001,0.001,4.943,1.335,211.215,395.956,0.487
2025-02-16 10:00,-5.527,0.001,0.001,4.908,1.329,220.563,433.718,0.587
2025-02-16 11:00,-4.535,0,0,4.870,1.323,220.104,424.296,0.692
2025-02-16 12:00,-3.823,0,0,4.833,1.319,206.983,368.497,0.736
2025-02-16 13:00,-3.591,0,0,4.804,1.316,148.079,270.112,0.786
2025-02-16 14:00,-4.073,0,0,4.790,1.316,62.626,135.818,0.836
2025-02-16 15:00,-5.377,0,0,4.788,1.318,3.196,10.630,0.774
2025-02-16 16:00,-6.272,0.001,0.001,4.789,1.322,0,0,0.643
2025-02-16 17:00,-6.899,0.001,0.001,4.791,1.324,0,0,0.551
2025-02-16 18:00,-7.494,0.002,0.002,4.793,1.327,0,0,0.538
2025-02-16 19:00,-7.614,0.005,0.005,4.797,1.329,0,0,0.545
2025-02-16 20:00,-7.556,0.007,0.007,4.803,1.330,0,0,0.562
2025-02-16 21:00,-7.437,0.006,0.006,4.810,1.329,0,0,0.588
2025-02-16 22:00,-7.514,0.006,0.006,4.817,1.330,0,0,0.642
2025-02-16 23:00,-7.614,0.005,0.005,4.823,1.330,0,0,0.697
2025-02-17 00:00,-7.650,0.008,0.008,4.832,1.329,0,0,0.758
2025-02-17 01:00,-7.569,0.010,0.010,4.840,1.328,0,0,0.800
2025-02-17 02:00,-7.474,0.024,0.024,4.859,1.328,0,0,0.883
2025-02-17 03:00,-7.246,0.043,0.043,4.893,1.328,0,0,0.904
2025-02-17 04:00,-7.037,0.042,0.042,4.937,1.327,0,0,0.905
2025-02-17 05:00,-6.967,0.033,0.033,4.975,1.326,0,0,0.890
2025-02-17 06:00,-6.838,0.017,0.017,4.998,1.326,9.261,51.889,0.881
2025-02-17 07:00,-6.145,0.008,0.008,5.005,1.324,57.856,200.153,0.811
2025-02-17 08:00,-5.061,0.003,0.003,4.999,1.320,133.528,321.415,0.655
2025-02-17 09:00,-3.728,0.002,0.002,4.982,1.314,194.480,403.753,0.545
2025-02-17 10:00,-2.382,0.003,0.003,4.958,1.307,230.729,441.475,0.439
2025-02-17 11:00,-1.392,0.005,0.005,4.932,1.302,240.712,432.171,0.305
2025-02-17 12:00,-0.908,0.012,0.012,4.908,1.299,205.080,376.328,0.288
2025-02-17 13:00,-1.016,0.020,0.020,4.901,1.299,130.279,277.822,0.388
2025-02-17 14:00,-1.674,0.023,0.023,4.912,1.301,49.152,143.383,0.538
2025-02-17 15:00,-2.815,0.014,0.014,4.930,1.304,2.735,13.460,0.544
2025-02-17 16:00,-3.443,0.007,0.007,4.940,1.306,0,0,0.418
2025-02-17 17:00,-3.876,0.005,0.005,4.947,1.308,0,0,0.341
2025-02-17 18:00,-4.483,0.005,0.005,4.954,1.311,0,0,0.294
2025-02-17 19:00,-5.158,0.006,0.006,4.961,1.313,0,0,0.311
2025-02-17 20:00,-5.614,0.007,0.007,4.969,1.316,0,0,0.342
2025-02-17 21:00,-5.877,0.009,0.009,4.979,1.319,0,0,0.504
2025-02-17 22:00,-5.645,0.010,0.010,4.990,1.321,0,0,0.578
2025-02-17 23:00,-5.606,0.009,0.009,5.000,1.322,0,0,0.661
2025-02-18 00:00,-5.835,0.015,0.015,5.014,1.325,0,0,0.746
2025-02-18 01:00,-5.995,0.020,0.020,5.033,1.327,0,0,0.718
2025-02-18 02:00,-6.190,0.020,0.020,5.055,1.328,0,0,0.702
2025-02-18 03:00,-6.324,0.016,0.016,5.073,1.328,0,0,0.670
2025-02-18 04:00,-6.449,0.018,0.018,5.091,1.329,0,0,0.689
2025-02-18 05:00,-6.601,0.016,0.016,5.108,1.330,0,0,0.682
2025-02-18 06:00,-6.598,0.014,0.014,5.124,1.331,15.840,58.052,0.645
2025-02-18 07:00,-6.075,0.010,0.010,5.134,1.330,75.939,207.819,0.578
2025-02-18 08:00,-5.300,0.006,0.006,5.133,1.327,148.269,329.239,0.497
2025-02-18 09:00,-3.977,0.001,0.001,5.118,1.321,218.508,411.588,0.301
2025-02-18 10:00,-2.257,0,0,5.088,1.312,297.871,449.425,0.203
2025-02-18 11:00,-0.820,0,0,5.049,1.304,293.061,440.046,0.145
2025-02-18 12:00,0.061,0,0,5.007,1.299,247.845,384.152,0.120
2025-02-18 13:00,0.272,0.001,0,4.962,1.297,168.755,285.568,0.280
2025-02-18 14:00,-0.139,0.004,0.003,4.942,1.298,69.434,151.048,0.392
2025-02-18 15:00,-1.004,0.005,0.005,4.939,1.302,4.877,16.640,0.336
2025-02-18 16:00,-1.892,0.002,0.002,4.941,1.307,0,0,0.273
2025-02-18 17:00,-2.664,0.009,0.009,4.949,1.312,0,0,0.538
2025-02-18 18:00,-2.942,0.016,0.016,4.965,1.317,0,0,0.666
2025-02-18 19:00,-3.267,0.015,0.015,4.980,1.320,0,0,0.645
2025-02-18 20:00,-3.701,0.015,0.015,4.996,1.323,0,0,0.638
2025-02-18 21:00,-4.068,0.011,0.011,5.011,1.324,0,0,0.603
2025-02-18 22:00,-4.469,0.009,0.009,5.021,1.326,0,0,0.581
2025-02-18 23:00,-4.744,0.008,0.008,5.031,1.327,0,0,0.592
2025-02-19 00:00,-4.931,0.007,0.007,5.039,1.328,0,0,0.580
2025-02-19 01:00,-5.108,0.007,0.007,5.047,1.330,0,0,0.547
2025-02-19 02:00,-5.342,0.006,0.006,5.054,1.331,0,0,0.549
2025-02-19 03:00,-5.552,0.006,0.006,5.061,1.332,0,0,0.568
2025-02-19 04:00,-5.750,0.005,0.005,5.067,1.333,0,0,0.583
2025-02-19 05:00,-5.986,0.005,0.005,5.073,1.334,0,0,0.553
2025-02-19 06:00,-6.021,0.005,0.005,5.079,1.336,20.540,64.580,0.528
2025-02-19 07:00,-5.221,0.002,0.002,5.082,1.335,93.305,215.567,0.389
2025-02-19 08:00,-3.893,0,0,5.072,1.329,194.716,337.040,0.060
2025-02-19 09:00,-2.563,0,0,5.048,1.324,291.416,419.537,0.029
2025-02-19 10:00,-1.320,0,0,5.014,1.317,323.611,457.300,0.032
2025-02-19 11:00,-0.374,0,0,4.975,1.313,315.209,447.928,0.059
2025-02-19 12:00,0.079,0,0,4.935,1.309,268.139,392.034,0.071
2025-02-19 13:00,-0.006,0,0,4.902,1.309,187.278,293.322,0.032
2025-02-19 14:00,-1.118,0,0,4.891,1.309,86.337,158.734,0.040
2025-02-19 15:00,-3.085,0.001,0.001,4.892,1.311,7.440,20.183,0.076
2025-02-19 16:00,-4.119,0.001,0.001,4.894,1.313,0,0,0.074
2025-02-19 17:00,-4.766,0.001,0.001,4.896,1.316,0,0,0.170
2025-02-19 18:00,-5.280,0.002,0.002,4.899,1.319,0,0,0.313
2025-02-19 19:00,-5.481,0.004,0.004,4.903,1.323,0,0,0.469
2025-02-19 20:00,-5.396,0.013,0.013,4.913,1.327,0,0,0.621
2025-02-19 21:00,-5.177,0.018,0.018,4.931,1.331,0,0,0.598
2025-02-19 22:00,-5.218,0.011,0.011,4.946,1.333,0,0,0.588
2025-02-19 23:00,-5.419,0.009,0.009,4.956,1.334,0,0,0.577
2025-02-20 00:00,-5.835,0.012,0.012,4.968,1.337,0,0,0.600
2025-02-20 01:00,-6.204,0.011,0.011,4.980,1.339,0,0,0.590
2025-02-20 02:00,-6.514,0.010,0.010,4.991,1.340,0,0,0.577
2025-02-20 03:00,-6.778,0.010,0.010,5.002,1.341,0,0,0.562
2025-02-20 04:00,-6.951,0.011,0.011,5.014,1.341,0,0,0.555
2025-02-20 05:00,-7.024,0.010,0.010,5.025,1.341,0,0,0.548
2025-02-20 06:00,-6.909,0.009,0.009,5.036,1.341,21.125,71.492,0.568
2025-02-20 07:00,-6.086,0.006,0.006,5.041,1.341,87.892,223.317,0.515
2025-02-20 08:00,-5.140,0.001,0.001,5.034,1.337,173.630,344.949,0.321
2025-02-20 09:00,-3.664,0,0,5.012,1.330,292.064,427.459,0.411
2025-02-20 10:00,-2.125,0,0,4.976,1.322,333.652,465.300,0.533
2025-02-20 11:00,-0.879,0,0,4.927,1.315,318.394,455.928,0.660
2025-02-20 12:00,-0.098,0,0,4.878,1.309,264.291,399.913,0.784
2025-02-20 13:00,0.032,0,0,4.839,1.307,180.397,301.193,0.808
2025-02-20 14:00,-0.593,0,0,4.824,1.307,82.010,166.464,0.843
2025-02-20 15:00,-1.854,0,0,4.821,1.309,8.162,24.097,0.777
2025-02-20 16:00,-2.609,0,0,4.823,1.311,0,0,0.726
2025-02-20 17:00,-2.960,0,0,4.824,1.313,0,0,0.715
2025-02-20 18:00,-2.977,0,0,4.826,1.313,0,0,0.654
2025-02-20 19:00,-2.752,0,0,4.826,1.312,0,0,0.378
2025-02-20 20:00,-2.613,0,0,4.824,1.312,0,0,0.087
2025-02-20 21:00,-2.598,0,0,4.820,1.311,0,0,0.056
2025-02-20 22:00,-2.503,0,0,4.815,1.310,0,0,0.087
2025-02-20 23:00,-2.408,0,0,4.808,1.309,0,0,0.152
2025-02-21 00:00,-2.298,0,0,4.800,1.308,0,0,0.248
2025-02-21 01:00,-2.111,0,0,4.792,1.306,0,0,0.602
2025-02-21 02:00,-1.862,0,0,4.782,1.304,0,0,0.842
2025-02-21 03:00,-1.820,0,0,4.771,1.303,0,0,0.942
2025-02-21 04:00,-1.904,0.002,0.002,4.764,1.302,0,0,0.930
2025-02-21 05:00,-1.690,0.113,0.113,4.793,1.301,0.002,0.010,0.991
2025-02-21 06:00,-1.207,0.721,0.702,5.208,1.300,8.890,78.789,0.990
2025-02-21 07:00,-0.737,0.479,0.418,5.838,1.299,24.892,231.170,0.974
2025-02-21 08:00,-0.127,0.088,0.032,5.958,1.297,48.942,352.871,0.988
2025-02-21 09:00,0.158,0.029,0.022,5.939,1.296,55.122,435.459,0.957
2025-02-21 10:00,0.275,0.022,0.017,5.920,1.297,61.460,473.300,0.865
2025-02-21 11:00,0.434,0.015,0.011,5.871,1.297,90.220,463.928,0.784
2025-02-21 12:00,0.540,0.011,0.010,5.774,1.297,104.612,407.909,0.833
2025-02-21 13:00,0.482,0.014,0.014,5.671,1.296,70.133,309.150,0.985
2025-02-21 14:00,0.314,0.023,0.022,5.634,1.296,25.789,174.276,0.991
2025-02-21 15:00,0.259,0.044,0.043,5.645,1.296,1.866,28.372,0.989
2025-02-21 16:00,0.317,0.032,0.030,5.659,1.296,0,0,0.919
2025-02-21 17:00,0.363,0.025,0.018,5.649,1.295,0,0,0.908
2025-02-21 18:00,0.503,0.020,0.005,5.597,1.294,0,0,0.989
2025-02-21 19:00,0.640,0.016,0.004,5.505,1.293,0,0,0.996
2025-02-21 20:00,0.700,0.010,0,5.393,1.293,0,0,0.992
2025-02-21 21:00,0.794,0.009,0,5.269,1.292,0,0,0.962
2025-02-21 22:00,0.912,0.011,0,5.115,1.290,0,0,0.923
2025-02-21 23:00,1.098,0.014,0,4.921,1.289,0,0,0.948
2025-02-22 00:00,1.161,0.017,0,4.713,1.288,0,0,0.986
2025-02-22 01:00,1.200,0.022,0,4.556,1.288,0,0,0.993
2025-02-22 02:00,1.316,0.059,0,4.395,1.287,0,0,0.989
2025-02-22 03:00,1.469,0.196,0,4.203,1.286,0,0,0.992
2025-02-22 04:00,1.618,0.208,0,3.997,1.284,0,0,0.989
2025-02-22 05:00,1.646,0.118,0,3.852,1.284,0,0.083,0.982
2025-02-22 06:00,1.654,0.044,0,3.712,1.284,7.899,86.404,0.921
2025-02-22 07:00,1.849,0.016,0,3.531,1.284,39.348,239.025,0.887
2025-02-22 08:00,2.131,0.012,0,3.304,1.282,75.569,360.820,0.924
2025-02-22 09:00,2.401,0.011,0,3.072,1.281,88.152,443.419,0.960
2025-02-22 10:00,2.626,0.015,0,2.877,1.279,85.147,481.381,0.992
2025-02-22 11:00,2.826,0.022,0,2.678,1.278,69.069,472.003,0.997
2025-02-22 12:00,2.828,0.027,0,2.492,1.278,49.841,415.909,0.998
2025-02-22 13:00,2.687,0.031,0,2.364,1.279,34.492,317.028,0.998
2025-02-22 14:00,2.518,0.042,0,2.255,1.279,14.860,182.130,0.994
2025-02-22 15:00,2.299,0.033,0,2.154,1.281,1.865,33.010,0.971
2025-02-22 16:00,2.064,0.016,0,2.057,1.282,0,0,0.853
2025-02-22 17:00,1.815,0.005,0,1.966,1.283,0,0,0.749
2025-02-22 18:00,1.531,0.002,0,1.879,1.285,0,0,0.826
2025-02-22 19:00,1.292,0.002,0,1.798,1.287,0,0,0.928
2025-02-22 20:00,1.148,0.002,0.001,1.729,1.288,0,0,0.968
2025-02-22 21:00,1.112,0.003,0.002,1.671,1.288,0,0,0.971
2025-02-22 22:00,1.132,0.003,0.002,1.619,1.287,0,0,0.966
2025-02-22 23:00,1.149,0.004,0.003,1.571,1.287,0,0,0.964
2025-02-23 00:00,1.144,0.004,0.004,1.527,1.287,0,0,0.959
2025-02-23 01:00,1.116,0.005,0.004,1.486,1.287,0,0,0.971
2025-02-23 02:00,1.173,0.006,0.003,1.446,1.286,0,0,0.989
2025-02-23 03:00,1.284,0.005,0.002,1.406,1.286,0,0,0.984
2025-02-23 04:00,1.345,0.006,0.002,1.373,1.285,0,0,0.974
2025-02-23 05:00,1.388,0.031,0.001,1.348,1.285,0.032,0.385,0.966
2025-02-23 06:00,1.517,0.108,0,1.322,1.285,9.971,94.176,0.984
2025-02-23 07:00,1.698,0.234,0,1.295,1.284,27.705,246.900,0.995
2025-02-23 08:00,1.829,0.283,0,1.265,1.284,42.845,368.820,0.996
2025-02-23 09:00,1.994,0.207,0,1.229,1.284,53.760,451.534,0.996
2025-02-23 10:00,2.204,0.110,0,1.184,1.283,74.140,489.432,0.997
2025-02-23 11:00,2.430,0.025,0,1.132,1.282,89.849,480.010,0.997
2025-02-23 12:00,2.606,0.006,0,1.078,1.282,90.002,423.983,0.993
2025-02-23 13:00,2.598,0.008,0,1.034,1.281,55.320,325.025,0.973
2025-02-23 14:00,2.416,0.008,0,1.001,1.281,24.717,189.983,0.920
2025-02-23 15:00,2.116,0.008,0,0.979,1.282,3.582,38.020,0.863
2025-02-23 16:00,2.013,0.012,0,0.962,1.283,0,0,0.906
2025-02-23 17:00,2.003,0.027,0,0.944,1.285,0,0,0.869
2025-02-23 18:00,1.841,0.026,0,0.928,1.286,0,0,0.898
2025-02-23 19:00,1.653,0.027,0,0.910,1.289,0,0,0.973
2025-02-23 20:00,1.384,0.031,0,0.890,1.291,0,0,0.971
2025-02-23 21:00,1.173,0.034,0,0.874,1.292,0,0,0.971
2025-02-23 22:00,1.049,0.030,0,0.863,1.293,0,0,0.976
2025-02-23 23:00,0.962,0.028,0,0.853,1.293,0,0,0.961
2025-02-24 00:00,0.918,0.035,0,0.844,1.293,0,0,0.956
2025-02-24 01:00,0.940,0.038,0,0.834,1.293,0,0,0.955
2025-02-24 02:00,0.985,0.027,0,0.823,1.293,0,0,0.957
2025-02-24 03:00,0.951,0.014,0,0.812,1.293,0,0,0.963
2025-02-24 04:00,0.847,0.010,0.001,0.799,1.293,0,0,0.989
2025-02-24 05:00,0.725,0.026,0.007,0.790,1.293,0.049,1.005,0.998
2025-02-24 06:00,0.691,0.046,0.007,0.785,1.293,9.390,102.007,0.998
2025-02-24 07:00,0.725,0.039,0.006,0.776,1.293,30.117,254.873,0.998
2025-02-24 08:00,0.766,0.034,0.006,0.759,1.292,51.166,376.827,0.998
2025-02-24 09:00,1.045,0.024,0,0.728,1.291,70.508,459.615,0.996
2025-02-24 10:00,1.499,0.012,0,0.687,1.288,88.284,497.506,0.998
2025-02-24 11:00,1.866,0.007,0,0.641,1.285,82.367,488.135,0.999
2025-02-24 12:00,2.113,0.008,0,0.598,1.283,64.586,431.990,0.999
2025-02-24 13:00,2.240,0.008,0,0.558,1.281,40.642,332.985,0.999
2025-02-24 14:00,2.345,0.007,0,0.521,1.279,21.557,197.920,0.997
2025-02-24 15:00,2.362,0.011,0,0.484,1.278,3.742,43.415,0.997
2025-02-24 16:00,2.323,0.018,0,0.448,1.278,0,0,0.999
2025-02-24 17:00,2.214,0.020,0,0.415,1.278,0,0,0.998
2025-02-24 18:00,2.092,0.033,0,0.386,1.278,0,0,0.996
2025-02-24 19:00,1.967,0.042,0,0.360,1.278,0,0,0.995
2025-02-24 20:00,1.870,0.047,0,0.336,1.278,0,0,0.985
2025-02-24 21:00,1.819,0.049,0,0.313,1.278,0,0,0.990
2025-02-24 22:00,1.888,0.042,0,0.292,1.277,0,0,0.997
2025-02-24 23:00,2.107,0.035,0,0.272,1.275,0,0,0.999
2025-02-25 00:00,2.406,0.043,0,0.254,1.272,0,0,0.999
2025-02-25 01:00,2.614,0.094,0,0.238,1.270,0,0,0.999
2025-02-25 02:00,2.649,0.258,0,0.225,1.269,0,0,0.997
2025-02-25 03:00,2.540,0.383,0,0.213,1.269,0,0,0.998
2025-02-25 04:00,2.379,0.399,0,0.202,1.270,0,0,0.998
2025-02-25 05:00,2.284,0.307,0,0.192,1.270,0.022,1.969,0.996
2025-02-25 06:00,2.328,0.197,0,0.184,1.269,5.713,109.902,0.996
2025-02-25 07:00,2.458,0.127,0,0.178,1.269,16.049,262.836,0.995
2025-02-25 08:00,2.554,0.056,0,0.172,1.268,28.163,384.902,0.997
2025-02-25 09:00,2.703,0.025,0,0.167,1.267,28.065,467.666,0.998
2025-02-25 10:00,3.015,0.014,0,0.161,1.266,62.541,505.642,0.998
2025-02-25 11:00,3.324,0.013,0,0.155,1.265,67.538,496.260,0.999
2025-02-25 12:00,3.441,0.018,0,0.149,1.264,46.401,440.115,1.000
2025-02-25 13:00,3.428,0.015,0,0.144,1.264,25.929,341.032,1.000
2025-02-25 14:00,3.339,0.009,0,0.140,1.263,15.764,205.861,1.000
2025-02-25 15:00,3.028,0.009,0,0.137,1.263,3.926,49.190,0.999
2025-02-25 16:00,2.791,0.010,0,0.134,1.263,0,0,0.998
2025-02-25 17:00,2.808,0.012,0,0.131,1.262,0,0,0.997
2025-02-25 18:00,2.843,0.014,0,0.128,1.262,0,0,0.996
2025-02-25 19:00,2.956,0.012,0,0.125,1.263,0,0,0.995
2025-02-25 20:00,3.016,0.011,0,0.122,1.263,0,0,0.989
2025-02-25 21:00,2.884,0.022,0,0.120,1.264,0,0,0.971
2025-02-25 22:00,2.862,0.031,0,0.117,1.265,0,0,0.935
2025-02-25 23:00,2.684,0.025,0,0.115,1.267,0,0,0.847
2025-02-26 00:00,2.455,0.017,0,0.113,1.268,0,0,0.842
2025-02-26 01:00,2.267,0.011,0,0.111,1.270,0,0,0.936
2025-02-26 02:00,2.020,0.013,0,0.110,1.273,0,0,0.972
2025-02-26 03:00,1.701,0.020,0,0.108,1.275,0,0,0.968
2025-02-26 04:00,1.507,0.031,0,0.107,1.276,0,0,0.971
2025-02-26 05:00,1.496,0.036,0,0.105,1.277,0.101,3.294,0.977
2025-02-26 06:00,1.590,0.033,0,0.104,1.277,9.758,117.818,0.975
2025-02-26 07:00,1.769,0.028,0,0.102,1.277,29.412,270.836,0.975
2025-02-26 08:00,1.989,0.023,0,0.099,1.277,46.845,392.952,0.970
2025-02-26 09:00,2.295,0.017,0,0.096,1.275,68.286,475.865,0.934
2025-02-26 10:00,2.612,0.013,0,0.092,1.274,95.567,513.877,0.893
2025-02-26 11:00,2.943,0.011,0,0.087,1.273,143.957,504.381,0.700
2025-02-26 12:00,3.188,0.018,0,0.081,1.271,149.092,448.200,0.716
2025-02-26 13:00,3.232,0.022,0,0.077,1.270,104.773,349.110,0.797
2025-02-26 14:00,2.988,0.020,0,0.074,1.271,49.550,213.839,0.891
2025-02-26 15:00,2.529,0.022,0,0.072,1.273,8.726,55.331,0.992
2025-02-26 16:00,2.162,0.021,0,0.072,1.275,0,0,0.998
2025-02-26 17:00,1.912,0.015,0,0.071,1.277,0,0,0.997
2025-02-26 18:00,1.672,0.010,0,0.071,1.279,0,0,0.997
2025-02-26 19:00,1.436,0.008,0,0.071,1.280,0,0,0.997
2025-02-26 20:00,1.242,0.008,0,0.070,1.281,0,0,0.997
2025-02-26 21:00,1.203,0.008,0,0.070,1.281,0,0,0.998
2025-02-26 22:00,1.231,0.010,0,0.070,1.281,0,0,0.998
2025-02-26 23:00,1.169,0.011,0,0.070,1.281,0,0,0.998
2025-02-27 00:00,1.085,0.013,0,0.070,1.281,0,0,0.998
2025-02-27 01:00,1.061,0.016,0,0.070,1.282,0,0,0.997
2025-02-27 02:00,1.063,0.017,0,0.070,1.282,0,0,0.998
2025-02-27 03:00,1.065,0.013,0,0.070,1.283,0,0,0.999
2025-02-27 04:00,1.050,0.012,0,0.070,1.284,0,0,0.999
2025-02-27 05:00,0.920,0.019,0.002,0.070,1.286,0.312,4.975,0.999
2025-02-27 06:00,0.894,0.023,0.004,0.073,1.287,14.658,125.786,0.999
2025-02-27 07:00,1.260,0.024,0,0.074,1.286,43.669,278.917,0.997
2025-02-27 08:00,1.547,0.041,0,0.072,1.285,70.537,401.034,0.994
2025-02-27 09:00,1.781,0.068,0,0.069,1.284,84.060,483.990,0.983
2025-02-27 10:00,1.913,0.099,0,0.067,1.283,68.906,522.040,0.960
2025-02-27 11:00,2.034,0.077,0,0.064,1.282,63.541,512.551,0.904
2025-02-27 12:00,2.248,0.041,0,0.061,1.281,76.829,456.325,0.864
2025-02-27 13:00,2.352,0.026,0,0.059,1.280,57.548,357.191,0.876
2025-02-27 14:00,2.238,0.024,0,0.057,1.280,31.761,221.876,0.895
2025-02-27 15:00,1.754,0.021,0,0.056,1.280,6.180,61.855,0.934
2025-02-27 16:00,1.514,0.014,0,0.056,1.281,0,0,0.930
2025-02-27 17:00,1.449,0.011,0,0.056,1.282,0,0,0.891
2025-02-27 18:00,1.180,0.009,0,0.055,1.283,0,0,0.789
2025-02-27 19:00,0.631,0.006,0,0.055,1.284,0,0,0.639
2025-02-27 20:00,0.098,0.003,0,0.055,1.285,0,0,0.470
2025-02-27 21:00,-0.393,0.002,0,0.055,1.286,0,0,0.394
2025-02-27 22:00,-0.857,0.002,0,0.056,1.288,0,0,0.342
2025-02-27 23:00,-1.001,0.003,0.002,0.057,1.291,0,0,0.534
2025-02-28 00:00,-0.677,0.008,0.007,0.061,1.294,0,0,0.791
2025-02-28 01:00,-0.367,0.017,0.016,0.074,1.297,0,0,0.878
2025-02-28 02:00,-0.534,0.018,0.018,0.090,1.299,0,0,0.868
2025-02-28 03:00,-0.915,0.020,0.020,0.110,1.301,0,0,0.859
2025-02-28 04:00,-1.178,0.018,0.018,0.128,1.303,0,0,0.818
2025-02-28 05:00,-1.385,0.019,0.019,0.144,1.304,1.293,7.018,0.774
2025-02-28 06:00,-1.197,0.018,0.018,0.160,1.305,41.085,133.765,0.773
2025-02-28 07:00,-0.804,0.015,0.015,0.174,1.305,112.888,286.917,0.798
2025-02-28 08:00,-0.050,0.009,0.009,0.183,1.302,188.348,409.159,0.753
2025-02-28 09:00,0.919,0.006,0.006,0.185,1.299,265.642,492.122,0.642
2025-02-28 10:00,1.957,0.003,0.003,0.173,1.293,316.446,530.134,0.367
2025-02-28 11:00,2.877,0.002,0.002,0.155,1.288,351.618,520.719,0.287
2025-02-28 12:00,3.414,0.001,0.001,0.140,1.285,308.252,464.450,0.123
2025-02-28 13:00,3.378,0.001,0,0.129,1.284,230.372,365.316,0.115
2025-02-28 14:00,2.601,0.001,0,0.123,1.284,131.866,229.880,0.113
2025-02-28 15:00,1.305,0.002,0,0.123,1.286,30.482,68.751,0.116
2025-02-28 16:00,0.089,0.003,0,0.123,1.289,0,0,0.231
2025-02-28 17:00,-0.685,0.003,0.002,0.123,1.291,0,0,0.418
2025-02-28 18:00,-0.816,0.006,0.003,0.123,1.294,0,0,0.589
2025-02-28 19:00,-0.510,0.010,0.004,0.124,1.296,0,0,0.709
2025-02-28 20:00,-0.511,0.012,0.008,0.129,1.299,0,0,0.723
2025-02-28 21:00,-0.458,0.012,0.012,0.135,1.300,0,0,0.824
2025-02-28 22:00,-0.295,0.019,0.019,0.149,1.302,0,0,0.857
2025-02-28 23:00,-0.449,0.022,0.022,0.167,1.303,0,0,0.850
2025-03-01 00:00,-0.601,0.021,0.021,0.187,1.304,0,0,0.833
2025-03-01 01:00,-0.668,0.019,0.018,0.206,1.304,0,0,0.805
2025-03-01 02:00,-0.686,0.013,0.013,0.220,1.304,0,0,0.856
2025-03-01 03:00,-0.786,0.016,0.016,0.234,1.304,0,0,0.880
2025-03-01 04:00,-0.912,0.016,0.016,0.250,1.305,0,0,0.894
2025-03-01 05:00,-1.043,0.013,0.013,0.264,1.306,1.201,9.417,0.876
2025-03-01 06:00,-0.860,0.011,0.011,0.274,1.306,29.514,141.765,0.852
2025-03-01 07:00,-0.285,0.007,0.007,0.281,1.304,85.753,294.999,0.847
2025-03-01 08:00,0.696,0.003,0.003,0.279,1.300,158.583,417.284,0.853
2025-03-01 09:00,1.781,0.001,0.001,0.264,1.295,226.158,500.321,0.732
2025-03-01 10:00,2.708,0,0,0.242,1.290,265.085,538.304,0.677
2025-03-01 11:00,3.273,0,0,0.220,1.286,268.316,528.955,0.653
2025-03-01 12:00,3.536,0,0,0.202,1.283,237.365,472.657,0.600
2025-03-01 13:00,3.428,0,0,0.188,1.282,179.375,373.437,0.719
2025-03-01 14:00,2.610,0,0,0.180,1.282,93.092,237.960,0.886
2025-03-01 15:00,1.140,0,0,0.177,1.284,16.907,76.042,0.972
2025-03-01 16:00,1.153,0,0,0.177,1.287,0,0.001,0.990
2025-03-01 17:00,1.082,0,0,0.176,1.290,0,0,0.994
2025-03-01 18:00,0.799,0,0,0.175,1.292,0,0,0.996
2025-03-01 19:00,0.529,0.002,0.002,0.175,1.294,0,0,0.997
2025-03-01 20:00,0.262,0.007,0.007,0.179,1.295,0,0,0.998
2025-03-01 21:00,0.080,0.008,0.008,0.187,1.296,0,0,0.996
2025-03-01 22:00,-0.061,0.008,0.008,0.195,1.295,0,0,0.975
2025-03-01 23:00,-0.230,0.011,0.010,0.204,1.295,0,0,0.837
2025-03-02 00:00,-0.327,0.016,0.016,0.217,1.296,0,0,0.721
2025-03-02 01:00,-0.297,0.017,0.017,0.234,1.296,0,0,0.949
2025-03-02 02:00,-0.306,0.013,0.012,0.248,1.295,0,0,0.935
2025-03-02 03:00,-0.398,0.010,0.009,0.259,1.295,0,0,0.974
2025-03-02 04:00,-0.481,0.007,0.007,0.267,1.295,0,0,0.984
2025-03-02 05:00,-0.575,0.007,0.007,0.274,1.295,2.128,12.180,0.994
2025-03-02 06:00,-0.338,0.004,0.004,0.279,1.294,28.709,149.804,0.997
2025-03-02 07:00,0.185,0.001,0.001,0.281,1.292,63.505,303.124,0.996
2025-03-02 08:00,1.148,0,0,0.274,1.287,127.617,425.483,0.995
2025-03-02 09:00,2.245,0,0,0.257,1.280,186.123,508.457,0.994
2025-03-02 10:00,2.811,0,0,0.240,1.275,148.118,546.533,0.994
2025-03-02 11:00,3.137,0.002,0,0.225,1.272,117.941,537.125,0.993
2025-03-02 12:00,3.536,0.003,0,0.210,1.268,112.435,480.782,0.950
2025-03-02 13:00,3.946,0.002,0,0.196,1.265,98.668,381.522,0.977
2025-03-02 14:00,4.164,0.005,0,0.184,1.263,37.025,246.026,0.992
2025-03-02 15:00,4.207,0.006,0,0.174,1.262,8.841,83.709,0.993
2025-03-02 16:00,4.125,0.004,0,0.166,1.262,0.001,0.015,0.994
2025-03-02 17:00,3.994,0.003,0,0.160,1.262,0,0,0.995
2025-03-02 18:00,3.806,0.001,0,0.155,1.263,0,0,0.985
2025-03-02 19:00,3.536,0,0,0.151,1.264,0,0,0.970
2025-03-02 20:00,3.289,0.001,0,0.148,1.265,0,0,0.961
2025-03-02 21:00,3.066,0.002,0,0.145,1.267,0,0,0.877
2025-03-02 22:00,2.839,0.003,0,0.141,1.269,0,0,0.652
2025-03-02 23:00,2.593,0.004,0,0.137,1.270,0,0,0.812
2025-03-03 00:00,2.322,0.004,0,0.134,1.271,0,0,0.956
2025-03-03 01:00,2.160,0.004,0,0.130,1.271,0,0,0.993
2025-03-03 02:00,2.161,0.003,0,0.126,1.270,0,0,0.995
2025-03-03 03:00,2.157,0.004,0,0.121,1.270,0,0,0.990
2025-03-03 04:00,2.182,0.006,0,0.116,1.269,0,0,0.991
2025-03-03 05:00,2.205,0.008,0,0.110,1.268,1.776,15.317,0.997
2025-03-03 06:00,2.275,0.008,0,0.104,1.268,21.034,157.848,0.997
2025-03-03 07:00,2.496,0.004,0,0.096,1.267,53.203,311.249,0.996
2025-03-03 08:00,2.961,0.001,0,0.086,1.265,110.333,433.608,0.984
2025-03-03 09:00,3.950,0,0,0.073,1.260,270.860,516.692,0.954
2025-03-03 10:00,5.146,0,0,0.061,1.254,385.437,554.783,0.943
2025-03-03 11:00,6.009,0,0,0.050,1.248,389.988,545.219,0.822
2025-03-03 12:00,6.466,0,0,0.042,1.245,344.663,488.947,0.245
2025-03-03 13:00,6.587,0,0,0.036,1.244,254.683,389.647,0.734
2025-03-03 14:00,6.163,0,0,0.033,1.244,109.995,254.143,0.233
2025-03-03 15:00,5.509,0,0,0.031,1.246,43.751,91.636,0.736
2025-03-03 16:00,4.956,0,0,0.030,1.248,0.027,0.120,0.953
2025-03-03 17:00,4.939,0,0,0.029,1.248,0,0,0.977
2025-03-03 18:00,4.929,0,0,0.027,1.248,0,0,0.949
2025-03-03 19:00,4.858,0,0,0.026,1.248,0,0,0.936
2025-03-03 20:00,4.698,0,0,0.024,1.249,0,0,0.824
2025-03-03 21:00,4.507,0,0,0.020,1.250,0,0,0.943
2025-03-03 22:00,4.482,0,0,0.019,1.250,0,0,0.992
2025-03-03 23:00,4.427,0,0,0.017,1.250,0,0,0.989
2025-03-04 00:00,4.341,0,0,0.016,1.250,0,0,0.985
2025-03-04 01:00,4.333,0,0,0.015,1.250,0,0,0.993
2025-03-04 02:00,4.300,0,0,0.013,1.250,0,0,0.993
2025-03-04 03:00,4.213,0,0,0.012,1.250,0,0,0.991
2025-03-04 04:00,4.107,0,0,0.012,1.251,0,0,0.981
2025-03-04 05:00,4.038,0,0,0.009,1.251,3.527,18.818,0.988
2025-03-04 06:00,4.191,0,0,0.004,1.251,40.532,165.948,0.986
2025-03-04 07:00,4.661,0,0,0.003,1.249,120.190,319.330,0.988
2025-03-04 08:00,5.372,0.002,0,0.003,1.246,207.290,441.740,0.978
2025-03-04 09:00,6.068,0.008,0,0.003,1.243,246.279,524.855,0.985
2025-03-04 10:00,6.527,0.018,0,0.002,1.240,237.187,562.953,0.983
2025-03-04 11:00,6.777,0.018,0,0.002,1.239,218.052,553.389,0.988
2025-03-04 12:00,6.822,0.056,0,0.002,1.238,174.913,497.153,0.994
2025-03-04 13:00,6.380,0.104,0,0,1.240,87.858,397.772,0.994
2025-03-04 14:00,5.866,0.061,0,0,1.243,43.410,262.191,0.995
2025-03-04 15:00,5.188,0.025,0,0,1.246,13.567,99.708,0.993
2025-03-04 16:00,4.529,0.016,0,0,1.248,0.036,0.483,0.994
2025-03-04 17:00,4.384,0.017,0,0,1.251,0,0,0.994
2025-03-04 18:00,4.062,0.028,0,0,1.253,0,0,0.994
2025-03-04 19:00,3.717,0.021,0,0,1.255,0,0,0.993
2025-03-04 20:00,3.423,0.021,0,0,1.256,0,0,0.994
2025-03-04 21:00,3.326,0.057,0,0,1.255,0,0,0.995
2025-03-04 22:00,3.516,0.152,0,0,1.252,0,0,0.994
2025-03-04 23:00,3.907,0.102,0,0,1.247,0,0,0.991
2025-03-05 00:00,4.354,0.009,0,0,1.243,0,0,0.993
2025-03-05 01:00,4.417,0.008,0,0,1.242,0,0,0.996
2025-03-05 02:00,4.624,0.120,0,0,1.241,0,0,0.996
2025-03-05 03:00,4.816,0.209,0,0,1.239,0,0,0.989
2025-03-05 04:00,4.936,0.046,0,0,1.238,0,0,0.984
2025-03-05 05:00,4.987,0.003,0,0,1.237,4.903,22.687,0.976
2025-03-05 06:00,5.228,0.020,0,0,1.237,23.517,174.051,0.991
2025-03-05 07:00,5.465,0.011,0,0,1.236,37.933,327.455,0.993
2025-03-05 08:00,5.861,0.009,0,0,1.234,82.927,449.939,0.992
2025-03-05 09:00,6.427,0.005,0,0,1.232,154.987,532.949,0.986
2025-03-05 10:00,6.777,0.006,0,0,1.231,143.750,571.047,0.991
2025-03-05 11:00,6.889,0.007,0,0,1.230,103.052,561.625,0.991
2025-03-05 12:00,6.911,0.006,0,0,1.229,88.129,505.278,0.988
2025-03-05 13:00,7.011,0.005,0,0,1.229,86.371,405.979,0.989
2025-03-05 14:00,6.967,0.005,0,0,1.229,55.940,270.316,0.989
2025-03-05 15:00,6.747,0.004,0,0,1.230,18.986,107.791,0.986
2025-03-05 16:00,6.487,0.004,0,0,1.232,0.126,1.211,0.983
2025-03-05 17:00,6.374,0.006,0,0,1.232,0,0,0.985
2025-03-05 18:00,6.461,0.011,0,0,1.232,0,0,0.991
2025-03-05 19:00,6.658,0.015,0,0,1.230,0,0,0.992
2025-03-05 20:00,6.869,0.021,0,0,1.229,0,0,0.989
2025-03-05 21:00,7.022,0.009,0,0,1.229,0,0,0.987
2025-03-05 22:00,7.129,0.008,0,0,1.228,0,0,0.995
2025-03-05 23:00,7.212,0.006,0,0,1.228,0,0,0.995
2025-03-06 00:00,7.188,0.005,0,0,1.228,0,0,0.989
2025-03-06 01:00,7.136,0.002,0,0,1.229,0,0,0.984
2025-03-06 02:00,7.051,0.001,0,0,1.230,0,0,0.986
2025-03-06 03:00,6.989,0.002,0,0,1.231,0,0,0.994
2025-03-06 04:00,6.938,0.002,0,0,1.231,0,0,0.995
2025-03-06 05:00,6.853,0.002,0,0,1.232,2.517,26.920,0.992
2025-03-06 06:00,6.882,0.001,0,0,1.233,22.193,182.137,0.990
2025-03-06 07:00,7.050,0,0,0,1.232,49.029,335.580,0.990
2025-03-06 08:00,7.375,0,0,0,1.232,101.338,458.064,0.979
2025-03-06 09:00,8.098,0,0,0,1.229,224.387,541.119,0.955
2025-03-06 10:00,9.229,0,0,0,1.224,387.613,579.297,0.949
2025-03-06 11:00,10.140,0,0,0,1.220,400.983,569.868,0.666
2025-03-06 12:00,10.533,0,0,0,1.218,354.601,513.528,0.180
2025-03-06 13:00,10.530,0,0,0,1.218,272.637,414.104,0.007
2025-03-06 14:00,10.131,0,0,0,1.219,166.108,278.523,0.003
2025-03-06 15:00,9.217,0,0,0,1.224,54.616,115.893,0.006
2025-03-06 16:00,8.048,0,0,0,1.231,0.551,2.304,0.024
2025-03-06 17:00,7.196,0.001,0,0,1.237,0,0,0.127
2025-03-06 18:00,6.668,0.005,0,0,1.242,0,0,0.341
2025-03-06 19:00,6.406,0.005,0,0,1.245,0,0,0.507
2025-03-06 20:00,6.230,0.006,0,0,1.247,0,0,0.619
2025-03-06 21:00,6.157,0.009,0,0,1.249,0,0,0.702
2025-03-06 22:00,5.991,0.015,0,0,1.251,0,0,0.821
2025-03-06 23:00,5.887,0.023,0,0,1.252,0,0,0.842
2025-03-07 00:00,5.746,0.027,0,0,1.253,0,0,0.866
2025-03-07 01:00,5.557,0.026,0,0,1.254,0,0,0.961
2025-03-07 02:00,5.258,0.031,0,0,1.255,0,0,0.958
2025-03-07 03:00,5.057,0.042,0,0,1.256,0,0,0.947
2025-03-07 04:00,4.834,0.043,0,0,1.257,0,0,0.955
2025-03-07 05:00,4.709,0.050,0,0,1.259,2.398,31.523,0.965
2025-03-07 06:00,4.854,0.033,0,0,1.261,19.784,190.279,0.913
2025-03-07 07:00,4.925,0.013,0,0,1.263,52.420,343.779,0.928
2025-03-07 08:00,4.875,0.008,0,0,1.265,99.737,466.196,0.921
2025-03-07 09:00,4.982,0.003,0,0,1.266,170.694,549.369,0.809
2025-03-07 10:00,5.914,0,0,0,1.262,313.828,587.453,0.519
2025-03-07 11:00,7.318,0,0,0,1.255,406.014,578.038,0.205
2025-03-07 12:00,8.206,0,0,0,1.249,364.128,521.691,0.108
2025-03-07 13:00,8.486,0,0,0,1.245,284.126,422.229,0.029
2025-03-07 14:00,8.005,0,0,0,1.245,175.966,286.644,0.002
2025-03-07 15:00,6.650,0,0,0,1.247,61.138,124.007,0.003
2025-03-07 16:00,5.667,0,0,0,1.251,1.009,3.757,0.047
2025-03-07 17:00,5.304,0,0,0,1.255,0,0,0.244
2025-03-07 18:00,4.919,0,0,0,1.257,0,0,0.427
2025-03-07 19:00,4.658,0,0,0,1.259,0,0,0.685
2025-03-07 20:00,4.395,0,0,0,1.261,0,0,0.901
2025-03-07 21:00,4.191,0,0,0,1.262,0,0,0.956
2025-03-07 22:00,4.291,0.014,0,0,1.263,0,0,0.948
2025-03-07 23:00,4.365,0.100,0,0,1.263,0,0,0.915
2025-03-08 00:00,4.447,0.297,0,0,1.262,0,0,0.855
2025-03-08 01:00,4.481,0.104,0,0,1.262,0,0,0.596
2025-03-08 02:00,4.445,0.007,0,0,1.262,0,0,0.546
2025-03-08 03:00,4.508,0.006,0,0,1.262,0,0,0.657
2025-03-08 04:00,4.452,0.009,0,0,1.264,0,0,0.835
2025-03-08 05:00,4.211,0.007,0,0,1.267,5.208,36.505,0.877
2025-03-08 06:00,4.014,0.006,0,0,1.270,34.652,198.402,0.896
2025-03-08 07:00,4.059,0.002,0,0,1.272,91.063,351.911,0.940
2025-03-08 08:00,4.921,0.001,0,0,1.270,257.611,474.396,0.850
2025-03-08 09:00,6.211,0,0,0,1.265,376.786,557.369,0.677
2025-03-08 10:00,7.139,0,0,0,1.261,414.998,595.695,0.448
2025-03-08 11:00,7.696,0,0,0,1.258,399.238,586.132,0.322
2025-03-08 12:00,8.107,0,0,0,1.256,380.625,529.778,0.200
2025-03-08 13:00,8.166,0,0,0,1.255,299.812,430.361,0.272
2025-03-08 14:00,7.882,0,0,0,1.255,182.585,294.769,0.629
2025-03-08 15:00,7.102,0,0,0,1.256,59.608,132.121,0.937
2025-03-08 16:00,6.640,0,0,0,1.257,1.392,5.573,0.967
2025-03-08 17:00,6.379,0,0,0,1.259,0,0,0.969
2025-03-08 18:00,6.153,0,0,0,1.260,0,0,0.965
2025-03-08 19:00,5.792,0,0,0,1.262,0,0,0.962
2025-03-08 20:00,5.214,0,0,0,1.264,0,0,0.963
2025-03-08 21:00,4.657,0,0,0,1.265,0,0,0.964
2025-03-08 22:00,3.910,0,0,0,1.267,0,0,0.971
2025-03-08 23:00,3.142,0,0,0,1.268,0,0,0.984
2025-03-09 00:00,2.736,0,0,0,1.269,0,0,0.957
2025-03-09 01:00,2.501,0,0,0,1.270,0,0,0.951
2025-03-09 02:00,2.312,0,0,0,1.271,0,0,0.973
2025-03-09 03:00,1.945,0,0,0,1.272,0,0,0.986
2025-03-09 04:00,1.234,0,0,0,1.274,0,0,0.984
2025-03-09 05:00,0.783,0,0,0,1.276,12.319,41.841,0.980
2025-03-09 06:00,2.337,0,0,0,1.278,86.273,206.507,0.980
2025-03-09 07:00,3.430,0,0,0,1.277,176.051,360.036,0.980
2025-03-09 08:00,4.553,0,0,0,1.272,256.623,482.521,0.978
2025-03-09 09:00,5.517,0,0,0,1.266,308.942,565.619,0.976
2025-03-09 10:00,6.273,0,0,0,1.262,339.712,603.717,0.971
2025-03-09 11:00,6.775,0,0,0,1.259,344.075,594.288,0.964
2025-03-09 12:00,6.976,0,0,0,1.256,300.366,537.941,0.956
2025-03-09 13:00,6.859,0,0,0,1.255,235.302,438.560,0.903
2025-03-09 14:00,6.277,0,0,0,1.255,145.895,302.854,0.854
2025-03-09 15:00,5.014,0,0,0,1.258,52.249,140.249,0.806
2025-03-09 16:00,3.685,0,0,0,1.263,1.974,7.755,0.753
2025-03-09 17:00,2.871,0,0,0,1.267,0,0,0.708
2025-03-09 18:00,2.216,0,0,0,1.270,0,0,0.687
2025-03-09 19:00,2.005,0.001,0,0,1.272,0,0,0.723
2025-03-09 20:00,2.189,0.002,0,0,1.273,0,0,0.713
2025-03-09 21:00,2.097,0.004,0,0,1.274,0,0,0.881
2025-03-09 22:00,1.942,0.008,0,0,1.275,0,0,0.972
2025-03-09 23:00,1.810,0.013,0,0,1.275,0,0,0.991
2025-03-10 00:00,1.821,0.018,0,0,1.274,0,0,0.996
2025-03-10 01:00,1.841,0.022,0,0,1.273,0,0,0.997
2025-03-10 02:00,1.835,0.024,0,0,1.272,0,0,0.997
2025-03-10 03:00,1.818,0.025,0,0,1.272,0,0,0.999
2025-03-10 04:00,1.724,0.036,0,0,1.272,0,0,0.999
2025-03-10 05:00,1.664,0.032,0,0,1.272,6.714,47.563,0.998
2025-03-10 06:00,1.694,0.034,0,0,1.272,38.764,214.630,0.998
2025-03-10 07:00,1.878,0.034,0,0,1.272,75.491,368.117,0.999
2025-03-10 08:00,2.267,0.035,0,0,1.270,96.702,490.642,1.000
2025-03-10 09:00,2.767,0.033,0,0,1.267,111.078,573.768,1.000
2025-03-10 10:00,3.332,0.022,0,0,1.264,130.688,611.945,1.000
2025-03-10 11:00,3.689,0.017,0,0,1.262,128.622,602.382,1.000
2025-03-10 12:00,3.835,0.019,0,0,1.260,105.886,545.948,1.000
2025-03-10 13:00,3.711,0.027,0,0,1.259,67.989,446.685,1.000
2025-03-10 14:00,3.383,0.026,0,0,1.260,41.765,310.979,1.000
2025-03-10 15:00,2.866,0.029,0,0,1.263,15.873,148.389,0.999
2025-03-10 16:00,2.235,0.023,0,0,1.266,0.883,10.307,0.998
2025-03-10 17:00,1.731,0.023,0,0.001,1.268,0,0,0.999
2025-03-10 18:00,1.410,0.034,0,0.001,1.270,0,0,0.997
2025-03-10 19:00,1.210,0.040,0.002,0.001,1.271,0,0,0.995
2025-03-10 20:00,1.097,0.041,0.009,0.008,1.272,0,0,0.993
2025-03-10 21:00,1.018,0.034,0.016,0.022,1.272,0,0,0.985
2025-03-10 22:00,0.945,0.024,0.011,0.035,1.272,0,0,0.927
2025-03-10 23:00,0.849,0.014,0.005,0.042,1.272,0,0,0.826
2025-03-11 00:00,0.711,0.009,0.003,0.045,1.272,0,0,0.736
2025-03-11 01:00,0.525,0.012,0.012,0.048,1.273,0,0,0.733
2025-03-11 02:00,0.301,0.019,0.018,0.050,1.274,0,0,0.728
2025-03-11 03:00,-0.001,0.021,0.020,0.053,1.276,0,0,0.696
2025-03-11 04:00,-0.266,0.028,0.028,0.055,1.277,0,0,0.741
2025-03-11 05:00,-0.394,0.024,0.023,0.056,1.278,12.833,53.628,0.794
2025-03-11 06:00,-0.171,0.014,0.014,0.056,1.278,71.898,222.776,0.686
2025-03-11 07:00,0.353,0.006,0.006,0.056,1.277,185.455,376.242,0.588
2025-03-11 08:00,1.168,0.001,0.001,0.055,1.274,284.336,498.727,0.495
2025-03-11 09:00,1.915,0,0,0.054,1.272,381.393,581.862,0.297
2025-03-11 10:00,2.477,0,0,0.050,1.270,448.135,619.959,0.136
2025-03-11 11:00,2.752,0,0,0.045,1.268,446.127,610.530,0.086
2025-03-11 12:00,2.750,0,0,0.040,1.268,398.096,554.191,0.084
2025-03-11 13:00,2.417,0,0,0.037,1.269,310.915,454.766,0.094
2025-03-11 14:00,1.749,0,0,0.035,1.271,197.457,319.104,0.156
2025-03-11 15:00,0.726,0,0,0.035,1.274,75.698,156.514,0.294
2025-03-11 16:00,-0.557,0,0,0.035,1.279,3.907,13.226,0.332
2025-03-11 17:00,-1.434,0.001,0.001,0.035,1.283,0,0,0.520
2025-03-11 18:00,-1.660,0.004,0.004,0.036,1.284,0,0,0.699
2025-03-11 19:00,-1.622,0.007,0.007,0.036,1.284,0,0,0.857
2025-03-11 20:00,-1.385,0.011,0.010,0.037,1.283,0,0,0.938
2025-03-11 21:00,-1.292,0.017,0.017,0.038,1.282,0,0,0.941
2025-03-11 22:00,-1.290,0.024,0.024,0.040,1.282,0,0,0.949
2025-03-11 23:00,-1.210,0.022,0.020,0.040,1.282,0,0,0.988
2025-03-12 00:00,-1.117,0.021,0.018,0.041,1.281,0,0,0.996
2025-03-12 01:00,-1.007,0.021,0.019,0.042,1.280,0,0,0.995
2025-03-12 02:00,-0.911,0.025,0.022,0.044,1.279,0,0,0.993
2025-03-12 03:00,-0.854,0.033,0.028,0.048,1.278,0,0,0.989
2025-03-12 04:00,-0.846,0.041,0.035,0.052,1.278,0,0,0.993
2025-03-12 05:00,-0.761,0.044,0.038,0.056,1.278,9.699,60.079,0.998
2025-03-12 06:00,-0.389,0.056,0.047,0.062,1.277,45.185,230.901,0.998
2025-03-12 07:00,0.008,0.088,0.078,0.085,1.276,84.675,384.367,0.998
2025-03-12 08:00,0.349,0.162,0.161,0.173,1.274,123.917,506.852,0.998
2025-03-12 09:00,0.626,0.226,0.225,0.362,1.273,127.098,590.010,0.998
2025-03-12 10:00,0.848,0.272,0.221,0.591,1.272,124.416,628.115,0.997
2025-03-12 11:00,0.806,0.307,0.253,0.803,1.272,108.387,618.552,0.998
2025-03-12 12:00,0.725,0.323,0.318,1.096,1.272,86.659,562.191,0.998
2025-03-12 13:00,0.555,0.314,0.310,1.404,1.272,66.429,462.891,0.996
2025-03-12 14:00,0.263,0.304,0.302,1.700,1.273,43.752,327.225,0.991
2025-03-12 15:00,-0.157,0.300,0.298,1.998,1.274,17.958,164.643,0.995
2025-03-12 16:00,-0.601,0.305,0.304,2.295,1.275,1.255,16.507,0.996
2025-03-12 17:00,-0.829,0.333,0.332,2.613,1.276,0,0,0.997
2025-03-12 18:00,-0.975,0.367,0.364,2.967,1.277,0,0,0.997
2025-03-12 19:00,-1.092,0.310,0.309,3.306,1.277,0,0,0.993
2025-03-12 20:00,-1.185,0.196,0.195,3.552,1.278,0,0,0.973
2025-03-12 21:00,-1.310,0.102,0.101,3.690,1.278,0,0,0.925
2025-03-12 22:00,-1.504,0.042,0.042,3.756,1.279,0,0,0.825
2025-03-12 23:00,-1.874,0.012,0.012,3.779,1.280,0,0,0.595
2025-03-13 00:00,-2.287,0.006,0.006,3.786,1.281,0,0,0.527
2025-03-13 01:00,-2.414,0.006,0.006,3.793,1.282,0,0,0.549
2025-03-13 02:00,-2.530,0.007,0.007,3.799,1.283,0,0,0.544
2025-03-13 03:00,-2.942,0.005,0.005,3.806,1.283,0,0,0.580
2025-03-13 04:00,-3.019,0.005,0.005,3.811,1.284,0,0,0.773
2025-03-13 05:00,-2.732,0.005,0.005,3.817,1.284,20.258,66.888,0.926
2025-03-13 06:00,-1.774,0.004,0.004,3.818,1.282,93.312,239.024,0.965
2025-03-13 07:00,-0.873,0.009,0.009,3.810,1.279,177.139,392.449,0.989
2025-03-13 08:00,-0.050,0.041,0.041,3.811,1.275,239.628,514.937,0.993
2025-03-13 09:00,0.422,0.046,0.046,3.818,1.273,277.025,598.032,0.963
2025-03-13 10:00,0.712,0.053,0.053,3.821,1.272,292.612,636.115,0.874
2025-03-13 11:00,0.895,0.069,0.069,3.825,1.270,288.761,626.700,0.813
2025-03-13 12:00,0.896,0.065,0.065,3.826,1.269,262.713,570.353,0.619
2025-03-13 13:00,0.703,0.045,0.045,3.835,1.269,198.534,470.898,0.539
2025-03-13 14:00,0.282,0.025,0.025,3.836,1.270,128.086,335.310,0.567
2025-03-13 15:00,-0.451,0.020,0.020,3.846,1.272,52.361,172.783,0.584
2025-03-13 16:00,-1.743,0.014,0.014,3.861,1.275,3.856,20.157,0.567
2025-03-13 17:00,-2.134,0.011,0.011,3.873,1.277,0,0,0.444
2025-03-13 18:00,-2.518,0.006,0.006,3.881,1.280,0,0,0.379
2025-03-13 19:00,-2.905,0.002,0.002,3.884,1.281,0,0,0.339
2025-03-13 20:00,-3.106,0.001,0.001,3.885,1.282,0,0,0.272
2025-03-13 21:00,-3.473,0.001,0.001,3.885,1.284,0,0,0.244
2025-03-13 22:00,-3.728,0.001,0.001,3.885,1.286,0,0,0.244
2025-03-13 23:00,-3.951,0.001,0.001,3.885,1.287,0,0,0.151
2025-03-14 00:00,-4.080,0.001,0.001,3.885,1.288,0,0,0.268
2025-03-14 01:00,-3.943,0.001,0.001,3.885,1.289,0,0,0.185
2025-03-14 02:00,-4.204,0,0,3.885,1.289,0,0,0.137
2025-03-14 03:00,-4.408,0,0,3.885,1.290,0,0,0.179
2025-03-14 04:00,-4.260,0,0,3.886,1.291,0,0,0.094
2025-03-14 05:00,-4.211,0,0,3.886,1.292,35.947,74.047,0.023
2025-03-14 06:00,-2.711,0,0,3.883,1.290,157.506,247.127,0.007
2025-03-14 07:00,-1.169,0,0,3.862,1.285,285.287,400.574,0.002
2025-03-14 08:00,0.115,0,0,3.819,1.280,391.652,522.944,0.004
2025-03-14 09:00,1.202,0,0,3.742,1.275,461.917,606.032,0.019
2025-03-14 10:00,1.938,0,0,3.495,1.272,481.405,644.129,0.100
2025-03-14 11:00,2.339,0.004,0,3.151,1.270,416.034,634.700,0.302
2025-03-14 12:00,2.396,0.016,0,2.853,1.269,315.204,578.353,0.493
2025-03-14 13:00,2.183,0.021,0,2.649,1.270,193.957,479.012,0.562
2025-03-14 14:00,1.927,0.011,0,2.526,1.272,148.124,343.431,0.535
2025-03-14 15:00,1.089,0.004,0,2.479,1.274,68.054,180.908,0.294
2025-03-14 16:00,-1.132,0.001,0,2.474,1.277,8.278,24.164,0.118
2025-03-14 17:00,-1.996,0,0,2.475,1.281,0,0,0.045
2025-03-14 18:00,-2.185,0,0,2.476,1.284,0,0,0.027
2025-03-14 19:00,-2.156,0,0,2.476,1.286,0,0,0.026
2025-03-14 20:00,-2.110,0,0,2.477,1.287,0,0,0.031
2025-03-14 21:00,-2.289,0,0,2.477,1.288,0,0,0.032
2025-03-14 22:00,-2.386,0,0,2.478,1.290,0,0,0.028
2025-03-14 23:00,-2.337,0,0,2.479,1.292,0,0,0.022
2025-03-15 00:00,-2.303,0,0,2.480,1.294,0,0,0.020
2025-03-15 01:00,-2.325,0,0,2.481,1.296,0,0,0.023
2025-03-15 02:00,-2.371,0,0,2.483,1.298,0,0,0.035
2025-03-15 03:00,-2.419,0,0,2.484,1.299,0,0,0.051
2025-03-15 04:00,-2.506,0,0,2.485,1.301,0,0,0.071
2025-03-15 05:00,-2.200,0,0,2.487,1.301,37.176,81.579,0.180
2025-03-15 06:00,-0.725,0,0,2.481,1.296,151.272,255.230,0.392
2025-03-15 07:00,0.710,0,0,2.441,1.290,272.775,408.648,0.572
2025-03-15 08:00,1.730,0,0,2.272,1.285,368.731,530.944,0.756
2025-03-15 09:00,2.547,0,0,1.990,1.280,421.808,614.032,0.839
2025-03-15 10:00,3.173,0,0,1.688,1.276,409.558,652.122,0.872
2025-03-15 11:00,3.541,0,0,1.414,1.273,395.182,642.700,0.887
2025-03-15 12:00,3.739,0,0,1.181,1.271,385.358,586.353,0.895
2025-03-15 13:00,3.758,0,0,0.998,1.269,336.629,487.019,0.690
2025-03-15 14:00,3.502,0,0,0.873,1.268,232.797,351.516,0.656
2025-03-15 15:00,2.874,0,0,0.799,1.269,100.738,189.011,0.901
2025-03-15 16:00,2.236,0,0,0.754,1.271,8.226,28.539,0.990
2025-03-15 17:00,1.958,0,0,0.714,1.272,0,0,0.995
2025-03-15 18:00,1.814,0,0,0.675,1.273,0,0,0.995
2025-03-15 19:00,1.625,0,0,0.640,1.273,0,0,0.990
2025-03-15 20:00,1.401,0,0,0.612,1.273,0,0,0.966
2025-03-15 21:00,1.094,0,0,0.592,1.274,0,0,0.939
2025-03-15 22:00,0.772,0,0,0.582,1.275,0,0,0.880
2025-03-15 23:00,0.481,0.001,0.001,0.579,1.277,0,0,0.964
2025-03-16 00:00,0.369,0.002,0.002,0.578,1.278,0,0,0.995
2025-03-16 01:00,0.468,0.002,0.002,0.578,1.278,0,0,0.996
2025-03-16 02:00,0.687,0.003,0.001,0.575,1.276,0,0,0.996
2025-03-16 03:00,0.809,0.003,0.001,0.569,1.276,0,0,0.992
2025-03-16 04:00,0.813,0.002,0,0.563,1.277,0.002,0.018,0.853
2025-03-16 05:00,0.594,0.001,0,0.559,1.279,31.014,89.449,0.450
2025-03-16 06:00,0.842,0,0,0.555,1.281,135.763,263.278,0.227
2025-03-16 07:00,1.372,0,0,0.546,1.281,251.987,416.655,0.134
2025-03-16 08:00,1.765,0,0,0.532,1.281,358.293,538.944,0.093
2025-03-16 09:00,2.181,0,0,0.512,1.280,440.567,622.024,0.059
2025-03-16 10:00,2.598,0.001,0,0.479,1.279,482.327,660.108,0.085
2025-03-16 11:00,2.845,0.001,0,0.439,1.278,457.234,650.693,0.096
2025-03-16 12:00,2.955,0.004,0,0.403,1.277,408.176,594.353,0.146
2025-03-16 13:00,2.787,0.010,0,0.380,1.277,293.512,495.054,0.441
2025-03-16 14:00,2.167,0.042,0,0.370,1.279,123.089,359.516,0.668
2025-03-16 15:00,1.332,0.047,0.001,0.366,1.284,53.200,197.114,0.609
2025-03-16 16:00,0.392,0.048,0.025,0.376,1.290,7.148,33.277,0.538
2025-03-16 17:00,-0.202,0.024,0.016,0.398,1.295,0,0,0.429
2025-03-16 18:00,-0.693,0.007,0.006,0.407,1.299,0,0,0.300
2025-03-16 19:00,-1.154,0.002,0.002,0.409,1.302,0,0,0.292
2025-03-16 20:00,-1.767,0.002,0.002,0.410,1.307,0,0,0.290
2025-03-16 21:00,-2.032,0.004,0.004,0.413,1.309,0,0,0.286
2025-03-16 22:00,-2.095,0.004,0.004,0.417,1.310,0,0,0.251
2025-03-16 23:00,-2.155,0.004,0.003,0.421,1.312,0,0,0.173
2025-03-17 00:00,-2.240,0.001,0.001,0.423,1.313,0,0,0.098
2025-03-17 01:00,-2.406,0,0,0.423,1.314,0,0,0.057
2025-03-17 02:00,-2.610,0,0,0.424,1.316,0,0,0.058
2025-03-17 03:00,-3.213,0,0,0.424,1.318,0,0,0.328
2025-03-17 04:00,-3.499,0,0,0.424,1.320,0.042,0.192,0.507
2025-03-17 05:00,-3.089,0,0,0.424,1.320,41.981,97.516,0.620
2025-03-17 06:00,-2.010,0,0,0.424,1.316,147.502,271.396,0.827
2025-03-17 07:00,-0.596,0,0,0.421,1.310,233.482,424.655,0.946
2025-03-17 08:00,0.681,0,0,0.417,1.303,309.307,546.936,0.964
2025-03-17 09:00,1.877,0,0,0.403,1.296,370.084,629.945,0.923
2025-03-17 10:00,2.797,0,0,0.368,1.291,417.556,668.028,0.716
2025-03-17 11:00,3.368,0,0,0.325,1.286,422.314,658.464,0.511
2025-03-17 12:00,3.621,0,0,0.286,1.283,375.519,602.273,0.524
2025-03-17 13:00,3.586,0,0,0.257,1.282,296.689,502.979,0.632
2025-03-17 14:00,3.247,0.001,0,0.237,1.281,193.891,367.591,0.719
2025-03-17 15:00,2.593,0.012,0,0.227,1.283,86.750,205.177,0.805
2025-03-17 16:00,1.817,0.043,0,0.224,1.286,8.315,38.374,0.879
2025-03-17 17:00,1.339,0.047,0,0.221,1.288,0,0,0.921
2025-03-17 18:00,1.166,0.036,0,0.219,1.288,0,0,0.840
2025-03-17 19:00,1.052,0.017,0,0.217,1.288,0,0,0.725
2025-03-17 20:00,1.020,0.003,0,0.215,1.287,0,0,0.671
2025-03-17 21:00,1.041,0.001,0,0.212,1.287,0,0,0.545
2025-03-17 22:00,1.094,0.001,0,0.209,1.286,0,0,0.456
2025-03-17 23:00,1.590,0.001,0,0.203,1.284,0,0,0.454
2025-03-18 00:00,1.736,0,0,0.196,1.283,0,0,0.356
2025-03-18 01:00,1.251,0,0,0.191,1.285,0,0,0.275
2025-03-18 02:00,1.064,0,0,0.189,1.286,0,0,0.333
2025-03-18 03:00,0.967,0,0,0.186,1.287,0,0,0.369
2025-03-18 04:00,0.539,0,0,0.185,1.290,0.143,0.677,0.398
2025-03-18 05:00,0.605,0,0,0.184,1.291,41.396,105.627,0.386
2025-03-18 06:00,1.577,0,0,0.179,1.288,138.626,279.403,0.211
2025-03-18 07:00,3.150,0,0,0.166,1.281,286.821,432.655,0.124
2025-03-18 08:00,4.840,0,0,0.147,1.272,392.608,554.856,0.090
2025-03-18 09:00,6.259,0,0,0.124,1.264,467.455,637.923,0.186
2025-03-18 10:00,7.359,0,0,0.100,1.258,502.405,675.872,0.274
2025-03-18 11:00,8.056,0,0,0.081,1.253,492.222,666.443,0.368
2025-03-18 12:00,8.369,0,0,0.066,1.250,441.683,610.103,0.461
2025-03-18 13:00,8.374,0,0,0.055,1.249,358.090,510.979,0.500
2025-03-18 14:00,7.976,0,0,0.048,1.249,249.097,375.598,0.484
2025-03-18 15:00,6.973,0,0,0.044,1.251,125.655,213.280,0.528
2025-03-18 16:00,4.967,0,0,0.042,1.256,19.291,43.825,0.517
2025-03-18 17:00,3.964,0,0,0.041,1.262,0,0,0.586
2025-03-18 18:00,3.758,0,0,0.040,1.268,0,0,0.642
2025-03-18 19:00,3.308,0.001,0,0.040,1.272,0,0,0.716
2025-03-18 20:00,2.944,0.005,0,0.039,1.276,0,0,0.833
2025-03-18 21:00,2.981,0.003,0,0.039,1.277,0,0,0.916
2025-03-18 22:00,2.610,0.002,0,0.038,1.278,0,0,0.922
2025-03-18 23:00,2.461,0.002,0,0.037,1.280,0,0,0.899
2025-03-19 00:00,1.998,0.001,0,0.037,1.282,0,0,0.904
2025-03-19 01:00,1.655,0.002,0,0.036,1.284,0,0,0.888
2025-03-19 02:00,1.517,0.001,0,0.035,1.284,0,0,0.936
2025-03-19 03:00,1.212,0.001,0,0.035,1.286,0,0,0.935
2025-03-19 04:00,0.816,0.002,0.001,0.035,1.289,0.323,1.513,0.920
2025-03-19 05:00,1.136,0.001,0.001,0.036,1.289,34.944,113.729,0.907
2025-03-19 06:00,2.013,0,0,0.035,1.286,176.496,287.477,0.930
2025-03-19 07:00,3.690,0,0,0.032,1.279,301.934,440.611,0.943
2025-03-19 08:00,5.510,0,0,0.029,1.270,408.449,562.835,0.915
2025-03-19 09:00,7.186,0,0,0.024,1.262,481.197,645.695,0.806
2025-03-19 10:00,8.539,0,0,0.020,1.254,512.816,683.770,0.684
2025-03-19 11:00,9.369,0,0,0.015,1.249,504.446,674.214,0.696
2025-03-19 12:00,9.739,0,0,0.011,1.246,454.828,618.016,0.817
2025-03-19 13:00,9.718,0,0,0.006,1.245,366.211,518.878,0.939
2025-03-19 14:00,9.266,0,0,0.003,1.245,250.212,383.547,0.930
2025-03-19 15:00,7.942,0,0,0.002,1.247,124.448,221.321,0.772
2025-03-19 16:00,5.736,0,0,0.002,1.251,21.192,49.630,0.482
2025-03-19 17:00,5.365,0,0,0.002,1.257,0,0,0.467
2025-03-19 18:00,4.994,0,0,0.002,1.263,0,0,0.711
2025-03-19 19:00,4.346,0,0,0.002,1.268,0,0,0.759
2025-03-19 20:00,3.294,0,0,0.002,1.273,0,0,0.756
2025-03-19 21:00,2.579,0,0,0.002,1.277,0,0,0.775
2025-03-19 22:00,2.190,0,0,0.002,1.280,0,0,0.774
2025-03-19 23:00,1.824,0.001,0,0.001,1.282,0,0,0.807
2025-03-20 00:00,1.868,0.001,0,0.001,1.284,0,0,0.909
2025-03-20 01:00,1.497,0.001,0,0.001,1.284,0,0,0.966
2025-03-20 02:00,0.947,0,0,0.001,1.286,0,0,0.971
2025-03-20 03:00,1.090,0.002,0,0.001,1.289,0,0,0.985
2025-03-20 04:00,0.996,0.005,0.004,0.002,1.290,0.388,2.707,0.987
2025-03-20 05:00,0.790,0.010,0.009,0.003,1.291,21.029,121.832,0.991
2025-03-20 06:00,1.269,0.001,0.001,0.002,1.289,75.967,295.477,0.991
2025-03-20 07:00,2.060,0,0,0.002,1.285,166.826,448.486,0.994
2025-03-20 08:00,2.755,0,0,0.002,1.281,198.558,570.606,0.994
2025-03-20 09:00,3.539,0,0,0.002,1.277,236.091,653.445,0.995
2025-03-20 10:00,4.321,0,0,0.002,1.272,246.853,691.520,0.992
2025-03-20 11:00,4.992,0,0,0.002,1.268,271.190,682.113,0.921
2025-03-20 12:00,5.863,0,0,0.001,1.263,360.626,625.773,0.604
2025-03-20 13:00,6.463,0,0,0.001,1.258,350.035,526.722,0.495
2025-03-20 14:00,6.548,0,0,0.001,1.255,248.376,391.469,0.228
2025-03-20 15:00,6.010,0,0,0.001,1.255,137.180,229.321,0.009
2025-03-20 16:00,4.586,0,0,0.001,1.259,24.738,55.788,0.001
2025-03-20 17:00,3.447,0,0,0.001,1.265,0,0,0.023
2025-03-20 18:00,2.799,0,0,0.001,1.271,0,0,0.040
2025-03-20 19:00,2.473,0,0,0.001,1.275,0,0,0.029
2025-03-20 20:00,2.231,0,0,0.001,1.278,0,0,0.025
2025-03-20 21:00,1.780,0,0,0.001,1.283,0,0,0.201
2025-03-20 22:00,1.538,0.001,0,0.001,1.287,0,0,0.469
2025-03-20 23:00,1.326,0.001,0,0.001,1.290,0,0,0.406
2025-03-21 00:00,0.813,0.001,0,0.001,1.292,0,0,0.441
2025-03-21 01:00,0.613,0.004,0.003,0.001,1.295,0,0,0.664
2025-03-21 02:00,0.620,0.008,0.008,0.002,1.298,0,0,0.693
2025-03-21 03:00,0.402,0.013,0.013,0.003,1.300,0,0,0.768
2025-03-21 04:00,0.343,0.012,0.012,0.004,1.301,0.726,4.259,0.730
2025-03-21 05:00,0.613,0.017,0.017,0.005,1.301,35.445,129.886,0.800
2025-03-21 06:00,1.350,0.015,0.002,0.004,1.300,102.064,303.437,0.851
2025-03-21 07:00,2.157,0.006,0,0.004,1.298,196.694,456.435,0.772
2025-03-21 08:00,3.371,0.001,0,0.004,1.294,314.042,578.505,0.333
2025-03-21 09:00,5.018,0,0,0.003,1.287,481.835,661.343,0.130
2025-03-21 10:00,6.340,0,0,0.003,1.281,518.434,699.284,0.130
2025-03-21 11:00,7.096,0,0,0.002,1.278,509.968,689.863,0.129
2025-03-21 12:00,7.323,0,0,0.002,1.276,459.877,633.672,0.128
2025-03-21 13:00,7.109,0,0,0.002,1.276,373.802,534.628,0.125
2025-03-21 14:00,6.468,0.002,0,0.001,1.278,259.346,399.418,0.117
2025-03-21 15:00,5.105,0.002,0,0.001,1.283,136.003,237.359,0.118
2025-03-21 16:00,2.575,0.002,0,0.001,1.291,27.229,62.300,0.124
2025-03-21 17:00,0.781,0.002,0,0.001,1.299,0,0,0.152
2025-03-21 18:00,0.193,0.004,0,0.001,1.304,0,0,0.238
2025-03-21 19:00,-0.386,0.006,0.002,0.002,1.306,0,0,0.355
2025-03-21 20:00,-0.524,0.003,0.001,0.001,1.308,0,0,0.514
2025-03-21 21:00,-0.276,0.009,0.007,0.002,1.310,0,0,0.715
2025-03-21 22:00,0.007,0.021,0.019,0.004,1.312,0,0,0.795
2025-03-21 23:00,-0.151,0.028,0.027,0.006,1.313,0,0,0.807
2025-03-22 00:00,-0.272,0.035,0.033,0.008,1.313,0,0,0.793
2025-03-22 01:00,-0.342,0.035,0.033,0.009,1.313,0,0,0.787
2025-03-22 02:00,-0.373,0.033,0.032,0.010,1.313,0,0,0.764
2025-03-22 03:00,-0.332,0.033,0.031,0.012,1.312,0,0,0.789
2025-03-22 04:00,-0.187,0.029,0.025,0.013,1.311,0.958,6.179,0.787
2025-03-22 05:00,0.423,0.025,0.018,0.013,1.310,37.905,137.948,0.770
2025-03-22 06:00,1.120,0.030,0.006,0.013,1.309,106.189,311.319,0.756
2025-03-22 07:00,1.768,0.022,0.004,0.014,1.307,185.572,464.310,0.560
2025-03-22 08:00,2.760,0.012,0.001,0.013,1.303,329.479,586.255,0.359
2025-03-22 09:00,3.938,0.007,0,0.012,1.298,428.882,669.093,0.297
2025-03-22 10:00,4.905,0.002,0,0.010,1.293,482.632,706.940,0.234
2025-03-22 11:00,5.581,0,0,0.008,1.289,516.411,697.605,0.068
2025-03-22 12:00,5.891,0,0,0.007,1.287,484.841,641.414,0.011
2025-03-22 13:00,5.812,0,0,0.006,1.285,400.531,542.392,0.001
2025-03-22 14:00,5.401,0,0,0.005,1.286,285.916,407.300,0.001
2025-03-22 15:00,4.458,0,0,0.005,1.288,154.119,245.297,0.001
2025-03-22 16:00,2.110,0,0,0.005,1.293,33.782,69.149,0
2025-03-22 17:00,0.263,0,0,0.005,1.298,0,0,0.021
2025-03-22 18:00,-0.041,0,0,0.005,1.302,0,0,0.243
2025-03-22 19:00,-0.016,0.001,0,0.005,1.305,0,0,0.496
2025-03-22 20:00,0.399,0.003,0.003,0.005,1.307,0,0,0.469
2025-03-22 21:00,0.040,0.005,0.005,0.006,1.307,0,0,0.501
2025-03-22 22:00,0.038,0.004,0.004,0.006,1.306,0,0,0.447
2025-03-22 23:00,-0.241,0.003,0.003,0.006,1.305,0,0,0.489
2025-03-23 00:00,-0.030,0.005,0.005,0.007,1.305,0,0,0.596
2025-03-23 01:00,0.338,0.010,0.010,0.008,1.306,0,0,0.730
2025-03-23 02:00,0.563,0.008,0.007,0.008,1.305,0,0,0.692
2025-03-23 03:00,0.163,0.005,0.005,0.008,1.304,0,0,0.661
2025-03-23 04:00,0.452,0.013,0.013,0.010,1.305,1.789,8.449,0.739
2025-03-23 05:00,1.055,0.003,0.002,0.009,1.303,50.445,145.989,0.492
2025-03-23 06:00,2.157,0,0,0.008,1.298,184.327,319.308,0.151
2025-03-23 07:00,3.843,0,0,0.008,1.290,338.215,472.067,0.223
2025-03-23 08:00,5.399,0,0,0.007,1.283,441.565,594.005,0.445
2025-03-23 09:00,6.268,0,0,0.006,1.278,509.024,676.687,0.545
2025-03-23 10:00,6.501,0,0,0.005,1.277,547.775,714.683,0.343
2025-03-23 11:00,6.305,0,0,0.004,1.278,544.652,705.127,0.395
2025-03-23 12:00,5.887,0,0,0.003,1.280,497.045,649.016,0.284
2025-03-23 13:00,5.343,0,0,0.003,1.281,409.474,550.142,0.201
2025-03-23 14:00,4.694,0,0,0.002,1.283,293.872,415.128,0.098
2025-03-23 15:00,3.859,0,0,0.002,1.284,160.199,253.255,0.329
2025-03-23 16:00,2.707,0,0,0.002,1.287,34.089,76.344,0.581
2025-03-23 17:00,1.791,0,0,0.002,1.289,0,0,0.660
2025-03-23 18:00,1.016,0,0,0.002,1.290,0,0,0.666
2025-03-23 19:00,0.932,0,0,0.002,1.290,0,0,0.700
2025-03-23 20:00,1.051,0,0,0.002,1.289,0,0,0.739
2025-03-23 21:00,1.062,0,0,0.002,1.288,0,0,0.756
2025-03-23 22:00,1.515,0,0,0.002,1.287,0,0,0.839
2025-03-23 23:00,1.380,0,0,0.002,1.286,0,0,0.871
2025-03-24 00:00,1.095,0,0,0.002,1.286,0,0,0.885
2025-03-24 01:00,0.710,0,0,0.002,1.285,0,0,0.909
2025-03-24 02:00,0.483,0,0,0.002,1.284,0,0,0.925
2025-03-24 03:00,0.269,0,0,0.002,1.284,0,0,0.913
2025-03-24 04:00,0.186,0.003,0.002,0.003,1.284,2.709,11.068,0.848
2025-03-24 05:00,1.060,0.002,0.002,0.003,1.284,57.596,153.967,0.661
2025-03-24 06:00,2.423,0.001,0.001,0.003,1.281,166.266,327.144,0.312
2025-03-24 07:00,3.818,0,0,0.003,1.275,317.570,479.892,0.135
2025-03-24 08:00,5.122,0.003,0,0.003,1.269,411.225,601.747,0.294
2025-03-24 09:00,5.853,0.020,0,0.002,1.264,379.792,684.357,0.433
2025-03-24 10:00,6.269,0.020,0,0.002,1.261,357.242,722.190,0.542
2025-03-24 11:00,6.655,0.019,0,0.002,1.258,345.884,712.776,0.656
2025-03-24 12:00,6.846,0.017,0,0.002,1.255,299.269,656.678,0.768
2025-03-24 13:00,6.721,0.010,0,0.001,1.253,209.405,557.805,0.888
2025-03-24 14:00,6.556,0.003,0,0.001,1.252,155.698,422.885,0.949
2025-03-24 15:00,5.934,0,0,0.001,1.252,90.655,261.130,0.953
2025-03-24 16:00,4.419,0,0,0.001,1.254,25.830,83.878,0.971
2025-03-24 17:00,3.984,0,0,0.001,1.258,0.001,0.005,0.982
2025-03-24 18:00,3.894,0,0,0.001,1.261,0,0,0.987
2025-03-24 19:00,3.533,0,0,0.001,1.263,0,0,0.969
2025-03-24 20:00,3.234,0,0,0.001,1.264,0,0,0.804
2025-03-24 21:00,3.056,0,0,0.001,1.264,0,0,0.939
2025-03-24 22:00,2.955,0,0,0.001,1.264,0,0,0.961
2025-03-24 23:00,3.038,0.002,0,0.001,1.263,0,0,0.979
2025-03-25 00:00,3.332,0.022,0,0.001,1.262,0,0,0.994
2025-03-25 01:00,3.490,0.130,0,0.001,1.261,0,0,0.995
2025-03-25 02:00,3.459,0.304,0,0.001,1.260,0,0,0.995
2025-03-25 03:00,3.446,0.407,0,0.001,1.260,0,0,0.994
2025-03-25 04:00,3.479,0.363,0,0.001,1.259,0.991,14.039,0.984
2025-03-25 05:00,3.588,0.280,0,0.001,1.259,20.672,161.947,0.981
2025-03-25 06:00,3.852,0.205,0,0.001,1.258,55.143,335.015,0.992
2025-03-25 07:00,4.361,0.051,0,0.001,1.256,113.418,487.528,0.969
2025-03-25 08:00,5.141,0.010,0,0.001,1.253,188.376,609.269,0.985
2025-03-25 09:00,5.632,0.011,0,0.001,1.251,172.610,691.857,0.995
2025-03-25 10:00,5.871,0.031,0,0,1.249,147.695,729.705,0.999
2025-03-25 11:00,5.917,0.229,0,0,1.249,93.804,720.276,0.999
2025-03-25 12:00,5.722,0.745,0,0,1.250,76.027,664.266,0.997
2025-03-25 13:00,5.347,0.728,0,0,1.252,65.833,565.540,0.995
2025-03-25 14:00,5.246,0.192,0,0,1.252,62.406,430.632,0.996
2025-03-25 15:00,5.232,0.036,0,0,1.252,44.153,269.079,0.995
2025-03-25 16:00,4.626,0.007,0,0,1.252,15.703,91.711,0.964
2025-03-25 17:00,3.688,0.005,0,0,1.253,0.005,0.053,0.823
2025-03-25 18:00,3.420,0.004,0,0,1.253,0,0,0.537
2025-03-25 19:00,3.263,0.002,0,0,1.254,0,0,0.491
2025-03-25 20:00,3.215,0.002,0,0,1.256,0,0,0.494
2025-03-25 21:00,3.168,0.003,0,0,1.257,0,0,0.602
2025-03-25 22:00,3.240,0.008,0,0,1.260,0,0,0.718
2025-03-25 23:00,3.152,0.016,0,0,1.263,0,0,0.743
2025-03-26 00:00,2.937,0.018,0,0,1.265,0,0,0.851
2025-03-26 01:00,2.832,0.019,0,0,1.267,0,0,0.945
2025-03-26 02:00,2.839,0.024,0,0,1.269,0,0,0.964
2025-03-26 03:00,2.723,0.025,0,0,1.270,0,0,0.946
2025-03-26 04:00,2.573,0.026,0,0,1.272,1.872,17.363,0.944
2025-03-26 05:00,2.597,0.028,0,0,1.274,28.592,169.882,0.961
2025-03-26 06:00,2.827,0.028,0,0,1.274,71.634,342.776,0.970
2025-03-26 07:00,3.374,0.019,0,0,1.273,123.683,495.274,0.971
2025-03-26 08:00,4.216,0.029,0,0,1.270,205.595,616.918,0.994
2025-03-26 09:00,4.974,0.038,0,0,1.267,206.961,699.357,0.980
2025-03-26 10:00,5.596,0.033,0,0,1.264,235.929,737.205,0.949
2025-03-26 11:00,6.107,0.016,0,0,1.262,247.051,727.776,0.882
2025-03-26 12:00,6.719,0.004,0,0,1.259,269.168,671.914,0.747
2025-03-26 13:00,7.303,0.003,0,0,1.256,290.560,573.055,0.446
2025-03-26 14:00,7.571,0.002,0,0,1.254,264.755,438.382,0.179
2025-03-26 15:00,7.105,0.001,0,0,1.253,158.499,276.876,0.168
2025-03-26 16:00,5.081,0,0,0,1.255,43.928,99.662,0.101
2025-03-26 17:00,3.034,0,0,0,1.257,0.062,0.295,0.233
2025-03-26 18:00,2.684,0,0,0,1.260,0,0,0.823
2025-03-26 19:00,3.611,0,0,0,1.264,0,0,0.919
2025-03-26 20:00,3.672,0,0,0,1.268,0,0,0.779
2025-03-26 21:00,3.096,0,0,0,1.271,0,0,0.593
2025-03-26 22:00,2.859,0,0,0,1.273,0,0,0.408
2025-03-26 23:00,2.664,0,0,0,1.274,0,0,0.394
2025-03-27 00:00,2.552,0,0,0,1.276,0,0,0.494
2025-03-27 01:00,2.476,0,0,0,1.276,0,0,0.525
2025-03-27 02:00,2.202,0,0,0,1.277,0,0,0.841
2025-03-27 03:00,2.228,0,0,0,1.277,0,0,0.991
2025-03-27 04:00,2.391,0,0,0,1.276,3.098,21.028,0.991
2025-03-27 05:00,2.847,0,0,0,1.273,42.309,177.800,0.977
2025-03-27 06:00,3.899,0,0,0,1.268,154.514,350.600,0.964
2025-03-27 07:00,5.011,0,0,0,1.263,237.909,502.859,0.961
2025-03-27 08:00,5.918,0,0,0,1.258,286.682,624.432,0.991
2025-03-27 09:00,6.458,0,0,0,1.254,264.793,706.850,0.995
2025-03-27 10:00,6.665,0.002,0,0,1.252,212.246,744.683,0.998
2025-03-27 11:00,6.613,0.005,0,0,1.251,139.020,735.268,0.996
2025-03-27 12:00,6.664,0.004,0,0,1.249,138.799,679.327,0.994
2025-03-27 13:00,6.845,0.003,0,0,1.247,140.442,580.555,0.987
2025-03-27 14:00,7.034,0.002,0,0,1.245,141.171,446.081,0.982
2025-03-27 15:00,6.934,0.003,0,0,1.244,75.181,284.711,0.987
2025-03-27 16:00,6.633,0.008,0,0,1.245,15.922,107.638,0.997
2025-03-27 17:00,6.370,0.013,0,0,1.247,0.029,0.863,0.997
2025-03-27 18:00,6.176,0.010,0,0,1.248,0,0,0.994
2025-03-27 19:00,6.000,0.008,0,0,1.249,0,0,0.991
2025-03-27 20:00,5.847,0.011,0,0,1.250,0,0,0.994
2025-03-27 21:00,5.947,0.012,0,0,1.249,0,0,0.992
2025-03-27 22:00,6.005,0.008,0,0,1.249,0,0,0.987
2025-03-27 23:00,5.993,0.007,0,0,1.248,0,0,0.984
2025-03-28 00:00,5.968,0.015,0,0,1.248,0,0,0.993
2025-03-28 01:00,6.099,0.021,0,0,1.247,0,0,0.995
2025-03-28 02:00,6.202,0.015,0,0,1.247,0,0,0.990
2025-03-28 03:00,6.191,0.008,0,0,1.246,0,0,0.985
2025-03-28 04:00,6.183,0.006,0,0,1.246,4.293,25.035,0.986
2025-03-28 05:00,6.324,0.007,0,0,1.247,46.440,185.677,0.978
2025-03-28 06:00,6.603,0.009,0,0,1.246,100.373,358.306,0.982
2025-03-28 07:00,6.884,0.011,0,0,1.246,130.237,510.440,0.988
2025-03-28 08:00,7.210,0.008,0,0,1.245,178.968,631.918,0.986
2025-03-28 09:00,7.800,0.002,0,0,1.243,267.656,714.270,0.968
2025-03-28 10:00,8.990,0,0,0,1.238,460.775,751.947,0.956
2025-03-28 11:00,10.037,0,0,0,1.233,512.243,742.540,0.952
2025-03-28 12:00,10.787,0,0,0,1.227,510.947,686.678,0.945
2025-03-28 13:00,11.101,0,0,0,1.224,422.927,588.203,0.947
2025-03-28 14:00,10.970,0,0,0,1.223,304.608,453.666,0.948
2025-03-28 15:00,10.332,0,0,0,1.224,174.408,292.458,0.946
2025-03-28 16:00,9.098,0,0,0,1.229,53.571,115.554,0.942
2025-03-28 17:00,7.593,0,0,0,1.236,0.430,1.780,0.914
2025-03-28 18:00,6.588,0,0,0,1.242,0,0,0.834
2025-03-28 19:00,5.974,0,0,0,1.247,0,0,0.654
2025-03-28 20:00,5.583,0.002,0,0,1.251,0,0,0.603
2025-03-28 21:00,5.639,0.001,0,0,1.252,0,0,0.338
2025-03-28 22:00,5.127,0,0,0,1.253,0,0,0.216
2025-03-28 23:00,4.623,0.001,0,0,1.257,0,0,0.488
2025-03-29 00:00,4.685,0.002,0,0,1.259,0,0,0.595
2025-03-29 01:00,4.423,0.005,0,0,1.261,0,0,0.826
2025-03-29 02:00,4.315,0.009,0,0,1.262,0,0,0.898
2025-03-29 03:00,4.292,0.014,0,0,1.262,0,0,0.958
2025-03-29 04:00,4.331,0.022,0,0,1.262,2.243,29.383,0.957
2025-03-29 05:00,4.488,0.020,0,0,1.262,22.203,193.526,0.955
2025-03-29 06:00,4.737,0.013,0,0,1.262,60.968,365.978,0.944
2025-03-29 07:00,5.250,0.008,0,0,1.261,131.263,517.940,0.863
2025-03-29 08:00,6.210,0.003,0,0,1.257,244.158,639.261,0.749
2025-03-29 09:00,8.069,0.001,0,0,1.249,454.476,721.520,0.830
2025-03-29 10:00,9.154,0.001,0,0,1.242,436.520,759.346,0.952
2025-03-29 11:00,9.673,0,0,0,1.238,390.792,749.938,0.873
2025-03-29 12:00,10.016,0,0,0,1.236,380.626,694.091,0.860
2025-03-29 13:00,9.945,0,0,0,1.234,301.603,595.555,0.921
2025-03-29 14:00,9.439,0,0,0,1.234,158.497,461.287,0.936
2025-03-29 15:00,8.684,0.001,0,0,1.236,66.484,300.168,0.975
2025-03-29 16:00,7.808,0.001,0,0,1.239,18.541,123.447,0.992
2025-03-29 17:00,7.178,0.004,0,0,1.242,0.224,3.052,0.992
2025-03-29 18:00,6.653,0.006,0,0,1.245,0,0,0.988
2025-03-29 19:00,6.256,0.002,0,0,1.246,0,0,0.906
2025-03-29 20:00,5.918,0,0,0,1.249,0,0,0.796
2025-03-29 21:00,5.079,0,0,0,1.251,0,0,0.244
2025-03-29 22:00,3.752,0,0,0,1.254,0,0,0.046
2025-03-29 23:00,2.973,0,0,0,1.257,0,0,0.026
2025-03-30 00:00,2.274,0,0,0,1.260,0,0,0.110
2025-03-30 01:00,1.914,0,0,0,1.261,0,0,0.261
2025-03-30 02:00,2.033,0.001,0,0,1.264,0,0,0.538
2025-03-30 03:00,2.476,0.005,0,0,1.267,0,0,0.800
2025-03-30 04:00,2.290,0.010,0,0,1.269,5.077,34.057,0.909
2025-03-30 05:00,2.257,0.010,0,0,1.270,32.792,201.322,0.989
2025-03-30 06:00,2.598,0.005,0,0,1.268,68.608,373.563,0.996
2025-03-30 07:00,3.056,0.002,0,0,1.266,107.547,525.440,0.996
2025-03-30 08:00,3.605,0,0,0,1.263,127.272,646.682,0.992
2025-03-30 09:00,4.375,0,0,0,1.259,160.604,728.770,0.992
2025-03-30 10:00,5.265,0,0,0,1.255,187.111,766.596,0.992
2025-03-30 11:00,6.013,0.001,0,0,1.252,192.572,757.188,0.993
2025-03-30 12:00,6.515,0.003,0,0,1.249,170.987,701.341,0.993
2025-03-30 13:00,6.635,0.005,0,0,1.248,127.993,602.953,0.993
2025-03-30 14:00,6.703,0.006,0,0,1.247,89.002,468.787,0.993
2025-03-30 15:00,6.376,0.005,0,0,1.247,51.156,307.907,0.993
2025-03-30 16:00,5.888,0.002,0,0,1.248,17.010,131.282,0.993
2025-03-30 17:00,5.424,0.001,0,0,1.249,0.391,4.676,0.994
2025-03-30 18:00,5.162,0.005,0,0,1.250,0,0,0.994
2025-03-30 19:00,4.746,0.002,0,0,1.252,0,0,0.985
2025-03-30 20:00,4.113,0.001,0,0,1.253,0,0,0.965
2025-03-30 21:00,3.137,0,0,0,1.255,0,0,0.952
2025-03-30 22:00,2.497,0,0,0,1.259,0,0,0.980
2025-03-30 23:00,2.498,0,0,0,1.262,0,0,0.973
2025-03-31 00:00,2.759,0,0,0,1.266,0,0,0.885
2025-03-31 01:00,2.535,0,0,0,1.270,0,0,0.548
2025-03-31 02:00,1.750,0,0,0,1.275,0,0,0.433
2025-03-31 03:00,1.343,0,0,0,1.278,0,0,0.559
2025-03-31 04:00,1.518,0.002,0,0,1.281,10.083,39.068,0.750
2025-03-31 05:00,2.346,0.002,0,0,1.280,73.692,209.072,0.570
2025-03-31 06:00,3.430,0.001,0,0,1.277,162.468,381.188,0.568
2025-03-31 07:00,4.685,0.001,0,0,1.272,262.332,532.933,0.523
2025-03-31 08:00,5.944,0,0,0,1.267,379.743,653.932,0.436
2025-03-31 09:00,7.107,0,0,0,1.262,485.381,736.020,0.285
2025-03-31 10:00,8.010,0,0,0,1.259,557.094,773.617,0.097
2025-03-31 11:00,8.573,0,0,0,1.256,567.321,764.282,0.079
2025-03-31 12:00,8.778,0,0,0,1.255,498.467,708.591,0.203
2025-03-31 13:00,8.744,0,0,0,1.254,387.201,610.297,0.272
2025-03-31 14:00,8.598,0,0,0,1.254,279.333,476.243,0.267
2025-03-31 15:00,8.127,0,0,0,1.255,174.311,315.499,0.193
2025-03-31 16:00,6.346,0,0,0,1.258,64.570,139.130,0.096
2025-03-31 17:00,4.347,0,0,0,1.262,1.843,6.641,0.036
2025-03-31 18:00,3.797,0,0,0,1.265,0,0,0.023
2025-03-31 19:00,3.374,0,0,0,1.268,0,0,0.012
2025-03-31 20:00,3.108,0,0,0,1.271,0,0,0.030
2025-03-31 21:00,2.651,0,0,0,1.273,0,0,0.114
2025-03-31 22:00,1.976,0,0,0,1.275,0,0,0.430
2025-03-31 23:00,1.747,0,0,0,1.276,0,0,0.794
2025-04-01 00:00,1.843,0,0,0,1.278,0,0,0.915
2025-04-01 01:00,1.928,0,0,0,1.281,0,0,0.967
2025-04-01 02:00,1.761,0,0,0,1.283,0,0,0.915
2025-04-01 03:00,1.469,0,0,0,1.286,0,0,0.890
2025-04-01 04:00,1.425,0,0,0,1.288,13.831,44.408,0.882
2025-04-01 05:00,2.908,0,0,0,1.290,97.021,216.800,0.740
2025-04-01 06:00,4.366,0,0,0,1.288,235.842,388.688,0.473
2025-04-01 07:00,6.345,0,0,0,1.281,375.492,540.204,0.306
2025-04-01 08:00,8.945,0,0,0,1.268,488.261,661.174,0.230
2025-04-01 09:00,10.372,0,0,0,1.261,559.929,743.182,0.588
2025-04-01 10:00,11.288,0,0,0,1.258,590.106,780.846,0.742
2025-04-01 11:00,11.958,0,0,0,1.255,580.891,771.431,0.562
2025-04-01 12:00,12.332,0,0,0,1.252,533.987,715.753,0.352
2025-04-01 13:00,12.399,0,0,0,1.250,449.198,617.616,0.322
2025-04-01 14:00,12.252,0,0,0,1.249,336.243,483.625,0.441
2025-04-01 15:00,11.732,0,0,0,1.249,205.118,323.113,0.589
2025-04-01 16:00,10.054,0,0,0,1.249,76.257,146.883,0.472
2025-04-01 17:00,8.971,0,0,0,1.251,2.805,8.944,0.217
2025-04-01 18:00,8.368,0,0,0,1.252,0,0,0.075
2025-04-01 19:00,7.611,0,0,0,1.254,0,0,0.199
2025-04-01 20:00,6.595,0,0,0,1.255,0,0,0.347
2025-04-01 21:00,5.467,0,0,0,1.258,0,0,0.368
2025-04-01 22:00,4.753,0,0,0,1.262,0,0,0.718
2025-04-01 23:00,4.555,0,0,0,1.267,0,0,0.941
2025-04-02 00:00,4.116,0,0,0,1.271,0,0,0.948
2025-04-02 01:00,3.670,0,0,0,1.275,0,0,0.947
2025-04-02 02:00,3.354,0,0,0,1.278,0,0,0.947
2025-04-02 03:00,3.095,0,0,0,1.280,0,0,0.948
2025-04-02 04:00,3.190,0,0,0,1.281,19.013,50.067,0.947
2025-04-02 05:00,5.147,0,0,0,1.282,118.158,224.466,0.946
2025-04-02 06:00,6.745,0,0,0,1.278,245.457,396.144,0.947
2025-04-02 07:00,8.727,0,0,0,1.270,371.344,547.603,0.849
2025-04-02 08:00,11.053,0,0,0,1.259,474.554,668.344,0.762
2025-04-02 09:00,13.332,0,0,0,1.247,543.742,750.262,0.778
2025-04-02 10:00,14.682,0,0,0,1.240,578.822,787.860,0.837
2025-04-02 11:00,15.504,0,0,0,1.235,574.951,778.445,0.904
2025-04-02 12:00,15.854,0,0,0,1.232,528.315,722.841,0.929
2025-04-02 13:00,15.738,0,0,0,1.230,438.988,624.717,0.943
2025-04-02 14:00,15.300,0,0,0,1.230,318.044,490.993,0.954
2025-04-02 15:00,14.102,0,0,0,1.231,173.239,330.620,0.970
2025-04-02 16:00,12.138,0,0,0,1.233,56.711,154.611,0.973
2025-04-02 17:00,10.284,0,0,0,1.237,3.087,11.581,0.942
2025-04-02 18:00,9.746,0,0,0,1.242,0,0,0.921
2025-04-02 19:00,9.486,0,0,0,1.247,0,0,0.932
2025-04-02 20:00,8.887,0,0,0,1.252,0,0,0.945
2025-04-02 21:00,8.286,0.001,0,0,1.256,0,0,0.944
2025-04-02 22:00,7.888,0.006,0,0,1.259,0,0,0.950
2025-04-02 23:00,7.470,0.009,0,0,1.261,0,0,0.954
2025-04-03 00:00,7.141,0.009,0,0,1.264,0,0,0.967
2025-04-03 01:00,6.943,0.007,0,0,1.266,0,0,0.975
2025-04-03 02:00,6.790,0.004,0,0,1.268,0,0,0.954
2025-04-03 03:00,6.510,0.005,0,0,1.270,0,0,0.879
2025-04-03 04:00,6.406,0.006,0,0,1.271,10.703,56.042,0.800
2025-04-03 05:00,7.001,0.001,0,0,1.269,91.557,232.071,0.324
2025-04-03 06:00,7.954,0,0,0,1.265,246.891,403.604,0.322
2025-04-03 07:00,9.465,0,0,0,1.258,379.215,554.853,0.413
2025-04-03 08:00,11.056,0,0,0,1.249,486.746,675.424,0.356
2025-04-03 09:00,12.497,0,0,0,1.241,567.584,757.182,0.117
2025-04-03 10:00,13.531,0,0,0,1.234,603.300,794.780,0.014
2025-04-03 11:00,14.114,0,0,0,1.229,595.363,785.431,0
2025-04-03 12:00,14.355,0,0,0,1.226,546.477,729.841,0
2025-04-03 13:00,14.315,0,0,0,1.224,460.642,631.945,0.003
2025-04-03 14:00,13.959,0,0,0,1.223,347.045,498.325,0.043
2025-04-03 15:00,13.246,0,0,0,1.225,215.827,338.120,0.043
2025-04-03 16:00,12.027,0,0,0,1.228,85.366,162.299,0.001
2025-04-03 17:00,10.566,0,0,0,1.233,4.760,14.563,0
2025-04-03 18:00,9.976,0,0,0,1.237,0,0,0
2025-04-03 19:00,9.473,0,0,0,1.241,0,0,0
2025-04-03 20:00,9.062,0,0,0,1.246,0,0,0
2025-04-03 21:00,7.941,0,0,0,1.253,0,0,0.028
2025-04-03 22:00,6.573,0,0,0,1.260,0,0,0.353
2025-04-03 23:00,5.364,0,0,0,1.267,0,0,0.718
2025-04-04 00:00,4.835,0,0,0,1.271,0,0,0.930
2025-04-04 01:00,4.586,0,0,0,1.275,0,0,0.979
2025-04-04 02:00,4.409,0,0,0,1.277,0,0,0.936
2025-04-04 03:00,3.906,0,0,0,1.279,0,0,0.451
2025-04-04 04:00,3.282,0,0,0,1.282,24.323,62.324,0.241
2025-04-04 05:00,3.470,0,0,0,1.283,137.692,239.674,0.052
2025-04-04 06:00,4.211,0,0,0,1.281,273.624,410.976,0.025
2025-04-04 07:00,5.123,0,0,0,1.278,399.221,562.095,0.024
2025-04-04 08:00,6.042,0,0,0,1.274,500.867,682.573,0.023
2025-04-04 09:00,6.852,0,0,0,1.270,573.248,764.182,0.020
2025-04-04 10:00,7.496,0,0,0,1.267,608.032,801.758,0.027
2025-04-04 11:00,7.927,0,0,0,1.264,590.334,792.351,0.104
2025-04-04 12:00,8.009,0,0,0,1.262,482.416,736.753,0.157
2025-04-04 13:00,7.929,0.004,0,0,1.260,394.582,638.960,0.406
2025-04-04 14:00,7.553,0.001,0,0,1.260,235.895,505.571,0.583
2025-04-04 15:00,7.038,0.001,0,0,1.260,142.176,345.569,0.569
2025-04-04 16:00,6.040,0.001,0,0,1.262,57.066,169.959,0.496
2025-04-04 17:00,4.746,0.010,0,0,1.265,3.637,17.866,0.515
2025-04-04 18:00,4.494,0.013,0,0,1.270,0,0,0.530
2025-04-04 19:00,4.055,0.030,0,0,1.273,0,0,0.524
2025-04-04 20:00,3.661,0.020,0,0,1.276,0,0,0.587
2025-04-04 21:00,3.227,0.003,0,0,1.278,0,0,0.579
2025-04-04 22:00,2.716,0.018,0,0,1.281,0,0,0.537
2025-04-04 23:00,2.179,0.011,0,0,1.284,0,0,0.555
2025-04-05 00:00,1.759,0.006,0,0,1.286,0,0,0.492
2025-04-05 01:00,1.363,0.007,0,0,1.288,0,0,0.397
2025-04-05 02:00,0.982,0.008,0.002,0,1.291,0,0,0.308
2025-04-05 03:00,0.642,0.010,0.003,0,1.293,0,0,0.267
2025-04-05 04:00,0.413,0.016,0.013,0.002,1.295,22.718,68.920,0.278
2025-04-05 05:00,0.714,0.019,0.019,0.002,1.296,111.908,247.174,0.217
2025-04-05 06:00,1.320,0.020,0.006,0.001,1.295,230.946,418.229,0.282
2025-04-05 07:00,1.821,0.031,0,0,1.294,291.632,569.103,0.341
2025-04-05 08:00,2.013,0.043,0,0,1.295,358.325,689.344,0.391
2025-04-05 09:00,2.189,0.026,0,0,1.295,375.344,771.095,0.405
2025-04-05 10:00,2.642,0.016,0,0,1.293,419.276,808.508,0.350
2025-04-05 11:00,2.990,0.005,0,0,1.292,435.130,799.101,0.333
2025-04-05 12:00,3.046,0.004,0,0,1.292,419.508,743.753,0.317
2025-04-05 13:00,2.874,0.001,0,0,1.292,381.709,646.108,0.232
2025-04-05 14:00,2.603,0,0,0,1.293,312.288,512.700,0.160
2025-04-05 15:00,2.171,0,0,0,1.295,212.762,352.904,0.095
2025-04-05 16:00,1.463,0,0,0,1.297,94.035,177.562,0.061
2025-04-05 17:00,0.267,0,0,0,1.301,7.665,21.498,0.040
2025-04-05 18:00,-0.725,0,0,0,1.305,0,0,0.029
2025-04-05 19:00,-1.951,0,0,0,1.308,0,0,0.028
2025-04-05 20:00,-2.521,0,0,0,1.308,0,0,0.028
2025-04-05 21:00,-2.750,0,0,0,1.308,0,0,0.037
2025-04-05 22:00,-2.633,0,0,0,1.307,0,0,0.057
2025-04-05 23:00,-2.476,0,0,0,1.306,0,0,0.069
2025-04-06 00:00,-2.282,0,0,0,1.305,0,0,0.087
2025-04-06 01:00,-2.249,0,0,0,1.304,0,0,0.068
2025-04-06 02:00,-2.300,0,0,0,1.303,0,0,0.070
2025-04-06 03:00,-2.182,0,0,0,1.304,0,0,0.114
2025-04-06 04:00,-1.351,0,0,0,1.304,29.868,75.818,0.258
2025-04-06 05:00,0.302,0.001,0,0,1.302,129.170,254.632,0.312
2025-04-06 06:00,1.843,0.003,0,0,1.295,227.195,425.483,0.393
2025-04-06 07:00,3.364,0.011,0,0,1.288,298.645,576.117,0.464
2025-04-06 08:00,4.508,0.017,0,0,1.282,348.940,696.337,0.662
2025-04-06 09:00,5.505,0.022,0,0,1.277,398.832,777.845,0.794
2025-04-06 10:00,6.178,0.033,0,0,1.273,363.418,815.178,0.885
2025-04-06 11:00,6.590,0.029,0,0,1.269,298.581,805.851,0.863
2025-04-06 12:00,6.966,0.018,0,0,1.266,279.024,750.503,0.768
2025-04-06 13:00,7.243,0.012,0,0,1.264,255.553,652.880,0.829
2025-04-06 14:00,7.387,0.004,0,0,1.262,212.371,519.788,0.785
2025-04-06 15:00,7.148,0.002,0,0,1.261,129.027,360.201,0.693
2025-04-06 16:00,6.043,0.002,0,0,1.261,63.748,185.062,0.445
2025-04-06 17:00,4.353,0.001,0,0,1.262,6.456,25.436,0.334
2025-04-06 18:00,3.772,0.002,0,0,1.264,0,0,0.311
2025-04-06 19:00,3.503,0.001,0,0,1.267,0,0,0.398
2025-04-06 20:00,3.338,0.001,0,0,1.269,0,0,0.496
2025-04-06 21:00,3.158,0.001,0,0,1.272,0,0,0.686
2025-04-06 22:00,3.457,0.001,0,0,1.274,0,0,0.879
2025-04-06 23:00,3.788,0.001,0,0,1.276,0,0,0.938
2025-04-07 00:00,3.776,0.003,0,0,1.276,0,0,0.941
2025-04-07 01:00,3.606,0.017,0,0,1.277,0,0,0.927
2025-04-07 02:00,3.508,0.062,0,0,1.278,0,0,0.907
2025-04-07 03:00,3.357,0.093,0,0,1.279,0,0.001,0.919
2025-04-07 04:00,3.294,0.057,0,0,1.281,9.987,82.998,0.885
2025-04-07 05:00,3.539,0.010,0,0,1.281,56.864,262.051,0.750
2025-04-07 06:00,4.432,0,0,0,1.278,201.252,432.686,0.236
2025-04-07 07:00,5.874,0,0,0,1.273,380.141,583.117,0.130
2025-04-07 08:00,7.262,0,0,0,1.267,488.421,703.094,0.090
2025-04-07 09:00,8.218,0.001,0,0,1.264,562.813,784.595,0.076
2025-04-07 10:00,8.801,0.002,0,0,1.261,596.012,821.928,0.143
2025-04-07 11:00,8.900,0.005,0,0,1.261,555.334,812.593,0.176
2025-04-07 12:00,8.790,0.001,0,0,1.261,506.536,757.253,0.168
2025-04-07 13:00,8.564,0,0,0,1.262,449.487,659.858,0.160
2025-04-07 14:00,8.115,0,0,0,1.264,344.420,526.788,0.132
2025-04-07 15:00,7.441,0,0,0,1.266,229.822,367.482,0.083
2025-04-07 16:00,6.052,0,0,0,1.269,106.583,192.542,0.071
2025-04-07 17:00,3.482,0,0,0,1.273,11.138,29.703,0.012
2025-04-07 18:00,2.418,0,0,0,1.276,0,0,0.004
2025-04-07 19:00,1.942,0,0,0,1.279,0,0,0.003
2025-04-07 20:00,1.561,0,0,0,1.282,0,0,0.003
2025-04-07 21:00,0.978,0,0,0,1.286,0,0,0.002
2025-04-07 22:00,0.480,0,0,0,1.290,0,0,0.003
2025-04-07 23:00,-0.010,0,0,0,1.294,0,0,0.016
2025-04-08 00:00,-0.384,0,0,0,1.297,0,0,0.375
2025-04-08 01:00,-0.745,0,0,0,1.301,0,0,0.693
2025-04-08 02:00,-1.191,0,0,0,1.304,0,0,0.762
2025-04-08 03:00,-1.204,0.003,0.003,0,1.306,0.007,0.042,0.639
2025-04-08 04:00,-0.525,0.004,0.004,0,1.308,32.842,90.437,0.549
2025-04-08 05:00,0.795,0,0,0,1.305,154.530,269.389,0.417
2025-04-08 06:00,2.430,0,0,0,1.299,300.727,439.807,0.212
2025-04-08 07:00,4.600,0,0,0,1.290,429.715,590.015,0.028
2025-04-08 08:00,6.436,0,0,0,1.281,533.091,709.858,0.002
2025-04-08 09:00,7.746,0,0,0,1.275,605.054,791.095,0.010
2025-04-08 10:00,8.763,0,0,0,1.270,632.110,828.442,0.053
2025-04-08 11:00,9.449,0,0,0,1.265,601.373,819.107,0.116
2025-04-08 12:00,9.767,0.001,0,0,1.261,523.930,763.916,0.483
2025-04-08 13:00,9.439,0.002,0,0,1.258,320.099,666.608,0.676
2025-04-08 14:00,9.212,0.001,0,0,1.257,270.219,533.788,0.790
2025-04-08 15:00,8.643,0.002,0,0,1.257,159.684,374.651,0.781
2025-04-08 16:00,7.414,0.002,0,0,1.257,66.820,199.958,0.764
2025-04-08 17:00,5.941,0.002,0,0,1.258,8.017,34.279,0.654
2025-04-08 18:00,5.614,0.002,0,0,1.259,0,0,0.416
2025-04-08 19:00,5.320,0,0,0,1.261,0,0,0.257
2025-04-08 20:00,5.308,0,0,0,1.263,0,0,0.508
2025-04-08 21:00,5.108,0,0,0,1.265,0,0,0.653
2025-04-08 22:00,4.798,0,0,0,1.267,0,0,0.873
2025-04-08 23:00,4.686,0.003,0,0,1.268,0,0,0.965
2025-04-09 00:00,4.728,0.005,0,0,1.268,0,0,0.923
2025-04-09 01:00,4.747,0.037,0,0,1.268,0,0,0.928
2025-04-09 02:00,4.723,0.143,0,0,1.267,0,0,0.916
2025-04-09 03:00,4.750,0.189,0,0,1.267,0.018,0.292,0.939
2025-04-09 04:00,4.745,0.073,0,0,1.266,16.214,97.950,0.962
2025-04-09 05:00,5.037,0.007,0,0,1.265,90.015,276.714,0.627
2025-04-09 06:00,5.818,0.001,0,0,1.263,285.937,446.892,0.108
2025-04-09 07:00,6.303,0.001,0,0,1.262,422.770,596.867,0.173
2025-04-09 08:00,6.134,0,0,0,1.265,513.491,716.507,0.289
2025-04-09 09:00,5.897,0,0,0,1.268,587.798,797.757,0.259
2025-04-09 10:00,5.695,0,0,0,1.270,629.330,834.942,0.110
2025-04-09 11:00,5.521,0,0,0,1.272,627.520,825.607,0.037
2025-04-09 12:00,5.314,0,0,0,1.272,584.738,770.416,0.195
2025-04-09 13:00,4.916,0,0,0,1.273,443.102,673.278,0.282
2025-04-09 14:00,4.600,0,0,0,1.275,365.187,540.686,0.091
2025-04-09 15:00,4.120,0,0,0,1.276,243.539,381.772,0.059
2025-04-09 16:00,3.381,0,0,0,1.279,115.303,207.368,0.079
2025-04-09 17:00,2.328,0,0,0,1.282,14.257,39.152,0.326
2025-04-09 18:00,1.788,0,0,0,1.286,0,0,0.155
2025-04-09 19:00,1.267,0,0,0,1.288,0,0,0.150
2025-04-09 20:00,0.523,0,0,0,1.292,0,0,0.080
2025-04-09 21:00,-0.010,0,0,0,1.294,0,0,0.086
2025-04-09 22:00,0.062,0,0,0,1.295,0,0,0.098
2025-04-09 23:00,-0.014,0,0,0,1.296,0,0,0.645
2025-04-10 00:00,-0.260,0,0,0,1.298,0,0,0.945
2025-04-10 01:00,-0.479,0,0,0,1.299,0,0,0.954
2025-04-10 02:00,-0.604,0,0,0,1.300,0,0,0.958
2025-04-10 03:00,-0.892,0,0,0,1.301,0.138,0.841,0.967
2025-04-10 04:00,-0.816,0,0,0,1.301,28.621,105.439,0.865
2025-04-10 05:00,-0.026,0,0,0,1.299,109.242,283.964,0.663
2025-04-10 06:00,1.076,0,0,0,1.294,211.380,453.888,0.870
2025-04-10 07:00,1.965,0.003,0,0,1.290,283.415,603.685,0.975
2025-04-10 08:00,2.516,0.009,0,0,1.287,321.970,723.169,0.959
2025-04-10 09:00,2.880,0.027,0,0,1.283,295.839,804.257,0.963
2025-04-10 10:00,3.198,0.085,0,0,1.279,266.643,841.421,0.987
2025-04-10 11:00,3.238,0.158,0,0,1.276,205.181,832.013,0.993
2025-04-10 12:00,3.334,0.136,0,0,1.273,172.691,776.916,0.995
2025-04-10 13:00,3.621,0.088,0,0,1.269,156.168,680.021,0.989
2025-04-10 14:00,4.283,0.097,0,0,1.263,185.923,547.530,0.977
2025-04-10 15:00,4.607,0.158,0,0,1.258,127.030,388.853,0.978
2025-04-10 16:00,4.445,0.251,0,0,1.256,50.542,214.679,0.980
2025-04-10 17:00,4.259,0.157,0,0,1.254,6.533,44.318,0.980
2025-04-10 18:00,4.310,0.021,0,0,1.252,0,0,0.988
2025-04-10 19:00,4.543,0.001,0,0,1.249,0,0,0.994
2025-04-10 20:00,4.725,0.002,0,0,1.247,0,0,0.993
2025-04-10 21:00,4.965,0.001,0,0,1.245,0,0,0.991
2025-04-10 22:00,5.475,0,0,0,1.241,0,0,0.928
2025-04-10 23:00,5.370,0,0,0,1.242,0,0,0.507
2025-04-11 00:00,5.278,0,0,0,1.242,0,0,0.239
2025-04-11 01:00,4.880,0,0,0,1.245,0,0,0.423
2025-04-11 02:00,4.192,0.001,0,0,1.249,0,0,0.506
2025-04-11 03:00,3.730,0.001,0,0,1.254,0.330,1.707,0.694
2025-04-11 04:00,3.461,0.003,0,0,1.259,37.473,112.884,0.524
2025-04-11 05:00,3.666,0.004,0,0,1.260,164.540,291.096,0.151
2025-04-11 06:00,4.112,0.002,0,0,1.261,302.636,460.774,0.070
2025-04-11 07:00,4.623,0.001,0,0,1.261,426.425,610.279,0.054
2025-04-11 08:00,5.215,0,0,0,1.261,526.364,729.669,0.032
2025-04-11 09:00,5.911,0,0,0,1.259,606.811,810.595,0.020
2025-04-11 10:00,6.627,0,0,0,1.256,648.054,847.685,0.010
2025-04-11 11:00,7.196,0,0,0,1.254,641.963,838.506,0.006
2025-04-11 12:00,7.627,0,0,0,1.251,594.457,783.416,0.061
2025-04-11 13:00,7.899,0,0,0,1.249,480.053,686.521,0.296
2025-04-11 14:00,7.895,0.001,0,0,1.248,314.222,554.280,0.622
2025-04-11 15:00,7.312,0.003,0,0,1.249,170.801,395.853,0.809
2025-04-11 16:00,5.744,0.006,0,0,1.255,77.122,221.909,0.896
2025-04-11 17:00,4.117,0.004,0,0,1.263,11.156,49.784,0.921
2025-04-11 18:00,3.027,0.001,0,0,1.269,0,0,0.950
2025-04-11 19:00,2.508,0,0,0,1.272,0,0,0.991
2025-04-11 20:00,2.303,0.003,0,0,1.272,0,0,0.844
2025-04-11 21:00,2.203,0.012,0,0,1.271,0,0,0.604
2025-04-11 22:00,2.403,0.013,0.003,0.001,1.269,0,0,0.849
2025-04-11 23:00,2.794,0.006,0.001,0.003,1.265,0,0,0.861
2025-04-12 00:00,3.142,0.001,0,0.003,1.262,0,0,0.923
2025-04-12 01:00,3.180,0,0,0.003,1.260,0,0,0.953
2025-04-12 02:00,3.303,0.002,0,0.003,1.259,0,0,0.968
2025-04-12 03:00,3.794,0.009,0,0.003,1.256,0.422,2.900,0.985
2025-04-12 04:00,4.356,0.030,0,0.003,1.254,18.275,120.250,0.996
2025-04-12 05:00,4.885,0.038,0,0.003,1.253,35.441,298.221,0.998
2025-04-12 06:00,5.464,0.022,0,0.003,1.251,58.501,467.598,0.999
2025-04-12 07:00,6.084,0.035,0,0.002,1.248,99.826,616.935,0.990
2025-04-12 08:00,7.038,0.007,0,0.002,1.246,201.437,736.169,0.617
2025-04-12 09:00,8.958,0,0,0.002,1.240,490.994,817.007,0.164
2025-04-12 10:00,10.404,0,0,0.001,1.234,641.518,853.935,0.010
2025-04-12 11:00,11.329,0,0,0.001,1.231,647.694,844.676,0.001
2025-04-12 12:00,11.956,0,0,0.001,1.228,602.534,789.814,0.001
2025-04-12 13:00,12.217,0,0,0.001,1.226,518.385,693.021,0.001
2025-04-12 14:00,12.144,0,0,0.001,1.225,404.268,560.950,0.001
2025-04-12 15:00,12.087,0,0,0.001,1.224,271.069,402.728,0.001
2025-04-12 16:00,11.151,0,0,0,1.225,134.150,229.094,0
2025-04-12 17:00,9.434,0,0,0,1.227,23.666,55.532,0
2025-04-12 18:00,6.928,0,0,0,1.231,0,0,0
2025-04-12 19:00,5.396,0,0,0,1.236,0,0,0
2025-04-12 20:00,4.893,0,0,0,1.242,0,0,0
2025-04-12 21:00,4.855,0,0,0,1.248,0,0,0
2025-04-12 22:00,4.518,0,0,0,1.253,0,0,0.103
2025-04-12 23:00,4.330,0,0,0,1.257,0,0,0.338
2025-04-13 00:00,4.209,0.001,0,0,1.259,0,0,0.449
2025-04-13 01:00,4.074,0.001,0,0,1.261,0,0,0.541
2025-04-13 02:00,4.183,0.002,0,0,1.262,0,0,0.658
2025-04-13 03:00,4.297,0.003,0,0,1.262,0.812,4.417,0.697
2025-04-13 04:00,4.611,0.003,0,0,1.261,38.301,127.572,0.862
2025-04-13 05:00,5.420,0.002,0,0,1.259,150.431,305.221,0.941
2025-04-13 06:00,6.592,0.002,0,0,1.254,273.425,474.355,0.808
2025-04-13 07:00,7.581,0.003,0,0,1.250,385.205,623.449,0.710
2025-04-13 08:00,8.249,0.004,0,0,1.248,452.660,742.419,0.785
2025-04-13 09:00,8.819,0.003,0,0,1.245,507.892,823.250,0.587
2025-04-13 10:00,9.354,0.002,0,0,1.243,564.787,860.105,0.293
2025-04-13 11:00,9.863,0.002,0,0,1.239,590.792,850.918,0.621
2025-04-13 12:00,9.922,0.002,0,0,1.238,518.825,796.064,0.892
2025-04-13 13:00,9.663,0.001,0,0,1.237,429.787,699.441,0.953
2025-04-13 14:00,9.014,0,0,0,1.237,266.378,567.599,0.975
2025-04-13 15:00,7.915,0,0,0,1.241,123.396,409.563,0.982
2025-04-13 16:00,6.897,0.001,0,0,1.245,62.718,236.199,0.931
2025-04-13 17:00,6.137,0.001,0,0,1.247,14.958,61.555,0.731
2025-04-13 18:00,5.676,0,0,0,1.248,0,0,0.937
2025-04-13 19:00,5.587,0,0,0,1.248,0,0,0.974
2025-04-13 20:00,5.650,0.001,0,0,1.246,0,0,0.990
2025-04-13 21:00,5.682,0.003,0,0,1.245,0,0,0.988
2025-04-13 22:00,5.690,0.015,0,0,1.244,0,0,0.966
2025-04-13 23:00,5.883,0.056,0,0,1.242,0,0,0.945
2025-04-14 00:00,6.055,0.051,0,0,1.240,0,0,0.975
2025-04-14 01:00,5.968,0.006,0,0,1.240,0,0,0.839
2025-04-14 02:00,5.847,0.001,0,0,1.240,0,0,0.838
2025-04-14 03:00,5.888,0.004,0,0,1.241,1.233,6.238,0.955
2025-04-14 04:00,6.228,0.010,0,0,1.241,33.043,134.812,0.873
2025-04-14 05:00,6.972,0.015,0,0,1.239,84.306,312.177,0.819
2025-04-14 06:00,7.677,0.015,0,0,1.237,141.086,481.105,0.722
2025-04-14 07:00,8.647,0.005,0,0,1.234,251.093,629.942,0.481
2025-04-14 08:00,9.774,0.002,0,0,1.230,415.606,748.669,0.297
2025-04-14 09:00,10.897,0.001,0,0,1.226,581.815,829.257,0.629
2025-04-14 10:00,11.625,0.001,0,0,1.223,619.586,866.105,0.922
2025-04-14 11:00,12.048,0.001,0,0,1.221,604.579,856.926,0.937
2025-04-14 12:00,12.223,0,0,0,1.220,558.741,802.307,0.920
2025-04-14 13:00,12.098,0,0,0,1.219,436.502,705.691,0.905
2025-04-14 14:00,11.890,0,0,0,1.220,346.029,574.099,0.667
2025-04-14 15:00,11.554,0,0,0,1.221,256.157,416.387,0.337
2025-04-14 16:00,10.788,0,0,0,1.223,128.782,243.260,0.226
2025-04-14 17:00,9.288,0,0,0,1.228,25.328,67.853,0.620
2025-04-14 18:00,8.096,0,0,0,1.232,0,0,0.411
2025-04-14 19:00,7.768,0,0,0,1.238,0,0,0.030
2025-04-14 20:00,7.161,0,0,0,1.243,0,0,0.006
2025-04-14 21:00,6.214,0,0,0,1.247,0,0,0.005
2025-04-14 22:00,5.311,0,0,0,1.251,0,0,0.010
2025-04-14 23:00,4.621,0,0,0,1.254,0,0,0.005
2025-04-15 00:00,4.005,0,0,0,1.257,0,0,0.032
2025-04-15 01:00,3.541,0,0,0,1.260,0,0,0.165
2025-04-15 02:00,3.512,0.001,0,0,1.262,0,0,0.351
2025-04-15 03:00,3.762,0.003,0,0,1.265,1.858,8.358,0.548
2025-04-15 04:00,4.584,0.004,0,0,1.267,45.234,142.003,0.589
2025-04-15 05:00,5.454,0.001,0,0,1.266,140.440,319.133,0.664
2025-04-15 06:00,6.887,0,0,0,1.261,280.107,487.730,0.942
2025-04-15 07:00,8.582,0,0,0,1.254,387.393,636.428,0.968
2025-04-15 08:00,10.196,0,0,0,1.246,468.564,754.919,0.950
2025-04-15 09:00,11.274,0,0,0,1.242,519.461,835.420,0.976
2025-04-15 10:00,12.008,0,0,0,1.238,499.075,872.105,0.977
2025-04-15 11:00,12.602,0,0,0,1.234,502.920,862.926,0.941
2025-04-15 12:00,13.065,0,0,0,1.232,534.445,808.328,0.845
2025-04-15 13:00,13.153,0,0,0,1.231,502.543,711.941,0.809
2025-04-15 14:00,12.800,0,0,0,1.230,403.036,580.599,0.774
2025-04-15 15:00,11.748,0,0,0,1.235,275.808,423.059,0.728
2025-04-15 16:00,9.930,0,0,0,1.243,140.948,250.235,0.672
2025-04-15 17:00,7.790,0,0,0,1.251,30.679,74.408,0.556
2025-04-15 18:00,6.456,0,0,0,1.257,0,0,0.377
2025-04-15 19:00,5.931,0,0,0,1.260,0,0,0.222
2025-04-15 20:00,5.712,0,0,0,1.260,0,0,0.127
2025-04-15 21:00,6.528,0,0,0,1.256,0,0,0.274
2025-04-15 22:00,7.062,0,0,0,1.254,0,0,0.503
2025-04-15 23:00,7.188,0.001,0,0,1.253,0,0,0.667
2025-04-16 00:00,7.167,0.001,0,0,1.253,0,0,0.870
2025-04-16 01:00,7.159,0.001,0,0,1.253,0,0,0.969
2025-04-16 02:00,7.154,0.001,0,0,1.253,0,0,0.971
2025-04-16 03:00,7.097,0,0,0,1.253,1.455,10.785,0.948
2025-04-16 04:00,7.238,0,0,0,1.252,36.566,149.107,0.920
2025-04-16 05:00,8.060,0.002,0,0,1.249,118.407,325.927,0.893
2025-04-16 06:00,8.940,0.004,0,0,1.247,208.280,494.305,0.836
2025-04-16 07:00,10.121,0.003,0,0,1.242,325.040,642.692,0.779
2025-04-16 08:00,11.171,0.003,0,0,1.238,422.088,761.082,0.647
2025-04-16 09:00,12.176,0.002,0,0,1.233,497.117,841.271,0.549
2025-04-16 10:00,13.051,0.002,0,0,1.229,561.200,878.097,0.446
2025-04-16 11:00,13.651,0.002,0,0,1.226,547.678,868.918,0.628
2025-04-16 12:00,13.759,0.005,0,0,1.224,487.456,814.321,0.819
2025-04-16 13:00,13.373,0.014,0,0,1.225,361.807,718.183,0.964
2025-04-16 14:00,12.609,0.034,0,0,1.227,227.736,586.929,0.969
2025-04-16 15:00,11.583,0.021,0,0,1.231,124.625,429.759,0.969
2025-04-16 16:00,10.516,0.007,0,0,1.236,74.772,257.174,0.963
2025-04-16 17:00,9.227,0.013,0,0,1.241,20.532,81.234,0.967
2025-04-16 18:00,8.195,0.023,0,0,1.246,0.002,0.014,0.972
2025-04-16 19:00,7.821,0.024,0,0,1.248,0,0,0.970
2025-04-16 20:00,7.621,0.022,0,0,1.249,0,0,0.905
2025-04-16 21:00,7.528,0.018,0,0,1.250,0,0,0.760
2025-04-16 22:00,7.416,0.016,0,0,1.250,0,0,0.701
2025-04-16 23:00,7.413,0.017,0,0,1.250,0,0,0.764
2025-04-17 00:00,7.470,0.017,0,0,1.250,0,0,0.767
2025-04-17 01:00,7.404,0.014,0,0,1.250,0,0,0.715
2025-04-17 02:00,7.177,0.011,0,0,1.250,0,0,0.678
2025-04-17 03:00,7.032,0.013,0,0,1.250,1.970,13.508,0.705
2025-04-17 04:00,7.724,0.016,0,0,1.251,34.332,156.169,0.737
2025-04-17 05:00,8.350,0.020,0,0,1.250,99.075,332.644,0.660
2025-04-17 06:00,9.419,0.023,0,0,1.246,208.923,500.761,0.536
2025-04-17 07:00,10.889,0.019,0,0,1.240,328.151,648.862,0.573
2025-04-17 08:00,11.957,0.011,0,0,1.236,370.614,767.082,0.650
2025-04-17 09:00,12.487,0.013,0,0,1.234,386.681,847.170,0.699
2025-04-17 10:00,12.731,0.013,0,0,1.232,375.696,883.996,0.760
2025-04-17 11:00,12.829,0.011,0,0,1.231,357.763,874.668,0.755
2025-04-17 12:00,12.953,0.010,0,0,1.230,354.225,820.227,0.804
2025-04-17 13:00,12.933,0.009,0,0,1.230,329.292,724.183,0.840
2025-04-17 14:00,12.611,0.010,0,0,1.230,273.748,593.341,0.893
2025-04-17 15:00,11.906,0.011,0,0,1.232,193.946,436.259,0.835
2025-04-17 16:00,10.800,0.017,0,0,1.236,104.333,263.998,0.901
2025-04-17 17:00,9.449,0.034,0,0,1.242,23.346,88.222,0.958
2025-04-17 18:00,8.296,0.047,0,0,1.247,0.015,0.086,0.943
2025-04-17 19:00,7.673,0.047,0,0,1.251,0,0,0.921
2025-04-17 20:00,7.061,0.040,0,0,1.253,0,0,0.886
2025-04-17 21:00,6.464,0.039,0,0,1.256,0,0,0.901
2025-04-17 22:00,5.908,0.041,0,0,1.259,0,0,0.887
2025-04-17 23:00,5.563,0.041,0,0,1.260,0,0,0.883
2025-04-18 00:00,5.197,0.041,0,0,1.260,0,0,0.964
2025-04-18 01:00,4.947,0.034,0,0,1.261,0,0,0.992
2025-04-18 02:00,4.877,0.033,0,0,1.261,0,0,0.982
2025-04-18 03:00,4.873,0.037,0,0,1.261,1.513,16.509,0.988
2025-04-18 04:00,4.978,0.045,0,0,1.260,21.430,163.147,0.997
2025-04-18 05:00,5.339,0.042,0,0,1.258,49.365,339.383,0.999
2025-04-18 06:00,5.966,0.027,0,0,1.255,73.946,507.143,0.999
2025-04-18 07:00,6.714,0.020,0,0,1.252,153.084,655.090,0.995
2025-04-18 08:00,7.716,0.017,0,0,1.249,241.953,772.933,0.997
2025-04-18 09:00,8.845,0.014,0,0,1.244,289.516,852.920,0.993
2025-04-18 10:00,10.294,0.015,0,0,1.237,351.550,889.746,0.973
2025-04-18 11:00,11.560,0.019,0,0,1.230,335.320,880.418,0.984
2025-04-18 12:00,12.200,0.037,0,0,1.226,258.689,825.991,0.983
2025-04-18 13:00,12.195,0.069,0,0,1.225,159.376,730.183,0.992
2025-04-18 14:00,11.930,0.299,0,0,1.226,116.169,599.512,0.995
2025-04-18 15:00,11.655,0.697,0,0,1.226,86.843,442.715,0.991
2025-04-18 16:00,11.338,0.477,0,0,1.226,44.119,270.748,0.985
2025-04-18 17:00,10.503,0.096,0,0,1.225,15.592,95.253,0.972
2025-04-18 18:00,9.909,0.085,0,0,1.227,0.029,0.354,0.974
2025-04-18 19:00,9.683,0.116,0,0,1.229,0,0,0.972
2025-04-18 20:00,9.055,0.079,0,0,1.231,0,0,0.906
2025-04-18 21:00,8.615,0.049,0,0,1.233,0,0,0.718
2025-04-18 22:00,8.371,0.046,0,0,1.235,0,0,0.764
2025-04-18 23:00,8.048,0.049,0,0,1.238,0,0,0.942
2025-04-19 00:00,7.760,0.058,0,0,1.240,0,0,0.974
2025-04-19 01:00,7.619,0.068,0,0,1.242,0,0,0.937
2025-04-19 02:00,7.352,0.056,0,0,1.244,0,0,0.940
2025-04-19 03:00,7.216,0.136,0,0,1.246,2.567,19.789,0.987
2025-04-19 04:00,7.090,0.822,0,0,1.247,19.747,170.065,0.988
2025-04-19 05:00,7.146,2.802,0,0,1.247,40.826,345.968,0.983
2025-04-19 06:00,7.303,3.925,0,0,1.247,68.157,513.471,0.981
2025-04-19 07:00,7.434,2.553,0,0,1.247,85.367,661.104,0.985
2025-04-19 08:00,7.711,1.514,0,0,1.246,136.308,778.832,0.992
2025-04-19 09:00,8.152,0.906,0,0,1.245,179.856,858.670,0.994
2025-04-19 10:00,8.548,0.457,0,0,1.243,187.678,895.267,0.996
2025-04-19 11:00,8.789,0.432,0,0,1.242,173.962,886.088,0.995
2025-04-19 12:00,8.672,0.387,0,0,1.242,137.437,831.741,0.990
2025-04-19 13:00,8.324,0.191,0,0,1.244,136.587,736.103,0.958
2025-04-19 14:00,7.948,0.114,0,0,1.246,108.871,605.591,0.888
2025-04-19 15:00,7.548,0.102,0,0,1.248,83.894,449.090,0.834
2025-04-19 16:00,7.081,0.079,0,0,1.250,36.172,277.458,0.879
2025-04-19 17:00,6.672,0.059,0,0,1.252,8.446,102.261,0.935
2025-04-19 18:00,6.360,0.055,0,0,1.253,0.030,0.912,0.952
2025-04-19 19:00,6.210,0.058,0,0,1.254,0,0,0.974
2025-04-19 20:00,6.110,0.061,0,0,1.254,0,0,0.991
2025-04-19 21:00,6.047,0.076,0,0,1.254,0,0,0.999
2025-04-19 22:00,6.014,0.103,0,0,1.254,0,0,0.999
2025-04-19 23:00,5.984,0.111,0,0,1.253,0,0,0.996
2025-04-20 00:00,5.953,0.115,0,0,1.252,0,0,0.992
2025-04-20 01:00,5.997,0.126,0,0,1.251,0,0,0.992
2025-04-20 02:00,6.159,0.168,0,0,1.249,0,0,0.996
2025-04-20 03:00,6.223,0.254,0,0,1.249,0.333,23.353,0.998
2025-04-20 04:00,6.308,0.317,0,0,1.248,4.960,176.881,0.998
2025-04-20 05:00,6.372,0.286,0,0,1.248,15.156,352.475,0.996
2025-04-20 06:00,6.486,0.245,0,0,1.248,39.231,519.717,0.992
2025-04-20 07:00,6.680,0.228,0,0,1.247,57.784,667.104,0.983
2025-04-20 08:00,6.850,0.207,0,0,1.247,83.536,784.582,0.963
2025-04-20 09:00,7.007,0.164,0,0,1.247,105.858,864.333,0.955
2025-04-20 10:00,7.143,0.131,0,0,1.246,113.944,900.767,0.958
2025-04-20 11:00,7.346,0.128,0,0,1.245,130.054,891.588,0.963
2025-04-20 12:00,7.431,0.143,0,0,1.245,115.827,837.469,0.969
2025-04-20 13:00,7.400,0.173,0,0,1.245,93.835,741.853,0.959
2025-04-20 14:00,7.316,0.217,0,0,1.245,74.418,611.591,0.941
2025-04-20 15:00,7.215,0.272,0,0,1.245,52.033,455.461,0.908
2025-04-20 16:00,7.006,0.277,0,0,1.246,29.746,284.079,0.881
2025-04-20 17:00,6.648,0.235,0,0,1.247,9.806,109.156,0.840
2025-04-20 18:00,6.156,0.189,0,0,1.248,0.074,1.764,0.820
2025-04-20 19:00,5.821,0.150,0,0,1.249,0,0,0.818
2025-04-20 20:00,5.517,0.111,0,0,1.250,0,0,0.830
2025-04-20 21:00,5.264,0.081,0,0,1.252,0,0,0.825
2025-04-20 22:00,5.165,0.057,0,0,1.254,0,0,0.797
2025-04-20 23:00,4.987,0.042,0,0,1.255,0,0,0.783
2025-04-21 00:00,4.792,0.033,0,0,1.257,0,0,0.780
2025-04-21 01:00,4.635,0.025,0,0,1.258,0,0,0.789
2025-04-21 02:00,4.529,0.018,0,0,1.259,0,0,0.835
2025-04-21 03:00,4.444,0.013,0,0,1.260,3.262,27.174,0.878
2025-04-21 04:00,4.496,0.015,0,0,1.261,30.607,183.631,0.920
2025-04-21 05:00,4.724,0.020,0,0,1.261,70.674,358.965,0.948
2025-04-21 06:00,5.085,0.023,0,0,1.261,104.146,525.739,0.967
2025-04-21 07:00,5.518,0.029,0,0,1.260,134.452,672.862,0.935
2025-04-21 08:00,5.994,0.030,0,0,1.258,174.817,790.252,0.969
2025-04-21 09:00,6.415,0.032,0,0,1.257,198.033,869.833,0.974
2025-04-21 10:00,6.809,0.030,0,0,1.256,213.321,906.260,0.992
2025-04-21 11:00,7.089,0.025,0,0,1.256,209.046,897.081,0.997
2025-04-21 12:00,7.225,0.021,0,0,1.255,188.020,842.991,0.997
2025-04-21 13:00,7.242,0.018,0,0,1.255,161.160,747.596,0.994
2025-04-21 14:00,7.141,0.017,0,0,1.256,129.377,617.591,0.990
2025-04-21 15:00,6.930,0.015,0,0,1.257,89.913,461.671,0.991
2025-04-21 16:00,6.612,0.014,0,0,1.258,48.914,290.579,0.992
2025-04-21 17:00,6.121,0.016,0,0,1.260,15.895,116.018,0.991
2025-04-21 18:00,5.641,0.021,0,0,1.262,0.206,2.906,0.993
2025-04-21 19:00,5.428,0.021,0,0,1.264,0,0,0.995
2025-04-21 20:00,5.296,0.019,0,0,1.265,0,0,0.994
2025-04-21 21:00,5.168,0.023,0,0,1.266,0,0,0.995
2025-04-21 22:00,5.111,0.034,0,0,1.266,0,0,0.998
2025-04-21 23:00,5.089,0.054,0,0,1.266,0,0,0.997
2025-04-22 00:00,5.024,0.070,0,0,1.266,0,0,0.978
2025-04-22 01:00,4.836,0.070,0,0,1.266,0,0,0.898
2025-04-22 02:00,4.627,0.080,0,0,1.267,0,0,0.905
2025-04-22 03:00,4.557,0.052,0,0,1.267,3.177,31.248,0.884
2025-04-22 04:00,4.996,0.034,0,0,1.267,35.649,190.335,0.776
2025-04-22 05:00,5.470,0.021,0,0,1.266,93.734,365.307,0.742
2025-04-22 06:00,6.373,0.019,0,0,1.263,180.735,531.967,0.630
2025-04-22 07:00,7.496,0.018,0,0,1.259,316.854,678.760,0.625
2025-04-22 08:00,8.680,0.016,0,0,1.254,364.363,795.846,0.677
2025-04-22 09:00,9.774,0.015,0,0,1.250,414.087,875.333,0.439
2025-04-22 10:00,10.919,0.008,0,0,1.246,531.125,911.666,0.364
2025-04-22 11:00,11.595,0.008,0,0,1.242,520.363,902.501,0.506
2025-04-22 12:00,11.242,0.014,0,0,1.242,345.881,848.483,0.840
2025-04-22 13:00,10.260,0.027,0,0,1.244,176.255,753.346,0.916
2025-04-22 14:00,9.319,0.043,0,0,1.247,119.609,623.504,0.933
2025-04-22 15:00,8.440,0.077,0,0,1.251,71.008,467.796,0.945
2025-04-22 16:00,7.552,0.128,0,0,1.255,30.838,297.079,0.926
2025-04-22 17:00,6.848,0.152,0,0,1.258,9.296,122.786,0.967
2025-04-22 18:00,6.349,0.118,0,0,1.260,0.142,4.334,0.995
2025-04-22 19:00,6.057,0.085,0,0,1.262,0,0,0.988
2025-04-22 20:00,5.837,0.062,0,0,1.263,0,0,0.966
2025-04-22 21:00,5.717,0.056,0,0,1.263,0,0,0.930
2025-04-22 22:00,5.638,0.041,0,0,1.263,0,0,0.829
2025-04-22 23:00,5.558,0.048,0,0,1.263,0,0,0.794
2025-04-23 00:00,5.518,0.042,0,0,1.262,0,0,0.799
2025-04-23 01:00,5.525,0.037,0,0,1.262,0,0,0.827
2025-04-23 02:00,5.564,0.048,0,0,1.261,0,0,0.861
2025-04-23 03:00,5.715,0.053,0,0,1.261,2.249,35.582,0.890
2025-04-23 04:00,6.044,0.071,0,0,1.260,20.254,196.921,0.917
2025-04-23 05:00,6.407,0.102,0,0,1.259,47.136,371.557,0.932
2025-04-23 06:00,6.900,0.132,0,0,1.257,86.117,537.887,0.902
2025-04-23 07:00,7.516,0.153,0,0,1.255,140.308,684.503,0.848
2025-04-23 08:00,8.113,0.183,0,0,1.253,190.348,801.346,0.822
2025-04-23 09:00,8.559,0.205,0,0,1.251,205.669,880.583,0.885
2025-04-23 10:00,8.775,0.201,0,0,1.250,183.226,916.930,0.924
2025-04-23 11:00,8.747,0.203,0,0,1.250,151.167,907.831,0.955
2025-04-23 12:00,8.532,0.236,0,0,1.251,123.057,853.890,0.946
2025-04-23 13:00,8.296,0.310,0,0,1.253,133.127,758.846,0.902
2025-04-23 14:00,7.940,0.337,0,0,1.255,118.736,629.254,0.901
2025-04-23 15:00,7.458,0.310,0,0,1.257,91.438,473.918,0.859
2025-04-23 16:00,6.873,0.231,0,0,1.260,65.757,303.450,0.832
2025-04-23 17:00,6.161,0.130,0,0,1.264,25.390,129.463,0.830
2025-04-23 18:00,5.382,0.054,0,0,1.267,0.836,6.043,0.855
2025-04-23 19:00,4.830,0.025,0,0,1.271,0,0,0.839
2025-04-23 20:00,4.321,0.015,0,0,1.273,0,0,0.835
2025-04-23 21:00,3.854,0.013,0,0,1.276,0,0,0.815
2025-04-23 22:00,3.455,0.012,0,0,1.278,0,0,0.787
2025-04-23 23:00,3.156,0.009,0,0,1.280,0,0,0.765
2025-04-24 00:00,3.089,0.004,0,0,1.280,0,0,0.755
2025-04-24 01:00,2.615,0.001,0,0,1.282,0,0,0.681
2025-04-24 02:00,2.224,0,0,0,1.284,0,0,0.580
2025-04-24 03:00,1.886,0,0,0,1.286,13.954,40.158,0.346
2025-04-24 04:00,2.443,0,0,0,1.287,109.668,203.462,0.262
2025-04-24 05:00,3.633,0,0,0,1.284,248.086,377.807,0.215
2025-04-24 06:00,4.905,0,0,0,1.280,392.989,543.731,0.112
2025-04-24 07:00,5.889,0,0,0,1.276,523.344,690.024,0.060
2025-04-24 08:00,6.672,0,0,0,1.274,628.318,806.744,0.107
2025-04-24 09:00,7.341,0,0,0,1.271,695.766,885.846,0.492
2025-04-24 10:00,7.887,0,0,0,1.269,710.675,922.172,0.783
2025-04-24 11:00,8.242,0,0,0,1.266,673.573,912.993,0.911
2025-04-24 12:00,8.406,0,0,0,1.264,591.413,859.140,0.946
2025-04-24 13:00,8.462,0,0,0,1.263,498.950,764.346,0.849
2025-04-24 14:00,8.363,0,0,0,1.262,402.584,635.004,0.560
2025-04-24 15:00,8.046,0,0,0,1.262,299.433,479.878,0.328
2025-04-24 16:00,7.391,0.001,0,0,1.263,154.084,309.700,0.532
2025-04-24 17:00,6.125,0.004,0,0,1.265,44.157,136.066,0.670
2025-04-24 18:00,4.857,0.010,0,0,1.268,1.255,8.023,0.693
2025-04-24 19:00,4.252,0.026,0,0,1.271,0,0,0.663
2025-04-24 20:00,3.926,0.055,0,0,1.273,0,0,0.666
2025-04-24 21:00,3.486,0.102,0,0,1.276,0,0,0.617
2025-04-24 22:00,3.102,0.154,0,0,1.279,0,0,0.636
2025-04-24 23:00,2.885,0.168,0,0,1.282,0,0,0.647
2025-04-25 00:00,2.606,0.102,0,0,1.285,0,0,0.712
2025-04-25 01:00,2.190,0.050,0,0,1.288,0,0,0.741
2025-04-25 02:00,1.635,0.022,0,0,1.292,0,0,0.693
2025-04-25 03:00,1.276,0.015,0,0,1.294,8.504,44.964,0.459
2025-04-25 04:00,1.274,0.006,0,0,1.295,92.517,209.883,0.280
2025-04-25 05:00,2.005,0.001,0,0,1.293,239.095,383.892,0.054
2025-04-25 06:00,3.386,0.001,0,0,1.289,395.795,549.481,0.046
2025-04-25 07:00,4.784,0,0,0,1.284,497.099,695.524,0.120
2025-04-25 08:00,5.691,0,0,0,1.280,555.733,812.008,0.174
2025-04-25 09:00,6.356,0,0,0,1.278,600.503,891.083,0.199
2025-04-25 10:00,6.852,0,0,0,1.275,614.022,927.180,0.239
2025-04-25 11:00,7.248,0,0,0,1.273,608.283,918.015,0.196
2025-04-25 12:00,7.592,0,0,0,1.271,606.191,864.382,0.115
2025-04-25 13:00,7.766,0,0,0,1.270,563.417,769.744,0.070
2025-04-25 14:00,7.690,0,0,0,1.269,464.362,640.504,0.037
2025-04-25 15:00,7.373,0,0,0,1.269,339.441,485.753,0.038
2025-04-25 16:00,6.722,0,0,0,1.269,200.395,315.910,0.028
2025-04-25 17:00,5.330,0,0,0,1.271,73.821,142.586,0.021
2025-04-25 18:00,4.452,0,0,0,1.274,3.240,10.260,0.018
2025-04-25 19:00,3.838,0,0,0,1.276,0,0,0.027
2025-04-25 20:00,3.013,0,0,0,1.278,0,0,0.174
2025-04-25 21:00,2.032,0,0,0,1.279,0,0,0.358
2025-04-25 22:00,1.463,0,0,0,1.279,0,0,0.303
2025-04-25 23:00,1.324,0,0,0,1.281,0,0,0.234
2025-04-26 00:00,1.313,0,0,0,1.283,0,0,0.277
2025-04-26 01:00,1.493,0,0,0,1.286,0,0,0.283
2025-04-26 02:00,1.482,0,0,0,1.291,0,0,0.246
2025-04-26 03:00,1.120,0,0,0,1.294,18.855,49.984,0.111
2025-04-26 04:00,1.829,0,0,0,1.296,121.002,216.258,0.262
2025-04-26 05:00,3.334,0,0,0,1.291,257.817,389.932,0.470
2025-04-26 06:00,5.095,0,0,0,1.284,397.073,555.231,0.311
2025-04-26 07:00,6.211,0,0,0,1.280,526.045,701.024,0.101
2025-04-26 08:00,6.959,0,0,0,1.278,628.618,817.258,0.015
2025-04-26 09:00,7.604,0,0,0,1.276,698.156,896.096,0.014
2025-04-26 10:00,8.253,0,0,0,1.273,735.095,932.172,0.009
2025-04-26 11:00,8.779,0,0,0,1.271,726.282,923.163,0.004
2025-04-26 12:00,9.119,0,0,0,1.268,677.268,869.552,0.002
2025-04-26 13:00,9.285,0,0,0,1.267,592.972,775.008,0.002
2025-04-26 14:00,9.231,0,0,0,1.266,479.471,646.153,0.042
2025-04-26 15:00,8.893,0,0,0,1.266,346.554,491.617,0.351
2025-04-26 16:00,8.088,0,0,0,1.268,192.044,322.032,0.357
2025-04-26 17:00,6.080,0,0,0,1.273,75.984,149.041,0.235
2025-04-26 18:00,3.770,0,0,0,1.278,4.130,12.757,0.270
2025-04-26 19:00,3.068,0,0,0,1.284,0,0,0.288
2025-04-26 20:00,2.554,0,0,0,1.288,0,0,0.454
2025-04-26 21:00,2.052,0,0,0,1.291,0,0,0.595
2025-04-26 22:00,1.746,0,0,0,1.293,0,0,0.588
2025-04-26 23:00,1.561,0,0,0,1.295,0,0,0.582
2025-04-27 00:00,1.593,0,0,0,1.297,0,0,0.731
2025-04-27 01:00,1.536,0,0,0,1.299,0,0,0.870
2025-04-27 02:00,1.397,0,0,0,1.300,0,0,0.875
2025-04-27 03:00,1.650,0,0,0,1.299,15.927,55.233,0.672
2025-04-27 04:00,2.481,0,0,0,1.296,125.254,222.508,0.678
2025-04-27 05:00,4.287,0,0,0,1.289,247.317,395.888,0.839
2025-04-27 06:00,6.144,0,0,0,1.280,333.365,560.901,0.950
2025-04-27 07:00,7.540,0,0,0,1.273,403.600,706.437,0.963
2025-04-27 08:00,8.678,0,0,0,1.267,465.774,822.414,0.974
2025-04-27 09:00,9.665,0,0,0,1.261,491.292,901.017,0.989
2025-04-27 10:00,10.559,0,0,0,1.256,508.057,937.092,0.994
2025-04-27 11:00,11.297,0,0,0,1.251,493.131,927.993,0.991
2025-04-27 12:00,12.135,0,0,0,1.246,523.360,874.552,0.963
2025-04-27 13:00,12.686,0.002,0,0,1.241,468.404,780.244,0.932
2025-04-27 14:00,12.478,0.006,0,0,1.238,267.197,651.504,0.841
2025-04-27 15:00,12.283,0.008,0,0,1.237,213.729,497.323,0.693
2025-04-27 16:00,11.861,0.005,0,0,1.238,133.735,328.106,0.568
2025-04-27 17:00,11.199,0.001,0,0,1.240,55.396,155.414,0.462
2025-04-27 18:00,10.466,0,0,0,1.243,3.408,15.503,0.783
2025-04-27 19:00,10.020,0,0,0,1.245,0,0,0.971
2025-04-27 20:00,9.758,0,0,0,1.247,0,0,0.991
2025-04-27 21:00,9.551,0,0,0,1.248,0,0,0.987
2025-04-27 22:00,9.456,0.001,0,0,1.248,0,0,0.861
2025-04-27 23:00,9.039,0.003,0,0,1.250,0,0,0.860
2025-04-28 00:00,8.512,0.004,0,0,1.253,0,0,0.959
2025-04-28 01:00,8.147,0.001,0,0,1.255,0,0,0.973
2025-04-28 02:00,7.737,0,0,0,1.256,0,0,0.951
2025-04-28 03:00,7.112,0,0,0,1.259,16.578,60.700,0.958
2025-04-28 04:00,7.304,0.001,0,0,1.260,90.805,228.679,0.987
2025-04-28 05:00,7.829,0.002,0,0,1.257,104.222,401.723,0.993
2025-04-28 06:00,8.690,0.010,0,0,1.253,176.118,566.401,0.989
2025-04-28 07:00,9.508,0.038,0,0,1.248,224.408,711.687,0.990
2025-04-28 08:00,10.118,0.050,0,0,1.245,252.479,827.428,0.980
2025-04-28 09:00,10.709,0.046,0,0,1.242,308.418,905.995,0.986
2025-04-28 10:00,10.901,0.078,0,0,1.239,252.263,941.842,0.995
2025-04-28 11:00,11.229,0.127,0,0,1.236,250.537,932.906,0.995
2025-04-28 12:00,11.706,0.089,0,0,1.232,229.747,879.396,0.983
2025-04-28 13:00,12.638,0.015,0,0,1.225,270.015,785.258,0.975
2025-04-28 14:00,13.346,0.008,0,0,1.219,223.586,656.903,0.976
2025-04-28 15:00,13.510,0.017,0,0,1.216,165.823,502.948,0.977
2025-04-28 16:00,13.197,0.017,0,0,1.216,107.304,333.992,0.979
2025-04-28 17:00,12.664,0.012,0,0,1.218,35.889,161.664,0.972
2025-04-28 18:00,12.169,0.030,0,0,1.220,3.108,18.479,0.951
2025-04-28 19:00,11.661,0.104,0,0,1.223,0,0,0.948
2025-04-28 20:00,11.079,0.171,0,0,1.226,0,0,0.946
2025-04-28 21:00,10.607,0.108,0,0,1.229,0,0,0.681
2025-04-28 22:00,10.120,0.017,0,0,1.232,0,0,0.188
2025-04-28 23:00,9.285,0.005,0,0,1.236,0,0,0.030
2025-04-29 00:00,8.492,0.004,0,0,1.241,0,0,0.036
2025-04-29 01:00,7.964,0.002,0,0,1.244,0,0,0.050
2025-04-29 02:00,7.622,0,0,0,1.248,0,0,0.017
2025-04-29 03:00,7.426,0,0,0,1.250,28.205,66.332,0.012
2025-04-29 04:00,7.808,0,0,0,1.250,135.530,234.779,0.015
2025-04-29 05:00,9.004,0,0,0,1.246,272.511,407.473,0.006
2025-04-29 06:00,10.401,0,0,0,1.241,409.873,571.901,0.005
2025-04-29 07:00,11.621,0,0,0,1.236,533.875,716.774,0.005
2025-04-29 08:00,12.750,0,0,0,1.231,633.837,832.407,0.003
2025-04-29 09:00,13.673,0,0,0,1.227,702.207,910.759,0.003
2025-04-29 10:00,14.323,0.001,0,0,1.225,733.101,946.592,0.022
2025-04-29 11:00,14.776,0.004,0,0,1.223,708.800,937.656,0.127
2025-04-29 12:00,14.805,0.009,0,0,1.221,565.130,884.295,0.425
2025-04-29 13:00,14.650,0.008,0,0,1.221,414.086,790.258,0.630
2025-04-29 14:00,14.564,0.005,0,0,1.222,332.412,662.153,0.835
2025-04-29 15:00,14.397,0.003,0,0,1.223,247.055,508.444,0.891
2025-04-29 16:00,14.064,0.018,0,0,1.224,147.992,339.856,0.872
2025-04-29 17:00,12.770,0.011,0,0,1.227,60.092,167.829,0.969
2025-04-29 18:00,11.049,0.001,0,0,1.232,4.423,21.686,0.983
2025-04-29 19:00,9.801,0,0,0,1.236,0,0,0.974
2025-04-29 20:00,9.035,0,0,0,1.239,0,0,0.959
2025-04-29 21:00,8.556,0.002,0,0,1.241,0,0,0.848
2025-04-29 22:00,8.178,0.005,0,0,1.242,0,0,0.632
2025-04-29 23:00,7.722,0.060,0,0,1.243,0,0,0.675
2025-04-30 00:00,7.807,0.213,0,0,1.243,0,0,0.910
2025-04-30 01:00,8.290,0.351,0,0,1.242,0,0,0.974
2025-04-30 02:00,8.502,0.269,0,0,1.242,0,0.001,0.981
2025-04-30 03:00,8.463,0.076,0,0,1.241,8.897,72.179,0.929
2025-04-30 04:00,8.740,0.026,0,0,1.240,76.743,240.782,0.770
2025-04-30 05:00,9.211,0.045,0,0,1.239,165.640,413.145,0.797
2025-04-30 06:00,9.532,0.039,0,0,1.238,222.023,577.165,0.655
2025-04-30 07:00,9.470,0.029,0,0,1.241,284.845,721.937,0.582
2025-04-30 08:00,9.092,0.008,0,0,1.246,358.683,837.178,0.577
2025-04-30 09:00,9.125,0.002,0,0,1.249,468.998,915.495,0.388
2025-04-30 10:00,9.768,0.003,0,0,1.248,611.709,951.335,0.367
2025-04-30 11:00,10.165,0.008,0,0,1.247,610.651,942.163,0.329
2025-04-30 12:00,10.174,0.017,0,0,1.247,528.841,889.045,0.361
2025-04-30 13:00,10.045,0.027,0,0,1.247,417.048,795.171,0.370
2025-04-30 14:00,9.858,0.037,0,0,1.248,313.165,667.167,0.530
2025-04-30 15:00,9.560,0.038,0,0,1.249,197.275,513.944,0.492
2025-04-30 16:00,9.197,0.035,0,0,1.250,132.448,345.606,0.469
2025-04-30 17:00,8.313,0.016,0,0,1.252,57.020,173.929,0.371
2025-04-30 18:00,7.476,0.006,0,0,1.254,6.024,25.124,0.316
2025-04-30 19:00,7.387,0.001,0,0,1.257,0,0,0.211
2025-04-30 20:00,7.100,0,0,0,1.259,0,0,0.097
2025-04-30 21:00,6.133,0,0,0,1.261,0,0,0.038
2025-04-30 22:00,4.732,0,0,0,1.262,0,0,0.020
2025-04-30 23:00,3.828,0,0,0,1.264,0,0,0.013
2025-05-01 00:00,3.680,0,0,0,1.267,0,0,0.019
2025-05-01 01:00,3.837,0,0,0,1.269,0,0,0.292
2025-05-01 02:00,4.514,0.002,0,0,1.272,0.002,0.015,0.807
2025-05-01 03:00,5.194,0.002,0,0,1.271,13.790,78.197,0.921
2025-05-01 04:00,5.888,0.003,0,0,1.268,69.646,246.700,0.861
2025-05-01 05:00,6.734,0.048,0,0,1.265,138.240,418.730,0.876
2025-05-01 06:00,7.675,0.196,0,0,1.260,168.337,582.564,0.918
2025-05-01 07:00,8.155,0.338,0,0,1.257,165.674,726.937,0.984
2025-05-01 08:00,8.580,0.340,0,0,1.255,181.347,841.928,0.992
2025-05-01 09:00,9.101,0.249,0,0,1.251,206.591,920.158,0.993
2025-05-01 10:00,9.621,0.202,0,0,1.248,228.702,955.835,0.994
2025-05-01 11:00,9.999,0.173,0,0,1.246,226.455,946.826,0.996
2025-05-01 12:00,10.194,0.175,0,0,1.244,206.513,893.566,0.997
2025-05-01 13:00,10.171,0.194,0,0,1.243,168.076,800.001,0.997
2025-05-01 14:00,10.012,0.138,0,0,1.243,133.887,672.315,0.995
2025-05-01 15:00,9.886,0.053,0,0,1.243,138.479,519.194,0.981
2025-05-01 16:00,9.813,0.025,0,0,1.242,128.463,351.312,0.971
2025-05-01 17:00,9.309,0.006,0,0,1.243,60.627,179.927,0.966
2025-05-01 18:00,8.467,0,0,0,1.244,7.751,28.758,0.955
2025-05-01 19:00,8.123,0,0,0,1.245,0,0,0.948
2025-05-01 20:00,8.000,0.001,0,0,1.245,0,0,0.946
2025-05-01 21:00,8.106,0.004,0,0,1.243,0,0,0.953
2025-05-01 22:00,8.763,0.006,0,0,1.239,0,0,0.967
2025-05-01 23:00,9.527,0.009,0,0,1.235,0,0,0.970
2025-05-02 00:00,9.894,0.009,0,0,1.232,0,0,0.947
2025-05-02 01:00,9.944,0.003,0,0,1.231,0,0,0.911
2025-05-02 02:00,9.931,0.002,0,0,1.230,0.016,0.123,0.935
2025-05-02 03:00,9.912,0.003,0,0,1.230,29.295,84.265,0.957
2025-05-02 04:00,10.362,0.001,0,0,1.228,113.132,252.512,0.950
2025-05-02 05:00,10.739,0.001,0,0,1.227,222.105,424.230,0.944
2025-05-02 06:00,11.403,0.080,0,0,1.223,323.030,587.651,0.943
2025-05-02 07:00,11.311,0.547,0,0,1.222,253.803,731.701,0.992
2025-05-02 08:00,10.725,0.327,0,0,1.223,193.289,846.671,0.996
2025-05-02 09:00,11.065,0.085,0,0,1.220,245.807,924.658,0.996
2025-05-02 10:00,11.659,0.234,0,0,1.215,227.684,960.255,0.966
2025-05-02 11:00,12.203,0.236,0,0,1.211,320.814,951.170,0.496
2025-05-02 12:00,13.230,0.056,0,0,1.207,542.180,898.215,0.175
2025-05-02 13:00,13.690,0.037,0,0,1.204,520.179,804.671,0.131
2025-05-02 14:00,13.461,0.040,0,0,1.204,416.517,677.315,0.256
2025-05-02 15:00,12.812,0.036,0,0,1.206,257.948,524.593,0.473
2025-05-02 16:00,12.121,0.023,0,0,1.209,153.309,356.926,0.317
2025-05-02 17:00,11.405,0.029,0,0,1.211,76.098,185.806,0.305
2025-05-02 18:00,10.592,0.023,0,0,1.215,8.998,32.607,0.321
2025-05-02 19:00,9.997,0.027,0,0,1.218,0,0,0.340
2025-05-02 20:00,9.353,0.056,0,0,1.221,0,0,0.320
2025-05-02 21:00,8.806,0.043,0,0,1.224,0,0,0.296
2025-05-02 22:00,8.285,0.013,0,0,1.227,0,0,0.187
2025-05-02 23:00,7.707,0.002,0,0,1.230,0,0,0.084
2025-05-03 00:00,7.021,0.001,0,0,1.234,0,0,0.061
2025-05-03 01:00,6.469,0.001,0,0,1.238,0,0,0.063
2025-05-03 02:00,5.679,0,0,0,1.241,0.091,0.434,0.094
2025-05-03 03:00,5.632,0,0,0,1.242,39.374,90.311,0.096
2025-05-03 04:00,6.715,0,0,0,1.241,154.780,258.223,0.011
2025-05-03 05:00,8.141,0,0,0,1.235,292.587,429.605,0.008
2025-05-03 06:00,9.369,0,0,0,1.230,430.594,592.814,0.007
2025-05-03 07:00,10.384,0,0,0,1.226,553.702,736.600,0.045
2025-05-03 08:00,11.263,0,0,0,1.223,650.610,851.171,0.146
2025-05-03 09:00,12.061,0,0,0,1.219,716.145,928.929,0.143
2025-05-03 10:00,12.768,0,0,0,1.216,744.203,964.505,0.147
2025-05-03 11:00,13.176,0,0,0,1.213,668.229,955.576,0.378
2025-05-03 12:00,13.223,0.001,0,0,1.211,508.148,902.707,0.522
2025-05-03 13:00,13.294,0.002,0,0,1.209,433.905,809.399,0.459
2025-05-03 14:00,13.212,0.003,0,0,1.208,324.230,682.159,0.456
2025-05-03 15:00,13.096,0.007,0,0,1.208,262.416,529.694,0.419
2025-05-03 16:00,12.873,0.011,0,0,1.209,151.295,362.387,0.494
2025-05-03 17:00,11.522,0.009,0,0,1.211,58.627,191.615,0.554
2025-05-03 18:00,9.860,0.018,0,0,1.213,6.942,36.638,0.597
2025-05-03 19:00,8.938,0.025,0,0,1.218,0,0,0.637
2025-05-03 20:00,8.537,0.039,0,0,1.225,0,0,0.662
2025-05-03 21:00,7.711,0.035,0,0,1.231,0,0,0.726
2025-05-03 22:00,6.845,0.048,0,0,1.237,0,0,0.832
2025-05-03 23:00,6.158,0.073,0,0,1.241,0,0,0.862
2025-05-04 00:00,5.570,0.111,0,0,1.245,0,0,0.852
2025-05-04 01:00,5.064,0.140,0,0,1.247,0,0,0.793
2025-05-04 02:00,4.591,0.163,0,0,1.250,0.082,0.976,0.749
2025-05-04 03:00,4.269,0.250,0,0,1.252,17.511,96.267,0.776
2025-05-04 04:00,4.130,0.282,0,0,1.254,67.302,263.926,0.757
2025-05-04 05:00,4.323,0.244,0,0,1.255,142.485,434.936,0.710
2025-05-04 06:00,4.892,0.169,0,0,1.254,240.786,597.814,0.700
2025-05-04 07:00,5.540,0.119,0,0,1.253,319.835,741.201,0.685
2025-05-04 08:00,6.049,0.075,0,0,1.252,382.827,855.671,0.659
2025-05-04 09:00,6.413,0.043,0,0,1.252,440.534,933.328,0.594
2025-05-04 10:00,6.634,0.039,0,0,1.252,501.052,968.755,0.479
2025-05-04 11:00,6.570,0.030,0,0,1.254,528.447,959.818,0.401
2025-05-04 12:00,6.401,0.008,0,0,1.256,522.667,906.965,0.300
2025-05-04 13:00,6.273,0.001,0,0,1.257,512.013,813.899,0.179
2025-05-04 14:00,6.054,0,0,0,1.259,459.655,686.909,0.096
2025-05-04 15:00,5.783,0,0,0,1.260,362.041,534.843,0.064
2025-05-04 16:00,5.449,0,0,0,1.261,236.691,367.762,0.038
2025-05-04 17:00,4.841,0,0,0,1.263,110.090,197.343,0.045
2025-05-04 18:00,3.489,0,0,0,1.265,15.498,40.846,0.105
2025-05-04 19:00,2.146,0,0,0,1.266,0,0,0.186
2025-05-04 20:00,2.102,0.001,0,0,1.265,0,0,0.341
2025-05-04 21:00,2.572,0,0,0,1.265,0,0,0.427
2025-05-04 22:00,3.342,0,0,0,1.267,0,0,0.299
2025-05-04 23:00,3.185,0.002,0,0,1.269,0,0,0.153
2025-05-05 00:00,2.882,0,0,0,1.272,0,0,0.136
2025-05-05 01:00,2.325,0.001,0,0,1.274,0,0,0.078
2025-05-05 02:00,1.930,0,0,0,1.277,0.385,1.748,0.086
2025-05-05 03:00,1.974,0,0,0,1.279,44.548,102.132,0.168
2025-05-05 04:00,2.808,0,0,0,1.277,161.818,269.426,0.020
2025-05-05 05:00,4.149,0,0,0,1.273,300.111,440.072,0.019
2025-05-05 06:00,5.524,0,0,0,1.268,437.390,602.564,0.029
2025-05-05 07:00,6.570,0,0,0,1.264,557.497,745.850,0.193
2025-05-05 08:00,7.236,0,0,0,1.261,585.075,860.091,0.326
2025-05-05 09:00,8.073,0,0,0,1.257,653.048,937.578,0.332
2025-05-05 10:00,8.900,0,0,0,1.252,673.744,972.997,0.608
2025-05-05 11:00,9.248,0,0,0,1.248,556.723,964.068,0.795
2025-05-05 12:00,9.303,0.001,0,0,1.245,413.249,911.215,0.826
2025-05-05 13:00,9.610,0,0,0,1.242,398.374,818.319,0.511
2025-05-05 14:00,10.110,0,0,0,1.238,449.529,691.565,0.193
2025-05-05 15:00,10.156,0,0,0,1.236,362.810,539.694,0.129
2025-05-05 16:00,9.815,0,0,0,1.235,224.980,373.059,0.188
2025-05-05 17:00,9.077,0,0,0,1.236,97.869,202.966,0.302
2025-05-05 18:00,8.199,0,0,0,1.239,14.612,45.243,0.317
2025-05-05 19:00,7.643,0.007,0,0,1.241,0,0,0.346
2025-05-05 20:00,6.951,0.094,0,0,1.245,0,0,0.513
2025-05-05 21:00,6.775,0.343,0,0,1.247,0,0,0.689
2025-05-05 22:00,6.571,0.250,0,0,1.248,0,0,0.671
2025-05-05 23:00,6.255,0.116,0,0,1.249,0,0,0.526
2025-05-06 00:00,5.722,0.045,0,0,1.251,0,0,0.431
2025-05-06 01:00,5.326,0.004,0,0,1.254,0,0,0.499
2025-05-06 02:00,4.848,0.001,0,0,1.258,0.382,2.752,0.337
2025-05-06 03:00,4.461,0.003,0,0,1.261,39.705,107.903,0.189
2025-05-06 04:00,4.831,0.025,0,0,1.261,143.912,274.812,0.110
2025-05-06 05:00,5.509,0.050,0,0,1.260,269.584,445.193,0.119
2025-05-06 06:00,6.047,0.044,0,0,1.260,388.177,607.328,0.140
2025-05-06 07:00,6.262,0.046,0,0,1.261,493.639,750.350,0.218
2025-05-06 08:00,6.358,0.012,0,0,1.263,542.753,864.341,0.209
2025-05-06 09:00,6.886,0.002,0,0,1.263,673.111,941.672,0.124
2025-05-06 10:00,7.518,0,0,0,1.262,753.382,977.005,0.018
2025-05-06 11:00,7.936,0,0,0,1.261,760.186,968.068,0.013
2025-05-06 12:00,8.101,0,0,0,1.260,708.619,915.457,0.026
2025-05-06 13:00,8.015,0,0,0,1.260,614.541,822.663,0.058
2025-05-06 14:00,7.692,0,0,0,1.262,484.298,696.228,0.122
2025-05-06 15:00,7.312,0,0,0,1.263,333.006,544.607,0.233
2025-05-06 16:00,6.875,0.001,0,0,1.263,188.461,378.258,0.327
2025-05-06 17:00,6.076,0.002,0,0,1.265,80.472,208.466,0.408
2025-05-06 18:00,4.962,0.007,0,0,1.266,12.365,49.791,0.441
2025-05-06 19:00,4.455,0.008,0,0,1.268,0,0,0.467
2025-05-06 20:00,4.108,0.019,0,0,1.270,0,0,0.475
2025-05-06 21:00,3.597,0.026,0,0,1.273,0,0,0.485
2025-05-06 22:00,3.103,0.034,0,0,1.277,0,0,0.494
2025-05-06 23:00,2.609,0.044,0,0,1.281,0,0,0.505
2025-05-07 00:00,2.181,0.028,0,0,1.285,0,0,0.462
2025-05-07 01:00,1.814,0.006,0,0,1.288,0,0,0.376
2025-05-07 02:00,1.442,0.003,0,0,1.290,0.723,3.964,0.395
2025-05-07 03:00,1.781,0.003,0,0,1.291,41.194,113.551,0.547
2025-05-07 04:00,2.680,0.002,0,0,1.289,132.901,280.183,0.511
2025-05-07 05:00,3.827,0.003,0,0,1.285,256.108,450.193,0.408
2025-05-07 06:00,4.996,0.006,0,0,1.282,375.107,612.078,0.234
2025-05-07 07:00,5.962,0.005,0,0,1.278,502.276,754.850,0.173
2025-05-07 08:00,6.775,0.007,0,0,1.275,572.609,868.583,0.217
2025-05-07 09:00,7.361,0.021,0,0,1.273,584.945,945.672,0.194
2025-05-07 10:00,8.075,0.011,0,0,1.270,670.432,980.997,0.156
2025-05-07 11:00,8.773,0.004,0,0,1.266,677.756,972.068,0.162
2025-05-07 12:00,9.191,0.003,0,0,1.263,621.277,919.457,0.414
2025-05-07 13:00,9.186,0.001,0,0,1.261,475.937,826.913,0.831
2025-05-07 14:00,8.962,0,0,0,1.260,326.526,700.728,0.966
2025-05-07 15:00,8.734,0,0,0,1.259,219.553,549.357,0.910
2025-05-07 16:00,8.548,0,0,0,1.259,195.260,383.383,0.776
2025-05-07 17:00,7.673,0,0,0,1.260,85.843,213.878,0.771
2025-05-07 18:00,6.205,0.001,0,0,1.262,15.001,54.493,0.581
2025-05-07 19:00,5.219,0.002,0,0,1.264,0,0,0.506
2025-05-07 20:00,4.742,0.011,0,0,1.266,0,0,0.579
2025-05-07 21:00,4.555,0.045,0,0,1.269,0,0,0.680
2025-05-07 22:00,4.393,0.094,0,0,1.272,0,0,0.762
2025-05-07 23:00,4.488,0.104,0,0,1.273,0,0,0.738
2025-05-08 00:00,4.235,0.064,0,0,1.275,0,0,0.610
2025-05-08 01:00,3.458,0.027,0,0,1.276,0,0,0.496
2025-05-08 02:00,2.738,0.006,0,0,1.277,0.985,5.392,0.321
2025-05-08 03:00,2.877,0.001,0,0,1.278,47.038,119.113,0.170
2025-05-08 04:00,4.280,0,0,0,1.278,158.989,285.393,0.108
2025-05-08 05:00,5.497,0,0,0,1.275,288.083,455.146,0.101
2025-05-08 06:00,6.628,0,0,0,1.272,417.582,616.726,0.118
2025-05-08 07:00,7.481,0,0,0,1.269,520.442,759.100,0.180
2025-05-08 08:00,8.004,0.001,0,0,1.267,557.469,872.591,0.293
2025-05-08 09:00,8.400,0.001,0,0,1.265,557.828,949.592,0.302
2025-05-08 10:00,9.088,0.001,0,0,1.262,648.997,984.918,0.244
2025-05-08 11:00,9.488,0.003,0,0,1.259,622.241,975.981,0.348
2025-05-08 12:00,9.642,0.003,0,0,1.257,557.055,923.457,0.537
2025-05-08 13:00,9.608,0.002,0,0,1.256,445.040,831.069,0.529
2025-05-08 14:00,9.456,0.001,0,0,1.256,354.843,705.058,0.527
2025-05-08 15:00,9.088,0.002,0,0,1.256,276.112,554.093,0.440
2025-05-08 16:00,8.313,0.005,0,0,1.258,179.174,388.339,0.399
2025-05-08 17:00,7.107,0.014,0,0,1.261,87.106,219.190,0.420
2025-05-08 18:00,5.589,0.027,0,0,1.266,16.161,59.337,0.469
2025-05-08 19:00,4.733,0.030,0,0,1.270,0,0,0.654
2025-05-08 20:00,4.431,0.031,0,0,1.272,0,0,0.835
2025-05-08 21:00,4.324,0.041,0,0,1.273,0,0,0.957
2025-05-08 22:00,4.289,0.067,0,0,1.273,0,0,0.990
2025-05-08 23:00,4.217,0.172,0,0,1.273,0,0,0.997
2025-05-09 00:00,4.148,0.381,0,0,1.273,0,0,0.996
2025-05-09 01:00,4.043,0.675,0,0,1.274,0,0,0.996
2025-05-09 02:00,3.841,0.816,0,0,1.275,0.268,7.011,0.994
2025-05-09 03:00,3.583,0.792,0,0,1.276,10.219,124.574,0.993
2025-05-09 04:00,3.391,0.648,0,0,1.278,31.408,290.518,0.990
2025-05-09 05:00,3.485,0.555,0,0,1.278,70.626,459.903,0.988
2025-05-09 06:00,3.781,0.590,0,0,1.277,102.379,621.226,0.994
2025-05-09 07:00,4.014,0.551,0,0,1.276,118.677,763.350,0.998
2025-05-09 08:00,4.192,0.424,0,0,1.275,135.492,876.591,0.998
2025-05-09 09:00,4.524,0.255,0,0,1.274,174.937,953.570,0.995
2025-05-09 10:00,4.987,0.148,0,0,1.273,214.347,988.668,0.971
2025-05-09 11:00,5.462,0.098,0,0,1.271,243.225,979.731,0.932
2025-05-09 12:00,5.855,0.079,0,0,1.269,245.524,927.370,0.947
2025-05-09 13:00,6.115,0.079,0,0,1.268,231.976,835.083,0.984
2025-05-09 14:00,6.103,0.080,0,0,1.267,172.345,709.322,0.997
2025-05-09 15:00,5.849,0.060,0,0,1.268,106.759,558.607,0.997
2025-05-09 16:00,5.499,0.038,0,0,1.269,68.661,393.214,0.996
2025-05-09 17:00,5.088,0.024,0,0,1.271,37.898,224.419,0.992
2025-05-09 18:00,4.453,0.012,0,0,1.274,9.902,64.309,0.980
2025-05-09 19:00,3.811,0.007,0,0,1.275,0,0,0.822
2025-05-09 20:00,3.198,0.004,0,0,1.277,0,0,0.600
2025-05-09 21:00,2.733,0.001,0,0,1.278,0,0,0.785
2025-05-09 22:00,2.585,0.001,0,0,1.279,0,0,0.804
2025-05-09 23:00,2.407,0,0,0,1.279,0,0,0.792
2025-05-10 00:00,2.288,0,0,0,1.279,0,0,0.821
2025-05-10 01:00,2.274,0,0,0,1.280,0,0,0.818
2025-05-10 02:00,2.262,0,0,0,1.280,2.282,8.818,0.789
2025-05-10 03:00,2.653,0,0,0,1.280,51.523,129.938,0.762
2025-05-10 04:00,4.130,0,0,0,1.281,159.118,295.603,0.585
2025-05-10 05:00,5.196,0,0,0,1.280,298.894,464.653,0.447
2025-05-10 06:00,6.490,0,0,0,1.276,442.204,625.498,0.240
2025-05-10 07:00,7.675,0,0,0,1.272,569.243,767.364,0.263
2025-05-10 08:00,8.556,0.001,0,0,1.268,616.441,880.504,0.395
2025-05-10 09:00,9.113,0.002,0,0,1.266,598.787,957.240,0.527
2025-05-10 10:00,9.495,0.003,0,0,1.264,573.686,992.396,0.562
2025-05-10 11:00,9.740,0.003,0,0,1.262,539.516,983.481,0.625
2025-05-10 12:00,9.824,0.004,0,0,1.261,476.013,931.120,0.643
2025-05-10 13:00,9.865,0.004,0,0,1.260,427.999,839.062,0.570
2025-05-10 14:00,9.814,0.004,0,0,1.259,368.615,713.558,0.513
2025-05-10 15:00,9.556,0.003,0,0,1.258,277.987,563.107,0.482
2025-05-10 16:00,9.073,0.001,0,0,1.259,188.582,398.004,0.428
2025-05-10 17:00,8.146,0,0,0,1.261,103.323,229.538,0.409
2025-05-10 18:00,6.251,0,0,0,1.264,24.037,69.383,0.657
2025-05-10 19:00,5.042,0,0,0,1.267,0.002,0.016,0.790
2025-05-10 20:00,4.501,0,0,0,1.270,0,0,0.848
2025-05-10 21:00,4.156,0,0,0,1.272,0,0,0.904
2025-05-10 22:00,4.066,0.001,0,0,1.274,0,0,0.936
2025-05-10 23:00,4.053,0.001,0,0,1.275,0,0,0.916
2025-05-11 00:00,4.040,0.003,0,0,1.275,0,0,0.820
2025-05-11 01:00,3.989,0.004,0,0,1.276,0,0,0.736
2025-05-11 02:00,3.891,0.005,0,0,1.276,2.115,10.805,0.787
2025-05-11 03:00,4.286,0.003,0,0,1.276,38.746,135.178,0.888
2025-05-11 04:00,5.568,0.002,0,0,1.275,111.632,300.518,0.896
2025-05-11 05:00,6.763,0.001,0,0,1.271,215.753,469.235,0.857
2025-05-11 06:00,8.137,0.001,0,0,1.266,352.260,629.828,0.762
2025-05-11 07:00,9.466,0.001,0,0,1.260,500.639,771.364,0.765
2025-05-11 08:00,10.580,0.002,0,0,1.256,601.016,884.254,0.850
2025-05-11 09:00,11.348,0.003,0,0,1.252,651.520,960.834,0.847
2025-05-11 10:00,11.957,0.003,0,0,1.249,698.254,995.910,0.742
2025-05-11 11:00,12.308,0.003,0,0,1.247,681.146,986.981,0.633
2025-05-11 12:00,12.467,0.002,0,0,1.245,645.610,934.870,0.449
2025-05-11 13:00,12.487,0.001,0,0,1.244,602.191,842.982,0.343
2025-05-11 14:00,12.186,0.001,0,0,1.244,479.643,717.720,0.365
2025-05-11 15:00,11.710,0,0,0,1.245,375.174,567.505,0.385
2025-05-11 16:00,10.911,0,0,0,1.247,254.527,402.714,0.504
2025-05-11 17:00,9.528,0,0,0,1.251,131.926,234.538,0.631
2025-05-11 18:00,7.180,0,0,0,1.256,30.710,74.533,0.677
2025-05-11 19:00,5.618,0,0,0,1.261,0.011,0.060,0.724
2025-05-11 20:00,5.058,0,0,0,1.264,0,0,0.813
2025-05-11 21:00,4.572,0,0,0,1.266,0,0,0.898
2025-05-11 22:00,4.200,0,0,0,1.267,0,0,0.928
2025-05-11 23:00,3.892,0.001,0,0,1.268,0,0,0.941
2025-05-12 00:00,3.751,0.002,0,0,1.268,0,0,0.948
2025-05-12 01:00,3.712,0.003,0,0,1.268,0,0,0.954
2025-05-12 02:00,3.792,0.006,0,0,1.268,3.465,12.953,0.959
2025-05-12 03:00,4.619,0.007,0,0,1.268,55.590,140.306,0.944
2025-05-12 04:00,6.554,0.009,0,0,1.267,148.357,305.353,0.943
2025-05-12 05:00,7.966,0.008,0,0,1.262,278.454,473.735,0.886
2025-05-12 06:00,9.826,0.007,0,0,1.254,377.631,633.998,0.880
2025-05-12 07:00,11.070,0.005,0,0,1.249,472.314,775.364,0.818
2025-05-12 08:00,12.086,0.003,0,0,1.245,554.117,888.004,0.730
2025-05-12 09:00,13.057,0.003,0,0,1.240,625.080,964.490,0.687
2025-05-12 10:00,13.808,0.005,0,0,1.236,624.302,999.410,0.614
2025-05-12 11:00,14.408,0.006,0,0,1.233,618.028,990.481,0.518
2025-05-12 12:00,14.627,0.007,0,0,1.230,527.274,938.370,0.728
2025-05-12 13:00,14.247,0.006,0,0,1.229,308.937,846.732,0.756
2025-05-12 14:00,14.136,0.005,0,0,1.228,246.088,721.720,0.725
2025-05-12 15:00,14.106,0.005,0,0,1.228,184.179,571.755,0.747
2025-05-12 16:00,13.567,0.004,0,0,1.229,111.971,407.328,0.787
2025-05-12 17:00,12.798,0.001,0,0,1.230,66.520,239.417,0.552
2025-05-12 18:00,11.482,0,0,0,1.232,25.601,79.680,0.211
2025-05-12 19:00,9.992,0,0,0,1.234,0.035,0.209,0.120
2025-05-12 20:00,9.052,0,0,0,1.235,0,0,0.250
2025-05-12 21:00,8.552,0.010,0,0,1.236,0,0,0.575
2025-05-12 22:00,8.842,0.059,0,0,1.237,0,0,0.905
2025-05-12 23:00,9.193,0.198,0,0,1.237,0,0,0.973
2025-05-13 00:00,9.423,0.260,0,0,1.236,0,0,0.957
2025-05-13 01:00,9.505,0.252,0,0,1.235,0,0,0.974
2025-05-13 02:00,9.720,0.238,0,0,1.234,1.875,15.259,0.987
2025-05-13 03:00,10.282,0.162,0,0,1.234,20.891,145.365,0.992
2025-05-13 04:00,10.853,0.126,0,0,1.234,56.600,310.099,0.993
2025-05-13 05:00,11.364,0.127,0,0,1.234,87.157,478.110,0.994
2025-05-13 06:00,12.134,0.134,0,0,1.232,123.312,638.226,0.994
2025-05-13 07:00,13.026,0.154,0,0,1.229,186.958,779.262,0.987
2025-05-13 08:00,13.749,0.245,0,0,1.227,300.100,891.666,0.984
2025-05-13 09:00,13.851,0.484,0,0,1.226,287.639,967.983,0.988
2025-05-13 10:00,13.753,1.060,0,0,1.226,274.188,1002.830,0.993
2025-05-13 11:00,13.160,1.420,0,0,1.227,209.594,993.981,0.994
2025-05-13 12:00,12.746,1.146,0,0,1.229,166.407,941.870,0.994
2025-05-13 13:00,12.831,0.768,0,0,1.228,177.792,850.474,0.994
2025-05-13 14:00,13.216,0.328,0,0,1.226,182.243,725.478,0.986
2025-05-13 15:00,13.581,0.095,0,0,1.224,188.912,575.998,0.975
2025-05-13 16:00,13.349,0.027,0,0,1.224,116.710,411.714,0.972
2025-05-13 17:00,12.440,0.012,0,0,1.225,62.015,244.204,0.972
2025-05-13 18:00,10.917,0.004,0,0,1.227,21.685,84.741,0.966
2025-05-13 19:00,9.458,0.006,0,0,1.229,0.087,0.516,0.960
2025-05-13 20:00,8.796,0.061,0,0,1.231,0,0,0.964
2025-05-13 21:00,9.074,0.332,0,0,1.233,0,0,0.979
2025-05-13 22:00,9.392,0.450,0,0,1.235,0,0,0.987
2025-05-13 23:00,9.386,0.221,0,0,1.236,0,0,0.983
2025-05-14 00:00,9.135,0.114,0,0,1.239,0,0,0.993
2025-05-14 01:00,8.205,0.049,0,0,1.245,0,0,0.993
2025-05-14 02:00,6.725,0.006,0,0,1.254,2.137,17.709,0.990
2025-05-14 03:00,6.019,0.001,0,0,1.260,29.139,150.281,0.991
2025-05-14 04:00,5.895,0,0,0,1.262,110.973,314.724,0.909
2025-05-14 05:00,6.186,0,0,0,1.262,292.268,482.445,0.394
2025-05-14 06:00,6.709,0,0,0,1.261,450.696,642.146,0.087
2025-05-14 07:00,7.344,0,0,0,1.258,569.727,783.012,0.066
2025-05-14 08:00,8.112,0,0,0,1.255,671.645,895.166,0.046
2025-05-14 09:00,9.072,0,0,0,1.250,761.624,971.254,0.014
2025-05-14 10:00,10.055,0,0,0,1.245,797.869,1006.080,0.017
2025-05-14 11:00,10.750,0.001,0,0,1.240,776.358,997.231,0.067
2025-05-14 12:00,11.024,0.025,0,0,1.236,674.178,945.370,0.275
2025-05-14 13:00,10.511,0.076,0,0,1.236,430.364,853.974,0.695
2025-05-14 14:00,9.412,0.285,0,0,1.239,216.264,729.390,0.873
2025-05-14 15:00,8.066,0.429,0,0,1.246,114.018,580.005,0.873
2025-05-14 16:00,7.186,0.278,0,0,1.250,76.448,416.160,0.783
2025-05-14 17:00,6.829,0.286,0,0,1.251,60.724,248.886,0.721
2025-05-14 18:00,6.371,0.596,0,0,1.252,14.024,89.709,0.797
2025-05-14 19:00,5.629,1.145,0,0,1.256,0.031,0.998,0.892
2025-05-14 20:00,4.854,0.685,0,0,1.261,0,0,0.826
2025-05-14 21:00,4.529,0.169,0,0,1.263,0,0,0.669
2025-05-14 22:00,4.464,0.063,0,0,1.263,0,0,0.660
2025-05-14 23:00,4.652,0.131,0,0,1.262,0,0,0.780
2025-05-15 00:00,5.085,0.890,0,0,1.259,0,0,0.875
2025-05-15 01:00,5.899,1.141,0,0,1.254,0,0,0.905
2025-05-15 02:00,6.829,0.350,0,0,1.249,1.380,20.297,0.756
2025-05-15 03:00,7.265,0.132,0,0,1.248,31.316,155.097,0.678
2025-05-15 04:00,7.378,0.115,0,0,1.250,92.377,319.224,0.567
2025-05-15 05:00,7.827,0.052,0,0,1.250,194.713,486.610,0.472
2025-05-15 06:00,8.619,0.010,0,0,1.248,325.845,645.990,0.370
2025-05-15 07:00,9.368,0.001,0,0,1.246,491.385,786.526,0.149
2025-05-15 08:00,10.040,0,0,0,1.245,638.342,898.666,0.069
2025-05-15 09:00,10.668,0,0,0,1.243,729.923,974.504,0.032
2025-05-15 10:00,11.332,0,0,0,1.240,775.857,1009.330,0.012
2025-05-15 11:00,11.897,0,0,0,1.237,779.513,1000.481,0.004
2025-05-15 12:00,12.260,0,0,0,1.235,735.439,948.620,0.001
2025-05-15 13:00,12.428,0,0,0,1.233,655.683,857.474,0
2025-05-15 14:00,12.370,0,0,0,1.233,547.479,733.119,0
2025-05-15 15:00,12.059,0,0,0,1.233,419.621,583.998,0
2025-05-15 16:00,11.519,0,0,0,1.235,282.816,420.410,0
2025-05-15 17:00,10.740,0,0,0,1.237,150.403,253.450,0
2025-05-15 18:00,9.757,0,0,0,1.241,42.785,94.571,0
2025-05-15 19:00,8.825,0,0,0,1.245,0.368,1.646,0
2025-05-15 20:00,8.102,0,0,0,1.249,0,0,0
2025-05-15 21:00,7.586,0,0,0,1.252,0,0,0
2025-05-15 22:00,7.135,0,0,0,1.255,0,0,0.007
2025-05-15 23:00,6.748,0,0,0,1.257,0,0,0.048
2025-05-16 00:00,6.432,0,0,0,1.259,0,0,0.087
2025-05-16 01:00,6.107,0,0,0,1.261,0,0,0.067
2025-05-16 02:00,5.789,0,0,0,1.263,7.118,23.004,0.070
2025-05-16 03:00,6.085,0,0,0,1.262,76.497,159.786,0.050
2025-05-16 04:00,7.162,0,0,0,1.258,197.312,323.599,0.011
2025-05-16 05:00,8.664,0,0,0,1.252,336.416,490.695,0.006
2025-05-16 06:00,10.201,0,0,0,1.246,472.988,649.740,0.005
2025-05-16 07:00,11.468,0,0,0,1.241,594.578,790.026,0.005
2025-05-16 08:00,12.397,0,0,0,1.237,692.251,901.916,0.003
2025-05-16 09:00,13.042,0,0,0,1.235,759.503,977.747,0.002
2025-05-16 10:00,13.475,0,0,0,1.233,791.418,1012.330,0.001
2025-05-16 11:00,13.730,0,0,0,1.231,784.688,1003.644,0
2025-05-16 12:00,13.834,0,0,0,1.230,739.621,951.870,0
2025-05-16 13:00,13.752,0,0,0,1.229,660.377,860.880,0.001
2025-05-16 14:00,13.543,0,0,0,1.228,552.451,736.640,0.022
2025-05-16 15:00,13.206,0,0,0,1.228,423.846,587.918,0.004
2025-05-16 16:00,12.671,0,0,0,1.229,286.850,424.535,0
2025-05-16 17:00,11.859,0,0,0,1.231,154.362,257.930,0
2025-05-16 18:00,10.812,0,0,0,1.235,45.760,99.310,0
2025-05-16 19:00,9.881,0,0,0,1.239,0.583,2.462,0
2025-05-16 20:00,9.234,0,0,0,1.242,0,0,0.013
2025-05-16 21:00,8.644,0,0,0,1.245,0,0,0.068
2025-05-16 22:00,8.064,0,0,0,1.248,0,0,0.163
2025-05-16 23:00,7.683,0.001,0,0,1.251,0,0,0.237
2025-05-17 00:00,7.278,0.002,0,0,1.253,0,0,0.373
2025-05-17 01:00,6.975,0.001,0,0,1.254,0,0,0.186
2025-05-17 02:00,6.743,0.008,0,0,1.255,7.771,25.822,0.272
2025-05-17 03:00,7.052,0.053,0,0,1.255,63.788,164.352,0.376
2025-05-17 04:00,7.807,0.110,0,0,1.253,151.839,327.860,0.455
2025-05-17 05:00,8.846,0.143,0,0,1.249,240.743,494.695,0.450
2025-05-17 06:00,9.726,0.144,0,0,1.246,292.116,653.490,0.668
2025-05-17 07:00,10.005,0.346,0,0,1.244,245.947,793.526,0.817
2025-05-17 08:00,10.028,0.627,0,0,1.244,244.134,905.166,0.810
2025-05-17 09:00,10.106,0.579,0,0,1.244,321.877,980.754,0.743
2025-05-17 10:00,10.219,0.264,0,0,1.244,336.001,1015.479,0.773
2025-05-17 11:00,10.460,0.125,0,0,1.244,360.698,1006.644,0.672
2025-05-17 12:00,10.451,0.093,0,0,1.243,314.788,955.032,0.755
2025-05-17 13:00,10.174,0.075,0,0,1.244,246.909,864.144,0.852
2025-05-17 14:00,9.854,0.061,0,0,1.245,198.617,740.133,0.877
2025-05-17 15:00,9.527,0.045,0,0,1.246,128.846,591.668,0.856
2025-05-17 16:00,9.214,0.028,0,0,1.247,89.840,428.660,0.877
2025-05-17 17:00,8.849,0.013,0,0,1.248,56.843,262.278,0.913
2025-05-17 18:00,8.328,0.004,0,0,1.250,18.746,103.935,0.871
2025-05-17 19:00,7.720,0.001,0,0,1.253,0.402,3.426,0.909
2025-05-17 20:00,7.079,0.001,0,0,1.256,0,0,0.552
2025-05-17 21:00,6.312,0.002,0,0,1.259,0,0,0.380
2025-05-17 22:00,5.968,0.002,0,0,1.261,0,0,0.534
2025-05-17 23:00,5.836,0.002,0,0,1.262,0,0,0.671
2025-05-18 00:00,5.818,0.003,0,0,1.262,0,0,0.895
2025-05-18 01:00,5.942,0.005,0,0,1.261,0,0,0.976
2025-05-18 02:00,6.204,0.007,0,0,1.259,3.999,28.743,0.956
2025-05-18 03:00,6.578,0.009,0,0,1.258,31.315,168.829,0.865
2025-05-18 04:00,7.273,0.010,0,0,1.255,89.670,332.059,0.846
2025-05-18 05:00,8.289,0.008,0,0,1.251,165.983,498.570,0.936
2025-05-18 06:00,9.430,0.004,0,0,1.246,250.259,657.160,0.981
2025-05-18 07:00,10.628,0.002,0,0,1.240,317.382,796.776,0.985
2025-05-18 08:00,11.539,0.001,0,0,1.236,365.785,908.180,0.988
2025-05-18 09:00,12.315,0,0,0,1.232,444.895,983.747,0.985
2025-05-18 10:00,12.810,0,0,0,1.230,465.359,1018.330,0.986
2025-05-18 11:00,12.970,0,0,0,1.230,447.571,1009.644,0.992
2025-05-18 12:00,12.874,0,0,0,1.230,397.804,958.032,0.992
2025-05-18 13:00,12.582,0,0,0,1.232,353.030,867.224,0.993
2025-05-18 14:00,12.144,0.001,0,0,1.234,307.592,743.619,0.990
2025-05-18 15:00,11.651,0,0,0,1.236,248.305,595.248,0.957
2025-05-18 16:00,11.121,0,0,0,1.238,186.921,432.535,0.895
2025-05-18 17:00,10.495,0,0,0,1.241,113.852,266.524,0.844
2025-05-18 18:00,9.644,0,0,0,1.244,39.160,108.453,0.820
2025-05-18 19:00,8.780,0,0,0,1.248,1.084,4.536,0.737
2025-05-18 20:00,8.080,0,0,0,1.252,0,0,0.508
2025-05-18 21:00,7.533,0,0,0,1.255,0,0,0.232
2025-05-18 22:00,7.090,0,0,0,1.258,0,0,0.102
2025-05-18 23:00,6.590,0,0,0,1.260,0,0,0.046
2025-05-19 00:00,6.166,0,0,0,1.262,0,0,0.038
2025-05-19 01:00,5.926,0,0,0,1.263,0,0,0.074
2025-05-19 02:00,5.997,0,0,0,1.263,10.591,31.744,0.128
2025-05-19 03:00,6.248,0,0,0,1.263,84.678,173.202,0.056
2025-05-19 04:00,7.296,0,0,0,1.259,210.867,336.066,0.006
2025-05-19 05:00,8.926,0,0,0,1.253,351.009,502.327,0.003
2025-05-19 06:00,10.673,0,0,0,1.245,488.105,660.653,0.002
2025-05-19 07:00,12.380,0,0,0,1.237,611.648,800.026,0.001
2025-05-19 08:00,13.883,0,0,0,1.230,711.775,911.329,0
2025-05-19 09:00,15.165,0,0,0,1.224,781.242,986.667,0
2025-05-19 10:00,16.224,0,0,0,1.218,812.377,1021.229,0
2025-05-19 11:00,17.106,0,0,0,1.214,803.865,1012.394,0
2025-05-19 12:00,17.821,0,0,0,1.210,755.489,961.032,0
2025-05-19 13:00,18.311,0,0,0,1.206,673.100,870.387,0
2025-05-19 14:00,18.503,0,0,0,1.203,562.134,746.883,0
2025-05-19 15:00,18.195,0,0,0,1.202,432.419,598.910,0.001
2025-05-19 16:00,16.929,0,0,0,1.204,294.393,436.410,0
2025-05-19 17:00,15.167,0,0,0,1.208,161.340,270.649,0
2025-05-19 18:00,13.526,0,0,0,1.213,51.943,112.838,0
2025-05-19 19:00,12.563,0,0,0,1.216,1.466,5.770,0
2025-05-19 20:00,11.726,0,0,0,1.220,0,0,0
2025-05-19 21:00,10.747,0.003,0,0,1.223,0,0,0
2025-05-19 22:00,10.603,0.014,0,0,1.222,0,0,0.021
2025-05-19 23:00,10.765,0.009,0,0,1.222,0,0,0.210
2025-05-20 00:00,10.703,0.004,0,0,1.223,0,0,0.493
2025-05-20 01:00,10.233,0.003,0,0,1.225,0,0,0.699
2025-05-20 02:00,10.063,0.002,0,0,1.227,10.941,34.836,0.837
2025-05-20 03:00,10.659,0.001,0,0,1.228,81.831,177.415,0.706
2025-05-20 04:00,11.389,0,0,0,1.227,205.952,340.066,0.647
2025-05-20 05:00,12.285,0,0,0,1.224,344.077,505.952,0.656
2025-05-20 06:00,13.014,0,0,0,1.222,477.916,663.910,0.775
2025-05-20 07:00,13.692,0,0,0,1.220,595.792,803.196,0.901
2025-05-20 08:00,14.300,0,0,0,1.218,687.371,914.180,0.945
2025-05-20 09:00,14.826,0,0,0,1.216,753.492,989.497,0.946
2025-05-20 10:00,15.298,0,0,0,1.214,777.545,1023.891,0.921
2025-05-20 11:00,15.629,0,0,0,1.213,772.703,1015.144,0.817
2025-05-20 12:00,15.795,0,0,0,1.212,737.725,963.782,0.667
2025-05-20 13:00,15.716,0,0,0,1.211,657.881,873.387,0.577
2025-05-20 14:00,15.318,0,0,0,1.212,523.789,750.119,0.533
2025-05-20 15:00,14.644,0,0,0,1.214,391.776,602.248,0.488
2025-05-20 16:00,13.640,0.001,0,0,1.218,262.031,440.116,0.345
2025-05-20 17:00,12.286,0.001,0,0,1.222,144.264,274.649,0.231
2025-05-20 18:00,10.520,0.002,0,0,1.227,46.376,117.108,0.279
2025-05-20 19:00,9.202,0.001,0,0,1.231,1.534,7.127,0.334
2025-05-20 20:00,8.704,0.001,0,0,1.234,0,0,0.338
2025-05-20 21:00,8.241,0.001,0,0,1.236,0,0,0.336
2025-05-20 22:00,7.679,0.001,0,0,1.237,0,0,0.317
2025-05-20 23:00,7.163,0.001,0,0,1.238,0,0,0.326
2025-05-21 00:00,6.848,0.001,0,0,1.240,0,0,0.334
2025-05-21 01:00,6.606,0.002,0,0,1.240,0,0,0.384
2025-05-21 02:00,6.897,0.006,0,0,1.241,9.534,37.993,0.581
2025-05-21 03:00,7.719,0.031,0,0,1.241,46.594,181.523,0.818
2025-05-21 04:00,7.969,0.170,0,0,1.242,64.371,343.941,0.912
2025-05-21 05:00,8.109,0.732,0,0,1.241,79.327,509.533,0.937
2025-05-21 06:00,8.401,1.892,0,0,1.242,130.494,667.160,0.901
2025-05-21 07:00,7.555,2.364,0,0,1.246,199.058,806.196,0.903
2025-05-21 08:00,7.169,1.962,0,0,1.248,232.374,917.079,0.914
2025-05-21 09:00,7.085,1.258,0,0,1.248,250.169,992.167,0.932
2025-05-21 10:00,7.300,0.700,0,0,1.247,289.329,1026.580,0.931
2025-05-21 11:00,7.663,0.339,0,0,1.245,317.954,1017.806,0.937
2025-05-21 12:00,8.058,0.221,0,0,1.242,328.339,966.532,0.944
2025-05-21 13:00,8.276,0.158,0,0,1.240,306.500,876.224,0.930
2025-05-21 14:00,8.416,0.110,0,0,1.239,276.357,753.133,0.896
2025-05-21 15:00,8.254,0.093,0,0,1.238,222.018,605.660,0.848
2025-05-21 16:00,7.827,0.107,0,0,1.239,162.101,443.741,0.839
2025-05-21 17:00,7.088,0.151,0,0,1.241,79.465,278.524,0.880
2025-05-21 18:00,6.266,0.260,0,0,1.244,24.299,121.263,0.923
2025-05-21 19:00,5.640,0.493,0,0,1.246,0.844,8.594,0.960
2025-05-21 20:00,5.248,0.650,0,0,1.248,0,0,0.951
2025-05-21 21:00,4.966,0.717,0,0,1.249,0,0,0.897
2025-05-21 22:00,4.726,0.694,0,0,1.249,0,0,0.876
2025-05-21 23:00,4.526,0.596,0,0,1.250,0,0,0.880
2025-05-22 00:00,4.407,0.477,0,0,1.250,0,0,0.901
2025-05-22 01:00,4.343,0.327,0,0,1.250,0,0,0.977
2025-05-22 02:00,4.291,0.215,0,0,1.250,2.460,41.193,0.999
2025-05-22 03:00,4.345,0.151,0,0,1.250,14.661,185.561,0.999
2025-05-22 04:00,4.492,0.114,0,0,1.249,36.432,347.570,0.999
2025-05-22 05:00,4.704,0.098,0,0,1.249,68.440,512.986,0.998
2025-05-22 06:00,5.039,0.088,0,0,1.248,105.795,670.410,0.994
2025-05-22 07:00,5.417,0.082,0,0,1.247,122.508,809.196,0.989
2025-05-22 08:00,5.843,0.087,0,0,1.246,143.518,919.829,0.984
2025-05-22 09:00,6.298,0.088,0,0,1.244,164.052,994.909,0.976
2025-05-22 10:00,6.796,0.088,0,0,1.243,185.817,1029.080,0.961
2025-05-22 11:00,7.335,0.082,0,0,1.241,211.846,1020.386,0.911
2025-05-22 12:00,7.931,0.064,0,0,1.239,278.985,969.195,0.711
2025-05-22 13:00,8.525,0.047,0,0,1.237,332.323,879.123,0.611
2025-05-22 14:00,8.990,0.031,0,0,1.235,326.811,756.133,0.523
2025-05-22 15:00,9.221,0.040,0,0,1.234,296.983,608.910,0.489
2025-05-22 16:00,8.915,0.047,0,0,1.234,190.178,447.241,0.337
2025-05-22 17:00,8.398,0.033,0,0,1.236,140.946,282.274,0.110
2025-05-22 18:00,7.104,0.012,0,0,1.238,53.957,125.303,0.063
2025-05-22 19:00,5.569,0.005,0,0,1.240,2.551,10.154,0.056
2025-05-22 20:00,5.389,0.004,0,0,1.243,0,0,0.157
2025-05-22 21:00,5.667,0.008,0,0,1.244,0,0,0.414
2025-05-22 22:00,5.926,0.041,0,0,1.246,0,0,0.716
2025-05-22 23:00,6.092,0.116,0,0,1.246,0,0,0.821
2025-05-23 00:00,6.241,0.152,0,0,1.245,0,0,0.822
2025-05-23 01:00,6.349,0.132,0,0,1.243,0,0,0.649
2025-05-23 02:00,6.360,0.111,0,0,1.243,8.133,44.444,0.426
2025-05-23 03:00,6.601,0.173,0,0,1.242,68.763,189.436,0.220
2025-05-23 04:00,7.139,0.221,0,0,1.240,183.490,351.191,0.164
2025-05-23 05:00,7.676,0.141,0,0,1.239,314.113,516.323,0.115
2025-05-23 06:00,8.327,0.186,0,0,1.237,442.104,673.410,0.120
2025-05-23 07:00,8.875,0.198,0,0,1.237,531.213,811.946,0.185
2025-05-23 08:00,9.107,0.201,0,0,1.237,601.332,922.430,0.217
2025-05-23 09:00,9.068,0.183,0,0,1.238,628.765,997.409,0.331
2025-05-23 10:00,9.110,0.166,0,0,1.239,641.370,1031.580,0.423
2025-05-23 11:00,9.173,0.143,0,0,1.239,588.627,1022.886,0.358
2025-05-23 12:00,9.367,0.114,0,0,1.238,585.879,971.695,0.325
2025-05-23 13:00,9.553,0.118,0,0,1.236,522.105,881.786,0.293
2025-05-23 14:00,9.747,0.116,0,0,1.235,447.956,759.031,0.346
2025-05-23 15:00,9.622,0.124,0,0,1.235,282.482,611.918,0.449
2025-05-23 16:00,9.307,0.090,0,0,1.235,175.831,450.616,0.532
2025-05-23 17:00,8.914,0.051,0,0,1.236,94.027,285.981,0.570
2025-05-23 18:00,8.560,0.021,0,0,1.238,30.212,129.208,0.570
2025-05-23 19:00,8.231,0.008,0,0,1.240,1.757,11.797,0.439
2025-05-23 20:00,7.929,0.005,0,0,1.242,0,0,0.253
2025-05-23 21:00,7.589,0.006,0,0,1.244,0,0,0.155
2025-05-23 22:00,7.222,0.004,0,0,1.246,0,0,0.127
2025-05-23 23:00,6.903,0.002,0,0,1.248,0,0,0.127
2025-05-24 00:00,6.623,0.002,0,0,1.250,0,0,0.266
2025-05-24 01:00,6.549,0.004,0,0,1.252,0,0,0.557
2025-05-24 02:00,6.709,0.009,0,0,1.252,8.131,47.723,0.767
2025-05-24 03:00,6.897,0.009,0,0,1.253,38.249,193.189,0.645
2025-05-24 04:00,7.368,0.005,0,0,1.252,151.626,354.698,0.444
2025-05-24 05:00,8.287,0.003,0,0,1.249,293.971,519.493,0.192
2025-05-24 06:00,9.353,0.005,0,0,1.246,431.370,676.410,0.116
2025-05-24 07:00,10.362,0.005,0,0,1.242,564.784,814.696,0.106
2025-05-24 08:00,11.199,0.006,0,0,1.239,663.084,925.079,0.117
2025-05-24 09:00,11.841,0.008,0,0,1.236,722.857,999.815,0.119
2025-05-24 10:00,12.326,0.008,0,0,1.234,745.773,1033.905,0.119
2025-05-24 11:00,12.648,0.007,0,0,1.232,735.626,1025.226,0.109
2025-05-24 12:00,12.827,0.005,0,0,1.231,697.960,974.195,0.115
2025-05-24 13:00,12.855,0.002,0,0,1.230,615.947,884.387,0.087
2025-05-24 14:00,12.824,0.001,0,0,1.229,539.984,761.875,0.052
2025-05-24 15:00,12.585,0,0,0,1.229,426.825,615.066,0.032
2025-05-24 16:00,12.095,0,0,0,1.230,297.843,453.866,0.022
2025-05-24 17:00,11.229,0,0,0,1.233,171.173,289.481,0.018
2025-05-24 18:00,9.913,0,0,0,1.237,62.485,132.981,0.018
2025-05-24 19:00,8.370,0,0,0,1.242,3.859,13.522,0.016
2025-05-24 20:00,7.621,0,0,0,1.244,0,0,0.014
2025-05-24 21:00,7.021,0,0,0,1.246,0,0,0.013
2025-05-24 22:00,6.540,0,0,0,1.249,0,0,0.016
2025-05-24 23:00,6.146,0,0,0,1.250,0,0,0.052
2025-05-25 00:00,5.893,0,0,0,1.252,0,0,0.158
2025-05-25 01:00,5.709,0.002,0,0,1.253,0,0,0.249
2025-05-25 02:00,5.945,0.005,0,0,1.254,15.314,51.023,0.435
2025-05-25 03:00,6.972,0.016,0,0,1.253,73.410,196.816,0.461
2025-05-25 04:00,7.829,0.011,0,0,1.250,161.993,358.073,0.224
2025-05-25 05:00,9.028,0.008,0,0,1.245,303.340,522.594,0.116
2025-05-25 06:00,10.272,0.035,0,0,1.240,450.370,679.323,0.107
2025-05-25 07:00,11.248,0.057,0,0,1.236,555.301,817.439,0.103
2025-05-25 08:00,12.033,0.050,0,0,1.233,645.893,927.579,0.154
2025-05-25 09:00,12.600,0.029,0,0,1.230,662.085,1002.159,0.258
2025-05-25 10:00,12.898,0.031,0,0,1.228,647.141,1036.405,0.311
2025-05-25 11:00,12.763,0.035,0,0,1.228,598.915,1027.535,0.493
2025-05-25 12:00,12.407,0.008,0,0,1.228,481.881,976.673,0.464
2025-05-25 13:00,12.824,0.001,0,0,1.225,556.863,886.887,0.136
2025-05-25 14:00,13.485,0,0,0,1.220,545.943,764.531,0.025
2025-05-25 15:00,13.724,0,0,0,1.217,425.438,617.910,0.024
2025-05-25 16:00,13.289,0,0,0,1.218,290.836,457.105,0.205
2025-05-25 17:00,12.421,0.001,0,0,1.221,159.313,292.896,0.764
2025-05-25 18:00,11.558,0.004,0,0,1.224,45.483,136.643,0.959
2025-05-25 19:00,11.065,0.014,0,0,1.226,1.915,15.309,0.978
2025-05-25 20:00,10.780,0.017,0,0,1.227,0,0,0.980
2025-05-25 21:00,10.530,0.030,0,0,1.228,0,0,0.963
2025-05-25 22:00,10.241,0.065,0,0,1.229,0,0,0.879
2025-05-25 23:00,9.941,0.101,0,0,1.230,0,0,0.808
2025-05-26 00:00,9.667,0.111,0,0,1.231,0,0,0.883
2025-05-26 01:00,9.390,0.141,0,0,1.232,0,0,0.975
2025-05-26 02:00,9.244,0.203,0,0,1.232,6.134,54.328,0.976
2025-05-26 03:00,9.364,0.270,0,0,1.232,28.890,200.357,0.942
2025-05-26 04:00,9.629,0.359,0,0,1.231,54.856,361.323,0.921
2025-05-26 05:00,10.023,0.367,0,0,1.229,93.717,525.743,0.871
2025-05-26 06:00,10.674,0.258,0,0,1.227,158.895,682.073,0.730
2025-05-26 07:00,11.852,0.111,0,0,1.222,287.826,819.939,0.463
2025-05-26 08:00,13.751,0.027,0,0,1.215,514.488,929.843,0.155
2025-05-26 09:00,15.407,0.012,0,0,1.209,711.412,1004.409,0.090
2025-05-26 10:00,16.074,0.004,0,0,1.206,750.622,1038.405,0.167
2025-05-26 11:00,16.247,0.001,0,0,1.205,706.956,1029.578,0.219
2025-05-26 12:00,16.443,0.001,0,0,1.204,712.309,978.923,0.183
2025-05-26 13:00,16.470,0.001,0,0,1.204,651.108,889.286,0.246
2025-05-26 14:00,16.153,0.002,0,0,1.204,498.694,767.125,0.404
2025-05-26 15:00,15.625,0.002,0,0,1.205,357.076,620.809,0.850
2025-05-26 16:00,14.776,0.001,0,0,1.208,193.575,460.112,0.968
2025-05-26 17:00,13.773,0,0,0,1.211,105.426,296.231,0.798
2025-05-26 18:00,12.541,0,0,0,1.215,52.350,140.182,0.217
2025-05-26 19:00,11.152,0.001,0,0,1.219,4.544,17.143,0.149
2025-05-26 20:00,10.987,0.001,0,0,1.222,0,0,0.209
2025-05-26 21:00,10.692,0,0,0,1.225,0,0,0.213
2025-05-26 22:00,10.313,0,0,0,1.228,0,0,0.148
2025-05-26 23:00,9.849,0.002,0,0,1.231,0,0,0.080
2025-05-27 00:00,9.298,0.010,0,0,1.234,0,0,0.099
2025-05-27 01:00,8.873,0.013,0,0,1.237,0,0.002,0.259
2025-05-27 02:00,8.815,0.012,0,0,1.239,18.915,57.635,0.424
2025-05-27 03:00,9.237,0.005,0,0,1.240,95.264,203.732,0.131
2025-05-27 04:00,10.037,0,0,0,1.238,229.561,364.526,0.014
2025-05-27 05:00,11.143,0,0,0,1.235,362.743,528.493,0.115
2025-05-27 06:00,12.100,0,0,0,1.231,464.014,684.674,0.137
2025-05-27 07:00,12.936,0,0,0,1.228,579.820,822.359,0.111
2025-05-27 08:00,13.729,0.001,0,0,1.226,700.258,932.093,0.059
2025-05-27 09:00,14.372,0.001,0,0,1.223,762.456,1006.579,0.178
2025-05-27 10:00,14.829,0.001,0,0,1.220,775.474,1040.405,0.447
2025-05-27 11:00,15.138,0.001,0,0,1.218,755.122,1032.035,0.783
2025-05-27 12:00,15.161,0.002,0,0,1.217,650.215,981.093,0.931
2025-05-27 13:00,14.683,0.011,0,0,1.216,420.117,891.549,0.937
2025-05-27 14:00,13.985,0.040,0,0,1.218,278.194,769.625,0.950
2025-05-27 15:00,13.007,0.100,0,0,1.221,151.213,623.410,0.990
2025-05-27 16:00,12.008,0.139,0,0,1.224,76.884,463.065,0.990
2025-05-27 17:00,11.358,0.055,0,0,1.227,52.478,299.356,0.883
2025-05-27 18:00,11.150,0.016,0,0,1.227,38.259,143.581,0.367
2025-05-27 19:00,10.784,0.010,0,0,1.229,4.504,19.019,0.177
2025-05-27 20:00,10.448,0.013,0,0,1.230,0,0,0.098
2025-05-27 21:00,10.154,0.021,0,0,1.232,0,0,0.135
2025-05-27 22:00,9.932,0.028,0,0,1.233,0,0,0.627
2025-05-27 23:00,9.941,0.026,0,0,1.233,0,0,0.983
2025-05-28 00:00,9.979,0.022,0,0,1.232,0,0,0.986
2025-05-28 01:00,9.869,0.020,0,0,1.233,0,0.005,0.988
2025-05-28 02:00,9.764,0.019,0,0,1.233,7.938,60.917,0.990
2025-05-28 03:00,9.893,0.020,0,0,1.234,48.659,207.002,0.960
2025-05-28 04:00,10.484,0.022,0,0,1.232,128.921,367.533,0.951
2025-05-28 05:00,11.309,0.035,0,0,1.229,205.020,531.243,0.950
2025-05-28 06:00,12.166,0.067,0,0,1.226,292.081,687.323,0.972
2025-05-28 07:00,12.598,0.109,0,0,1.224,290.536,824.696,0.983
2025-05-28 08:00,12.910,0.113,0,0,1.223,318.922,934.329,0.941
2025-05-28 09:00,13.456,0.173,0,0,1.221,390.319,1008.579,0.929
2025-05-28 10:00,13.582,0.317,0,0,1.220,335.483,1042.405,0.960
2025-05-28 11:00,13.474,0.385,0,0,1.219,278.001,1034.035,0.971
2025-05-28 12:00,13.443,0.327,0,0,1.219,261.415,983.187,0.980
2025-05-28 13:00,13.461,0.178,0,0,1.219,221.868,893.799,0.984
2025-05-28 14:00,13.615,0.050,0,0,1.218,199.327,772.031,0.985
2025-05-28 15:00,13.822,0.015,0,0,1.217,188.621,626.059,0.986
2025-05-28 16:00,13.955,0.016,0,0,1.216,155.206,465.936,0.954
2025-05-28 17:00,13.854,0.019,0,0,1.216,118.966,302.470,0.961
2025-05-28 18:00,13.365,0.023,0,0,1.216,46.980,146.868,0.925
2025-05-28 19:00,12.683,0.026,0,0,1.217,4.659,20.926,0.908
2025-05-28 20:00,11.970,0.021,0,0,1.218,0,0,0.915
2025-05-28 21:00,11.385,0.012,0,0,1.220,0,0,0.874
2025-05-28 22:00,10.879,0.005,0,0,1.222,0,0,0.658
2025-05-28 23:00,10.342,0.002,0,0,1.224,0,0,0.654
2025-05-29 00:00,9.756,0.003,0,0,1.226,0,0,0.923
2025-05-29 01:00,9.210,0.007,0,0,1.228,0.003,0.023,0.836
2025-05-29 02:00,8.940,0.011,0,0,1.230,16.181,64.159,0.738
2025-05-29 03:00,9.877,0.011,0,0,1.232,74.531,210.132,0.768
2025-05-29 04:00,10.612,0.002,0,0,1.231,156.488,370.408,0.714
2025-05-29 05:00,11.917,0.001,0,0,1.227,305.368,533.993,0.500
2025-05-29 06:00,13.726,0.001,0,0,1.221,472.296,689.674,0.412
2025-05-29 07:00,15.277,0,0,0,1.215,603.200,826.939,0.231
2025-05-29 08:00,16.420,0,0,0,1.211,706.204,936.343,0.050
2025-05-29 09:00,17.359,0,0,0,1.208,778.973,1010.579,0.016
2025-05-29 10:00,18.094,0,0,0,1.205,809.210,1044.405,0.089
2025-05-29 11:00,18.477,0.001,0,0,1.202,760.453,1035.875,0.263
2025-05-29 12:00,18.517,0.003,0,0,1.201,674.294,985.107,0.231
2025-05-29 13:00,18.445,0.003,0,0,1.200,603.844,895.887,0.237
2025-05-29 14:00,18.199,0.005,0,0,1.200,494.264,774.281,0.185
2025-05-29 15:00,17.913,0.001,0,0,1.200,392.307,628.559,0.235
2025-05-29 16:00,17.600,0.002,0,0,1.201,262.873,468.572,0.190
2025-05-29 17:00,16.791,0.001,0,0,1.202,163.051,305.356,0.254
2025-05-29 18:00,14.986,0,0,0,1.204,62.800,150.016,0.742
2025-05-29 19:00,13.593,0,0,0,1.207,4.714,22.856,0.956
2025-05-29 20:00,12.692,0,0,0,1.210,0,0,0.948
2025-05-29 21:00,12.354,0,0,0,1.215,0,0,0.688
2025-05-29 22:00,12.115,0,0,0,1.220,0,0,0.251
2025-05-29 23:00,11.100,0,0,0,1.226,0,0,0.167
2025-05-30 00:00,10.355,0,0,0,1.229,0,0,0.284
2025-05-30 01:00,9.886,0,0,0,1.231,0.014,0.083,0.583
2025-05-30 02:00,9.813,0,0,0,1.232,20.162,67.321,0.670
2025-05-30 03:00,10.506,0,0,0,1.231,73.237,213.169,0.590
2025-05-30 04:00,11.234,0,0,0,1.229,157.673,373.233,0.706
2025-05-30 05:00,12.337,0,0,0,1.225,263.270,536.493,0.622
2025-05-30 06:00,13.186,0.003,0,0,1.221,375.834,692.073,0.483
2025-05-30 07:00,13.575,0.023,0,0,1.219,416.813,829.109,0.619
2025-05-30 08:00,13.377,0.060,0,0,1.219,375.252,938.343,0.702
2025-05-30 09:00,12.951,0.078,0,0,1.220,343.795,1012.558,0.726
2025-05-30 10:00,12.854,0.047,0,0,1.220,322.380,1046.405,0.684
2025-05-30 11:00,13.102,0.033,0,0,1.218,310.236,1037.563,0.715
2025-05-30 12:00,13.759,0.055,0,0,1.214,337.686,987.093,0.641
2025-05-30 13:00,14.837,0.067,0,0,1.207,422.658,898.036,0.667
2025-05-30 14:00,15.298,0.087,0,0,1.202,267.365,776.531,0.946
2025-05-30 15:00,15.113,0.041,0,0,1.201,174.708,630.910,0.846
2025-05-30 16:00,14.948,0.006,0,0,1.202,164.632,471.186,0.492
2025-05-30 17:00,14.549,0.001,0,0,1.204,141.919,308.220,0.140
2025-05-30 18:00,13.804,0.001,0,0,1.206,71.000,153.055,0.036
2025-05-30 19:00,12.961,0.001,0,0,1.210,7.678,24.788,0.036
2025-05-30 20:00,12.183,0,0,0,1.214,0,0,0.055
2025-05-30 21:00,11.635,0.002,0,0,1.218,0,0,0.072
2025-05-30 22:00,11.407,0.004,0,0,1.220,0,0,0.081
2025-05-30 23:00,11.052,0.005,0,0,1.222,0,0,0.260
2025-05-31 00:00,10.647,0.019,0,0,1.225,0,0,0.331
2025-05-31 01:00,10.250,0.021,0,0,1.227,0.032,0.197,0.085
2025-05-31 02:00,10.117,0.014,0,0,1.230,26.155,70.383,0.058
2025-05-31 03:00,10.070,0.003,0,0,1.233,112.659,216.048,0.020
2025-05-31 04:00,10.209,0,0,0,1.235,234.092,375.908,0.007
2025-05-31 05:00,10.936,0,0,0,1.234,369.794,538.993,0.011
2025-05-31 06:00,11.835,0,0,0,1.232,504.763,694.323,0.041
2025-05-31 07:00,12.696,0,0,0,1.229,625.054,831.109,0.015
2025-05-31 08:00,13.526,0,0,0,1.226,722.713,940.249,0.022
2025-05-31 09:00,14.322,0,0,0,1.223,786.903,1014.322,0.017
2025-05-31 10:00,15.021,0,0,0,1.220,815.854,1047.905,0.003
2025-05-31 11:00,15.587,0,0,0,1.218,806.546,1039.375,0.001
2025-05-31 12:00,15.973,0,0,0,1.215,752.403,988.843,0.003
2025-05-31 13:00,16.173,0,0,0,1.214,676.217,899.799,0.004
2025-05-31 14:00,16.177,0,0,0,1.213,570.648,778.545,0.011
2025-05-31 15:00,15.930,0,0,0,1.212,433.826,633.160,0.025
2025-05-31 16:00,15.480,0,0,0,1.213,295.761,473.686,0.164
2025-05-31 17:00,14.682,0,0,0,1.214,165.228,310.852,0.137
2025-05-31 18:00,13.075,0,0,0,1.216,67.634,155.930,0.126
2025-05-31 19:00,11.336,0,0,0,1.218,8.194,26.722,0.031
2025-05-31 20:00,10.452,0,0,0,1.221,0,0,0.009
2025-05-31 21:00,9.973,0,0,0,1.224,0,0,0.009
2025-05-31 22:00,9.504,0,0,0,1.227,0,0,0.008
2025-05-31 23:00,9.139,0,0,0,1.230,0,0,0.008
2025-06-01 00:00,9.113,0,0,0,1.231,0,0,0.007
2025-06-01 01:00,9.409,0.001,0,0,1.233,0.070,0.366,0.006
2025-06-01 02:00,10,0.002,0,0,1.234,29.375,73.337,0.084
2025-06-01 03:00,10.710,0.002,0,0,1.235,117.384,218.799,0.359
2025-06-01 04:00,11.617,0,0,0,1.235,229.327,378.408,0.375
2025-06-01 05:00,12.992,0,0,0,1.230,352.509,541.257,0.339
2025-06-01 06:00,14.606,0,0,0,1.224,473.869,696.337,0.180
2025-06-01 07:00,15.534,0,0,0,1.220,566.793,833.109,0.075
2025-06-01 08:00,16.061,0,0,0,1.218,636.331,942.093,0.017
2025-06-01 09:00,16.599,0,0,0,1.215,718.975,1015.992,0.004
2025-06-01 10:00,17.066,0,0,0,1.213,755.107,1049.890,0.092
2025-06-01 11:00,17.362,0,0,0,1.210,749.725,1041.063,0.207
2025-06-01 12:00,17.437,0,0,0,1.208,681.177,990.593,0.433
2025-06-01 13:00,17.280,0,0,0,1.206,571.489,901.786,0.490
2025-06-01 14:00,17.035,0,0,0,1.205,501.191,780.531,0.484
2025-06-01 15:00,16.530,0,0,0,1.205,417.508,635.323,0.701
2025-06-01 16:00,15.654,0,0,0,1.208,284.628,476.061,0.715
2025-06-01 17:00,14.495,0,0,0,1.212,166.320,313.470,0.297
2025-06-01 18:00,13.197,0,0,0,1.217,67.550,158.680,0.691
2025-06-01 19:00,12.168,0.002,0,0,1.221,7.357,28.643,0.942
2025-06-01 20:00,11.623,0.006,0,0,1.224,0,0,0.953
2025-06-01 21:00,11.395,0.056,0,0,1.224,0,0,0.967
2025-06-01 22:00,11.263,0.327,0,0,1.223,0,0,0.991
2025-06-01 23:00,11.054,0.840,0,0,1.223,0,0,0.993
2025-06-02 00:00,10.989,0.603,0,0,1.222,0,0,0.991
2025-06-02 01:00,11.140,0.174,0,0,1.220,0.001,0.593,0.991
2025-06-02 02:00,11.358,0.030,0,0,1.218,6.176,76.148,0.986
2025-06-02 03:00,11.893,0.021,0,0,1.216,39.722,221.424,0.884
2025-06-02 04:00,12.844,0.009,0,0,1.212,132.408,380.868,0.738
2025-06-02 05:00,13.722,0.002,0,0,1.209,306.289,543.507,0.295
2025-06-02 06:00,14.497,0,0,0,1.208,489.213,698.337,0.121
2025-06-02 07:00,15.103,0,0,0,1.207,620.805,834.873,0.051
2025-06-02 08:00,15.763,0,0,0,1.205,725.601,943.763,0.002
2025-06-02 09:00,16.391,0,0,0,1.203,791.204,1017.579,0.002
2025-06-02 10:00,16.878,0.001,0,0,1.201,819.219,1051.405,0.006
2025-06-02 11:00,17.167,0.001,0,0,1.200,804.548,1042.563,0.015
2025-06-02 12:00,17.251,0.003,0,0,1.199,745.729,992.187,0.033
2025-06-02 13:00,17.116,0.005,0,0,1.199,639.812,903.528,0.084
2025-06-02 14:00,16.860,0.006,0,0,1.199,520.057,782.524,0.134
2025-06-02 15:00,16.470,0.007,0,0,1.199,355.813,637.410,0.209
2025-06-02 16:00,16.140,0.007,0,0,1.199,259.939,478.311,0.171
2025-06-02 17:00,15.587,0.004,0,0,1.201,160.461,315.926,0.148
2025-06-02 18:00,14.659,0.001,0,0,1.203,68.947,161.303,0.122
2025-06-02 19:00,13.339,0,0,0,1.207,9.220,30.537,0.080
2025-06-02 20:00,12.370,0,0,0,1.212,0,0,0.039
2025-06-02 21:00,11.935,0,0,0,1.216,0,0,0.017
2025-06-02 22:00,11.552,0,0,0,1.221,0,0,0.013
2025-06-02 23:00,11.032,0,0,0,1.224,0,0,0.011
2025-06-03 00:00,10.523,0,0,0,1.227,0,0,0.009
2025-06-03 01:00,10.045,0.001,0,0,1.230,0.167,0.875,0.012
2025-06-03 02:00,9.870,0.005,0,0,1.232,30.296,78.834,0.063
2025-06-03 03:00,10.486,0.001,0,0,1.232,116.043,223.965,0.037
2025-06-03 04:00,11.520,0,0,0,1.229,237.707,383.158,0.032
2025-06-03 05:00,12.729,0,0,0,1.225,369.244,545.743,0.045
2025-06-03 06:00,13.959,0.001,0,0,1.221,504.061,700.337,0.078
2025-06-03 07:00,15.123,0.002,0,0,1.217,621.664,836.623,0.060
2025-06-03 08:00,16.172,0.005,0,0,1.212,715.557,945.491,0.145
2025-06-03 09:00,17.038,0.006,0,0,1.209,774.739,1019.079,0.062
2025-06-03 10:00,17.713,0.004,0,0,1.206,796.231,1052.890,0.036
2025-06-03 11:00,18.183,0.001,0,0,1.203,786.616,1044.063,0.029
2025-06-03 12:00,18.461,0,0,0,1.201,747.736,993.836,0.026
2025-06-03 13:00,18.500,0,0,0,1.200,669.541,905.049,0.042
2025-06-03 14:00,18.284,0,0,0,1.200,566.439,784.274,0.133
2025-06-03 15:00,17.882,0,0,0,1.200,444.110,639.323,0.465
2025-06-03 16:00,17.235,0,0,0,1.201,310.414,480.433,0.645
2025-06-03 17:00,16.217,0,0,0,1.203,186.658,318.220,0.333
2025-06-03 18:00,14.686,0,0,0,1.206,81.395,163.803,0.065
2025-06-03 19:00,13.035,0,0,0,1.210,10.910,32.400,0.424
2025-06-03 20:00,12.223,0,0,0,1.214,0,0,0.917
2025-06-03 21:00,11.690,0,0,0,1.217,0,0,0.938
2025-06-03 22:00,11.155,0,0,0,1.219,0,0,0.912
2025-06-03 23:00,10.755,0,0,0,1.220,0,0,0.776
2025-06-04 00:00,10.328,0,0,0,1.222,0,0,0.720
2025-06-04 01:00,10.047,0,0,0,1.223,0.241,1.203,0.855
2025-06-04 02:00,10.529,0,0,0,1.225,28.234,81.397,0.942
2025-06-04 03:00,11.684,0,0,0,1.226,104.121,226.340,0.938
2025-06-04 04:00,12.564,0,0,0,1.224,202.640,385.368,0.940
2025-06-04 05:00,14.007,0,0,0,1.218,335.517,547.655,0.941
2025-06-04 06:00,15.357,0,0,0,1.212,477.939,702.087,0.838
2025-06-04 07:00,16.347,0,0,0,1.208,601.983,838.359,0.611
2025-06-04 08:00,17.227,0,0,0,1.204,685.525,946.991,0.698
2025-06-04 09:00,17.820,0.001,0,0,1.201,703.494,1020.572,0.918
2025-06-04 10:00,18.241,0.002,0,0,1.198,697.905,1054.230,0.947
2025-06-04 11:00,18.284,0.003,0,0,1.197,617.456,1045.563,0.951
2025-06-04 12:00,18.201,0.003,0,0,1.196,541.139,995.107,0.934
2025-06-04 13:00,18.067,0.001,0,0,1.195,483.648,906.698,0.662
2025-06-04 14:00,17.916,0.002,0,0,1.195,448.522,785.944,0.176
2025-06-04 15:00,17.448,0.004,0,0,1.196,353.844,641.309,0.114
2025-06-04 16:00,16.579,0.005,0,0,1.198,230.253,482.436,0.163
2025-06-04 17:00,15.473,0.006,0,0,1.202,118.610,320.426,0.176
2025-06-04 18:00,14.444,0.005,0,0,1.206,46.941,166.178,0.641
2025-06-04 19:00,13.691,0.009,0,0,1.209,6.268,34.230,0.942
2025-06-04 20:00,13.229,0.011,0,0,1.211,0,0,0.921
2025-06-04 21:00,12.923,0.015,0,0,1.211,0,0,0.419
2025-06-04 22:00,12.452,0.029,0,0,1.213,0,0,0.089
2025-06-04 23:00,12.184,0.044,0,0,1.214,0,0,0.071
2025-06-05 00:00,12.103,0.051,0,0,1.214,0,0,0.058
2025-06-05 01:00,12.075,0.029,0,0,1.213,0.242,1.570,0.051
2025-06-05 02:00,12.230,0.018,0,0,1.213,26.220,83.805,0.025
2025-06-05 03:00,12.689,0.010,0,0,1.213,105.159,228.590,0.048
2025-06-05 04:00,13.139,0.002,0,0,1.214,217.567,387.415,0.064
2025-06-05 05:00,13.614,0.001,0,0,1.214,347.756,549.507,0.024
2025-06-05 06:00,14.193,0,0,0,1.214,480.456,703.837,0.021
2025-06-05 07:00,14.827,0,0,0,1.213,603.569,839.873,0.015
2025-06-05 08:00,15.480,0,0,0,1.211,707.168,948.263,0.070
2025-06-05 09:00,16.102,0,0,0,1.209,770.853,1021.750,0.577
2025-06-05 10:00,16.643,0,0,0,1.207,790.965,1055.405,0.585
2025-06-05 11:00,17.073,0,0,0,1.205,779.793,1046.875,0.259
2025-06-05 12:00,17.328,0,0,0,1.203,742.703,996.593,0.030
2025-06-05 13:00,17.351,0,0,0,1.203,660.178,908.049,0.015
2025-06-05 14:00,17.170,0,0,0,1.203,555.578,787.524,0.016
2025-06-05 15:00,16.862,0,0,0,1.203,431.917,643.051,0.020
2025-06-05 16:00,16.408,0,0,0,1.203,301.655,484.386,0.146
2025-06-05 17:00,15.535,0,0,0,1.204,173.562,322.470,0.649
2025-06-05 18:00,13.966,0,0,0,1.207,69.192,168.423,0.466
2025-06-05 19:00,12.266,0,0,0,1.210,10.502,36.004,0.171
2025-06-05 20:00,11.450,0,0,0,1.213,0,0,0.204
2025-06-05 21:00,11.029,0,0,0,1.215,0,0,0.148
2025-06-05 22:00,10.806,0,0,0,1.218,0,0,0.066
2025-06-05 23:00,10.359,0,0,0,1.220,0,0,0.041
2025-06-06 00:00,10.012,0,0,0,1.221,0,0,0.177
2025-06-06 01:00,9.801,0,0,0,1.221,0.346,1.964,0.742
2025-06-06 02:00,10.555,0.001,0,0,1.222,20.070,86.075,0.982
2025-06-06 03:00,11.219,0.008,0,0,1.223,37.802,230.715,0.976
2025-06-06 04:00,11.561,0.014,0,0,1.223,85.393,389.368,0.833
2025-06-06 05:00,12.479,0.028,0,0,1.219,202.579,551.257,0.679
2025-06-06 06:00,13.834,0.033,0,0,1.213,312.675,705.493,0.555
2025-06-06 07:00,14.830,0.032,0,0,1.210,431.652,841.359,0.782
2025-06-06 08:00,15.354,0.030,0,0,1.207,483.160,949.741,0.779
2025-06-06 09:00,15.731,0.026,0,0,1.206,539.411,1023.220,0.668
2025-06-06 10:00,16.199,0.020,0,0,1.204,618.106,1056.730,0.804
2025-06-06 11:00,16.495,0.010,0,0,1.202,609.358,1048.063,0.949
2025-06-06 12:00,16.206,0.009,0,0,1.201,426.926,997.857,0.987
2025-06-06 13:00,15.677,0.024,0,0,1.201,285.168,909.448,0.987
2025-06-06 14:00,15.018,0.075,0,0,1.202,178.410,788.944,0.984
2025-06-06 15:00,14.240,0.155,0,0,1.204,117.581,644.559,0.977
2025-06-06 16:00,13.638,0.288,0,0,1.205,112.391,486.143,0.859
2025-06-06 17:00,13.193,0.494,0,0,1.207,84.368,324.426,0.723
2025-06-06 18:00,12.621,0.455,0,0,1.208,22.482,170.528,0.691
2025-06-06 19:00,12.274,0.164,0,0,1.208,4.155,37.718,0.405
2025-06-06 20:00,12.216,0.058,0,0,1.207,0,0,0.176
2025-06-06 21:00,12.214,0.055,0,0,1.207,0,0,0.116
2025-06-06 22:00,12.236,0.044,0,0,1.207,0,0,0.133
2025-06-06 23:00,12.293,0.025,0,0,1.207,0,0,0.134
2025-06-07 00:00,12.036,0.014,0,0,1.209,0,0,0.055
2025-06-07 01:00,11.851,0.008,0,0,1.210,0.439,2.374,0.056
2025-06-07 02:00,11.822,0.005,0,0,1.211,32.534,88.211,0.048
2025-06-07 03:00,11.997,0.003,0,0,1.212,121.046,232.658,0.044
2025-06-07 04:00,12.257,0.003,0,0,1.212,235.033,391.240,0.092
2025-06-07 05:00,12.641,0.005,0,0,1.212,355.694,552.993,0.106
2025-06-07 06:00,13.160,0.013,0,0,1.210,469.208,706.993,0.101
2025-06-07 07:00,13.813,0.018,0,0,1.208,575.475,842.623,0.102
2025-06-07 08:00,14.545,0.014,0,0,1.206,657.518,950.991,0.085
2025-06-07 09:00,15.336,0.008,0,0,1.203,740.022,1024.250,0.056
2025-06-07 10:00,16.011,0.006,0,0,1.200,783.559,1057.890,0.268
2025-06-07 11:00,16.319,0.007,0,0,1.199,688.196,1049.360,0.700
2025-06-07 12:00,16.295,0.008,0,0,1.198,567.171,999.086,0.744
2025-06-07 13:00,16.016,0.007,0,0,1.199,420.812,910.778,0.612
2025-06-07 14:00,15.794,0.007,0,0,1.200,371.753,790.436,0.460
2025-06-07 15:00,15.542,0.011,0,0,1.200,287.827,646.073,0.389
2025-06-07 16:00,15.253,0.012,0,0,1.201,223.024,487.808,0.315
2025-06-07 17:00,14.769,0.007,0,0,1.203,159.369,326.301,0.188
2025-06-07 18:00,13.972,0.005,0,0,1.206,74.230,172.466,0.089
2025-06-07 19:00,12.709,0.002,0,0,1.209,12.091,39.358,0.192
2025-06-07 20:00,11.385,0.001,0,0,1.212,0,0,0.600
2025-06-07 21:00,11.389,0,0,0,1.214,0,0,0.885
2025-06-07 22:00,11.365,0,0,0,1.215,0,0,0.921
2025-06-07 23:00,10.735,0,0,0,1.217,0,0,0.877
2025-06-08 00:00,9.981,0,0,0,1.218,0,0,0.828
2025-06-08 01:00,9.477,0,0,0,1.219,0.549,2.799,0.724
2025-06-08 02:00,9.665,0.002,0,0,1.220,31.201,90.201,0.526
2025-06-08 03:00,11.145,0.005,0,0,1.221,117.381,234.531,0.293
2025-06-08 04:00,12.388,0.004,0,0,1.218,230.658,392.868,0.359
2025-06-08 05:00,13.601,0.001,0,0,1.215,318.437,554.507,0.541
2025-06-08 06:00,14.463,0.002,0,0,1.212,421.270,708.337,0.703
2025-06-08 07:00,15.142,0.004,0,0,1.210,537.931,844.021,0.561
2025-06-08 08:00,15.662,0.005,0,0,1.209,602.617,952.013,0.582
2025-06-08 09:00,15.976,0.005,0,0,1.207,587.305,1025.398,0.580
2025-06-08 10:00,16.277,0.005,0,0,1.206,591.287,1058.905,0.500
2025-06-08 11:00,16.550,0.006,0,0,1.205,606.409,1050.360,0.491
2025-06-08 12:00,16.404,0.009,0,0,1.205,528.259,1000.107,0.559
2025-06-08 13:00,16.135,0.005,0,0,1.205,444.179,911.948,0.626
2025-06-08 14:00,15.750,0.004,0,0,1.206,353.174,791.694,0.757
2025-06-08 15:00,15.208,0.002,0,0,1.207,234.998,647.551,0.872
2025-06-08 16:00,14.832,0.001,0,0,1.208,183.511,489.382,0.907
2025-06-08 17:00,14.087,0.001,0,0,1.210,97.050,327.926,0.931
2025-06-08 18:00,12.981,0.001,0,0,1.212,37.488,174.298,0.904
2025-06-08 19:00,11.868,0,0,0,1.214,7.383,40.920,0.849
2025-06-08 20:00,10.779,0,0,0,1.216,0,0,0.740
2025-06-08 21:00,10.294,0.001,0,0,1.219,0,0,0.647
2025-06-08 22:00,9.994,0.005,0,0,1.220,0,0,0.481
2025-06-08 23:00,10.019,0.011,0,0,1.221,0,0,0.638
2025-06-09 00:00,10.277,0.024,0,0,1.221,0,0,0.879
2025-06-09 01:00,10.387,0.031,0,0,1.221,0.304,3.234,0.953
2025-06-09 02:00,10.343,0.036,0,0,1.221,14.127,92.075,0.978
2025-06-09 03:00,10.648,0.045,0,0,1.221,45.149,236.278,0.968
2025-06-09 04:00,11.430,0.055,0,0,1.220,90.114,394.490,0.946
2025-06-09 05:00,12.159,0.065,0,0,1.218,154.485,555.913,0.896
2025-06-09 06:00,13.063,0.084,0,0,1.214,209.626,709.587,0.888
2025-06-09 07:00,13.768,0.109,0,0,1.211,245.532,845.123,0.942
2025-06-09 08:00,14.314,0.118,0,0,1.209,266.274,953.241,0.972
2025-06-09 09:00,14.775,0.111,0,0,1.208,278.707,1026.398,0.978
2025-06-09 10:00,15.226,0.100,0,0,1.206,294.270,1059.890,0.981
2025-06-09 11:00,15.626,0.091,0,0,1.205,296.445,1051.360,0.982
2025-06-09 12:00,15.899,0.099,0,0,1.204,269.293,1001.107,0.974
2025-06-09 13:00,16.015,0.135,0,0,1.204,242.450,912.948,0.947
2025-06-09 14:00,15.846,0.148,0,0,1.204,193.580,792.774,0.929
2025-06-09 15:00,15.357,0.160,0,0,1.205,136.348,648.809,0.884
2025-06-09 16:00,14.691,0.196,0,0,1.208,85.837,490.768,0.840
2025-06-09 17:00,14.033,0.225,0,0,1.210,54.657,329.551,0.765
2025-06-09 18:00,13.478,0.261,0,0,1.213,27.667,175.989,0.663
2025-06-09 19:00,12.913,0.222,0,0,1.217,5.917,42.408,0.540
2025-06-09 20:00,12.369,0.242,0,0,1.220,0,0,0.423
2025-06-09 21:00,11.958,0.262,0,0,1.222,0,0,0.400
2025-06-09 22:00,11.672,0.287,0,0,1.225,0,0,0.430
2025-06-09 23:00,11.424,0.340,0,0,1.226,0,0,0.552
2025-06-10 00:00,11.232,0.320,0,0,1.228,0,0,0.758
2025-06-10 01:00,10.998,0.210,0,0,1.229,0.384,3.660,0.860
2025-06-10 02:00,10.854,0.121,0,0,1.231,20.206,93.794,0.829
2025-06-10 03:00,11.030,0.080,0,0,1.231,76.754,237.844,0.904
2025-06-10 04:00,11.472,0.046,0,0,1.231,162.379,395.876,0.898
2025-06-10 05:00,12.185,0.014,0,0,1.229,254.695,557.257,0.944
2025-06-10 06:00,12.968,0.007,0,0,1.226,305.154,710.837,0.970
2025-06-10 07:00,13.927,0.005,0,0,1.223,368.956,846.123,0.871
2025-06-10 08:00,14.761,0.004,0,0,1.219,433.797,954.161,0.769
2025-06-10 09:00,15.503,0.006,0,0,1.217,501.194,1027.398,0.845
2025-06-10 10:00,15.676,0.013,0,0,1.215,398.078,1060.730,0.986
2025-06-10 11:00,15.087,0.018,0,0,1.215,217.608,1052.063,0.985
2025-06-10 12:00,14.825,0.014,0,0,1.216,215.494,1002.006,0.989
2025-06-10 13:00,14.998,0.013,0,0,1.215,305.615,913.948,0.986
2025-06-10 14:00,14.767,0.022,0,0,1.215,244.524,793.936,0.988
2025-06-10 15:00,14.180,0.031,0,0,1.216,143.472,650.051,0.990
2025-06-10 16:00,13.528,0.046,0,0,1.218,96.621,492.132,0.984
2025-06-10 17:00,12.902,0.077,0,0,1.221,68.024,330.926,0.956
2025-06-10 18:00,12.157,0.118,0,0,1.223,35.475,177.548,0.977
2025-06-10 19:00,11.483,0.161,0,0,1.226,5.047,43.801,0.991
2025-06-10 20:00,11.124,0.299,0,0,1.227,0,0,0.992
2025-06-10 21:00,10.944,0.500,0,0,1.228,0,0,0.992
2025-06-10 22:00,10.764,0.581,0,0,1.228,0,0,0.988
2025-06-10 23:00,10.605,0.536,0,0,1.229,0,0,0.969
2025-06-11 00:00,10.437,0.393,0,0,1.229,0,0,0.929
2025-06-11 01:00,10.247,0.331,0,0,1.229,0.413,4.078,0.872
2025-06-11 02:00,10.303,0.340,0,0,1.229,17.053,95.359,0.812
2025-06-11 03:00,10.722,0.359,0,0,1.229,64.090,239.283,0.655
2025-06-11 04:00,11.314,0.411,0,0,1.228,132.581,397.251,0.628
2025-06-11 05:00,11.911,0.491,0,0,1.226,197.981,558.427,0.635
2025-06-11 06:00,12.577,0.585,0,0,1.224,259.321,711.837,0.679
2025-06-11 07:00,13.193,0.599,0,0,1.222,293.544,847.123,0.806
2025-06-11 08:00,13.183,0.476,0,0,1.220,232.612,955.005,0.838
2025-06-11 09:00,13.607,0.479,0,0,1.219,295.783,1028.072,0.788
2025-06-11 10:00,13.952,0.446,0,0,1.218,313.619,1061.405,0.743
2025-06-11 11:00,14.095,0.397,0,0,1.217,314.055,1052.875,0.635
2025-06-11 12:00,14.553,0.335,0,0,1.216,435.168,1002.850,0.485
2025-06-11 13:00,14.385,0.220,0,0,1.216,326.538,914.940,0.644
2025-06-11 14:00,13.794,0.135,0,0,1.219,204.829,794.936,0.647
2025-06-11 15:00,13.410,0.104,0,0,1.222,215.148,651.059,0.522
2025-06-11 16:00,12.972,0.062,0,0,1.226,179.744,493.268,0.504
2025-06-11 17:00,12.343,0.039,0,0,1.230,108.652,332.290,0.315
2025-06-11 18:00,11.652,0.019,0,0,1.233,64.266,178.966,0.092
2025-06-11 19:00,10.883,0.006,0,0,1.236,12.576,45.092,0.051
2025-06-11 20:00,10.199,0.002,0,0,1.239,0,0,0.039
2025-06-11 21:00,10.012,0.006,0,0,1.241,0,0,0.056
2025-06-11 22:00,9.912,0.013,0,0,1.243,0,0,0.102
2025-06-11 23:00,9.863,0.012,0,0,1.244,0,0,0.094
2025-06-12 00:00,9.853,0.008,0,0,1.245,0,0,0.072
2025-06-12 01:00,9.717,0.009,0,0,1.246,0.914,4.482,0.079
2025-06-12 02:00,10.032,0.003,0,0,1.246,35.906,96.796,0.032
2025-06-12 03:00,10.412,0.001,0,0,1.247,124.068,240.636,0.028
2025-06-12 04:00,11.113,0,0,0,1.246,242.486,398.490,0.022
2025-06-12 05:00,11.880,0,0,0,1.244,374.391,559.507,0.016
2025-06-12 06:00,12.608,0,0,0,1.242,508.762,712.837,0.010
2025-06-12 07:00,13.287,0,0,0,1.240,632.039,848.021,0.006
2025-06-12 08:00,13.915,0,0,0,1.239,729.663,955.755,0.004
2025-06-12 09:00,14.531,0,0,0,1.237,794.264,1028.898,0.002
2025-06-12 10:00,15.145,0,0,0,1.234,823.764,1062.230,0
2025-06-12 11:00,15.612,0,0,0,1.232,815.959,1053.563,0
2025-06-12 12:00,15.911,0,0,0,1.231,768.998,1003.600,0
2025-06-12 13:00,16.051,0,0,0,1.230,689.375,915.698,0
2025-06-12 14:00,16.006,0,0,0,1.230,582.881,795.694,0
2025-06-12 15:00,15.789,0,0,0,1.231,458.921,652.051,0
2025-06-12 16:00,15.349,0,0,0,1.232,327.857,494.382,0
2025-06-12 17:00,14.589,0,0,0,1.234,200.128,333.426,0
2025-06-12 18:00,13.241,0,0,0,1.237,89.559,180.276,0
2025-06-12 19:00,11.139,0,0,0,1.241,16.039,46.277,0
2025-06-12 20:00,9.950,0,0,0,1.244,0,0,0.001
2025-06-12 21:00,9.334,0,0,0,1.248,0,0,0
2025-06-12 22:00,8.746,0,0,0,1.252,0,0,0
2025-06-12 23:00,8.257,0,0,0,1.255,0,0,0
2025-06-13 00:00,7.850,0,0,0,1.258,0,0,0.008
2025-06-13 01:00,7.534,0,0,0,1.261,1.139,4.860,0.520
2025-06-13 02:00,8.541,0,0,0,1.264,28.247,98.096,0.950
2025-06-13 03:00,9.180,0,0,0,1.264,46.818,241.824,0.984
2025-06-13 04:00,9.939,0,0,0,1.263,95.049,399.501,0.909
2025-06-13 05:00,11.695,0,0,0,1.257,271.377,560.507,0.690
2025-06-13 06:00,13.650,0,0,0,1.249,512.376,713.743,0.894
2025-06-13 07:00,15.026,0,0,0,1.243,620.306,848.771,0.941
2025-06-13 08:00,16.077,0,0,0,1.239,711.058,956.505,0.936
2025-06-13 09:00,17.019,0,0,0,1.235,786.445,1029.398,0.941
2025-06-13 10:00,17.862,0,0,0,1.231,817.301,1062.730,0.942
2025-06-13 11:00,18.562,0,0,0,1.228,808.091,1054.360,0.940
2025-06-13 12:00,19.092,0,0,0,1.226,762.362,1004.256,0.880
2025-06-13 13:00,19.469,0,0,0,1.223,684.030,916.440,0.625
2025-06-13 14:00,19.575,0,0,0,1.222,581.472,796.444,0.292
2025-06-13 15:00,19.499,0,0,0,1.221,456.174,652.971,0.100
2025-06-13 16:00,19.577,0,0,0,1.221,326.992,495.382,0.107
2025-06-13 17:00,18.982,0,0,0,1.223,199.542,334.540,0.115
2025-06-13 18:00,16.405,0,0,0,1.226,89.823,181.401,0.100
2025-06-13 19:00,13.301,0,0,0,1.231,16.367,47.358,0.014
2025-06-13 20:00,12.000,0,0,0,1.238,0,0,0.001
2025-06-13 21:00,11.501,0,0,0,1.243,0,0,0.009
2025-06-13 22:00,10.845,0,0,0,1.247,0,0,0.143
2025-06-13 23:00,10.254,0,0,0,1.250,0,0,0.521
2025-06-14 00:00,9.868,0,0,0,1.250,0,0,0.818
2025-06-14 01:00,9.624,0,0,0,1.250,1.264,5.216,0.936
2025-06-14 02:00,10.086,0,0,0,1.250,37.352,99.234,0.935
2025-06-14 03:00,11.646,0,0,0,1.250,127.670,242.886,0.941
2025-06-14 04:00,12.978,0,0,0,1.246,244.788,400.501,0.912
2025-06-14 05:00,14.849,0,0,0,1.239,376.092,561.405,0.618
2025-06-14 06:00,17.428,0,0,0,1.227,507.051,714.507,0.155
2025-06-14 07:00,18.955,0,0,0,1.221,621.511,849.521,0.334
2025-06-14 08:00,19.936,0,0,0,1.217,695.388,957.013,0.656
2025-06-14 09:00,20.617,0,0,0,1.213,719.163,1030.086,0.695
2025-06-14 10:00,21.239,0,0,0,1.210,752.970,1063.390,0.771
2025-06-14 11:00,21.671,0,0,0,1.207,740.563,1054.860,0.917
2025-06-14 12:00,21.878,0,0,0,1.205,672.429,1004.756,0.931
2025-06-14 13:00,21.992,0,0,0,1.203,582.212,916.948,0.918
2025-06-14 14:00,22.058,0,0,0,1.201,514.387,797.186,0.705
2025-06-14 15:00,21.902,0,0,0,1.200,436.335,653.721,0.254
2025-06-14 16:00,21.119,0,0,0,1.201,323.005,496.139,0.078
2025-06-14 17:00,19.503,0,0,0,1.205,197.840,335.426,0.066
2025-06-14 18:00,17.422,0,0,0,1.213,89.914,182.403,0.145
2025-06-14 19:00,15.486,0,0,0,1.221,16.413,48.318,0.704
2025-06-14 20:00,14.113,0,0,0,1.228,0,0,0.933
2025-06-14 21:00,13.335,0,0,0,1.232,0,0,0.931
2025-06-14 22:00,12.746,0,0,0,1.233,0,0,0.835
2025-06-14 23:00,12.161,0,0,0,1.233,0,0,0.738
2025-06-15 00:00,11.868,0,0,0,1.234,0,0,0.809
2025-06-15 01:00,11.713,0,0,0,1.234,1.291,5.538,0.921
2025-06-15 02:00,12.134,0,0,0,1.235,33.255,100.265,0.940
2025-06-15 03:00,12.850,0,0,0,1.234,100.669,243.824,0.939
2025-06-15 04:00,13.998,0,0,0,1.230,202.355,401.365,0.934
2025-06-15 05:00,15.723,0,0,0,1.223,326.637,562.155,0.921
2025-06-15 06:00,18.108,0,0,0,1.212,472.797,715.087,0.930
2025-06-15 07:00,20.362,0,0,0,1.202,602.069,850.021,0.939
2025-06-15 08:00,21.913,0,0,0,1.195,696.234,957.661,0.937
2025-06-15 09:00,22.797,0,0,0,1.191,753.824,1030.426,0.931
2025-06-15 10:00,23.507,0,0,0,1.187,771.426,1063.730,0.890
2025-06-15 11:00,24.081,0,0,0,1.184,771.091,1055.360,0.608
2025-06-15 12:00,24.398,0,0,0,1.182,742.155,1005.256,0.601
2025-06-15 13:00,24.516,0,0,0,1.180,674.228,917.448,0.545
2025-06-15 14:00,24.340,0,0,0,1.179,535.375,797.694,0.837
2025-06-15 15:00,23.256,0,0,0,1.180,295.059,654.301,0.951
2025-06-15 16:00,21.887,0,0,0,1.182,158.696,496.882,0.957
2025-06-15 17:00,20.605,0,0,0,1.186,103.224,336.290,0.954
2025-06-15 18:00,19.182,0.003,0,0,1.191,49.522,183.276,0.955
2025-06-15 19:00,17.877,0.002,0,0,1.195,9.863,49.164,0.830
2025-06-15 20:00,16.964,0.002,0,0,1.199,0,0.001,0.469
2025-06-15 21:00,16.276,0,0,0,1.200,0,0,0.375
2025-06-15 22:00,15.860,0,0,0,1.200,0,0,0.784
2025-06-15 23:00,15.658,0,0,0,1.200,0,0,0.951
2025-06-16 00:00,15.392,0,0,0,1.201,0,0,0.890
2025-06-16 01:00,15.379,0,0,0,1.201,0.962,5.817,0.786
2025-06-16 02:00,15.853,0.001,0,0,1.202,26.692,101.130,0.942
2025-06-16 03:00,16.934,0.002,0,0,1.202,87.359,244.596,0.841
2025-06-16 04:00,17.904,0.002,0,0,1.199,179.457,402.001,0.822
2025-06-16 05:00,18.591,0.005,0,0,1.195,193.294,562.677,0.951
2025-06-16 06:00,18.914,0.013,0,0,1.194,209.199,715.736,0.972
2025-06-16 07:00,19.317,0.022,0,0,1.192,245.044,850.521,0.972
2025-06-16 08:00,19.491,0.154,0,0,1.192,267.295,958.005,0.963
2025-06-16 09:00,19.054,0.133,0,0,1.194,250.994,1030.898,0.957
2025-06-16 10:00,18.670,0.050,0,0,1.197,241.885,1064.230,0.957
2025-06-16 11:00,18.588,0.041,0,0,1.198,274.957,1055.403,0.943
2025-06-16 12:00,18.770,0.008,0,0,1.198,328.920,1005.748,0.926
2025-06-16 13:00,19.355,0.001,0,0,1.195,415.594,917.940,0.806
2025-06-16 14:00,19.944,0.005,0,0,1.192,468.904,798.194,0.646
2025-06-16 15:00,19.929,0.014,0,0,1.190,334.683,654.809,0.452
2025-06-16 16:00,19.573,0.042,0,0,1.190,216.057,497.507,0.387
2025-06-16 17:00,19.058,0.079,0,0,1.191,146.545,336.922,0.267
2025-06-16 18:00,18.181,0.138,0,0,1.193,70.115,184.026,0.166
2025-06-16 19:00,17.304,0.155,0,0,1.196,13.419,49.879,0.169
2025-06-16 20:00,16.759,0.203,0,0,1.199,0,0.002,0.216
2025-06-16 21:00,16.309,0.211,0,0,1.202,0,0,0.319
2025-06-16 22:00,15.893,0.223,0,0,1.205,0,0,0.441
2025-06-16 23:00,15.467,0.090,0,0,1.208,0,0,0.307
2025-06-17 00:00,14.887,0.018,0,0,1.211,0,0,0.144
2025-06-17 01:00,14.275,0.009,0,0,1.215,1.190,6.068,0.084
2025-06-17 02:00,13.994,0.005,0,0,1.217,36.839,101.859,0.043
2025-06-17 03:00,14.452,0.002,0,0,1.218,125.650,245.261,0.019
2025-06-17 04:00,15.270,0.001,0,0,1.216,245.229,402.626,0.013
2025-06-17 05:00,16.213,0.001,0,0,1.214,375.243,563.177,0.010
2025-06-17 06:00,17.249,0.001,0,0,1.211,504.842,716.087,0.020
2025-06-17 07:00,18.248,0.002,0,0,1.207,607.415,850.873,0.112
2025-06-17 08:00,19.131,0.003,0,0,1.203,669.690,958.411,0.415
2025-06-17 09:00,19.871,0.003,0,0,1.198,669.305,1031.086,0.831
2025-06-17 10:00,20.152,0.003,0,0,1.196,546.420,1064.405,0.978
2025-06-17 11:00,19.985,0.012,0,0,1.194,384.507,1055.860,0.988
2025-06-17 12:00,19.411,0.072,0,0,1.194,258.625,1006.006,0.972
2025-06-17 13:00,19.034,0.080,0,0,1.196,286.933,918.198,0.722
2025-06-17 14:00,19.585,0.030,0,0,1.194,433.320,798.686,0.313
2025-06-17 15:00,19.815,0.012,0,0,1.192,369.176,655.301,0.198
2025-06-17 16:00,19.708,0.024,0,0,1.190,266.781,498.007,0.199
2025-06-17 17:00,19.188,0.035,0,0,1.190,147.585,337.426,0.376
2025-06-17 18:00,18.456,0.017,0,0,1.192,57.954,184.648,0.694
2025-06-17 19:00,17.763,0.009,0,0,1.195,10.395,50.464,0.600
2025-06-17 20:00,16.998,0.004,0,0,1.199,0,0.003,0.111
2025-06-17 21:00,16.355,0.002,0,0,1.202,0,0,0.062
2025-06-17 22:00,15.817,0.006,0,0,1.204,0,0,0.153
2025-06-17 23:00,15.433,0.016,0,0,1.206,0,0,0.631
2025-06-18 00:00,15.123,0.018,0,0,1.207,0,0,0.954
2025-06-18 01:00,14.944,0.022,0,0,1.208,0.735,6.272,0.958
2025-06-18 02:00,14.885,0.043,0,0,1.208,17.089,102.443,0.987
2025-06-18 03:00,15.012,0.075,0,0,1.207,47.200,245.783,0.992
2025-06-18 04:00,15.327,0.083,0,0,1.207,101.551,403.115,0.991
2025-06-18 05:00,15.776,0.064,0,0,1.206,189.181,563.655,0.991
2025-06-18 06:00,16.173,0.013,0,0,1.206,283.285,716.507,0.982
2025-06-18 07:00,16.436,0.007,0,0,1.207,368.385,851.271,0.968
2025-06-18 08:00,16.823,0.002,0,0,1.206,471.590,958.661,0.898
2025-06-18 09:00,17.465,0,0,0,1.205,618.791,1031.398,0.715
2025-06-18 10:00,18.252,0,0,0,1.203,751.629,1064.730,0.418
2025-06-18 11:00,18.912,0,0,0,1.201,796.647,1055.903,0.084
2025-06-18 12:00,19.326,0.001,0,0,1.198,759.125,1006.248,0.024
2025-06-18 13:00,19.490,0.004,0,0,1.197,675.247,918.448,0.039
2025-06-18 14:00,19.444,0.009,0,0,1.196,561.452,798.936,0.141
2025-06-18 15:00,19.071,0.017,0,0,1.196,394.794,655.551,0.256
2025-06-18 16:00,18.444,0.030,0,0,1.197,237.363,498.382,0.366
2025-06-18 17:00,17.651,0.043,0,0,1.199,140.886,337.915,0.384
2025-06-18 18:00,16.433,0.033,0,0,1.201,62.821,185.089,0.378
2025-06-18 19:00,14.936,0.058,0,0,1.204,11.990,50.927,0.361
2025-06-18 20:00,14.028,0.066,0,0,1.208,0,0.004,0.380
2025-06-18 21:00,13.641,0.060,0,0,1.211,0,0,0.413
2025-06-18 22:00,13.186,0.051,0,0,1.214,0,0,0.498
2025-06-18 23:00,12.828,0.049,0,0,1.216,0,0,0.650
2025-06-19 00:00,12.489,0.052,0,0,1.218,0,0,0.669
2025-06-19 01:00,12.264,0.047,0,0,1.218,0.651,6.427,0.679
2025-06-19 02:00,12.396,0.046,0,0,1.220,18.816,102.880,0.677
2025-06-19 03:00,12.491,0.072,0,0,1.221,62.022,246.162,0.676
2025-06-19 04:00,12.720,0.118,0,0,1.221,127.117,403.450,0.657
2025-06-19 05:00,13.255,0.128,0,0,1.220,208.898,563.919,0.542
2025-06-19 06:00,14.178,0.078,0,0,1.219,352.695,716.736,0.366
2025-06-19 07:00,15.213,0.029,0,0,1.217,524.841,851.293,0.257
2025-06-19 08:00,16.112,0.011,0,0,1.214,673.357,958.755,0.152
2025-06-19 09:00,16.740,0.013,0,0,1.213,766.042,1031.586,0.095
2025-06-19 10:00,17.077,0.026,0,0,1.212,771.510,1064.730,0.087
2025-06-19 11:00,17.334,0.043,0,0,1.211,754.462,1056.360,0.142
2025-06-19 12:00,17.361,0.041,0,0,1.210,641.301,1006.256,0.224
2025-06-19 13:00,17.347,0.033,0,0,1.210,549.584,918.690,0.217
2025-06-19 14:00,17.236,0.030,0,0,1.210,462.102,799.172,0.216
2025-06-19 15:00,17.042,0.023,0,0,1.210,363.499,655.801,0.195
2025-06-19 16:00,16.736,0.021,0,0,1.211,242.288,498.632,0.231
2025-06-19 17:00,16.278,0.018,0,0,1.212,150.994,338.172,0.246
2025-06-19 18:00,15.519,0.006,0,0,1.214,72.007,185.401,0.115
2025-06-19 19:00,14.392,0.003,0,0,1.218,15.823,51.252,0.075
2025-06-19 20:00,13.278,0.001,0,0,1.222,0.001,0.005,0.056
2025-06-19 21:00,12.863,0.001,0,0,1.225,0,0,0.038
2025-06-19 22:00,12.535,0.001,0,0,1.228,0,0,0.026
2025-06-19 23:00,12.163,0,0,0,1.231,0,0,0.018
2025-06-20 00:00,11.878,0,0,0,1.233,0,0,0.015
2025-06-20 01:00,11.613,0,0,0,1.235,1.578,6.534,0.014
2025-06-20 02:00,11.678,0,0,0,1.237,43.431,103.174,0.014
2025-06-20 03:00,12.251,0,0,0,1.237,136.397,246.449,0.013
2025-06-20 04:00,13.329,0,0,0,1.234,257.034,403.626,0.011
2025-06-20 05:00,14.338,0,0,0,1.231,391.069,564.155,0.009
2025-06-20 06:00,15.296,0,0,0,1.229,520.451,716.757,0.007
2025-06-20 07:00,16.172,0,0,0,1.226,636.223,851.521,0.007
2025-06-20 08:00,16.981,0,0,0,1.223,729.449,958.755,0.006
2025-06-20 09:00,17.718,0,0,0,1.220,793.348,1031.586,0.007
2025-06-20 10:00,18.369,0,0,0,1.217,815.151,1064.730,0.058
2025-06-20 11:00,18.829,0,0,0,1.215,778.283,1056.360,0.208
2025-06-20 12:00,19.069,0.001,0,0,1.213,700.469,1006.270,0.425
2025-06-20 13:00,18.802,0.001,0,0,1.212,461.376,918.690,0.577
2025-06-20 14:00,18.695,0.001,0,0,1.211,364.501,799.186,0.696
2025-06-20 15:00,18.539,0,0,0,1.211,254.394,655.971,0.922
2025-06-20 16:00,18.057,0,0,0,1.212,138.091,498.757,0.977
2025-06-20 17:00,17.598,0,0,0,1.212,90.756,338.301,0.979
2025-06-20 18:00,16.672,0,0,0,1.213,50.223,185.589,0.957
2025-06-20 19:00,14.925,0,0,0,1.214,14.288,51.450,0.946
2025-06-20 20:00,13.337,0,0,0,1.216,0.001,0.006,0.941
2025-06-20 21:00,13.069,0,0,0,1.218,0,0,0.946
2025-06-20 22:00,13.416,0,0,0,1.219,0,0,0.967
2025-06-20 23:00,14.180,0,0,0,1.219,0,0,0.975
2025-06-21 00:00,14.142,0,0,0,1.220,0,0,0.957
2025-06-21 01:00,13.651,0,0,0,1.221,1.053,6.593,0.672
2025-06-21 02:00,13.570,0.001,0,0,1.223,32.025,103.330,0.529
2025-06-21 03:00,13.653,0.004,0,0,1.223,75.905,246.574,0.736
2025-06-21 04:00,13.990,0.005,0,0,1.221,120.744,403.751,0.638
2025-06-21 05:00,14.961,0.009,0,0,1.217,234.658,564.155,0.453
2025-06-21 06:00,16.361,0.013,0,0,1.211,377.249,716.837,0.301
2025-06-21 07:00,17.456,0.008,0,0,1.207,525.811,851.521,0.067
2025-06-21 08:00,18.471,0,0,0,1.204,716.209,958.755,0.005
2025-06-21 09:00,19.186,0,0,0,1.202,801.454,1031.426,0.001
2025-06-21 10:00,19.651,0,0,0,1.200,832.110,1064.730,0.005
2025-06-21 11:00,19.867,0.001,0,0,1.199,819.105,1056.063,0.021
2025-06-21 12:00,19.822,0.002,0,0,1.199,754.265,1006.256,0.046
2025-06-21 13:00,19.587,0.010,0,0,1.199,675.288,918.690,0.146
2025-06-21 14:00,19.064,0.011,0,0,1.201,506.546,799.186,0.241
2025-06-21 15:00,18.530,0.011,0,0,1.203,376.091,655.971,0.300
2025-06-21 16:00,17.991,0.006,0,0,1.204,247.316,498.757,0.267
2025-06-21 17:00,17.328,0.015,0,0,1.207,168.289,338.375,0.112
2025-06-21 18:00,16.277,0.014,0,0,1.212,82.143,185.651,0.087
2025-06-21 19:00,15.040,0.005,0,0,1.218,16.054,51.507,0.074
2025-06-21 20:00,13.966,0.001,0,0,1.224,0.001,0.007,0.058
2025-06-21 21:00,13.023,0,0,0,1.230,0,0,0.041
2025-06-21 22:00,12.149,0,0,0,1.235,0,0,0.028
2025-06-21 23:00,11.442,0.001,0,0,1.239,0,0,0.021
2025-06-22 00:00,10.861,0.002,0,0,1.242,0,0,0.020
2025-06-22 01:00,10.404,0.002,0,0,1.244,1.605,6.604,0.019
2025-06-22 02:00,10.347,0.001,0,0,1.245,43.878,103.359,0.013
2025-06-22 03:00,11.033,0,0,0,1.244,138.815,246.537,0.003
2025-06-22 04:00,12.318,0,0,0,1.240,261.220,403.700,0.003
2025-06-22 05:00,13.735,0,0,0,1.235,394.244,564.155,0.002
2025-06-22 06:00,14.950,0,0,0,1.232,525.013,716.757,0.002
2025-06-22 07:00,16.051,0,0,0,1.228,642.454,851.293,0.003
2025-06-22 08:00,17.115,0,0,0,1.224,737.051,958.675,0.001
2025-06-22 09:00,18.161,0,0,0,1.220,802.900,1031.398,0.001
2025-06-22 10:00,19.057,0,0,0,1.216,832.262,1064.702,0.012
2025-06-22 11:00,19.611,0,0,0,1.213,823.843,1055.903,0.186
2025-06-22 12:00,19.784,0,0,0,1.210,764.774,1006.100,0.503
2025-06-22 13:00,19.662,0,0,0,1.209,682.432,918.448,0.090
2025-06-22 14:00,19.342,0,0,0,1.208,593.704,798.944,0.003
2025-06-22 15:00,18.751,0,0,0,1.208,469.486,655.801,0.167
2025-06-22 16:00,17.723,0,0,0,1.211,333.214,498.632,0.799
2025-06-22 17:00,16.287,0.001,0,0,1.216,178.989,338.290,0.944
2025-06-22 18:00,14.889,0.007,0,0,1.221,64.337,185.585,0.894
2025-06-22 19:00,13.771,0.021,0,0,1.225,9.436,51.434,0.961
2025-06-22 20:00,13.119,0.058,0,0,1.227,0,0.006,0.978
2025-06-22 21:00,12.732,0.094,0,0,1.227,0,0,0.977
2025-06-22 22:00,12.486,0.162,0,0,1.227,0,0,0.975
2025-06-22 23:00,12.413,0.133,0,0,1.226,0,0,0.977
2025-06-23 00:00,12.532,0.044,0,0,1.224,0,0,0.985
2025-06-23 01:00,12.704,0.034,0,0,1.221,0.311,6.565,0.985
2025-06-23 02:00,12.684,0.042,0,0,1.220,13.558,103.234,0.972
2025-06-23 03:00,13.046,0.062,0,0,1.219,56.124,246.412,0.985
2025-06-23 04:00,13.370,0.033,0,0,1.217,93.295,403.501,0.984
2025-06-23 05:00,13.643,0.133,0,0,1.214,128.336,563.919,0.987
2025-06-23 06:00,13.661,0.301,0,0,1.213,161.252,716.507,0.988
2025-06-23 07:00,13.855,0.522,0,0,1.211,199.468,851.123,0.986
2025-06-23 08:00,14.156,0.732,0,0,1.209,218.539,958.425,0.987
2025-06-23 09:00,14.160,0.948,0,0,1.208,185.904,1031.086,0.956
2025-06-23 10:00,14.097,0.883,0,0,1.208,203.439,1064.390,0.967
2025-06-23 11:00,14.188,0.360,0,0,1.206,233.232,1055.860,0.981
2025-06-23 12:00,14.834,0.049,0,0,1.203,369.932,1005.998,0.968
2025-06-23 13:00,15.818,0.034,0,0,1.198,468.569,918.212,0.969
2025-06-23 14:00,15.961,0.037,0,0,1.194,287.337,798.694,0.980
2025-06-23 15:00,15.884,0.036,0,0,1.192,229.879,655.551,0.973
2025-06-23 16:00,15.788,0.024,0,0,1.190,174.693,498.389,0.928
2025-06-23 17:00,15.563,0.037,0,0,1.189,109.364,338.047,0.845
2025-06-23 18:00,15.007,0.147,0,0,1.189,52.811,185.339,0.826
2025-06-23 19:00,14.257,0.241,0,0,1.190,10.449,51.220,0.824
2025-06-23 20:00,13.985,0.223,0,0,1.190,0,0.005,0.634
2025-06-23 21:00,14.046,0.184,0,0,1.189,0,0,0.397
2025-06-23 22:00,13.975,0.097,0,0,1.190,0,0,0.340
2025-06-23 23:00,13.497,0.034,0,0,1.193,0,0,0.215
2025-06-24 00:00,12.789,0.068,0,0,1.196,0,0,0.243
2025-06-24 01:00,12.178,0.233,0,0,1.199,1.203,6.477,0.341
2025-06-24 02:00,11.955,0.345,0,0,1.201,31.065,102.955,0.529
2025-06-24 03:00,12.141,0.325,0,0,1.201,84.721,246.136,0.710
2025-06-24 04:00,12.550,0.204,0,0,1.199,137.277,403.251,0.720
2025-06-24 05:00,13.322,0.116,0,0,1.196,237.078,563.655,0.555
2025-06-24 06:00,14.685,0.107,0,0,1.191,407.663,716.257,0.476
2025-06-24 07:00,15.891,0.135,0,0,1.187,528.229,850.793,0.438
2025-06-24 08:00,16.571,0.163,0,0,1.184,575.696,958.175,0.382
2025-06-24 09:00,16.786,0.231,0,0,1.183,556.439,1030.898,0.439
2025-06-24 10:00,16.628,0.299,0,0,1.183,459.576,1064.202,0.655
2025-06-24 11:00,15.925,0.436,0,0,1.184,282.697,1055.375,0.795
2025-06-24 12:00,15.647,0.436,0,0,1.186,282.943,1005.600,0.689
2025-06-24 13:00,15.732,0.340,0,0,1.186,307.310,917.948,0.697
2025-06-24 14:00,15.569,0.196,0,0,1.185,210.781,798.436,0.728
2025-06-24 15:00,15.600,0.155,0,0,1.185,192.808,655.301,0.605
2025-06-24 16:00,15.742,0.151,0,0,1.184,201.290,498.092,0.615
2025-06-24 17:00,15.345,0.159,0,0,1.186,123.279,337.672,0.742
2025-06-24 18:00,14.581,0.126,0,0,1.189,53.912,184.964,0.711
2025-06-24 19:00,13.708,0.100,0,0,1.194,11.723,50.880,0.717
2025-06-24 20:00,13.061,0.085,0,0,1.198,0,0.004,0.773
2025-06-24 21:00,12.753,0.066,0,0,1.200,0,0,0.802
2025-06-24 22:00,12.649,0.058,0,0,1.201,0,0,0.845
2025-06-24 23:00,12.618,0.046,0,0,1.202,0,0,0.844
2025-06-25 00:00,12.599,0.034,0,0,1.202,0,0,0.876
2025-06-25 01:00,12.585,0.030,0,0,1.202,0.729,6.342,0.903
2025-06-25 02:00,12.732,0.030,0,0,1.202,20.094,102.547,0.866
2025-06-25 03:00,13.114,0.053,0,0,1.201,65.902,245.724,0.819
2025-06-25 04:00,13.536,0.086,0,0,1.201,126.462,402.876,0.842
2025-06-25 05:00,13.868,0.135,0,0,1.200,173.064,563.177,0.880
2025-06-25 06:00,14.305,0.187,0,0,1.199,224.955,715.837,0.911
2025-06-25 07:00,14.933,0.241,0,0,1.198,278.095,850.521,0.955
2025-06-25 08:00,15.536,0.381,0,0,1.196,304.953,957.755,0.970
2025-06-25 09:00,16.339,0.426,0,0,1.195,399.182,1030.426,0.983
2025-06-25 10:00,16.966,0.349,0,0,1.193,432.671,1063.730,0.980
2025-06-25 11:00,17.470,0.195,0,0,1.192,468.394,1054.903,0.969
2025-06-25 12:00,17.784,0.096,0,0,1.191,417.045,1005.256,0.938
2025-06-25 13:00,18.317,0.059,0,0,1.190,463.049,917.462,0.779
2025-06-25 14:00,18.735,0.017,0,0,1.189,475.955,797.944,0.323
2025-06-25 15:00,18.813,0.009,0,0,1.189,394.584,654.801,0.191
2025-06-25 16:00,18.738,0.004,0,0,1.189,301.341,497.632,0.058
2025-06-25 17:00,18.350,0.001,0,0,1.190,196.695,337.176,0.040
2025-06-25 18:00,16.850,0,0,0,1.191,89.756,184.464,0.036
2025-06-25 19:00,14.850,0.001,0,0,1.194,17.076,50.402,0.032
2025-06-25 20:00,13.993,0.001,0,0,1.197,0.001,0.003,0.027
2025-06-25 21:00,13.942,0.001,0,0,1.200,0,0,0.018
2025-06-25 22:00,14.106,0.001,0,0,1.203,0,0,0.012
2025-06-25 23:00,13.578,0.005,0,0,1.206,0,0,0.007
2025-06-26 00:00,12.972,0.020,0,0,1.208,0,0,0.010
2025-06-26 01:00,12.608,0.018,0,0,1.209,1.441,6.159,0.111
2025-06-26 02:00,13.338,0.005,0,0,1.211,39.970,101.987,0.388
2025-06-26 03:00,14.275,0.003,0,0,1.213,126.818,245.199,0.477
2025-06-26 04:00,15.221,0,0,0,1.211,251.461,402.325,0.225
2025-06-26 05:00,16.692,0,0,0,1.208,386.834,562.677,0.092
2025-06-26 06:00,18.175,0,0,0,1.204,516.888,715.337,0.025
2025-06-26 07:00,19.494,0,0,0,1.199,635.076,850.021,0
2025-06-26 08:00,20.598,0,0,0,1.195,729.904,957.255,0
2025-06-26 09:00,21.627,0,0,0,1.191,795.598,1030.086,0.024
2025-06-26 10:00,22.626,0,0,0,1.187,825.017,1063.230,0.627
2025-06-26 11:00,23.391,0,0,0,1.184,803.808,1054.403,0.776
2025-06-26 12:00,23.726,0,0,0,1.182,763.664,1004.756,0.375
2025-06-26 13:00,23.559,0,0,0,1.181,665.015,916.962,0.287
2025-06-26 14:00,23.098,0.001,0,0,1.181,542.756,797.444,0.467
2025-06-26 15:00,22.288,0,0,0,1.183,400.567,654.301,0.532
2025-06-26 16:00,21.248,0,0,0,1.185,321.858,497.014,0.270
2025-06-26 17:00,20.028,0,0,0,1.188,196.804,336.551,0.073
2025-06-26 18:00,18.303,0,0,0,1.193,91.884,183.839,0.147
2025-06-26 19:00,16.631,0,0,0,1.199,17.589,49.806,0.537
2025-06-26 20:00,15.705,0,0,0,1.203,0,0.002,0.936
2025-06-26 21:00,15.380,0,0,0,1.205,0,0,0.939
2025-06-26 22:00,15.000,0,0,0,1.207,0,0,0.954
2025-06-26 23:00,14.647,0,0,0,1.208,0,0,0.975
2025-06-27 00:00,14.296,0.001,0,0,1.209,0,0,0.979
2025-06-27 01:00,14.052,0.007,0,0,1.210,0.470,5.926,0.975
2025-06-27 02:00,13.969,0.062,0,0,1.211,11.314,101.297,0.969
2025-06-27 03:00,13.984,0.153,0,0,1.211,31.180,244.511,0.971
2025-06-27 04:00,14.221,0.196,0,0,1.210,59.942,401.626,0.976
2025-06-27 05:00,15.294,0.167,0,0,1.206,132.755,562.155,0.901
2025-06-27 06:00,16.725,0.193,0,0,1.201,268.987,714.757,0.775
2025-06-27 07:00,17.507,0.134,0,0,1.197,300.533,849.373,0.933
2025-06-27 08:00,17.605,0.186,0,0,1.196,288.769,956.755,0.936
2025-06-27 09:00,17.580,0.235,0,0,1.195,307.484,1029.398,0.814
2025-06-27 10:00,17.801,0.230,0,0,1.195,357.244,1062.730,0.617
2025-06-27 11:00,18.252,0.122,0,0,1.193,396.002,1053.903,0.624
2025-06-27 12:00,18.597,0.080,0,0,1.191,365.174,1004.100,0.605
2025-06-27 13:00,18.874,0.068,0,0,1.189,328.819,916.448,0.657
2025-06-27 14:00,18.929,0.080,0,0,1.189,280.692,796.936,0.750
2025-06-27 15:00,18.944,0.108,0,0,1.188,237.648,653.551,0.904
2025-06-27 16:00,18.604,0.157,0,0,1.188,172.699,496.382,0.686
2025-06-27 17:00,17.947,0.170,0,0,1.190,94.454,335.915,0.567
2025-06-27 18:00,17.159,0.226,0,0,1.193,50.558,183.085,0.385
2025-06-27 19:00,16.175,0.044,0,0,1.199,12.044,49.075,0.345
2025-06-27 20:00,15.116,0.006,0,0,1.207,0,0.001,0.239
2025-06-27 21:00,14.094,0.002,0,0,1.214,0,0,0.093
2025-06-27 22:00,13.210,0.001,0,0,1.219,0,0,0.024
2025-06-27 23:00,12.476,0,0,0,1.223,0,0,0.076
2025-06-28 00:00,11.792,0,0,0,1.226,0,0,0.030
2025-06-28 01:00,11.349,0,0,0,1.228,1.385,5.660,0.146
2025-06-28 02:00,11.426,0.001,0,0,1.229,42.159,100.455,0.467
2025-06-28 03:00,12.311,0.001,0,0,1.226,124.912,243.719,0.775
2025-06-28 04:00,13.646,0,0,0,1.222,206.959,400.876,0.624
2025-06-28 05:00,15.081,0,0,0,1.217,373.314,561.405,0.511
2025-06-28 06:00,16.134,0,0,0,1.213,400.492,714.087,0.783
2025-06-28 07:00,17.321,0,0,0,1.208,526.871,848.771,0.883
2025-06-28 08:00,17.819,0,0,0,1.204,412.440,956.013,0.973
2025-06-28 09:00,18.095,0,0,0,1.202,365.514,1028.898,0.965
2025-06-28 10:00,18.407,0.017,0,0,1.200,375.854,1061.905,0.946
2025-06-28 11:00,18.488,0.088,0,0,1.199,363.571,1053.375,0.955
2025-06-28 12:00,18.052,0.285,0,0,1.199,286.002,1003.506,0.975
2025-06-28 13:00,17.326,0.830,0,0,1.201,208.817,915.698,0.988
2025-06-28 14:00,16.299,1.012,0,0,1.203,91.462,796.186,0.988
2025-06-28 15:00,15.796,0.341,0,0,1.204,84.046,652.801,0.976
2025-06-28 16:00,16.030,0.098,0,0,1.202,129.922,495.514,0.964
2025-06-28 17:00,16.295,0.060,0,0,1.199,71.926,335.040,0.962
2025-06-28 18:00,16.645,0.054,0,0,1.195,32.320,182.173,0.958
2025-06-28 19:00,17.052,0.041,0,0,1.192,8.600,48.224,0.911
2025-06-28 20:00,17.069,0.026,0,0,1.191,0,0,0.385
2025-06-28 21:00,16.706,0.006,0,0,1.193,0,0,0.170
2025-06-28 22:00,15.970,0.001,0,0,1.197,0,0,0.004
2025-06-28 23:00,15.222,0.002,0,0,1.201,0,0,0
2025-06-29 00:00,14.860,0.001,0,0,1.202,0,0,0
2025-06-29 01:00,14.671,0.001,0,0,1.203,1.234,5.356,0.001
2025-06-29 02:00,14.858,0,0,0,1.202,41.506,99.485,0.001
2025-06-29 03:00,15.377,0,0,0,1.201,136.866,242.781,0.001
2025-06-29 04:00,16.027,0,0,0,1.200,260.518,400.001,0.003
2025-06-29 05:00,16.664,0,0,0,1.198,394.660,560.507,0.004
2025-06-29 06:00,17.223,0.001,0,0,1.197,526.764,713.257,0.003
2025-06-29 07:00,17.817,0,0,0,1.196,644.677,848.021,0.008
2025-06-29 08:00,18.462,0,0,0,1.194,737.367,955.263,0.008
2025-06-29 09:00,19.144,0,0,0,1.192,802.563,1028.072,0.007
2025-06-29 10:00,19.757,0.003,0,0,1.189,830.067,1061.230,0.012
2025-06-29 11:00,20.233,0.004,0,0,1.187,809.645,1052.860,0.031
2025-06-29 12:00,20.466,0.007,0,0,1.185,748.233,1002.756,0.053
2025-06-29 13:00,20.522,0.017,0,0,1.183,657.976,914.948,0.096
2025-06-29 14:00,20.336,0.043,0,0,1.183,515.388,795.436,0.297
2025-06-29 15:00,19.862,0.072,0,0,1.183,325.471,651.971,0.366
2025-06-29 16:00,19.457,0.075,0,0,1.184,233.080,494.632,0.294
2025-06-29 17:00,19.029,0.104,0,0,1.185,167.781,334.040,0.181
2025-06-29 18:00,18.341,0.112,0,0,1.188,73.179,181.148,0.298
2025-06-29 19:00,17.525,0.094,0,0,1.192,11.680,47.252,0.283
2025-06-29 20:00,16.824,0.047,0,0,1.197,0,0,0.188
2025-06-29 21:00,16.249,0.014,0,0,1.201,0,0,0.118
2025-06-29 22:00,15.651,0.001,0,0,1.206,0,0,0.049
2025-06-29 23:00,14.948,0,0,0,1.211,0,0,0.025
2025-06-30 00:00,14.182,0,0,0,1.216,0,0,0.024
2025-06-30 01:00,13.465,0,0,0,1.220,1.181,5.009,0.025
2025-06-30 02:00,13.051,0,0,0,1.223,41.856,98.370,0.025
2025-06-30 03:00,13.282,0.001,0,0,1.224,133.887,241.699,0.025
2025-06-30 04:00,14.011,0.001,0,0,1.222,252.933,399.001,0.023
2025-06-30 05:00,14.904,0.001,0,0,1.220,383.300,559.507,0.021
2025-06-30 06:00,15.913,0.001,0,0,1.217,511.958,712.337,0.018
2025-06-30 07:00,16.934,0.001,0,0,1.214,630.284,847.043,0.013
2025-06-30 08:00,17.919,0.001,0,0,1.211,729.816,954.505,0.027
2025-06-30 09:00,18.764,0,0,0,1.208,795.684,1027.398,0.047
2025-06-30 10:00,19.490,0,0,0,1.205,825.635,1060.405,0.062
2025-06-30 11:00,20.090,0,0,0,1.203,818.959,1051.860,0.112
2025-06-30 12:00,20.521,0,0,0,1.201,774.031,1002.006,0.055
2025-06-30 13:00,20.770,0,0,0,1.199,695.895,914.190,0.017
2025-06-30 14:00,20.845,0,0,0,1.197,587.418,794.436,0.107
2025-06-30 15:00,20.680,0,0,0,1.196,409.829,651.051,0.443
2025-06-30 16:00,20.429,0,0,0,1.196,286.630,493.632,0.726
2025-06-30 17:00,19.820,0,0,0,1.197,160.095,332.922,0.895
2025-06-30 18:00,18.239,0,0,0,1.199,68.254,179.960,0.912
2025-06-30 19:00,16.835,0,0,0,1.201,14.217,46.162,0.631
2025-06-30 20:00,16.455,0,0,0,1.204,0,0,0.200
2025-06-30 21:00,16.362,0,0,0,1.207,0,0,0.053
2025-06-30 22:00,16.138,0,0,0,1.210,0,0,0.111
2025-06-30 23:00,15.866,0,0,0,1.213,0,0,0.161
2025-07-01 00:00,15.602,0,0,0,1.215,0,0,0.364
2025-07-01 01:00,15.344,0,0,0,1.216,1.088,4.647,0.475
2025-07-01 02:00,14.965,0,0,0,1.217,38.704,97.110,0.379
2025-07-01 03:00,15.231,0,0,0,1.218,130.192,240.474,0.213
2025-07-01 04:00,16.751,0,0,0,1.216,253.559,397.868,0.034
2025-07-01 05:00,18.782,0,0,0,1.208,385.620,558.427,0
2025-07-01 06:00,20.535,0,0,0,1.202,513.555,711.337,0.006
2025-07-01 07:00,22.041,0,0,0,1.196,628.369,846.123,0.008
2025-07-01 08:00,23.273,0,0,0,1.191,720.907,953.513,0
2025-07-01 09:00,24.182,0,0,0,1.187,785.543,1026.412,0.032
2025-07-01 10:00,24.884,0,0,0,1.183,813.650,1059.730,0.242
2025-07-01 11:00,25.243,0,0,0,1.180,762.389,1050.875,0.804
2025-07-01 12:00,24.590,0,0,0,1.179,476.971,1001.006,0.931
2025-07-01 13:00,24.058,0,0,0,1.179,332.210,913.198,0.948
2025-07-01 14:00,24.124,0,0,0,1.179,373.475,793.436,0.943
2025-07-01 15:00,24.103,0,0,0,1.178,366.090,649.823,0.939
2025-07-01 16:00,23.484,0,0,0,1.178,232.022,492.389,0.834
2025-07-01 17:00,22.850,0,0,0,1.180,189.623,331.676,0.151
2025-07-01 18:00,21.586,0,0,0,1.183,91.496,178.651,0.049
2025-07-01 19:00,19.876,0,0,0,1.187,15.838,44.976,0.357
2025-07-01 20:00,18.845,0,0,0,1.191,0,0,0.580
2025-07-01 21:00,18.131,0,0,0,1.196,0,0,0.119
2025-07-01 22:00,17.538,0,0,0,1.200,0,0,0.088
2025-07-01 23:00,17.016,0,0,0,1.203,0,0,0.081
2025-07-02 00:00,16.548,0,0,0,1.206,0,0,0.016
2025-07-02 01:00,15.967,0.009,0,0,1.209,0.938,4.248,0.282
2025-07-02 02:00,16.007,0.013,0,0,1.211,32.761,95.714,0.924
2025-07-02 03:00,16.181,0.029,0,0,1.211,33.599,239.158,0.967
2025-07-02 04:00,16.384,0.046,0,0,1.212,87.853,396.615,0.883
2025-07-02 05:00,17.674,0.026,0,0,1.209,327.278,557.257,0.565
2025-07-02 06:00,19.595,0.002,0,0,1.203,481.110,710.243,0.373
2025-07-02 07:00,21.275,0,0,0,1.197,606.092,845.043,0.271
2025-07-02 08:00,22.618,0,0,0,1.191,696.726,952.513,0.501
2025-07-02 09:00,23.753,0,0,0,1.185,724.920,1025.412,0.645
2025-07-02 10:00,24.668,0.005,0,0,1.180,767.480,1058.730,0.528
2025-07-02 11:00,24.990,0.023,0,0,1.178,689.752,1049.903,0.806
2025-07-02 12:00,24.343,0.007,0,0,1.178,358.200,1000.006,0.949
2025-07-02 13:00,24.740,0.001,0,0,1.177,435.341,912.190,0.904
2025-07-02 14:00,25.266,0,0,0,1.175,501.715,792.274,0.552
2025-07-02 15:00,25.058,0.027,0,0,1.174,361.608,648.721,0.646
2025-07-02 16:00,23.355,0.254,0,0,1.177,144.866,491.132,0.939
2025-07-02 17:00,20.359,0.347,0,0,1.188,42.828,330.301,0.977
2025-07-02 18:00,18.505,0.139,0,0,1.196,20.615,177.210,0.964
2025-07-02 19:00,17.466,0.180,0,0,1.201,4.949,43.671,0.960
2025-07-02 20:00,16.852,0.189,0,0,1.204,0,0,0.981
2025-07-02 21:00,16.448,0.058,0,0,1.204,0,0,0.982
2025-07-02 22:00,16.200,0.060,0,0,1.205,0,0,0.985
2025-07-02 23:00,16.169,0.034,0,0,1.204,0,0,0.972
2025-07-03 00:00,16.136,0.028,0,0,1.202,0,0,0.953
2025-07-03 01:00,15.904,0.030,0,0,1.202,0.418,3.844,0.961
2025-07-03 02:00,15.965,0.044,0,0,1.201,13.582,94.182,0.972
2025-07-03 03:00,16.208,0.088,0,0,1.200,35.605,237.719,0.971
2025-07-03 04:00,16.524,0.088,0,0,1.198,67.806,395.240,0.970
2025-07-03 05:00,17.057,0.071,0,0,1.196,119.438,555.927,0.966
2025-07-03 06:00,17.811,0.049,0,0,1.193,158.703,709.007,0.958
2025-07-03 07:00,18.774,0.024,0,0,1.188,237.012,843.873,0.934
2025-07-03 08:00,19.906,0.041,0,0,1.184,337.414,951.505,0.770
2025-07-03 09:00,21.025,0.154,0,0,1.181,585.915,1024.250,0.240
2025-07-03 10:00,21.500,0.180,0,0,1.179,662.685,1057.702,0.273
2025-07-03 11:00,21.521,0.136,0,0,1.178,528.112,1048.875,0.460
2025-07-03 12:00,21.649,0.061,0,0,1.177,473.322,998.857,0.467
2025-07-03 13:00,21.478,0.055,0,0,1.178,479.220,910.948,0.451
2025-07-03 14:00,20.515,0.065,0,0,1.183,354.898,791.024,0.525
2025-07-03 15:00,18.898,0.174,0,0,1.190,217.942,647.323,0.626
2025-07-03 16:00,17.171,0.454,0,0,1.199,144.102,489.757,0.714
2025-07-03 17:00,15.775,0.752,0,0,1.206,67.629,328.801,0.745
2025-07-03 18:00,14.285,0.472,0,0,1.216,25.648,175.611,0.644
2025-07-03 19:00,12.743,0.066,0,0,1.226,9.728,42.287,0.583
2025-07-03 20:00,12.183,0.013,0,0,1.231,0,0,0.423
2025-07-03 21:00,12.123,0.002,0,0,1.232,0,0,0.203
2025-07-03 22:00,12.173,0,0,0,1.232,0,0,0.013
2025-07-03 23:00,12.070,0,0,0,1.233,0,0,0.009
2025-07-04 00:00,11.676,0,0,0,1.235,0,0,0.012
2025-07-04 01:00,11.221,0.002,0,0,1.237,0.774,3.415,0.019
2025-07-04 02:00,11.226,0.002,0,0,1.238,39.348,92.514,0.015
2025-07-04 03:00,11.996,0,0,0,1.237,133.978,236.096,0.005
2025-07-04 04:00,13.334,0,0,0,1.233,257.876,393.665,0.005
2025-07-04 05:00,14.526,0.001,0,0,1.229,392.004,554.507,0.004
2025-07-04 06:00,15.662,0.001,0,0,1.226,523.026,707.587,0.012
2025-07-04 07:00,16.730,0.001,0,0,1.222,639.701,842.623,0.197
2025-07-04 08:00,17.666,0.001,0,0,1.218,722.368,950.255,0.605
2025-07-04 09:00,18.500,0.002,0,0,1.214,765.021,1023.234,0.917
2025-07-04 10:00,19.161,0.003,0,0,1.211,759.980,1056.405,0.939
2025-07-04 11:00,19.536,0.007,0,0,1.208,705.265,1047.860,0.945
2025-07-04 12:00,19.604,0.015,0,0,1.206,626.649,997.756,0.883
2025-07-04 13:00,19.389,0.013,0,0,1.206,507.934,909.698,0.786
2025-07-04 14:00,18.955,0.021,0,0,1.206,371.125,789.774,0.557
2025-07-04 15:00,18.515,0.018,0,0,1.206,281.749,646.051,0.491
2025-07-04 16:00,18.059,0.012,0,0,1.206,201.857,488.257,0.378
2025-07-04 17:00,17.578,0.006,0,0,1.207,136.187,327.216,0.457
2025-07-04 18:00,16.709,0.001,0,0,1.208,55.285,173.903,0.334
2025-07-04 19:00,15.381,0.001,0,0,1.209,10.449,40.799,0.242
2025-07-04 20:00,14.621,0.007,0,0,1.212,0,0,0.275
2025-07-04 21:00,14.303,0.012,0,0,1.214,0,0,0.546
2025-07-04 22:00,14.073,0.044,0,0,1.217,0,0,0.928
2025-07-04 23:00,13.901,0.226,0,0,1.219,0,0,0.970
2025-07-05 00:00,13.423,0.560,0,0,1.222,0,0,0.988
2025-07-05 01:00,12.882,0.595,0,0,1.224,0.160,2.990,0.988
2025-07-05 02:00,12.472,0.442,0,0,1.225,9.499,90.712,0.989
2025-07-05 03:00,12.369,0.229,0,0,1.226,42.785,234.366,0.976
2025-07-05 04:00,12.662,0.082,0,0,1.225,123.203,392.040,0.741
2025-07-05 05:00,13.393,0.245,0,0,1.222,274.033,553.007,0.953
2025-07-05 06:00,13.509,0.584,0,0,1.221,141.278,706.243,0.977
2025-07-05 07:00,13.432,0.749,0,0,1.220,127.361,841.279,0.968
2025-07-05 08:00,13.629,0.657,0,0,1.219,179.915,949.005,0.971
2025-07-05 09:00,14.101,0.364,0,0,1.218,281.210,1021.912,0.974
2025-07-05 10:00,15.297,0.316,0,0,1.214,500.918,1055.230,0.881
2025-07-05 11:00,16.151,0.342,0,0,1.209,530.640,1046.563,0.764
2025-07-05 12:00,16.384,0.522,0,0,1.206,428.951,996.506,0.926
2025-07-05 13:00,16.246,0.623,0,0,1.204,292.943,908.448,0.981
2025-07-05 14:00,16.021,0.456,0,0,1.203,223.294,788.436,0.973
2025-07-05 15:00,15.903,0.413,0,0,1.202,177.048,644.551,0.974
2025-07-05 16:00,15.754,0.340,0,0,1.201,121.171,486.632,0.980
2025-07-05 17:00,15.477,0.286,0,0,1.200,70.788,325.466,0.982
2025-07-05 18:00,15.095,0.182,0,0,1.200,29.212,172.048,0.985
2025-07-05 19:00,14.775,0.095,0,0,1.200,5.281,39.236,0.974
2025-07-05 20:00,14.600,0.058,0,0,1.201,0,0,0.930
2025-07-05 21:00,14.355,0.045,0,0,1.202,0,0,0.717
2025-07-05 22:00,14.213,0.043,0,0,1.202,0,0,0.301
2025-07-05 23:00,14.157,0.047,0,0,1.202,0,0,0.192
2025-07-06 00:00,13.927,0.043,0,0,1.202,0,0,0.162
2025-07-06 01:00,13.559,0.028,0,0,1.202,0.457,2.565,0.236
2025-07-06 02:00,14.046,0.027,0,0,1.201,30.717,88.745,0.446
2025-07-06 03:00,14.672,0.042,0,0,1.201,102.869,232.533,0.614
2025-07-06 04:00,15.242,0.040,0,0,1.200,200.662,390.290,0.886
2025-07-06 05:00,15.788,0.029,0,0,1.198,304.718,551.405,0.930
2025-07-06 06:00,16.760,0.048,0,0,1.196,425.788,704.743,0.763
2025-07-06 07:00,17.979,0.072,0,0,1.192,564.333,839.873,0.625
2025-07-06 08:00,18.970,0.071,0,0,1.188,652.468,947.513,0.472
2025-07-06 09:00,19.369,0.089,0,0,1.186,597.080,1020.728,0.434
2025-07-06 10:00,19.350,0.095,0,0,1.185,532.470,1053.905,0.444
2025-07-06 11:00,19.608,0.076,0,0,1.184,571.353,1045.360,0.536
2025-07-06 12:00,19.722,0.053,0,0,1.184,512.608,995.107,0.605
2025-07-06 13:00,19.741,0.031,0,0,1.183,436.584,906.948,0.502
2025-07-06 14:00,19.848,0.016,0,0,1.182,391.045,786.788,0.390
2025-07-06 15:00,19.903,0.011,0,0,1.180,302.003,642.823,0.378
2025-07-06 16:00,19.909,0.005,0,0,1.179,228.286,484.886,0.263
2025-07-06 17:00,19.641,0.002,0,0,1.179,159.976,323.591,0.253
2025-07-06 18:00,18.639,0.001,0,0,1.180,70.750,170.091,0.301
2025-07-06 19:00,17.086,0.001,0,0,1.184,10.789,37.597,0.365
2025-07-06 20:00,16.039,0.003,0,0,1.188,0,0,0.412
2025-07-06 21:00,15.483,0.004,0,0,1.191,0,0,0.567
2025-07-06 22:00,15.045,0.009,0,0,1.193,0,0,0.570
2025-07-06 23:00,14.776,0.014,0,0,1.195,0,0,0.566
2025-07-07 00:00,14.864,0.020,0,0,1.195,0,0,0.680
2025-07-07 01:00,14.449,0.022,0,0,1.195,0.355,2.144,0.586
2025-07-07 02:00,14.580,0.023,0,0,1.195,28.271,86.681,0.926
2025-07-07 03:00,15.601,0.035,0,0,1.195,64.174,230.533,0.971
2025-07-07 04:00,15.907,0.046,0,0,1.195,78.087,388.415,0.986
2025-07-07 05:00,16.267,0.053,0,0,1.194,132.774,549.655,0.985
2025-07-07 06:00,17.022,0.048,0,0,1.193,233.519,703.087,0.977
2025-07-07 07:00,18.207,0.055,0,0,1.190,371.908,838.359,0.940
2025-07-07 08:00,19.638,0.064,0,0,1.186,554.902,946.241,0.797
2025-07-07 09:00,20.924,0.056,0,0,1.183,695.339,1019.242,0.907
2025-07-07 10:00,21.231,0.025,0,0,1.181,552.783,1052.405,0.959
2025-07-07 11:00,21.173,0.059,0,0,1.180,482.962,1043.875,0.975
2025-07-07 12:00,19.862,0.135,0,0,1.183,242.405,993.607,0.987
2025-07-07 13:00,18.262,0.215,0,0,1.188,170.435,905.448,0.987
2025-07-07 14:00,16.919,0.271,0,0,1.193,115.153,785.274,0.988
2025-07-07 15:00,15.945,0.418,0,0,1.198,75.800,641.073,0.988
2025-07-07 16:00,15.071,0.489,0,0,1.202,43.343,483.011,0.987
2025-07-07 17:00,14.217,0.474,0,0,1.206,23.774,321.669,0.989
2025-07-07 18:00,13.497,0.464,0,0,1.209,9.898,167.986,0.991
2025-07-07 19:00,12.929,0.578,0,0,1.212,1.363,35.889,0.992
2025-07-07 20:00,12.491,0.852,0,0,1.214,0,0,0.990
2025-07-07 21:00,12.244,1.189,0,0,1.215,0,0,0.988
2025-07-07 22:00,12.081,1.365,0,0,1.215,0,0,0.988
2025-07-07 23:00,11.966,1.323,0,0,1.215,0,0,0.989
2025-07-08 00:00,11.887,1.107,0,0,1.216,0,0,0.988
2025-07-08 01:00,11.829,0.879,0,0,1.216,0.024,1.741,0.976
2025-07-08 02:00,11.798,0.681,0,0,1.216,6.449,84.443,0.958
2025-07-08 03:00,11.816,0.541,0,0,1.217,28.878,228.428,0.978
2025-07-08 04:00,11.920,0.502,0,0,1.217,62.333,386.493,0.983
2025-07-08 05:00,12.074,0.474,0,0,1.217,101.683,547.757,0.979
2025-07-08 06:00,12.287,0.379,0,0,1.217,148.785,701.337,0.962
2025-07-08 07:00,12.625,0.244,0,0,1.216,189.637,836.623,0.977
2025-07-08 08:00,13.090,0.144,0,0,1.216,232.919,944.513,0.988
2025-07-08 09:00,13.840,0.054,0,0,1.213,273.627,1017.742,0.978
2025-07-08 10:00,15.129,0.009,0,0,1.209,359.539,1051.202,0.977
2025-07-08 11:00,16.281,0.001,0,0,1.205,395.861,1042.375,0.978
2025-07-08 12:00,17.071,0,0,0,1.202,411.741,992.107,0.958
2025-07-08 13:00,17.538,0,0,0,1.201,380.390,903.948,0.882
2025-07-08 14:00,17.693,0,0,0,1.200,321.987,783.524,0.812
2025-07-08 15:00,17.613,0,0,0,1.200,256.949,639.309,0.741
2025-07-08 16:00,17.355,0,0,0,1.201,198.010,481.058,0.692
2025-07-08 17:00,16.833,0,0,0,1.202,125.819,319.551,0.659
2025-07-08 18:00,15.943,0,0,0,1.204,62.812,165.737,0.374
2025-07-08 19:00,15.576,0,0,0,1.205,10.281,34.116,0.272
2025-07-08 20:00,15.576,0,0,0,1.205,0,0,0.204
2025-07-08 21:00,15.270,0,0,0,1.207,0,0,0.177
2025-07-08 22:00,14.724,0,0,0,1.209,0,0,0.259
2025-07-08 23:00,14.205,0,0,0,1.211,0,0,0.310
2025-07-09 00:00,13.630,0,0,0,1.213,0,0,0.300
2025-07-09 01:00,12.887,0,0,0,1.215,0.249,1.363,0.243
2025-07-09 02:00,12.466,0,0,0,1.217,31.304,82.097,0.130
2025-07-09 03:00,13.310,0,0,0,1.218,118.771,226.178,0.093
2025-07-09 04:00,15.174,0,0,0,1.217,237.534,384.368,0.043
2025-07-09 05:00,17.307,0,0,0,1.210,373.160,545.757,0.010
2025-07-09 06:00,19.315,0,0,0,1.204,505.823,699.493,0.005
2025-07-09 07:00,20.869,0,0,0,1.199,623.503,834.873,0.030
2025-07-09 08:00,21.909,0.001,0,0,1.196,708.932,943.005,0.084
2025-07-09 09:00,22.357,0.002,0,0,1.194,752.135,1016.228,0.076
2025-07-09 10:00,22.628,0.003,0,0,1.193,804.127,1049.405,0.070
2025-07-09 11:00,22.815,0.006,0,0,1.193,791.221,1040.875,0.022
2025-07-09 12:00,22.778,0.006,0,0,1.193,753.176,990.586,0.031
2025-07-09 13:00,22.470,0.009,0,0,1.193,669.746,902.198,0.077
2025-07-09 14:00,21.914,0.005,0,0,1.195,561.022,781.774,0.106
2025-07-09 15:00,21.243,0.005,0,0,1.196,426.901,637.323,0.167
2025-07-09 16:00,20.684,0.010,0,0,1.198,295.841,479.011,0.084
2025-07-09 17:00,19.595,0.003,0,0,1.201,186.433,317.301,0.055
2025-07-09 18:00,17.680,0,0,0,1.204,78.211,163.362,0.045
2025-07-09 19:00,15.648,0,0,0,1.207,10.514,32.310,0.023
2025-07-09 20:00,14.768,0,0,0,1.209,0,0,0.017
2025-07-09 21:00,14.386,0,0,0,1.210,0,0,0.019
2025-07-09 22:00,14.233,0,0,0,1.210,0,0,0.022
2025-07-09 23:00,14.222,0,0,0,1.211,0,0,0.024
2025-07-10 00:00,14.247,0,0,0,1.211,0,0,0.028
2025-07-10 01:00,14.179,0,0,0,1.212,0.199,1.021,0.022
2025-07-10 02:00,14.123,0,0,0,1.214,31.772,79.598,0.015
2025-07-10 03:00,15.052,0,0,0,1.215,121.507,223.842,0.013
2025-07-10 04:00,16.644,0,0,0,1.215,241.898,382.118,0.010
2025-07-10 05:00,18.497,0,0,0,1.209,374.368,543.743,0.008
2025-07-10 06:00,20.255,0,0,0,1.203,505.326,697.573,0.006
2025-07-10 07:00,21.288,0,0,0,1.200,623.935,833.123,0.004
2025-07-10 08:00,22.009,0,0,0,1.198,720.151,941.263,0.002
2025-07-10 09:00,22.543,0,0,0,1.196,786.922,1014.492,0.001
2025-07-10 10:00,22.889,0,0,0,1.194,817.806,1047.905,0.001
2025-07-10 11:00,23.057,0,0,0,1.193,810.953,1039.063,0
2025-07-10 12:00,23.054,0,0,0,1.193,765.550,988.857,0.025
2025-07-10 13:00,22.881,0,0,0,1.193,685.200,900.448,0.096
2025-07-10 14:00,22.474,0,0,0,1.194,569.076,779.774,0.133
2025-07-10 15:00,21.887,0,0,0,1.195,437.584,635.309,0.367
2025-07-10 16:00,21.014,0,0,0,1.197,290.802,476.808,0.833
2025-07-10 17:00,19.686,0,0,0,1.201,146.402,314.966,0.880
2025-07-10 18:00,18.026,0,0,0,1.205,57.699,160.862,0.863
2025-07-10 19:00,16.253,0,0,0,1.210,8.681,30.455,0.682
2025-07-10 20:00,15.055,0,0,0,1.215,0,0,0.284
2025-07-10 21:00,14.495,0,0,0,1.220,0,0,0.402
2025-07-10 22:00,13.979,0,0,0,1.224,0,0,0.729
2025-07-10 23:00,13.695,0,0,0,1.226,0,0,0.804
2025-07-11 00:00,13.789,0,0,0,1.227,0,0,0.846
2025-07-11 01:00,13.720,0,0,0,1.226,0.119,0.719,0.863
2025-07-11 02:00,13.574,0.002,0,0,1.227,21.381,76.974,0.851
2025-07-11 03:00,13.905,0,0,0,1.226,81.140,221.362,0.838
2025-07-11 04:00,15.053,0,0,0,1.221,170.591,379.783,0.812
2025-07-11 05:00,16.642,0,0,0,1.215,238.400,541.507,0.870
2025-07-11 06:00,17.836,0,0,0,1.210,257.755,695.573,0.917
2025-07-11 07:00,18.552,0,0,0,1.207,324.642,831.123,0.919
2025-07-11 08:00,19.060,0.001,0,0,1.204,391.558,939.491,0.906
2025-07-11 09:00,19.517,0.002,0,0,1.203,442.355,1012.742,0.867
2025-07-11 10:00,19.978,0.015,0,0,1.202,527.625,1046.230,0.819
2025-07-11 11:00,20.296,0.036,0,0,1.201,608.874,1037.375,0.678
2025-07-11 12:00,20.413,0.048,0,0,1.201,612.440,987.093,0.612
2025-07-11 13:00,20.053,0.051,0,0,1.201,454.910,898.536,0.672
2025-07-11 14:00,19.535,0.038,0,0,1.202,329.690,777.781,0.612
2025-07-11 15:00,19.132,0.020,0,0,1.203,268.378,633.160,0.520
2025-07-11 16:00,18.813,0.006,0,0,1.204,203.517,474.436,0.436
2025-07-11 17:00,18.460,0.002,0,0,1.204,129.834,312.470,0.338
2025-07-11 18:00,17.825,0.003,0,0,1.206,55.625,158.237,0.331
2025-07-11 19:00,17.014,0.004,0,0,1.210,6.744,28.571,0.356
2025-07-11 20:00,16.325,0.004,0,0,1.213,0,0,0.405
2025-07-11 21:00,15.819,0.003,0,0,1.216,0,0,0.594
2025-07-11 22:00,15.535,0.004,0,0,1.217,0,0,0.728
2025-07-11 23:00,15.382,0.001,0,0,1.218,0,0,0.720
2025-07-12 00:00,15.167,0.014,0,0,1.218,0,0,0.671
2025-07-12 01:00,14.842,0.046,0,0,1.219,0.069,0.467,0.697
2025-07-12 02:00,14.654,0.073,0,0,1.220,17.383,74.225,0.755
2025-07-12 03:00,14.904,0.067,0,0,1.219,61.105,218.737,0.802
2025-07-12 04:00,15.519,0.076,0,0,1.217,127.961,377.294,0.757
2025-07-12 05:00,16.477,0.101,0,0,1.213,211.588,539.243,0.680
2025-07-12 06:00,17.700,0.157,0,0,1.209,292.081,693.337,0.619
2025-07-12 07:00,18.806,0.216,0,0,1.205,354.641,829.123,0.572
2025-07-12 08:00,19.566,0.280,0,0,1.201,381.123,937.513,0.549
2025-07-12 09:00,20.116,0.247,0,0,1.199,416.521,1010.978,0.518
2025-07-12 10:00,20.579,0.177,0,0,1.198,489.139,1044.405,0.615
2025-07-12 11:00,20.923,0.148,0,0,1.196,492.754,1035.563,0.889
2025-07-12 12:00,20.505,0.185,0,0,1.197,322.183,985.107,0.924
2025-07-12 13:00,19.639,0.359,0,0,1.200,216.912,896.549,0.950
2025-07-12 14:00,18.917,0.631,0,0,1.204,174.649,775.774,0.925
2025-07-12 15:00,18.508,0.981,0,0,1.206,137.460,630.910,0.930
2025-07-12 16:00,17.994,1.344,0,0,1.207,70.186,472.061,0.935
2025-07-12 17:00,17.436,1.180,0,0,1.210,34.320,309.845,0.935
2025-07-12 18:00,17.012,0.805,0,0,1.212,15.275,155.487,0.931
2025-07-12 19:00,16.550,0.613,0,0,1.213,2.032,26.666,0.935
2025-07-12 20:00,16.243,0.483,0,0,1.215,0,0,0.888
2025-07-12 21:00,15.875,0.157,0,0,1.216,0,0,0.770
2025-07-12 22:00,15.262,0.022,0,0,1.218,0,0,0.657
2025-07-12 23:00,14.811,0.001,0,0,1.219,0,0,0.596
2025-07-13 00:00,14.482,0,0,0,1.220,0,0,0.590
2025-07-13 01:00,14.275,0,0,0,1.221,0.034,0.270,0.582
2025-07-13 02:00,14.467,0,0,0,1.222,18.947,71.352,0.609
2025-07-13 03:00,15.248,0.001,0,0,1.223,79.235,215.987,0.546
2025-07-13 04:00,17.302,0.003,0,0,1.218,216.502,374.783,0.176
2025-07-13 05:00,19.826,0,0,0,1.211,355.889,536.757,0.411
2025-07-13 06:00,20.696,0,0,0,1.206,437.617,691.087,0.709
2025-07-13 07:00,20.690,0.001,0,0,1.204,354.636,827.109,0.817
2025-07-13 08:00,21.234,0.001,0,0,1.203,474.024,935.513,0.748
2025-07-13 09:00,22.233,0.001,0,0,1.200,674.033,1009.072,0.791
2025-07-13 10:00,23.024,0.004,0,0,1.197,729.201,1042.405,0.795
2025-07-13 11:00,23.518,0.008,0,0,1.195,727.220,1033.563,0.799
2025-07-13 12:00,23.738,0.010,0,0,1.193,684.598,983.187,0.875
2025-07-13 13:00,23.538,0.007,0,0,1.192,563.187,894.536,0.908
2025-07-13 14:00,23.064,0.003,0,0,1.193,432.381,773.531,0.920
2025-07-13 15:00,22.621,0.001,0,0,1.194,335.251,628.559,0.888
2025-07-13 16:00,21.557,0,0,0,1.196,180.418,469.561,0.857
2025-07-13 17:00,20.100,0,0,0,1.200,88.761,307.220,0.836
2025-07-13 18:00,18.581,0,0,0,1.205,41.377,152.575,0.784
2025-07-13 19:00,17.008,0,0,0,1.209,6.286,24.747,0.547
2025-07-13 20:00,16.178,0.002,0,0,1.212,0,0,0.397
2025-07-13 21:00,15.806,0.004,0,0,1.214,0,0,0.413
2025-07-13 22:00,15.572,0.009,0,0,1.216,0,0,0.505
2025-07-13 23:00,15.510,0.082,0,0,1.217,0,0,0.718
2025-07-14 00:00,15.564,0.294,0,0,1.217,0,0,0.856
2025-07-14 01:00,15.478,0.535,0,0,1.217,0.004,0.130,0.885
2025-07-14 02:00,15.353,1.164,0,0,1.217,8.180,68.346,0.910
2025-07-14 03:00,15.387,2.796,0,0,1.218,29.040,213.132,0.946
2025-07-14 04:00,15.739,3.481,0,0,1.218,63.080,372.033,0.954
2025-07-14 05:00,16.588,1.711,0,0,1.215,103.356,534.257,0.927
2025-07-14 06:00,18.476,0.236,0,0,1.208,214.970,688.823,0.712
2025-07-14 07:00,20.534,0.038,0,0,1.200,405.287,824.859,0.539
2025-07-14 08:00,21.776,0.022,0,0,1.195,513.557,933.491,0.498
2025-07-14 09:00,22.621,0.040,0,0,1.192,578.015,1007.072,0.603
2025-07-14 10:00,23.022,0.041,0,0,1.191,606.458,1040.405,0.733
2025-07-14 11:00,23.249,0.032,0,0,1.190,586.330,1031.578,0.753
2025-07-14 12:00,23.237,0.021,0,0,1.189,521.488,981.187,0.804
2025-07-14 13:00,22.776,0.008,0,0,1.190,387.402,892.299,0.892
2025-07-14 14:00,22.050,0.002,0,0,1.192,281.867,771.274,0.879
2025-07-14 15:00,21.426,0,0,0,1.193,235.344,626.153,0.856
2025-07-14 16:00,20.779,0,0,0,1.195,182.727,466.936,0.807
2025-07-14 17:00,19.628,0,0,0,1.199,108.273,304.345,0.792
2025-07-14 18:00,18.019,0.001,0,0,1.204,43.154,149.575,0.802
2025-07-14 19:00,16.460,0.006,0,0,1.210,4.750,22.829,0.806
2025-07-14 20:00,15.483,0.032,0,0,1.214,0,0,0.803
2025-07-14 21:00,14.857,0.034,0,0,1.217,0,0,0.801
2025-07-14 22:00,14.597,0.014,0,0,1.217,0,0,0.806
2025-07-14 23:00,14.722,0.006,0,0,1.218,0,0,0.845
2025-07-15 00:00,14.956,0.003,0,0,1.218,0,0,0.875
2025-07-15 01:00,14.952,0.001,0,0,1.218,0.003,0.044,0.877
2025-07-15 02:00,14.818,0.002,0,0,1.217,12.852,65.240,0.896
2025-07-15 03:00,15.143,0.002,0,0,1.217,53.135,210.134,0.911
2025-07-15 04:00,15.662,0.011,0,0,1.217,113.004,369.283,0.906
2025-07-15 05:00,16.781,0.001,0,0,1.213,190.893,531.743,0.883
2025-07-15 06:00,18.402,0,0,0,1.207,287.132,686.323,0.860
2025-07-15 07:00,20.196,0,0,0,1.201,397.173,822.609,0.846
2025-07-15 08:00,21.553,0,0,0,1.195,509.454,931.249,0.834
2025-07-15 09:00,22.919,0,0,0,1.189,577.854,1004.829,0.794
2025-07-15 10:00,23.923,0,0,0,1.185,633.811,1038.405,0.763
2025-07-15 11:00,24.534,0.001,0,0,1.182,647.244,1029.563,0.742
2025-07-15 12:00,24.859,0.002,0,0,1.180,621.043,979.093,0.750
2025-07-15 13:00,24.910,0.014,0,0,1.178,545.185,890.049,0.749
2025-07-15 14:00,24.398,0.053,0,0,1.178,384.757,768.795,0.702
2025-07-15 15:00,23.939,0.092,0,0,1.178,298.310,623.559,0.645
2025-07-15 16:00,23.443,0.096,0,0,1.178,205.444,464.186,0.607
2025-07-15 17:00,22.598,0.069,0,0,1.179,123.268,301.396,0.561
2025-07-15 18:00,20.992,0.103,0,0,1.183,49.260,146.450,0.561
2025-07-15 19:00,19.315,0.128,0,0,1.187,4.509,20.915,0.559
2025-07-15 20:00,18.401,0.109,0,0,1.191,0,0,0.544
2025-07-15 21:00,17.765,0.081,0,0,1.195,0,0,0.712
2025-07-15 22:00,17.361,0.062,0,0,1.197,0,0,0.821
2025-07-15 23:00,17.005,0.040,0,0,1.199,0,0,0.900
2025-07-16 00:00,16.479,0.017,0,0,1.201,0,0,0.900
2025-07-16 01:00,15.931,0.013,0,0,1.202,0.002,0.009,0.860
2025-07-16 02:00,15.784,0.011,0,0,1.204,18.978,62.058,0.823
2025-07-16 03:00,16.626,0.012,0,0,1.204,87.984,207.009,0.778
2025-07-16 04:00,17.553,0.011,0,0,1.201,198.337,366.287,0.799
2025-07-16 05:00,19.087,0.008,0,0,1.195,330.664,528.993,0.747
2025-07-16 06:00,21.340,0.007,0,0,1.187,458.021,683.823,0.565
2025-07-16 07:00,23.268,0.031,0,0,1.179,535.477,820.210,0.672
2025-07-16 08:00,23.736,0.071,0,0,1.175,432.789,928.999,0.743
2025-07-16 09:00,23.877,0.044,0,0,1.174,453.594,1002.808,0.614
2025-07-16 10:00,24.539,0.026,0,0,1.172,537.143,1036.405,0.444
2025-07-16 11:00,25.588,0.012,0,0,1.169,688.146,1027.535,0.223
2025-07-16 12:00,26.182,0.006,0,0,1.166,705.672,976.843,0.209
2025-07-16 13:00,26.197,0.004,0,0,1.165,625.056,887.786,0.209
2025-07-16 14:00,25.849,0.002,0,0,1.166,527.796,766.375,0.212
2025-07-16 15:00,25.208,0.002,0,0,1.168,405.404,620.910,0.305
2025-07-16 16:00,24.357,0.001,0,0,1.170,273.200,461.311,0.451
2025-07-16 17:00,23.246,0.001,0,0,1.173,150.942,298.345,0.512
2025-07-16 18:00,21.655,0,0,0,1.177,56.933,143.200,0.517
2025-07-16 19:00,19.920,0,0,0,1.182,5.215,19.024,0.462
2025-07-16 20:00,19.062,0,0,0,1.187,0,0,0.392
2025-07-16 21:00,18.577,0.001,0,0,1.192,0,0,0.271
2025-07-16 22:00,17.832,0.006,0,0,1.198,0,0,0.210
2025-07-16 23:00,17.167,0.018,0,0,1.201,0,0,0.114
2025-07-17 00:00,16.629,0.020,0,0,1.204,0,0,0.039
2025-07-17 01:00,16.195,0.024,0,0,1.206,0.001,0.003,0.003
2025-07-17 02:00,15.979,0.022,0,0,1.207,21.520,58.799,0.001
2025-07-17 03:00,16.429,0.007,0,0,1.207,105.523,203.819,0.001
2025-07-17 04:00,17.575,0.001,0,0,1.204,223.069,363.283,0.001
2025-07-17 05:00,19.515,0,0,0,1.197,353.438,526.087,0.001
2025-07-17 06:00,21.359,0,0,0,1.190,482.165,681.073,0.001
2025-07-17 07:00,23.155,0,0,0,1.184,597.844,817.710,0.001
2025-07-17 08:00,24.687,0,0,0,1.179,690.891,926.593,0.008
2025-07-17 09:00,25.830,0,0,0,1.174,753.989,1000.409,0.051
2025-07-17 10:00,26.633,0,0,0,1.171,782.247,1033.905,0.193
2025-07-17 11:00,27.094,0,0,0,1.169,771.990,1025.226,0.217
2025-07-17 12:00,27.290,0,0,0,1.168,724.486,974.445,0.198
2025-07-17 13:00,27.238,0,0,0,1.168,647.655,885.299,0.101
2025-07-17 14:00,26.959,0,0,0,1.168,546.865,763.781,0.030
2025-07-17 15:00,26.414,0,0,0,1.169,425.515,618.160,0.010
2025-07-17 16:00,25.485,0,0,0,1.172,295.619,458.311,0.010
2025-07-17 17:00,24.058,0,0,0,1.176,170.328,295.146,0.010
2025-07-17 18:00,22.008,0,0,0,1.181,64.456,139.827,0.013
2025-07-17 19:00,19.793,0,0,0,1.187,5.043,17.170,0.016
2025-07-17 20:00,18.597,0,0,0,1.193,0,0,0.080
2025-07-17 21:00,17.797,0,0,0,1.199,0,0,0.234
2025-07-17 22:00,17.111,0,0,0,1.204,0,0,0.401
2025-07-17 23:00,16.557,0,0,0,1.207,0,0,0.552
2025-07-18 00:00,16.147,0.001,0,0,1.210,0,0,0.656
2025-07-18 01:00,15.837,0.004,0,0,1.212,0,0.001,0.702
2025-07-18 02:00,15.802,0.008,0,0,1.213,17.583,55.532,0.689
2025-07-18 03:00,16.358,0.002,0,0,1.213,86.054,200.446,0.686
2025-07-18 04:00,17.366,0,0,0,1.210,186.437,360.158,0.726
2025-07-18 05:00,19.217,0,0,0,1.203,304.347,523.094,0.756
2025-07-18 06:00,20.929,0,0,0,1.197,427.650,678.323,0.760
2025-07-18 07:00,22.823,0,0,0,1.189,539.741,815.109,0.750
2025-07-18 08:00,24.594,0,0,0,1.183,619.009,924.100,0.733
2025-07-18 09:00,26.035,0,0,0,1.178,671.424,998.079,0.725
2025-07-18 10:00,26.817,0,0,0,1.175,696.402,1031.905,0.737
2025-07-18 11:00,27.190,0,0,0,1.173,689.465,1023.035,0.751
2025-07-18 12:00,27.320,0,0,0,1.173,646.746,972.173,0.758
2025-07-18 13:00,27.232,0,0,0,1.172,568.822,882.799,0.789
2025-07-18 14:00,26.832,0,0,0,1.173,458.392,761.125,0.810
2025-07-18 15:00,26.257,0,0,0,1.174,338.153,615.309,0.808
2025-07-18 16:00,25.214,0,0,0,1.176,224.526,455.230,0.811
2025-07-18 17:00,23.515,0,0,0,1.181,120.659,291.849,0.815
2025-07-18 18:00,21.393,0,0,0,1.187,44.531,136.290,0.815
2025-07-18 19:00,19.531,0,0,0,1.193,3.629,15.352,0.804
2025-07-18 20:00,18.491,0,0,0,1.198,0,0,0.789
2025-07-18 21:00,17.774,0,0,0,1.201,0,0,0.747
2025-07-18 22:00,17.248,0,0,0,1.202,0,0,0.687
2025-07-18 23:00,16.961,0,0,0,1.202,0,0,0.628
2025-07-19 00:00,16.901,0,0,0,1.202,0,0,0.497
2025-07-19 01:00,16.925,0,0,0,1.203,0,0,0.404
2025-07-19 02:00,17.007,0,0,0,1.203,17.689,52.252,0.369
2025-07-19 03:00,17.671,0,0,0,1.204,95.008,197.003,0.382
2025-07-19 04:00,18.765,0,0,0,1.203,207.983,356.901,0.397
2025-07-19 05:00,20.795,0,0,0,1.196,337.286,520.073,0.344
2025-07-19 06:00,23.438,0,0,0,1.187,468.127,675.424,0.213
2025-07-19 07:00,24.963,0,0,0,1.182,586.838,812.446,0.084
2025-07-19 08:00,25.826,0,0,0,1.179,682.226,921.600,0.018
2025-07-19 09:00,26.432,0,0,0,1.177,751.086,995.659,0.027
2025-07-19 10:00,26.998,0,0,0,1.174,781.047,1029.405,0.027
2025-07-19 11:00,27.325,0,0,0,1.173,773.641,1020.549,0.007
2025-07-19 12:00,27.389,0,0,0,1.172,728.891,969.681,0
2025-07-19 13:00,27.220,0,0,0,1.172,650.816,880.286,0
2025-07-19 14:00,27.013,0,0,0,1.172,545.825,758.375,0
2025-07-19 15:00,26.563,0,0,0,1.172,422.347,612.396,0
2025-07-19 16:00,25.741,0,0,0,1.173,291.393,452.061,0
2025-07-19 17:00,24.376,0,0,0,1.176,164.991,288.474,0
2025-07-19 18:00,21.702,0,0,0,1.181,59.881,132.665,0
2025-07-19 19:00,19.392,0,0,0,1.186,3.789,13.585,0
2025-07-19 20:00,18.313,0,0,0,1.190,0,0,0
2025-07-19 21:00,17.602,0,0,0,1.193,0,0,0
2025-07-19 22:00,17.225,0,0,0,1.195,0,0,0
2025-07-19 23:00,17.426,0,0,0,1.197,0,0,0
2025-07-20 00:00,17.611,0,0,0,1.198,0,0,0
2025-07-20 01:00,17.133,0,0,0,1.200,0,0,0.011
2025-07-20 02:00,16.328,0,0,0,1.201,17.923,48.968,0.017
2025-07-20 03:00,16.839,0,0,0,1.202,100.976,193.404,0.001
2025-07-20 04:00,18.714,0,0,0,1.200,219.899,353.526,0
2025-07-20 05:00,20.707,0,0,0,1.194,352.622,516.993,0
2025-07-20 06:00,22.885,0,0,0,1.186,483.672,672.573,0
2025-07-20 07:00,24.248,0,0,0,1.181,600.436,809.696,0.002
2025-07-20 08:00,25.309,0,0,0,1.178,692.773,919.079,0.011
2025-07-20 09:00,26.081,0,0,0,1.175,749.793,993.159,0.047
2025-07-20 10:00,26.587,0,0,0,1.173,764.442,1026.905,0.046
2025-07-20 11:00,26.845,0,0,0,1.171,758.445,1018.056,0.024
2025-07-20 12:00,26.931,0,0,0,1.170,707.666,967.093,0.050
2025-07-20 13:00,26.714,0,0,0,1.170,591.933,877.536,0.078
2025-07-20 14:00,26.480,0,0,0,1.170,537.756,755.531,0.055
2025-07-20 15:00,25.884,0,0,0,1.171,417.050,609.160,0.031
2025-07-20 16:00,25.002,0,0,0,1.173,286.696,448.730,0.034
2025-07-20 17:00,23.756,0,0,0,1.175,158.079,284.899,0.042
2025-07-20 18:00,21.605,0,0,0,1.179,56.589,128.925,0.008
2025-07-20 19:00,19.583,0,0,0,1.182,3.229,11.878,0
2025-07-20 20:00,18.849,0,0,0,1.185,0,0,0
2025-07-20 21:00,18.338,0,0,0,1.187,0,0,0.002
2025-07-20 22:00,17.878,0,0,0,1.190,0,0,0.019
2025-07-20 23:00,17.586,0,0,0,1.192,0,0,0.017
2025-07-21 00:00,17.387,0,0,0,1.195,0,0,0.037
2025-07-21 01:00,17.518,0,0,0,1.198,0,0,0.209
2025-07-21 02:00,17.561,0.001,0,0,1.199,12.396,45.709,0.310
2025-07-21 03:00,18.127,0.003,0,0,1.199,71.905,189.711,0.289
2025-07-21 04:00,19.272,0,0,0,1.195,192.288,350.026,0.235
2025-07-21 05:00,21.266,0,0,0,1.188,309.639,513.736,0.058
2025-07-21 06:00,23.306,0,0,0,1.180,459.498,669.424,0.036
2025-07-21 07:00,24.855,0,0,0,1.175,571.896,806.859,0.032
2025-07-21 08:00,25.953,0,0,0,1.171,677.122,916.329,0.009
2025-07-21 09:00,26.755,0,0,0,1.169,745.787,990.565,0.013
2025-07-21 10:00,27.239,0,0,0,1.167,775.857,1024.243,0.004
2025-07-21 11:00,27.426,0,0,0,1.166,769.871,1015.306,0.001
2025-07-21 12:00,27.322,0,0,0,1.166,725.148,964.431,0.006
2025-07-21 13:00,26.987,0,0,0,1.167,647.616,874.786,0.016
2025-07-21 14:00,26.477,0,0,0,1.167,542.453,752.531,0.023
2025-07-21 15:00,25.742,0,0,0,1.169,417.989,606.146,0.022
2025-07-21 16:00,24.800,0,0,0,1.171,285.472,445.355,0.019
2025-07-21 17:00,23.674,0,0,0,1.174,158.084,281.274,0.024
2025-07-21 18:00,22.142,0,0,0,1.178,54.249,125.071,0.085
2025-07-21 19:00,20.232,0,0,0,1.182,2.649,10.244,0.249
2025-07-21 20:00,19.544,0,0,0,1.184,0,0,0.417
2025-07-21 21:00,19.237,0.002,0,0,1.186,0,0,0.541
2025-07-21 22:00,18.947,0.005,0,0,1.187,0,0,0.726
2025-07-21 23:00,18.799,0.006,0,0,1.187,0,0,0.851
2025-07-22 00:00,18.677,0.006,0,0,1.188,0,0,0.886
2025-07-22 01:00,18.565,0.006,0,0,1.188,0,0,0.888
2025-07-22 02:00,18.655,0.006,0,0,1.189,13.613,42.473,0.834
2025-07-22 03:00,19.445,0.004,0,0,1.189,86.808,185.898,0.504
2025-07-22 04:00,20.558,0,0,0,1.186,198.533,346.445,0.287
2025-07-22 05:00,22.357,0.001,0,0,1.180,317.024,510.287,0.241
2025-07-22 06:00,23.647,0.047,0,0,1.175,447.832,666.403,0.192
2025-07-22 07:00,24.279,0.081,0,0,1.173,557.918,803.939,0.259
2025-07-22 08:00,24.660,0.096,0,0,1.173,630.569,913.579,0.318
2025-07-22 09:00,24.892,0.094,0,0,1.172,678.797,987.815,0.335
2025-07-22 10:00,25.100,0.087,0,0,1.172,720.462,1021.743,0.284
2025-07-22 11:00,25.215,0.066,0,0,1.172,720.981,1012.806,0.230
2025-07-22 12:00,25.213,0.051,0,0,1.171,686.198,961.681,0.187
2025-07-22 13:00,25.076,0.040,0,0,1.172,617.480,871.887,0.179
2025-07-22 14:00,24.772,0.032,0,0,1.172,517.157,749.383,0.236
2025-07-22 15:00,24.242,0.017,0,0,1.174,399.297,602.748,0.302
2025-07-22 16:00,23.549,0.005,0,0,1.175,270.431,441.855,0.323
2025-07-22 17:00,22.710,0.002,0,0,1.177,148.234,277.524,0.318
2025-07-22 18:00,21.591,0,0,0,1.180,49.840,121.085,0.266
2025-07-22 19:00,20.211,0,0,0,1.183,2.131,8.696,0.138
2025-07-22 20:00,19.739,0.010,0,0,1.186,0,0,0.055
2025-07-22 21:00,19.750,0.024,0,0,1.186,0,0,0.061
2025-07-22 22:00,19.563,0.039,0,0,1.186,0,0,0.042
2025-07-22 23:00,19.229,0.051,0,0,1.188,0,0,0.037
2025-07-23 00:00,18.974,0.067,0,0,1.189,0,0,0.096
2025-07-23 01:00,18.824,0.091,0,0,1.189,0,0,0.265
2025-07-23 02:00,18.833,0.094,0,0,1.190,10.948,39.277,0.355
2025-07-23 03:00,19.183,0.106,0,0,1.189,74.257,181.961,0.365
2025-07-23 04:00,19.961,0.123,0,0,1.187,175.110,342.702,0.341
2025-07-23 05:00,21.309,0.120,0,0,1.182,286.891,506.827,0.428
2025-07-23 06:00,22.771,0.074,0,0,1.177,380.518,663.160,0.620
2025-07-23 07:00,23.920,0.077,0,0,1.174,492.520,800.710,0.697
2025-07-23 08:00,24.658,0.082,0,0,1.172,592.434,910.586,0.781
2025-07-23 09:00,25.233,0.095,0,0,1.171,671.469,985.065,0.726
2025-07-23 10:00,25.751,0.091,0,0,1.169,720.338,1018.985,0.637
2025-07-23 11:00,26.126,0.082,0,0,1.168,724.559,1010.042,0.693
2025-07-23 12:00,26.317,0.058,0,0,1.167,670.546,958.782,0.832
2025-07-23 13:00,26.316,0.046,0,0,1.166,587.125,868.887,0.878
2025-07-23 14:00,26.144,0.039,0,0,1.166,481.258,746.361,0.870
2025-07-23 15:00,25.774,0.029,0,0,1.167,362.900,599.410,0.863
2025-07-23 16:00,25.197,0.011,0,0,1.168,235.956,438.230,0.850
2025-07-23 17:00,24.263,0.002,0,0,1.169,119.084,273.649,0.834
2025-07-23 18:00,22.565,0.001,0,0,1.172,39.708,116.989,0.792
2025-07-23 19:00,21.148,0,0,0,1.175,1.634,7.242,0.688
2025-07-23 20:00,20.312,0.001,0,0,1.178,0,0,0.575
2025-07-23 21:00,19.662,0.003,0,0,1.182,0,0,0.443
2025-07-23 22:00,19.024,0.002,0,0,1.185,0,0,0.325
2025-07-23 23:00,18.548,0.002,0,0,1.188,0,0,0.233
2025-07-24 00:00,18.234,0.021,0,0,1.189,0,0,0.214
2025-07-24 01:00,18.035,0.022,0,0,1.190,0,0,0.346
2025-07-24 02:00,18.146,0.026,0,0,1.190,10.997,36.126,0.510
2025-07-24 03:00,19.367,0.022,0,0,1.189,75.821,177.900,0.559
2025-07-24 04:00,20.298,0.004,0,0,1.188,179.707,338.941,0.591
2025-07-24 05:00,21.890,0.001,0,0,1.183,297.691,503.283,0.652
2025-07-24 06:00,23.518,0.006,0,0,1.179,416.334,659.674,0.716
2025-07-24 07:00,24.620,0.037,0,0,1.176,524.799,797.696,0.686
2025-07-24 08:00,25.383,0.076,0,0,1.174,616.068,907.666,0.566
2025-07-24 09:00,25.989,0.116,0,0,1.172,679.317,982.167,0.474
2025-07-24 10:00,26.433,0.135,0,0,1.170,705.854,1015.993,0.361
2025-07-24 11:00,26.641,0.137,0,0,1.169,701.036,1007.144,0.233
2025-07-24 12:00,26.551,0.153,0,0,1.169,628.613,955.931,0.223
2025-07-24 13:00,26.316,0.148,0,0,1.169,540.622,865.873,0.219
2025-07-24 14:00,26.038,0.127,0,0,1.169,455.297,743.119,0.256
2025-07-24 15:00,25.695,0.091,0,0,1.170,357.397,595.910,0.425
2025-07-24 16:00,25.228,0.049,0,0,1.171,248.235,434.484,0.577
2025-07-24 17:00,24.421,0.013,0,0,1.172,136.397,269.689,0.700
2025-07-24 18:00,22.611,0.004,0,0,1.175,43.296,112.782,0.743
2025-07-24 19:00,20.965,0.001,0,0,1.178,1.402,5.890,0.803
2025-07-24 20:00,20.329,0,0,0,1.181,0,0,0.859
2025-07-24 21:00,19.824,0,0,0,1.183,0,0,0.894
2025-07-24 22:00,19.375,0,0,0,1.186,0,0,0.912
2025-07-24 23:00,18.992,0.001,0,0,1.188,0,0,0.907
2025-07-25 00:00,18.698,0.005,0,0,1.189,0,0,0.854
2025-07-25 01:00,18.516,0.005,0,0,1.190,0,0,0.740
2025-07-25 02:00,18.418,0.011,0,0,1.191,9.950,33.043,0.580
2025-07-25 03:00,19.278,0.009,0,0,1.191,78.174,173.733,0.357
2025-07-25 04:00,20.679,0.010,0,0,1.189,188.949,334.985,0.193
2025-07-25 05:00,22.134,0.009,0,0,1.185,316.987,499.577,0.105
2025-07-25 06:00,23.435,0.027,0,0,1.181,444.256,656.254,0.053
2025-07-25 07:00,24.468,0.057,0,0,1.178,549.022,794.446,0.032
2025-07-25 08:00,25.304,0.061,0,0,1.175,642.687,904.586,0.041
2025-07-25 09:00,25.914,0.061,0,0,1.173,704.110,979.167,0.045
2025-07-25 10:00,26.394,0.043,0,0,1.171,743.420,1013.229,0.033
2025-07-25 11:00,26.691,0.027,0,0,1.170,730.628,1004.144,0.027
2025-07-25 12:00,26.842,0.015,0,0,1.169,694.447,952.931,0.027
2025-07-25 13:00,26.776,0.011,0,0,1.168,616.054,862.637,0.025
2025-07-25 14:00,26.523,0.007,0,0,1.167,519.033,739.633,0.023
2025-07-25 15:00,25.992,0.004,0,0,1.168,394.459,592.396,0.029
2025-07-25 16:00,25.235,0.002,0,0,1.170,268.223,430.656,0.044
2025-07-25 17:00,24.192,0,0,0,1.173,144.056,265.649,0.029
2025-07-25 18:00,22.658,0,0,0,1.177,45.646,108.441,0.013
2025-07-25 19:00,21.162,0,0,0,1.182,1.041,4.657,0.011
2025-07-25 20:00,20.445,0,0,0,1.185,0,0,0.008
2025-07-25 21:00,19.809,0,0,0,1.188,0,0,0.007
2025-07-25 22:00,19.273,0,0,0,1.190,0,0,0.007
2025-07-25 23:00,18.823,0.005,0,0,1.191,0,0,0.007
2025-07-26 00:00,18.361,0.010,0,0,1.191,0,0,0.007
2025-07-26 01:00,18.158,0.021,0,0,1.191,0,0,0.008
2025-07-26 02:00,18.264,0.028,0,0,1.190,9.456,30.032,0.012
2025-07-26 03:00,19.469,0.045,0,0,1.189,80.879,169.479,0.018
2025-07-26 04:00,20.349,0.057,0,0,1.187,192.043,330.945,0.040
2025-07-26 05:00,21.475,0.063,0,0,1.185,317.170,495.827,0.044
2025-07-26 06:00,22.765,0.088,0,0,1.181,440.470,652.660,0.036
2025-07-26 07:00,23.906,0.130,0,0,1.177,556.667,791.048,0.062
2025-07-26 08:00,24.665,0.140,0,0,1.174,609.804,901.416,0.098
2025-07-26 09:00,25.420,0.139,0,0,1.171,674.976,976.153,0.087
2025-07-26 10:00,26.066,0.157,0,0,1.169,698.371,1010.229,0.170
2025-07-26 11:00,26.419,0.154,0,0,1.167,667.927,1001.144,0.415
2025-07-26 12:00,26.504,0.146,0,0,1.166,598.482,949.782,0.832
2025-07-26 13:00,25.942,0.088,0,0,1.166,364.409,859.387,0.926
2025-07-26 14:00,25.545,0.051,0,0,1.167,284.305,736.220,0.925
2025-07-26 15:00,25.237,0.013,0,0,1.168,224.398,588.668,0.860
2025-07-26 16:00,24.915,0.002,0,0,1.168,174.323,426.774,0.646
2025-07-26 17:00,24.256,0.001,0,0,1.170,112.344,261.439,0.421
2025-07-26 18:00,22.780,0.001,0,0,1.173,37.215,104.013,0.243
2025-07-26 19:00,21.268,0,0,0,1.176,0.727,3.548,0.152
2025-07-26 20:00,20.585,0,0,0,1.180,0,0,0.096
2025-07-26 21:00,19.875,0,0,0,1.182,0,0,0.052
2025-07-26 22:00,19.113,0,0,0,1.184,0,0,0.042
2025-07-26 23:00,18.625,0,0,0,1.186,0,0,0.035
2025-07-27 00:00,18.208,0,0,0,1.188,0,0,0.021
2025-07-27 01:00,17.856,0,0,0,1.189,0,0,0.045
2025-07-27 02:00,17.757,0,0,0,1.190,8.419,27.097,0.088
2025-07-27 03:00,18.768,0.002,0,0,1.191,76.906,165.067,0.088
2025-07-27 04:00,20.268,0.002,0,0,1.189,190.486,326.820,0.031
2025-07-27 05:00,21.875,0.001,0,0,1.184,322.095,491.952,0.013
2025-07-27 06:00,22.871,0,0,0,1.182,449.973,649.160,0.010
2025-07-27 07:00,23.668,0,0,0,1.179,568.897,787.696,0.007
2025-07-27 08:00,24.369,0,0,0,1.177,662.062,898.166,0.073
2025-07-27 09:00,24.953,0,0,0,1.175,729.970,972.997,0.154
2025-07-27 10:00,25.319,0,0,0,1.174,759.197,1007.073,0.036
2025-07-27 11:00,25.551,0,0,0,1.173,752.413,998.144,0.002
2025-07-27 12:00,25.589,0,0,0,1.172,707.758,946.532,0
2025-07-27 13:00,25.417,0,0,0,1.172,629.745,856.123,0
2025-07-27 14:00,25.004,0,0,0,1.172,524.585,732.720,0
2025-07-27 15:00,24.459,0,0,0,1.174,400.574,584.918,0.002
2025-07-27 16:00,23.771,0,0,0,1.175,268.588,422.660,0.097
2025-07-27 17:00,22.812,0,0,0,1.177,135.850,257.149,0.381
2025-07-27 18:00,21.254,0,0,0,1.180,36.247,99.452,0.811
2025-07-27 19:00,19.982,0,0,0,1.184,0.520,2.578,0.762
2025-07-27 20:00,19.335,0,0,0,1.187,0,0,0.848
2025-07-27 21:00,18.833,0,0,0,1.189,0,0,0.868
2025-07-27 22:00,18.605,0,0,0,1.189,0,0,0.921
2025-07-27 23:00,18.391,0,0,0,1.190,0,0,0.846
2025-07-28 00:00,18.059,0,0,0,1.189,0,0,0.809
2025-07-28 01:00,17.902,0,0,0,1.189,0,0,0.790
2025-07-28 02:00,17.930,0,0,0,1.189,5.805,24.261,0.603
2025-07-28 03:00,18.588,0,0,0,1.190,63.934,160.567,0.340
2025-07-28 04:00,20.020,0,0,0,1.188,177.877,322.610,0.081
2025-07-28 05:00,21.612,0,0,0,1.184,316.282,487.952,0.011
2025-07-28 06:00,23.223,0,0,0,1.180,446.125,645.410,0.154
2025-07-28 07:00,24.415,0,0,0,1.176,555.573,784.196,0.514
2025-07-28 08:00,25.241,0,0,0,1.174,639.460,894.768,0.771
2025-07-28 09:00,25.860,0,0,0,1.171,669.582,969.747,0.888
2025-07-28 10:00,26.097,0,0,0,1.170,610.299,1003.830,0.885
2025-07-28 11:00,26.298,0,0,0,1.168,612.407,994.894,0.817
2025-07-28 12:00,26.491,0,0,0,1.167,613.589,943.282,0.651
2025-07-28 13:00,26.404,0.001,0,0,1.167,561.518,852.644,0.427
2025-07-28 14:00,26.053,0.001,0,0,1.167,462.167,729.119,0.380
2025-07-28 15:00,25.484,0.001,0,0,1.167,329.940,580.998,0.757
2025-07-28 16:00,24.328,0.021,0,0,1.169,114.509,418.535,0.953
2025-07-28 17:00,22.766,0.079,0,0,1.172,35.621,252.693,0.937
2025-07-28 18:00,21.234,0.204,0,0,1.177,9.007,94.796,0.932
2025-07-28 19:00,20.133,0.526,0,0,1.181,0.079,1.754,0.942
2025-07-28 20:00,19.643,1.103,0,0,1.183,0,0,0.950
2025-07-28 21:00,19.459,1.820,0,0,1.183,0,0,0.947
2025-07-28 22:00,19.334,2.432,0,0,1.183,0,0,0.945
2025-07-28 23:00,19.213,2.254,0,0,1.183,0,0,0.950
2025-07-29 00:00,19.100,1.918,0,0,1.183,0,0,0.965
2025-07-29 01:00,19.085,2.135,0,0,1.182,0,0,0.967
2025-07-29 02:00,19.111,2.695,0,0,1.180,0.825,21.530,0.972
2025-07-29 03:00,19.208,2.641,0,0,1.179,9.369,155.999,0.967
2025-07-29 04:00,19.481,1.905,0,0,1.177,38.547,318.235,0.931
2025-07-29 05:00,20.052,1.204,0,0,1.174,120.024,483.867,0.884
2025-07-29 06:00,20.620,0.656,0,0,1.172,201.314,641.498,0.749
2025-07-29 07:00,20.949,0.321,0,0,1.171,322.678,780.534,0.654
2025-07-29 08:00,21.829,0.136,0,0,1.169,401.468,891.416,0.660
2025-07-29 09:00,22.404,0.074,0,0,1.168,474.935,966.497,0.466
2025-07-29 10:00,22.960,0.092,0,0,1.167,626.584,1000.580,0.278
2025-07-29 11:00,23.089,0.159,0,0,1.167,657.754,991.644,0.293
2025-07-29 12:00,22.861,0.164,0,0,1.169,607.188,940.018,0.430
2025-07-29 13:00,22.498,0.156,0,0,1.170,502.599,849.144,0.402
2025-07-29 14:00,22.009,0.141,0,0,1.172,390.943,725.369,0.438
2025-07-29 15:00,21.559,0.120,0,0,1.173,293.623,577.005,0.345
2025-07-29 16:00,21.341,0.073,0,0,1.174,202.015,414.328,0.415
2025-07-29 17:00,20.978,0.038,0,0,1.175,108.959,248.198,0.568
2025-07-29 18:00,20.529,0.007,0,0,1.177,33.200,90.028,0.436
2025-07-29 19:00,20.007,0.002,0,0,1.180,0.210,1.087,0.318
2025-07-29 20:00,19.712,0.001,0,0,1.182,0,0,0.478
2025-07-29 21:00,19.328,0,0,0,1.185,0,0,0.750
2025-07-29 22:00,18.795,0,0,0,1.187,0,0,0.661
2025-07-29 23:00,18.354,0,0,0,1.189,0,0,0.533
2025-07-30 00:00,18.016,0,0,0,1.190,0,0,0.891
2025-07-30 01:00,17.882,0,0,0,1.192,0,0,0.918
2025-07-30 02:00,17.538,0,0,0,1.193,3.619,18.914,0.492
2025-07-30 03:00,17.912,0,0,0,1.195,64.378,151.251,0.129
2025-07-30 04:00,18.762,0,0,0,1.196,183.088,313.779,0.068
2025-07-30 05:00,19.808,0,0,0,1.194,317.375,479.695,0.042
2025-07-30 06:00,20.873,0,0,0,1.192,451.116,637.660,0.258
2025-07-30 07:00,21.746,0,0,0,1.190,545.640,776.784,0.847
2025-07-30 08:00,22.349,0,0,0,1.189,568.098,887.916,0.895
2025-07-30 09:00,22.949,0,0,0,1.187,623.641,963.004,0.851
2025-07-30 10:00,23.450,0,0,0,1.185,607.830,997.323,0.927
2025-07-30 11:00,23.550,0,0,0,1.184,482.749,988.231,0.935
2025-07-30 12:00,23.669,0,0,0,1.183,416.364,936.518,0.883
2025-07-30 13:00,23.738,0.001,0,0,1.183,387.180,845.474,0.805
2025-07-30 14:00,23.448,0.003,0,0,1.183,284.877,721.470,0.910
2025-07-30 15:00,23.263,0.011,0,0,1.183,181.892,572.998,0.947
2025-07-30 16:00,22.298,0.072,0,0,1.185,98.930,409.960,0.938
2025-07-30 17:00,20.619,0.283,0,0,1.189,36.569,243.593,0.932
2025-07-30 18:00,19.198,0.567,0,0,1.194,7.201,85.153,0.909
2025-07-30 19:00,18.289,0.832,0,0,1.198,0.016,0.587,0.914
2025-07-30 20:00,17.796,1.067,0,0,1.200,0,0,0.961
2025-07-30 21:00,17.496,1.091,0,0,1.200,0,0,0.974
2025-07-30 22:00,17.495,0.897,0,0,1.201,0,0,0.977
2025-07-30 23:00,17.384,0.770,0,0,1.201,0,0,0.977
2025-07-31 00:00,17.099,0.654,0,0,1.201,0,0,0.980
2025-07-31 01:00,17.003,0.638,0,0,1.201,0,0,0.955
2025-07-31 02:00,17.133,0.758,0,0,1.201,0.937,16.425,0.957
2025-07-31 03:00,16.864,0.633,0,0,1.202,13.066,146.459,0.961
2025-07-31 04:00,16.835,0.340,0,0,1.202,46.646,309.235,0.954
2025-07-31 05:00,17.349,0.197,0,0,1.202,127.736,475.370,0.783
2025-07-31 06:00,18.198,0.134,0,0,1.200,319.879,633.498,0.342
2025-07-31 07:00,19.048,0.074,0,0,1.196,447.759,773.034,0.384
2025-07-31 08:00,20.579,0.035,0,0,1.192,581.052,884.254,0.644
2025-07-31 09:00,21.480,0.021,0,0,1.190,599.300,959.504,0.805
2025-07-31 10:00,21.939,0.011,0,0,1.188,604.620,993.830,0.833
2025-07-31 11:00,22.428,0.004,0,0,1.186,648.783,984.731,0.848
2025-07-31 12:00,22.536,0.002,0,0,1.185,577.962,932.870,0.929
2025-07-31 13:00,22.630,0,0,0,1.184,554.738,841.732,0.951
2025-07-31 14:00,22.452,0,0,0,1.184,465.382,717.720,0.953
2025-07-31 15:00,22.070,0,0,0,1.185,337.852,568.755,0.954
2025-07-31 16:00,21.492,0,0,0,1.186,215.567,405.578,0.901
2025-07-31 17:00,20.525,0,0,0,1.188,108.775,238.886,0.753
2025-07-31 18:00,18.936,0,0,0,1.191,27.338,80.174,0.742
2025-07-31 19:00,17.545,0,0,0,1.195,0.047,0.250,0.787
2025-07-31 20:00,17.026,0,0,0,1.197,0,0,0.849
2025-07-31 21:00,17.018,0.004,0,0,1.198,0,0,0.868
2025-07-31 22:00,16.939,0.023,0,0,1.198,0,0,0.811
2025-07-31 23:00,16.856,0.065,0,0,1.198,0,0,0.896
2025-08-01 00:00,16.813,0.155,0,0,1.198,0,0,0.966
2025-08-01 01:00,16.785,0.312,0,0,1.197,0,0,0.976
2025-08-01 02:00,16.834,0.398,0,0,1.197,1.070,14.075,0.975
2025-08-01 03:00,17.159,0.244,0,0,1.197,16.600,141.521,0.975
2025-08-01 04:00,17.447,0.080,0,0,1.198,45.831,304.603,0.970
2025-08-01 05:00,18.075,0.045,0,0,1.197,101.118,470.995,0.910
2025-08-01 06:00,19.230,0.036,0,0,1.194,222.406,629.490,0.828
2025-08-01 07:00,19.824,0.042,0,0,1.192,269.564,769.262,0.848
2025-08-01 08:00,19.999,0.066,0,0,1.191,258.071,880.504,0.872
2025-08-01 09:00,19.902,0.129,0,0,1.190,238.526,955.983,0.860
2025-08-01 10:00,19.891,0.186,0,0,1.191,263.250,990.330,0.872
2025-08-01 11:00,20.072,0.284,0,0,1.190,261.425,981.231,0.950
2025-08-01 12:00,19.844,0.388,0,0,1.190,211.792,929.282,0.969
2025-08-01 13:00,19.520,0.706,0,0,1.190,175.658,837.982,0.943
2025-08-01 14:00,19.138,0.855,0,0,1.191,172.904,713.720,0.943
2025-08-01 15:00,18.740,0.696,0,0,1.192,131.484,564.505,0.956
2025-08-01 16:00,18.415,0.517,0,0,1.192,77.106,401.004,0.950
2025-08-01 17:00,18.064,0.532,0,0,1.192,40.353,234.036,0.947
2025-08-01 18:00,17.628,0.555,0,0,1.193,9.513,75.121,0.960
2025-08-01 19:00,17.377,0.476,0,0,1.193,0.002,0.080,0.949
2025-08-01 20:00,17.230,0.471,0,0,1.194,0,0,0.945
2025-08-01 21:00,17.070,0.475,0,0,1.195,0,0,0.962
2025-08-01 22:00,16.941,0.444,0,0,1.196,0,0,0.963
2025-08-01 23:00,16.816,0.416,0,0,1.196,0,0,0.947
2025-08-02 00:00,16.707,0.305,0,0,1.197,0,0,0.871
2025-08-02 01:00,16.521,0.178,0,0,1.197,0,0,0.827
2025-08-02 02:00,16.264,0.106,0,0,1.197,2.080,11.870,0.668
2025-08-02 03:00,16.431,0.051,0,0,1.197,44.458,136.517,0.632
2025-08-02 04:00,16.964,0.033,0,0,1.196,130.558,299.853,0.584
2025-08-02 05:00,17.595,0.017,0,0,1.195,267.444,466.535,0.231
2025-08-02 06:00,18.666,0.009,0,0,1.193,411.954,625.248,0.125
2025-08-02 07:00,20.193,0.007,0,0,1.189,542.287,765.262,0.047
2025-08-02 08:00,21.293,0.002,0,0,1.186,649.688,876.754,0.009
2025-08-02 09:00,22.018,0.001,0,0,1.184,714.714,952.254,0.017
2025-08-02 10:00,22.454,0.001,0,0,1.183,742.345,986.660,0.033
2025-08-02 11:00,22.685,0,0,0,1.182,732.671,977.630,0.067
2025-08-02 12:00,22.730,0,0,0,1.182,682.129,925.620,0.114
2025-08-02 13:00,22.569,0,0,0,1.183,603.910,834.210,0.191
2025-08-02 14:00,22.223,0,0,0,1.184,498.774,709.478,0.227
2025-08-02 15:00,21.669,0,0,0,1.186,373.590,560.255,0.291
2025-08-02 16:00,20.903,0,0,0,1.188,239.253,396.379,0.548
2025-08-02 17:00,19.877,0.001,0,0,1.191,108.441,229.121,0.555
2025-08-02 18:00,18.652,0.002,0,0,1.195,23.280,70.046,0.641
2025-08-02 19:00,17.741,0.002,0,0,1.198,0.004,0.022,0.651
2025-08-02 20:00,17.401,0.003,0,0,1.200,0,0,0.611
2025-08-02 21:00,17.142,0.008,0,0,1.202,0,0,0.461
2025-08-02 22:00,16.920,0.024,0,0,1.203,0,0,0.282
2025-08-02 23:00,16.774,0.036,0,0,1.203,0,0,0.196
2025-08-03 00:00,16.537,0.046,0,0,1.204,0,0,0.109
2025-08-03 01:00,16.455,0.057,0,0,1.204,0,0,0.093
2025-08-03 02:00,16.419,0.054,0,0,1.205,2.360,9.823,0.103
2025-08-03 03:00,16.969,0.069,0,0,1.205,54.670,131.393,0.109
2025-08-03 04:00,17.684,0.074,0,0,1.204,156.689,295.018,0.103
2025-08-03 05:00,18.542,0.068,0,0,1.202,276.634,461.988,0.095
2025-08-03 06:00,19.779,0.036,0,0,1.199,396.448,620.990,0.158
2025-08-03 07:00,20.916,0.014,0,0,1.196,494.695,761.114,0.273
2025-08-03 08:00,21.656,0.007,0,0,1.194,564.196,872.768,0.753
2025-08-03 09:00,21.994,0.006,0,0,1.192,552.988,948.504,0.740
2025-08-03 10:00,22.345,0.009,0,0,1.191,614.136,983.066,0.498
2025-08-03 11:00,22.747,0.009,0,0,1.190,689.789,973.981,0.237
2025-08-03 12:00,22.856,0.005,0,0,1.189,649.843,921.776,0.214
2025-08-03 13:00,22.732,0.003,0,0,1.189,578.857,830.224,0.545
2025-08-03 14:00,22.278,0.001,0,0,1.189,429.921,705.308,0.834
2025-08-03 15:00,21.655,0.001,0,0,1.191,287.877,555.755,0.910
2025-08-03 16:00,20.778,0.001,0,0,1.193,133.067,391.629,0.951
2025-08-03 17:00,19.711,0.070,0,0,1.196,43.819,224.121,0.971
2025-08-03 18:00,18.798,0.241,0,0,1.199,6.705,65.022,0.967
2025-08-03 19:00,18.061,0.671,0,0,1.202,0,0.002,0.960
2025-08-03 20:00,17.506,1.769,0,0,1.204,0,0,0.956
2025-08-03 21:00,17.257,3.807,0,0,1.204,0,0,0.984
2025-08-03 22:00,17.035,4.768,0,0,1.204,0,0,0.990
2025-08-03 23:00,16.914,3.343,0,0,1.204,0,0,0.986
2025-08-04 00:00,16.933,1.242,0,0,1.203,0,0,0.964
2025-08-04 01:00,16.919,0.227,0,0,1.201,0,0,0.927
2025-08-04 02:00,16.830,0.065,0,0,1.200,0.776,7.944,0.877
2025-08-04 03:00,17.088,0.059,0,0,1.200,23.164,126.163,0.870
2025-08-04 04:00,17.928,0.151,0,0,1.199,75.767,290.022,0.876
2025-08-04 05:00,19.586,0.258,0,0,1.195,138.278,457.278,0.898
2025-08-04 06:00,20.113,0.370,0,0,1.192,157.748,616.578,0.911
2025-08-04 07:00,19.376,0.462,0,0,1.194,154.545,757.020,0.940
2025-08-04 08:00,19.296,0.211,0,0,1.195,261.948,868.848,0.846
2025-08-04 09:00,20.376,0.046,0,0,1.193,499.631,944.740,0.460
2025-08-04 10:00,21.943,0.007,0,0,1.188,720.411,979.168,0.145
2025-08-04 11:00,22.640,0.001,0,0,1.185,725.490,969.981,0.095
2025-08-04 12:00,22.810,0.001,0,0,1.184,682.926,917.870,0.074
2025-08-04 13:00,22.662,0.001,0,0,1.184,603.673,826.062,0.059
2025-08-04 14:00,22.287,0.002,0,0,1.184,493.818,701.058,0.077
2025-08-04 15:00,21.709,0.002,0,0,1.185,361.889,551.255,0.072
2025-08-04 16:00,21.003,0.002,0,0,1.187,233.258,386.832,0.038
2025-08-04 17:00,20.125,0.002,0,0,1.189,112.881,218.998,0.029
2025-08-04 18:00,19.127,0.002,0,0,1.192,21.777,60.118,0.029
2025-08-04 19:00,18.436,0.007,0,0,1.194,0,0,0.095
2025-08-04 20:00,18.013,0.011,0,0,1.195,0,0,0.308
2025-08-04 21:00,17.702,0.016,0,0,1.196,0,0,0.577
2025-08-04 22:00,17.505,0.039,0,0,1.196,0,0,0.893
2025-08-04 23:00,17.299,0.087,0,0,1.197,0,0,0.923
2025-08-05 00:00,16.917,0.150,0,0,1.198,0,0,0.928
2025-08-05 01:00,16.507,0.180,0,0,1.198,0,0,0.961
2025-08-05 02:00,16.295,0.186,0,0,1.198,0.583,6.245,0.926
2025-08-05 03:00,16.147,0.338,0,0,1.199,23.638,120.848,0.718
2025-08-05 04:00,15.982,1.144,0,0,1.200,97.113,285.018,0.622
2025-08-05 05:00,15.779,1.447,0,0,1.201,115.412,452.528,0.725
2025-08-05 06:00,16.143,0.396,0,0,1.200,174.951,612.078,0.627
2025-08-05 07:00,17.248,0.136,0,0,1.196,347.874,752.621,0.267
2025-08-05 08:00,18.959,0.048,0,0,1.191,573.013,864.754,0.113
2025-08-05 09:00,20.203,0.005,0,0,1.187,675.934,940.820,0.036
2025-08-05 10:00,20.876,0.001,0,0,1.184,743.996,975.396,0.010
2025-08-05 11:00,21.251,0,0,0,1.183,739.618,966.231,0.011
2025-08-05 12:00,21.412,0.002,0,0,1.181,686.520,913.870,0.017
2025-08-05 13:00,21.341,0.003,0,0,1.181,603.483,821.982,0.031
2025-08-05 14:00,21.029,0.003,0,0,1.181,488.350,696.728,0.039
2025-08-05 15:00,20.590,0.004,0,0,1.182,360.234,546.593,0.051
2025-08-05 16:00,20.008,0.002,0,0,1.183,228.638,381.883,0.085
2025-08-05 17:00,19.201,0.001,0,0,1.185,102.440,213.768,0.147
2025-08-05 18:00,18.316,0,0,0,1.189,17.792,55.332,0.134
2025-08-05 19:00,17.640,0.001,0,0,1.192,0,0,0.133
2025-08-05 20:00,17.116,0.002,0,0,1.195,0,0,0.184
2025-08-05 21:00,16.596,0.005,0,0,1.198,0,0,0.217
2025-08-05 22:00,16.099,0.005,0,0,1.200,0,0,0.241
2025-08-05 23:00,15.657,0.005,0,0,1.202,0,0,0.267
2025-08-06 00:00,15.302,0.004,0,0,1.204,0,0,0.312
2025-08-06 01:00,14.963,0.004,0,0,1.205,0,0,0.283
2025-08-06 02:00,14.626,0.003,0,0,1.207,0.882,4.726,0.303
2025-08-06 03:00,14.534,0.001,0,0,1.208,41.307,115.422,0.298
2025-08-06 04:00,14.876,0.002,0,0,1.207,132.849,279.819,0.322
2025-08-06 05:00,15.509,0.004,0,0,1.206,256.922,447.697,0.670
2025-08-06 06:00,16.216,0.013,0,0,1.204,327.603,607.498,0.728
2025-08-06 07:00,16.883,0.018,0,0,1.201,410.264,748.364,0.462
2025-08-06 08:00,17.485,0.031,0,0,1.200,480.603,860.754,0.348
2025-08-06 09:00,17.830,0.016,0,0,1.199,491.505,936.820,0.355
2025-08-06 10:00,18.295,0.010,0,0,1.197,527.122,971.418,0.301
2025-08-06 11:00,18.748,0.013,0,0,1.196,557.668,962.231,0.263
2025-08-06 12:00,19.005,0.018,0,0,1.194,524.873,909.856,0.278
2025-08-06 13:00,19.136,0.019,0,0,1.193,452.429,817.812,0.310
2025-08-06 14:00,19.199,0.023,0,0,1.192,357.325,692.228,0.338
2025-08-06 15:00,19.146,0.020,0,0,1.192,284.687,541.857,0.217
2025-08-06 16:00,18.844,0.008,0,0,1.192,197.362,376.883,0.339
2025-08-06 17:00,18.141,0.005,0,0,1.194,89.451,208.457,0.714
2025-08-06 18:00,17.248,0.001,0,0,1.198,13.724,50.686,0.876
2025-08-06 19:00,16.653,0,0,0,1.201,0,0,0.787
2025-08-06 20:00,16.128,0,0,0,1.204,0,0,0.627
2025-08-06 21:00,15.620,0,0,0,1.207,0,0,0.542
2025-08-06 22:00,15.061,0,0,0,1.209,0,0,0.424
2025-08-06 23:00,14.843,0.001,0,0,1.210,0,0,0.189
2025-08-07 00:00,14.552,0.003,0,0,1.212,0,0,0.012
2025-08-07 01:00,14.317,0.006,0,0,1.213,0,0,0.007
2025-08-07 02:00,14.145,0.013,0,0,1.214,0.729,3.415,0.018
2025-08-07 03:00,14.292,0.018,0,0,1.215,45.817,109.891,0.282
2025-08-07 04:00,14.989,0.011,0,0,1.214,148.451,274.569,0.724
2025-08-07 05:00,15.993,0.002,0,0,1.211,269.987,442.771,0.871
2025-08-07 06:00,17.029,0,0,0,1.209,392.955,602.828,0.942
2025-08-07 07:00,17.964,0,0,0,1.206,500.011,743.871,0.936
2025-08-07 08:00,18.844,0,0,0,1.203,594.008,856.504,0.849
2025-08-07 09:00,19.719,0,0,0,1.200,687.481,932.592,0.590
2025-08-07 10:00,20.417,0,0,0,1.197,724.485,967.396,0.334
2025-08-07 11:00,20.943,0,0,0,1.195,718.586,958.068,0.104
2025-08-07 12:00,21.263,0,0,0,1.193,666.646,905.627,0.150
2025-08-07 13:00,21.319,0.001,0,0,1.192,564.912,813.319,0.508
2025-08-07 14:00,21.049,0,0,0,1.192,405.011,687.728,0.917
2025-08-07 15:00,20.424,0,0,0,1.192,225.310,537.093,0.971
2025-08-07 16:00,19.692,0,0,0,1.194,125.450,371.758,0.971
2025-08-07 17:00,18.656,0,0,0,1.197,49.673,203.082,0.967
2025-08-07 18:00,17.519,0,0,0,1.200,8.235,46.165,0.976
2025-08-07 19:00,17.007,0,0,0,1.203,0,0,0.988
2025-08-07 20:00,16.597,0.001,0,0,1.207,0,0,0.983
2025-08-07 21:00,16.047,0.001,0,0,1.210,0,0,0.965
2025-08-07 22:00,15.201,0.002,0,0,1.213,0,0,0.934
2025-08-07 23:00,14.409,0.002,0,0,1.215,0,0,0.824
2025-08-08 00:00,13.955,0.004,0,0,1.216,0,0,0.598
2025-08-08 01:00,13.689,0.005,0,0,1.217,0,0,0.404
2025-08-08 02:00,13.536,0.008,0,0,1.218,0.422,2.301,0.293
2025-08-08 03:00,14.200,0.013,0,0,1.218,35.004,104.276,0.252
2025-08-08 04:00,15.315,0.020,0,0,1.216,123.068,269.312,0.164
2025-08-08 05:00,16.664,0.023,0,0,1.211,240.154,437.697,0.136
2025-08-08 06:00,18.069,0.021,0,0,1.206,358.892,598.078,0.117
2025-08-08 07:00,19.157,0.035,0,0,1.202,469.461,739.371,0.104
2025-08-08 08:00,19.935,0.027,0,0,1.199,559.009,852.091,0.092
2025-08-08 09:00,20.567,0.011,0,0,1.197,626.424,928.422,0.083
2025-08-08 10:00,21.097,0.004,0,0,1.195,654.273,963.168,0.159
2025-08-08 11:00,21.291,0.002,0,0,1.193,558.638,953.989,0.371
2025-08-08 12:00,21.266,0.001,0,0,1.191,438.576,901.377,0.445
2025-08-08 13:00,21.348,0.001,0,0,1.190,384.243,809.062,0.526
2025-08-08 14:00,21.552,0.003,0,0,1.189,366.624,683.058,0.687
2025-08-08 15:00,21.483,0.005,0,0,1.188,301.456,532.107,0.670
2025-08-08 16:00,20.822,0.002,0,0,1.190,189.038,366.551,0.341
2025-08-08 17:00,19.524,0.001,0,0,1.193,85.433,197.545,0.153
2025-08-08 18:00,18.160,0,0,0,1.197,11.675,41.816,0.174
2025-08-08 19:00,17.474,0,0,0,1.200,0,0,0.158
2025-08-08 20:00,16.847,0,0,0,1.203,0,0,0.106
2025-08-08 21:00,16.084,0,0,0,1.206,0,0,0.038
2025-08-08 22:00,15.395,0,0,0,1.208,0,0,0.319
2025-08-08 23:00,14.996,0.001,0,0,1.211,0,0,0.880
2025-08-09 00:00,14.773,0.003,0,0,1.214,0,0,0.878
2025-08-09 01:00,14.240,0.010,0,0,1.217,0,0,0.896
2025-08-09 02:00,13.658,0.017,0,0,1.219,0.297,1.407,0.935
2025-08-09 03:00,13.989,0.010,0,0,1.221,32.596,98.568,0.950
2025-08-09 04:00,14.623,0.002,0,0,1.222,101.496,263.814,0.953
2025-08-09 05:00,15.322,0,0,0,1.221,195.756,432.572,0.915
2025-08-09 06:00,16.511,0,0,0,1.217,346.637,593.314,0.678
2025-08-09 07:00,17.932,0,0,0,1.212,505.094,734.850,0.311
2025-08-09 08:00,19.270,0,0,0,1.207,608.657,847.591,0.118
2025-08-09 09:00,20.184,0,0,0,1.204,644.233,924.172,0.057
2025-08-09 10:00,20.788,0,0,0,1.201,663.199,958.997,0.134
2025-08-09 11:00,21.228,0,0,0,1.199,649.076,949.818,0.246
2025-08-09 12:00,21.339,0,0,0,1.197,567.505,896.957,0.191
2025-08-09 13:00,21.316,0,0,0,1.197,498.657,804.413,0.026
2025-08-09 14:00,21.137,0,0,0,1.196,411.765,678.315,0.014
2025-08-09 15:00,20.814,0,0,0,1.196,309.422,527.107,0.151
2025-08-09 16:00,20.266,0,0,0,1.196,197.817,361.301,0.817
2025-08-09 17:00,18.964,0,0,0,1.198,81.766,191.982,0.939
2025-08-09 18:00,17.038,0,0,0,1.200,11.569,37.623,0.935
2025-08-09 19:00,15.990,0,0,0,1.203,0,0,0.836
2025-08-09 20:00,15.568,0,0,0,1.205,0,0,0.359
2025-08-09 21:00,15.108,0,0,0,1.207,0,0,0.072
2025-08-09 22:00,14.748,0,0,0,1.209,0,0,0.491
2025-08-09 23:00,14.883,0,0,0,1.210,0,0,0.904
2025-08-10 00:00,14.630,0,0,0,1.211,0,0,0.833
2025-08-10 01:00,14.125,0,0,0,1.212,0,0,0.514
2025-08-10 02:00,13.412,0,0,0,1.214,0.136,0.733,0.028
2025-08-10 03:00,13.723,0,0,0,1.216,36.444,92.783,0.025
2025-08-10 04:00,15.207,0.004,0,0,1.217,136.531,258.354,0.020
2025-08-10 05:00,16.417,0.006,0,0,1.214,260.802,427.322,0.016
2025-08-10 06:00,17.585,0.015,0,0,1.209,387.130,588.314,0.013
2025-08-10 07:00,18.648,0.016,0,0,1.206,505.917,730.107,0.010
2025-08-10 08:00,19.544,0.002,0,0,1.203,606.057,843.171,0.005
2025-08-10 09:00,20.274,0,0,0,1.201,685.642,919.828,0.003
2025-08-10 10:00,20.831,0,0,0,1.199,719.609,954.654,0.002
2025-08-10 11:00,21.234,0,0,0,1.197,714.931,945.318,0.002
2025-08-10 12:00,21.473,0,0,0,1.196,672.417,892.707,0.004
2025-08-10 13:00,21.487,0,0,0,1.195,593.911,799.899,0.007
2025-08-10 14:00,21.298,0,0,0,1.195,481.615,673.558,0.021
2025-08-10 15:00,21.005,0,0,0,1.195,346.392,522.093,0.064
2025-08-10 16:00,20.532,0,0,0,1.195,211.019,355.926,0.047
2025-08-10 17:00,19.582,0.001,0,0,1.197,93.410,186.297,0.034
2025-08-10 18:00,17.961,0.001,0,0,1.201,11.447,33.615,0.037
2025-08-10 19:00,17.148,0,0,0,1.206,0,0,0.027
2025-08-10 20:00,16.463,0,0,0,1.210,0,0,0.026
2025-08-10 21:00,15.808,0,0,0,1.215,0,0,0.021
2025-08-10 22:00,15.108,0.001,0,0,1.219,0,0,0.015
2025-08-10 23:00,14.358,0.007,0,0,1.222,0,0,0.024
2025-08-11 00:00,13.800,0.016,0,0,1.224,0,0,0.249
2025-08-11 01:00,13.423,0.019,0,0,1.226,0,0,0.697
2025-08-11 02:00,12.993,0.017,0,0,1.227,0.058,0.286,0.592
2025-08-11 03:00,13.238,0.011,0,0,1.227,33.773,86.891,0.394
2025-08-11 04:00,14.601,0.003,0,0,1.227,140.573,252.768,0.204
2025-08-11 05:00,16.086,0,0,0,1.223,268.049,422.065,0.622
2025-08-11 06:00,17.860,0,0,0,1.217,361.411,583.314,0.893
2025-08-11 07:00,19.136,0,0,0,1.213,434.485,725.350,0.940
2025-08-11 08:00,19.727,0,0,0,1.209,419.875,838.591,0.970
2025-08-11 09:00,19.880,0,0,0,1.208,343.623,915.408,0.987
2025-08-11 10:00,20.016,0,0,0,1.206,338.238,950.255,0.944
2025-08-11 11:00,20.551,0,0,0,1.204,448.377,940.906,0.654
2025-08-11 12:00,21.179,0.001,0,0,1.202,548.816,888.045,0.372
2025-08-11 13:00,21.508,0.001,0,0,1.199,554.711,795.157,0.241
2025-08-11 14:00,21.300,0.001,0,0,1.198,418.862,668.565,0.241
2025-08-11 15:00,20.697,0,0,0,1.197,233.716,516.857,0.491
2025-08-11 16:00,20.002,0,0,0,1.197,130.686,350.426,0.424
2025-08-11 17:00,19.068,0,0,0,1.199,68.808,180.506,0.192
2025-08-11 18:00,17.532,0,0,0,1.203,10.053,29.790,0.012
2025-08-11 19:00,16.870,0,0,0,1.207,0,0,0.004
2025-08-11 20:00,16.161,0,0,0,1.212,0,0,0.003
2025-08-11 21:00,15.395,0,0,0,1.216,0,0,0.005
2025-08-11 22:00,14.887,0,0,0,1.219,0,0,0.007
2025-08-11 23:00,14.660,0.001,0,0,1.221,0,0,0.035
2025-08-12 00:00,14.610,0.008,0,0,1.221,0,0,0.170
2025-08-12 01:00,14.478,0.056,0,0,1.222,0,0,0.345
2025-08-12 02:00,14.355,0.119,0,0,1.222,0.008,0.068,0.410
2025-08-12 03:00,14.396,0.131,0,0,1.222,20.740,80.950,0.303
2025-08-12 04:00,14.925,0.113,0,0,1.221,116.742,247.043,0.094
2025-08-12 05:00,15.902,0.077,0,0,1.218,251.155,416.616,0.044
2025-08-12 06:00,17.279,0.043,0,0,1.214,387.662,578.085,0.029
2025-08-12 07:00,18.663,0.015,0,0,1.210,510.486,720.451,0.075
2025-08-12 08:00,19.703,0.004,0,0,1.206,607.848,833.921,0.432
2025-08-12 09:00,20.414,0.001,0,0,1.204,648.729,910.679,0.464
2025-08-12 10:00,21.069,0,0,0,1.201,697.264,945.755,0.120
2025-08-12 11:00,21.570,0,0,0,1.200,710.390,936.406,0.011
2025-08-12 12:00,21.871,0,0,0,1.198,665.389,883.465,0.009
2025-08-12 13:00,21.937,0,0,0,1.198,585.753,790.407,0.005
2025-08-12 14:00,21.802,0,0,0,1.197,478.658,663.565,0.005
2025-08-12 15:00,21.514,0,0,0,1.198,350.971,511.694,0.008
2025-08-12 16:00,20.897,0,0,0,1.199,216.697,344.852,0.116
2025-08-12 17:00,19.594,0,0,0,1.200,91.011,174.656,0.122
2025-08-12 18:00,18.876,0,0,0,1.203,9.112,26.148,0.073
2025-08-12 19:00,18.201,0,0,0,1.205,0,0,0.423
2025-08-12 20:00,17.505,0,0,0,1.207,0,0,0.684
2025-08-12 21:00,17.158,0,0,0,1.208,0,0,0.808
2025-08-12 22:00,17.059,0,0,0,1.210,0,0,0.931
2025-08-12 23:00,16.831,0,0,0,1.211,0,0,0.940
2025-08-13 00:00,16.434,0,0,0,1.212,0,0,0.757
2025-08-13 01:00,16.255,0,0,0,1.213,0,0,0.500
2025-08-13 02:00,16.278,0,0,0,1.214,0.001,0.004,0.379
2025-08-13 03:00,16.181,0,0,0,1.216,26.122,74.983,0.347
2025-08-13 04:00,16.482,0,0,0,1.217,107.714,241.288,0.342
2025-08-13 05:00,17.743,0,0,0,1.216,221.590,411.156,0.376
2025-08-13 06:00,19.762,0,0,0,1.209,339.957,572.915,0.634
2025-08-13 07:00,21.049,0,0,0,1.204,460.498,715.451,0.726
2025-08-13 08:00,21.893,0,0,0,1.202,565.434,829.171,0.514
2025-08-13 09:00,22.610,0,0,0,1.199,640.324,906.158,0.276
2025-08-13 10:00,23.177,0,0,0,1.197,649.275,941.241,0.358
2025-08-13 11:00,23.374,0,0,0,1.195,572.443,931.906,0.384
2025-08-13 12:00,23.562,0,0,0,1.193,512.368,878.795,0.375
2025-08-13 13:00,23.706,0,0,0,1.192,458.554,785.649,0.415
2025-08-13 14:00,23.549,0,0,0,1.191,334.897,658.565,0.456
2025-08-13 15:00,23.247,0,0,0,1.191,245.054,506.269,0.442
2025-08-13 16:00,22.777,0,0,0,1.191,151.630,339.227,0.445
2025-08-13 17:00,21.254,0,0,0,1.193,67.160,168.719,0.459
2025-08-13 18:00,19.068,0,0,0,1.197,7.305,22.726,0.442
2025-08-13 19:00,18.020,0,0,0,1.202,0,0,0.335
2025-08-13 20:00,17.582,0,0,0,1.206,0,0,0.167
2025-08-13 21:00,17.090,0,0,0,1.209,0,0,0.054
2025-08-13 22:00,16.556,0,0,0,1.211,0,0,0.021
2025-08-13 23:00,16.255,0,0,0,1.212,0,0,0.014
2025-08-14 00:00,15.910,0,0,0,1.214,0,0,0.010
2025-08-14 01:00,15.596,0,0,0,1.215,0,0,0.032
2025-08-14 02:00,15.380,0,0,0,1.216,0,0,0.264
2025-08-14 03:00,15.587,0,0,0,1.217,27.185,69.143,0.768
2025-08-14 04:00,17.292,0.001,0,0,1.217,123.708,235.415,0.876
2025-08-14 05:00,18.698,0.001,0,0,1.214,250.437,405.605,0.828
2025-08-14 06:00,21.057,0,0,0,1.205,380.287,567.651,0.676
2025-08-14 07:00,22.889,0,0,0,1.198,500.585,710.437,0.407
2025-08-14 08:00,24.011,0,0,0,1.194,598.148,824.327,0.289
2025-08-14 09:00,24.943,0,0,0,1.191,646.331,901.415,0.431
2025-08-14 10:00,25.730,0,0,0,1.188,688.243,936.505,0.838
2025-08-14 11:00,26.164,0,0,0,1.186,663.604,927.156,0.917
2025-08-14 12:00,26.255,0,0,0,1.184,600.414,874.045,0.895
2025-08-14 13:00,26.157,0,0,0,1.184,531.447,780.657,0.653
2025-08-14 14:00,25.731,0,0,0,1.184,432.467,653.395,0.365
2025-08-14 15:00,24.957,0,0,0,1.185,305.838,500.819,0.612
2025-08-14 16:00,23.418,0,0,0,1.189,128.966,333.481,0.937
2025-08-14 17:00,21.490,0,0,0,1.196,32.280,162.658,0.946
2025-08-14 18:00,20.204,0,0,0,1.203,2.422,19.497,0.966
2025-08-14 19:00,19.436,0,0,0,1.206,0,0,0.979
2025-08-14 20:00,18.963,0.001,0,0,1.209,0,0,0.964
2025-08-14 21:00,18.541,0.007,0,0,1.210,0,0,0.830
2025-08-14 22:00,18.154,0.031,0,0,1.211,0,0,0.659
2025-08-14 23:00,17.843,0.031,0,0,1.210,0,0,0.790
2025-08-15 00:00,17.392,0.010,0,0,1.211,0,0,0.936
2025-08-15 01:00,17.437,0.002,0,0,1.211,0,0,0.960
2025-08-15 02:00,17.304,0,0,0,1.212,0,0,0.948
2025-08-15 03:00,17.008,0.002,0,0,1.213,18.168,63.476,0.938
2025-08-15 04:00,17.387,0.001,0,0,1.212,77.923,229.493,0.940
2025-08-15 05:00,18.258,0.022,0,0,1.209,157.245,399.906,0.950
2025-08-15 06:00,19.257,0.095,0,0,1.204,195.560,562.165,0.981
2025-08-15 07:00,19.381,0.049,0,0,1.201,148.042,705.288,0.979
2025-08-15 08:00,20.353,0.023,0,0,1.197,296.396,819.421,0.883
2025-08-15 09:00,22.348,0.051,0,0,1.188,491.185,896.658,0.714
2025-08-15 10:00,22.849,1.023,0,0,1.183,360.524,931.835,0.938
2025-08-15 11:00,22.029,2.510,0,0,1.185,252.361,922.406,0.933
2025-08-15 12:00,21.589,0.214,0,0,1.185,231.421,869.066,0.731
2025-08-15 13:00,22.790,0.053,0,0,1.180,384.469,775.657,0.148
2025-08-15 14:00,23.808,0.097,0,0,1.174,383.608,648.153,0.176
2025-08-15 15:00,23.727,0.166,0,0,1.172,249.422,495.323,0.224
2025-08-15 16:00,22.996,0.221,0,0,1.172,140.537,327.720,0.281
2025-08-15 17:00,21.882,0.164,0,0,1.175,48.445,156.555,0.706
2025-08-15 18:00,20.911,0.173,0,0,1.179,2.682,16.493,0.744
2025-08-15 19:00,20.006,0.469,0,0,1.184,0,0,0.619
2025-08-15 20:00,18.953,0.941,0,0,1.190,0,0,0.567
2025-08-15 21:00,17.991,0.660,0,0,1.197,0,0,0.487
2025-08-15 22:00,15.554,0.154,0,0,1.211,0,0,0.219
2025-08-15 23:00,13.723,0.011,0,0,1.221,0,0,0.071
2025-08-16 00:00,12.662,0,0,0,1.225,0,0,0.012
2025-08-16 01:00,12.628,0.002,0,0,1.226,0,0,0.011
2025-08-16 02:00,12.576,0.006,0,0,1.227,0,0,0.012
2025-08-16 03:00,12.568,0.006,0,0,1.228,23.840,58.007,0.015
2025-08-16 04:00,13.196,0,0,0,1.227,125.256,223.431,0.017
2025-08-16 05:00,14.328,0,0,0,1.224,255.331,394.223,0.015
2025-08-16 06:00,15.613,0,0,0,1.219,388.767,556.894,0.011
2025-08-16 07:00,16.738,0,0,0,1.215,511.970,700.187,0.009
2025-08-16 08:00,17.716,0,0,0,1.211,610.412,814.407,0.008
2025-08-16 09:00,18.543,0,0,0,1.208,681.302,891.745,0.007
2025-08-16 10:00,19.101,0,0,0,1.205,712.022,926.991,0.006
2025-08-16 11:00,19.380,0,0,0,1.203,702.819,917.656,0.021
2025-08-16 12:00,19.365,0.002,0,0,1.202,635.729,864.295,0.046
2025-08-16 13:00,19.186,0.004,0,0,1.202,545.395,770.487,0.092
2025-08-16 14:00,18.871,0.005,0,0,1.202,431.677,642.746,0.402
2025-08-16 15:00,18.270,0.006,0,0,1.204,256.133,489.698,0.700
2025-08-16 16:00,17.572,0.005,0,0,1.206,143.445,321.775,0.889
2025-08-16 17:00,16.736,0.004,0,0,1.209,38.866,150.368,0.982
2025-08-16 18:00,15.925,0.004,0,0,1.212,1.999,13.724,0.983
2025-08-16 19:00,15.207,0.006,0,0,1.216,0,0,0.961
2025-08-16 20:00,14.645,0.007,0,0,1.218,0,0,0.926
2025-08-16 21:00,14.260,0.006,0,0,1.219,0,0,0.764
2025-08-16 22:00,13.987,0.009,0,0,1.221,0,0,0.705
2025-08-16 23:00,13.721,0.018,0,0,1.222,0,0,0.770
2025-08-17 00:00,13.418,0.044,0,0,1.224,0,0,0.825
2025-08-17 01:00,13.048,0.040,0,0,1.226,0,0,0.858
2025-08-17 02:00,12.858,0.019,0,0,1.227,0,0,0.782
2025-08-17 03:00,12.760,0.012,0,0,1.228,10.975,52.727,0.506
2025-08-17 04:00,13.010,0.007,0,0,1.227,80.992,217.326,0.372
2025-08-17 05:00,13.664,0.003,0,0,1.226,194.980,388.399,0.230
2025-08-17 06:00,14.576,0.002,0,0,1.223,334.062,551.245,0.268
2025-08-17 07:00,15.378,0.003,0,0,1.220,383.830,694.774,0.487
2025-08-17 08:00,15.968,0.003,0,0,1.218,406.645,809.258,0.564
2025-08-17 09:00,16.443,0.003,0,0,1.217,415.811,886.745,0.562
2025-08-17 10:00,17.020,0.002,0,0,1.216,468.433,922.071,0.515
2025-08-17 11:00,17.621,0.001,0,0,1.214,494.479,912.656,0.586
2025-08-17 12:00,18.101,0.001,0,0,1.212,503.353,859.146,0.690
2025-08-17 13:00,18.396,0,0,0,1.211,485.910,765.258,0.723
2025-08-17 14:00,18.387,0,0,0,1.211,413.375,637.403,0.713
2025-08-17 15:00,18.198,0,0,0,1.211,304.960,484.066,0.550
2025-08-17 16:00,17.857,0,0,0,1.211,185.425,315.775,0.484
2025-08-17 17:00,16.857,0,0,0,1.213,62.319,144.081,0.706
2025-08-17 18:00,15.045,0,0,0,1.215,2.953,11.178,0.420
2025-08-17 19:00,14.115,0,0,0,1.217,0,0,0.135
2025-08-17 20:00,13.730,0,0,0,1.219,0,0,0.013
2025-08-17 21:00,13.434,0,0,0,1.222,0,0,0.001
2025-08-17 22:00,13.262,0,0,0,1.224,0,0,0.002
2025-08-17 23:00,12.994,0,0,0,1.226,0,0,0.015
2025-08-18 00:00,12.569,0,0,0,1.228,0,0,0.011
2025-08-18 01:00,12.339,0,0,0,1.230,0,0,0.042
2025-08-18 02:00,12.044,0.001,0,0,1.231,0,0,0.210
2025-08-18 03:00,12.046,0.009,0,0,1.232,17.956,47.659,0.500
2025-08-18 04:00,13.441,0.005,0,0,1.232,107.690,211.140,0.618
2025-08-18 05:00,15.017,0,0,0,1.227,229.964,382.517,0.420
2025-08-18 06:00,16.996,0,0,0,1.219,366.029,545.651,0.121
2025-08-18 07:00,18.665,0,0,0,1.213,490.720,689.437,0.027
2025-08-18 08:00,19.959,0,0,0,1.207,587.860,804.008,0.004
2025-08-18 09:00,21.059,0,0,0,1.202,655.994,881.745,0.001
2025-08-18 10:00,22.017,0,0,0,1.198,685.740,917.078,0
2025-08-18 11:00,22.793,0,0,0,1.194,677.268,907.656,0.005
2025-08-18 12:00,23.225,0,0,0,1.191,631.196,854.052,0.176
2025-08-18 13:00,23.425,0,0,0,1.188,549.140,759.994,0.545
2025-08-18 14:00,23.347,0,0,0,1.186,436.989,631.903,0.766
2025-08-18 15:00,22.992,0,0,0,1.185,307.800,478.242,0.785
2025-08-18 16:00,22.200,0,0,0,1.185,170.675,309.775,0.753
2025-08-18 17:00,20.359,0,0,0,1.187,54.217,137.765,0.846
2025-08-18 18:00,18.764,0,0,0,1.189,2.094,8.881,0.615
2025-08-18 19:00,18.262,0,0,0,1.191,0,0,0.175
2025-08-18 20:00,18.001,0,0,0,1.193,0,0,0.072
2025-08-18 21:00,17.743,0,0,0,1.196,0,0,0.052
2025-08-18 22:00,17.395,0.001,0,0,1.198,0,0,0.146
2025-08-18 23:00,17.199,0.004,0,0,1.200,0,0,0.524
2025-08-19 00:00,16.995,0.008,0,0,1.202,0,0,0.764
2025-08-19 01:00,16.485,0.021,0,0,1.203,0,0,0.589
2025-08-19 02:00,16.103,0.009,0,0,1.204,0,0,0.523
2025-08-19 03:00,16.285,0.010,0,0,1.205,9.289,42.796,0.614
2025-08-19 04:00,16.452,0.016,0,0,1.207,58.168,204.848,0.692
2025-08-19 05:00,16.560,0.023,0,0,1.208,123.278,376.517,0.728
2025-08-19 06:00,16.319,0.041,0,0,1.211,196.165,539.901,0.680
2025-08-19 07:00,15.842,0.076,0,0,1.214,264.230,684.024,0.645
2025-08-19 08:00,15.221,0.142,0,0,1.217,294.941,798.758,0.736
2025-08-19 09:00,14.808,0.153,0,0,1.220,291.362,876.503,0.925
2025-08-19 10:00,14.751,0.129,0,0,1.220,247.963,911.922,0.974
2025-08-19 11:00,15.071,0.090,0,0,1.219,265.573,902.493,0.975
2025-08-19 12:00,15.809,0.051,0,0,1.217,294.529,848.882,0.963
2025-08-19 13:00,16.469,0.028,0,0,1.214,289.147,754.588,0.966
2025-08-19 14:00,16.670,0.012,0,0,1.211,208.900,626.254,0.978
2025-08-19 15:00,16.590,0.002,0,0,1.210,154.362,472.407,0.944
2025-08-19 16:00,16.178,0,0,0,1.211,100.579,303.650,0.782
2025-08-19 17:00,14.995,0,0,0,1.212,45.710,131.327,0.384
2025-08-19 18:00,12.913,0,0,0,1.213,1.850,6.837,0.109
2025-08-19 19:00,12.222,0,0,0,1.215,0,0,0.036
2025-08-19 20:00,12.075,0,0,0,1.217,0,0,0.068
2025-08-19 21:00,12.345,0.001,0,0,1.220,0,0,0.231
2025-08-19 22:00,12.772,0.002,0,0,1.223,0,0,0.095
2025-08-19 23:00,12.445,0.001,0,0,1.226,0,0,0.047
2025-08-20 00:00,11.507,0.001,0,0,1.230,0,0,0.036
2025-08-20 01:00,10.807,0.001,0,0,1.234,0,0,0.023
2025-08-20 02:00,10.219,0.004,0,0,1.237,0,0,0.057
2025-08-20 03:00,9.917,0.010,0,0,1.239,13.758,38.166,0.118
2025-08-20 04:00,10.402,0.002,0,0,1.239,103.589,198.495,0.022
2025-08-20 05:00,11.462,0.003,0,0,1.235,239.272,370.442,0.011
2025-08-20 06:00,12.865,0.007,0,0,1.230,371.775,534.151,0.012
2025-08-20 07:00,14.215,0.012,0,0,1.226,493.260,678.517,0.022
2025-08-20 08:00,15.286,0.006,0,0,1.222,582.181,793.494,0.035
2025-08-20 09:00,16.116,0.004,0,0,1.219,643.882,871.333,0.044
2025-08-20 10:00,16.696,0.002,0,0,1.217,667.013,906.680,0.099
2025-08-20 11:00,17.127,0.001,0,0,1.215,651.356,897.243,0.418
2025-08-20 12:00,17.445,0.001,0,0,1.213,598.675,843.632,0.841
2025-08-20 13:00,17.494,0,0,0,1.212,499.798,749.244,0.947
2025-08-20 14:00,17.305,0,0,0,1.211,378.592,620.504,0.951
2025-08-20 15:00,16.929,0,0,0,1.211,244.205,466.492,0.940
2025-08-20 16:00,16.228,0,0,0,1.212,114.752,297.400,0.966
2025-08-20 17:00,15.198,0,0,0,1.212,27.179,124.792,0.992
2025-08-20 18:00,14.892,0,0,0,1.212,0.635,5.047,0.994
2025-08-20 19:00,14.660,0,0,0,1.213,0,0,0.994
2025-08-20 20:00,14.318,0,0,0,1.213,0,0,0.992
2025-08-20 21:00,13.792,0,0,0,1.214,0,0,0.991
2025-08-20 22:00,13.166,0.001,0,0,1.216,0,0,0.992
2025-08-20 23:00,12.542,0.002,0,0,1.218,0,0,0.990
2025-08-21 00:00,12.078,0.008,0,0,1.219,0,0,0.979
2025-08-21 01:00,11.709,0.019,0,0,1.222,0,0,0.972
2025-08-21 02:00,11.326,0.037,0,0,1.224,0,0,0.960
2025-08-21 03:00,10.923,0.041,0,0,1.226,5.054,33.767,0.853
2025-08-21 04:00,11.500,0.055,0,0,1.226,58.829,192.094,0.639
2025-08-21 05:00,12.558,0.066,0,0,1.224,157.705,364.310,0.551
2025-08-21 06:00,13.746,0.088,0,0,1.221,251.574,528.239,0.655
2025-08-21 07:00,14.527,0.095,0,0,1.218,289.890,672.774,0.780
2025-08-21 08:00,14.973,0.090,0,0,1.216,324.942,788.008,0.772
2025-08-21 09:00,15.433,0.069,0,0,1.215,377.082,866.003,0.633
2025-08-21 10:00,15.974,0.040,0,0,1.213,446.594,901.430,0.454
2025-08-21 11:00,16.409,0.026,0,0,1.212,473.145,891.993,0.350
2025-08-21 12:00,16.639,0.021,0,0,1.210,442.142,838.140,0.358
2025-08-21 13:00,16.598,0.021,0,0,1.210,366.666,743.596,0.398
2025-08-21 14:00,16.351,0.024,0,0,1.209,282.251,614.754,0.549
2025-08-21 15:00,15.867,0.020,0,0,1.210,168.004,460.532,0.541
2025-08-21 16:00,15.332,0.012,0,0,1.211,99.966,291.075,0.466
2025-08-21 17:00,14.379,0.003,0,0,1.213,35.354,118.211,0.425
2025-08-21 18:00,13.812,0.002,0,0,1.214,0.564,3.520,0.332
2025-08-21 19:00,13.477,0.001,0,0,1.215,0,0,0.369
2025-08-21 20:00,13.143,0.001,0,0,1.215,0,0,0.310
2025-08-21 21:00,12.644,0.001,0,0,1.216,0,0,0.323
2025-08-21 22:00,12.089,0.001,0,0,1.217,0,0,0.613
2025-08-21 23:00,11.731,0.004,0,0,1.218,0,0,0.852
2025-08-22 00:00,11.465,0.004,0,0,1.218,0,0,0.945
2025-08-22 01:00,11.251,0.006,0,0,1.219,0,0,0.972
2025-08-22 02:00,11.164,0.007,0,0,1.220,0,0,0.969
2025-08-22 03:00,11.143,0.007,0,0,1.220,5.252,29.609,0.944
2025-08-22 04:00,11.358,0.006,0,0,1.220,51.093,185.577,0.877
2025-08-22 05:00,12.566,0.011,0,0,1.219,136.734,358.100,0.821
2025-08-22 06:00,13.542,0.030,0,0,1.217,236.568,522.239,0.775
2025-08-22 07:00,14.324,0.066,0,0,1.214,271.377,667.104,0.833
2025-08-22 08:00,14.602,0.085,0,0,1.212,253.353,782.494,0.883
2025-08-22 09:00,14.751,0.168,0,0,1.212,265.097,860.583,0.900
2025-08-22 10:00,14.514,0.283,0,0,1.212,232.380,896.180,0.922
2025-08-22 11:00,13.785,0.480,0,0,1.215,198.999,886.743,0.959
2025-08-22 12:00,12.944,0.649,0,0,1.218,174.300,832.733,0.964
2025-08-22 13:00,12.205,0.743,0,0,1.221,144.638,738.096,0.975
2025-08-22 14:00,11.559,0.811,0,0,1.223,107.220,609.004,0.965
2025-08-22 15:00,10.920,0.867,0,0,1.226,73.534,454.410,0.935
2025-08-22 16:00,10.307,0.897,0,0,1.228,38.892,284.744,0.933
2025-08-22 17:00,9.629,0.839,0,0,1.230,11.713,111.565,0.934
2025-08-22 18:00,9.108,0.778,0,0,1.233,0.110,2.270,0.937
2025-08-22 19:00,8.920,0.775,0,0,1.234,0,0,0.934
2025-08-22 20:00,8.805,0.846,0,0,1.235,0,0,0.936
2025-08-22 21:00,8.671,0.967,0,0,1.235,0,0,0.933
2025-08-22 22:00,8.490,0.992,0,0,1.237,0,0,0.936
2025-08-22 23:00,8.333,0.930,0,0,1.238,0,0,0.944
2025-08-23 00:00,8.317,0.884,0,0,1.238,0,0,0.945
2025-08-23 01:00,8.425,0.861,0,0,1.237,0,0,0.954
2025-08-23 02:00,8.666,0.855,0,0,1.236,0,0,0.977
2025-08-23 03:00,8.903,0.775,0,0,1.234,2.356,25.682,0.976
2025-08-23 04:00,9.269,0.587,0,0,1.233,25.685,179.011,0.961
2025-08-23 05:00,9.760,0.330,0,0,1.231,71.520,351.810,0.840
2025-08-23 06:00,10.409,0.227,0,0,1.229,152.845,516.239,0.648
2025-08-23 07:00,11.258,0.162,0,0,1.226,267.688,661.274,0.553
2025-08-23 08:00,12.524,0.131,0,0,1.222,410.957,776.846,0.465
2025-08-23 09:00,14.203,0.046,0,0,1.217,529.130,855.083,0.376
2025-08-23 10:00,15.465,0.017,0,0,1.213,605.127,890.680,0.264
2025-08-23 11:00,16.197,0.007,0,0,1.210,624.781,881.251,0.398
2025-08-23 12:00,16.599,0.002,0,0,1.208,589.905,827.219,0.694
2025-08-23 13:00,16.684,0.001,0,0,1.207,496.985,732.346,0.883
2025-08-23 14:00,16.292,0.001,0,0,1.207,330.132,603.091,0.986
2025-08-23 15:00,15.627,0.003,0,0,1.209,175.656,448.285,0.991
2025-08-23 16:00,14.825,0.017,0,0,1.211,85.125,278.322,0.988
2025-08-23 17:00,13.695,0.084,0,0,1.216,20.600,104.848,0.990
2025-08-23 18:00,12.411,0.194,0,0,1.221,0.072,1.296,0.993
2025-08-23 19:00,11.807,0.203,0,0,1.223,0,0,0.985
2025-08-23 20:00,11.678,0.136,0,0,1.224,0,0,0.953
2025-08-23 21:00,11.654,0.118,0,0,1.223,0,0,0.902
2025-08-23 22:00,11.642,0.158,0,0,1.223,0,0,0.935
2025-08-23 23:00,11.547,0.111,0,0,1.223,0,0,0.976
2025-08-24 00:00,11.332,0.071,0,0,1.224,0,0,0.986
2025-08-24 01:00,11.022,0.070,0,0,1.226,0,0,0.990
2025-08-24 02:00,10.656,0.072,0,0,1.228,0,0,0.987
2025-08-24 03:00,10.315,0.049,0,0,1.230,3.043,22.021,0.921
2025-08-24 04:00,10.258,0.019,0,0,1.231,45.344,172.386,0.631
2025-08-24 05:00,10.779,0.004,0,0,1.230,167.643,345.475,0.204
2025-08-24 06:00,11.991,0.002,0,0,1.226,331.935,510.154,0.071
2025-08-24 07:00,13.691,0.001,0,0,1.219,453.355,655.362,0.047
2025-08-24 08:00,15.355,0.001,0,0,1.213,558.751,771.096,0.081
2025-08-24 09:00,16.508,0.001,0,0,1.209,636.432,849.583,0.224
2025-08-24 10:00,17.155,0.010,0,0,1.206,643.189,885.180,0.509
2025-08-24 11:00,17.421,0.032,0,0,1.204,578.805,875.751,0.683
2025-08-24 12:00,17.365,0.056,0,0,1.203,456.491,821.640,0.753
2025-08-24 13:00,16.886,0.080,0,0,1.204,268.440,726.596,0.772
2025-08-24 14:00,16.613,0.093,0,0,1.205,242.575,597.091,0.707
2025-08-24 15:00,16.227,0.081,0,0,1.206,175.201,442.035,0.589
2025-08-24 16:00,15.631,0.104,0,0,1.208,110.778,271.748,0.494
2025-08-24 17:00,14.589,0.105,0,0,1.211,30.838,98.046,0.463
2025-08-24 18:00,13.638,0.072,0,0,1.215,0.083,0.601,0.421
2025-08-24 19:00,12.879,0.037,0,0,1.219,0,0,0.326
2025-08-24 20:00,12.216,0.030,0,0,1.222,0,0,0.244
2025-08-24 21:00,11.771,0.020,0,0,1.224,0,0,0.128
2025-08-24 22:00,11.290,0.013,0,0,1.227,0,0,0.045
2025-08-24 23:00,10.756,0.010,0,0,1.229,0,0,0.040
2025-08-25 00:00,10.256,0.007,0,0,1.231,0,0,0.100
2025-08-25 01:00,9.847,0.006,0,0,1.233,0,0,0.275
2025-08-25 02:00,9.553,0.007,0,0,1.235,0,0,0.470
2025-08-25 03:00,9.378,0.009,0,0,1.236,5.357,18.624,0.469
2025-08-25 04:00,9.718,0.006,0,0,1.236,71.407,165.658,0.279
2025-08-25 05:00,10.694,0.006,0,0,1.233,203.664,338.979,0.070
2025-08-25 06:00,11.985,0.010,0,0,1.229,328.942,504.029,0.068
2025-08-25 07:00,13.276,0.031,0,0,1.224,443.416,649.362,0.090
2025-08-25 08:00,14.189,0.074,0,0,1.220,510.740,765.346,0.124
2025-08-25 09:00,14.896,0.105,0,0,1.218,556.051,843.920,0.197
2025-08-25 10:00,15.445,0.140,0,0,1.215,559.798,879.666,0.279
2025-08-25 11:00,15.769,0.147,0,0,1.214,520.181,870.081,0.363
2025-08-25 12:00,15.654,0.119,0,0,1.214,401.659,815.969,0.466
2025-08-25 13:00,15.340,0.132,0,0,1.215,319.860,720.683,0.387
2025-08-25 14:00,15.236,0.094,0,0,1.215,296.587,591.091,0.320
2025-08-25 15:00,15.035,0.065,0,0,1.216,224.764,435.704,0.323
2025-08-25 16:00,14.537,0.024,0,0,1.217,123.671,265.237,0.301
2025-08-25 17:00,13.344,0.007,0,0,1.219,34.463,91.193,0.658
2025-08-25 18:00,11.679,0.003,0,0,1.221,0.031,0.196,0.930
2025-08-25 19:00,11.487,0.001,0,0,1.221,0,0,0.989
2025-08-25 20:00,11.523,0,0,0,1.222,0,0,0.993
2025-08-25 21:00,11.519,0,0,0,1.222,0,0,0.991
2025-08-25 22:00,11.497,0.001,0,0,1.223,0,0,0.991
2025-08-25 23:00,11.594,0.007,0,0,1.224,0,0,0.981
2025-08-26 00:00,11.437,0.019,0,0,1.226,0,0,0.855
2025-08-26 01:00,11.023,0.021,0,0,1.228,0,0,0.758
2025-08-26 02:00,10.765,0.026,0,0,1.229,0,0,0.746
2025-08-26 03:00,10.538,0.032,0,0,1.231,3.090,15.479,0.683
2025-08-26 04:00,10.849,0.029,0,0,1.231,57.091,158.867,0.392
2025-08-26 05:00,11.741,0.032,0,0,1.229,176.130,332.519,0.236
2025-08-26 06:00,13.054,0.039,0,0,1.224,303.762,497.772,0.161
2025-08-26 07:00,14.349,0.055,0,0,1.220,422.892,643.362,0.115
2025-08-26 08:00,15.329,0.050,0,0,1.217,515.208,759.582,0.116
2025-08-26 09:00,16.089,0.036,0,0,1.215,573.262,838.170,0.110
2025-08-26 10:00,16.673,0.026,0,0,1.213,601.661,874.010,0.115
2025-08-26 11:00,17.053,0.017,0,0,1.211,588.167,864.338,0.117
2025-08-26 12:00,17.253,0.016,0,0,1.210,548.266,810.219,0.111
2025-08-26 13:00,17.254,0.008,0,0,1.209,474.915,714.832,0.105
2025-08-26 14:00,17.082,0.005,0,0,1.209,376.226,584.841,0.268
2025-08-26 15:00,16.548,0.002,0,0,1.209,214.757,429.333,0.223
2025-08-26 16:00,15.788,0,0,0,1.211,132.959,258.538,0.095
2025-08-26 17:00,13.775,0,0,0,1.213,34.575,84.308,0.054
2025-08-26 18:00,12.312,0,0,0,1.216,0.007,0.039,0.032
2025-08-26 19:00,11.595,0,0,0,1.220,0,0,0.021
2025-08-26 20:00,11.085,0,0,0,1.223,0,0,0.014
2025-08-26 21:00,10.609,0,0,0,1.226,0,0,0.010
2025-08-26 22:00,10.260,0,0,0,1.229,0,0,0.007
2025-08-26 23:00,10.137,0,0,0,1.232,0,0,0.005
2025-08-27 00:00,10.053,0.001,0,0,1.234,0,0,0.011
2025-08-27 01:00,9.837,0.001,0,0,1.235,0,0,0.020
2025-08-27 02:00,9.607,0.001,0,0,1.236,0,0,0.008
2025-08-27 03:00,9.492,0.001,0,0,1.236,4.038,12.615,0.010
2025-08-27 04:00,9.947,0,0,0,1.236,79.346,152.049,0.010
2025-08-27 05:00,11.431,0,0,0,1.235,207.647,325.894,0.042
2025-08-27 06:00,13.334,0,0,0,1.229,340.442,491.444,0.215
2025-08-27 07:00,15.362,0,0,0,1.222,446.194,637.362,0.702
2025-08-27 08:00,16.529,0,0,0,1.217,503.559,753.603,0.883
2025-08-27 09:00,17.277,0,0,0,1.214,548.102,832.420,0.796
2025-08-27 10:00,17.786,0,0,0,1.212,573.794,868.246,0.484
2025-08-27 11:00,18.263,0,0,0,1.210,624.369,858.588,0.117
2025-08-27 12:00,18.490,0,0,0,1.208,590.199,804.227,0.091
2025-08-27 13:00,18.443,0.001,0,0,1.206,489.864,708.832,0.129
2025-08-27 14:00,18.180,0.001,0,0,1.206,366.072,578.827,0.285
2025-08-27 15:00,17.587,0,0,0,1.206,193.331,422.880,0.415
2025-08-27 16:00,16.726,0,0,0,1.208,104.842,251.829,0.267
2025-08-27 17:00,15.049,0,0,0,1.211,28.670,77.566,0.058
2025-08-27 18:00,13.475,0,0,0,1.214,0.001,0.004,0.127
2025-08-27 19:00,13.161,0,0,0,1.216,0,0,0.279
2025-08-27 20:00,12.805,0,0,0,1.217,0,0,0.573
2025-08-27 21:00,12.686,0,0,0,1.218,0,0,0.847
2025-08-27 22:00,12.798,0.002,0,0,1.218,0,0,0.951
2025-08-27 23:00,12.963,0.004,0,0,1.217,0,0,0.949
2025-08-28 00:00,13.137,0.008,0,0,1.217,0,0,0.924
2025-08-28 01:00,13.027,0.010,0,0,1.217,0,0,0.787
2025-08-28 02:00,12.647,0.009,0,0,1.216,0,0,0.579
2025-08-28 03:00,12.405,0.011,0,0,1.216,1.826,10.036,0.461
2025-08-28 04:00,13.458,0.016,0,0,1.216,46.973,145.134,0.599
2025-08-28 05:00,14.608,0.034,0,0,1.215,108.244,319.269,0.738
2025-08-28 06:00,15.240,0.054,0,0,1.213,148.755,485.062,0.846
2025-08-28 07:00,15.831,0.061,0,0,1.211,192.858,631.192,0.950
2025-08-28 08:00,16.399,0.070,0,0,1.209,227.240,747.683,0.972
2025-08-28 09:00,16.896,0.110,0,0,1.207,244.439,826.442,0.926
2025-08-28 10:00,17.247,0.074,0,0,1.206,252.392,862.347,0.732
2025-08-28 11:00,17.738,0.036,0,0,1.204,299.448,852.831,0.638
2025-08-28 12:00,18.109,0.025,0,0,1.201,288.078,798.321,0.754
2025-08-28 13:00,18.224,0.018,0,0,1.200,256.982,702.683,0.936
2025-08-28 14:00,18.082,0.024,0,0,1.200,208.408,572.429,0.903
2025-08-28 15:00,17.658,0.027,0,0,1.200,145.034,416.373,0.847
2025-08-28 16:00,16.809,0.022,0,0,1.203,68.276,245.042,0.910
2025-08-28 17:00,15.682,0.017,0,0,1.206,16.131,71.015,0.891
2025-08-28 18:00,14.999,0.022,0,0,1.208,0,0,0.932
2025-08-28 19:00,14.717,0.020,0,0,1.209,0,0,0.935
2025-08-28 20:00,14.434,0.013,0,0,1.209,0,0,0.933
2025-08-28 21:00,14.300,0.010,0,0,1.209,0,0,0.935
2025-08-28 22:00,14.191,0.033,0,0,1.209,0,0,0.938
2025-08-28 23:00,14.317,0.060,0,0,1.208,0,0,0.942
2025-08-29 00:00,14.556,0.065,0,0,1.207,0,0,0.960
2025-08-29 01:00,14.791,0.146,0,0,1.206,0,0,0.971
2025-08-29 02:00,14.996,0.423,0,0,1.205,0,0,0.966
2025-08-29 03:00,14.960,0.762,0,0,1.204,0.323,7.734,0.965
2025-08-29 04:00,14.983,0.751,0,0,1.204,12.401,138.136,0.974
2025-08-29 05:00,15.164,0.423,0,0,1.203,55.495,312.563,0.968
2025-08-29 06:00,15.541,0.374,0,0,1.202,117.604,478.565,0.973
2025-08-29 07:00,15.890,0.480,0,0,1.200,128.046,624.942,0.978
2025-08-29 08:00,16.209,0.363,0,0,1.199,154.415,741.589,0.976
2025-08-29 09:00,16.518,0.399,0,0,1.198,200.026,820.521,0.972
2025-08-29 10:00,16.642,0.397,0,0,1.197,181.190,856.503,0.970
2025-08-29 11:00,16.632,0.314,0,0,1.197,171.866,846.918,0.972
2025-08-29 12:00,16.492,0.265,0,0,1.198,147.777,792.321,0.982
2025-08-29 13:00,16.217,0.222,0,0,1.199,115.038,696.669,0.983
2025-08-29 14:00,15.879,0.204,0,0,1.200,82.284,566.091,0.984
2025-08-29 15:00,15.585,0.199,0,0,1.200,46.893,409.759,0.985
2025-08-29 16:00,15.269,0.224,0,0,1.201,21.903,238.189,0.987
2025-08-29 17:00,14.947,0.229,0,0,1.202,4.271,64.716,0.987
2025-08-29 18:00,14.707,0.231,0,0,1.203,0,0,0.984
2025-08-29 19:00,14.534,0.255,0,0,1.204,0,0,0.975
2025-08-29 20:00,14.403,0.261,0,0,1.205,0,0,0.972
2025-08-29 21:00,14.341,0.207,0,0,1.205,0,0,0.974
2025-08-29 22:00,14.329,0.202,0,0,1.205,0,0,0.974
2025-08-29 23:00,14.237,0.236,0,0,1.206,0,0,0.948
2025-08-30 00:00,14.083,0.101,0,0,1.206,0,0,0.764
2025-08-30 01:00,13.785,0.017,0,0,1.207,0,0,0.417
2025-08-30 02:00,13.199,0.010,0,0,1.208,0,0,0.078
2025-08-30 03:00,12.953,0.011,0,0,1.209,1.315,5.716,0.081
2025-08-30 04:00,13.542,0.017,0,0,1.210,56.581,131.096,0.219
2025-08-30 05:00,14.160,0.021,0,0,1.210,170.880,305.802,0.168
2025-08-30 06:00,14.956,0.023,0,0,1.208,292.397,472.065,0.398
2025-08-30 07:00,15.844,0.037,0,0,1.206,360.998,618.678,0.419
2025-08-30 08:00,16.843,0.042,0,0,1.203,385.780,735.419,0.555
2025-08-30 09:00,17.846,0.042,0,0,1.200,417.841,814.507,0.620
2025-08-30 10:00,18.549,0.036,0,0,1.197,422.019,850.503,0.812
2025-08-30 11:00,19.218,0.027,0,0,1.194,444.416,840.918,0.893
2025-08-30 12:00,19.366,0.020,0,0,1.192,326.818,786.307,0.946
2025-08-30 13:00,19.177,0.015,0,0,1.191,218.867,690.419,0.957
2025-08-30 14:00,18.903,0.010,0,0,1.192,157.836,559.679,0.954
2025-08-30 15:00,18.510,0.009,0,0,1.193,106.374,403.052,0.952
2025-08-30 16:00,17.806,0.009,0,0,1.196,51.325,231.314,0.964
2025-08-30 17:00,16.865,0.006,0,0,1.198,9.717,58.680,0.984
2025-08-30 18:00,16.124,0.004,0,0,1.201,0,0,0.982
2025-08-30 19:00,15.534,0.003,0,0,1.204,0,0,0.984
2025-08-30 20:00,15.024,0.004,0,0,1.206,0,0,0.986
2025-08-30 21:00,14.628,0.004,0,0,1.209,0,0,0.945
2025-08-30 22:00,14.236,0.004,0,0,1.211,0,0,0.915
2025-08-30 23:00,13.877,0.003,0,0,1.213,0,0,0.836
2025-08-31 00:00,13.333,0.007,0,0,1.215,0,0,0.548
2025-08-31 01:00,12.753,0.014,0,0,1.216,0,0,0.557
2025-08-31 02:00,12.467,0.018,0,0,1.217,0,0,0.706
2025-08-31 03:00,12.379,0.035,0,0,1.218,0.660,4.013,0.788
2025-08-31 04:00,12.897,0.036,0,0,1.219,31.486,124.010,0.886
2025-08-31 05:00,13.914,0.043,0,0,1.219,91.338,298.931,0.887
2025-08-31 06:00,14.812,0.032,0,0,1.216,172.124,465.480,0.759
2025-08-31 07:00,16.206,0.048,0,0,1.212,300.439,612.199,0.420
2025-08-31 08:00,18.032,0.062,0,0,1.206,424.429,729.169,0.250
2025-08-31 09:00,19.385,0.074,0,0,1.200,471.393,808.420,0.320
2025-08-31 10:00,19.962,0.061,0,0,1.198,476.085,844.355,0.359
2025-08-31 11:00,20.123,0.043,0,0,1.197,417.658,834.770,0.513
2025-08-31 12:00,19.842,0.062,0,0,1.197,295.120,780.064,0.725
2025-08-31 13:00,19.291,0.053,0,0,1.199,196.407,684.021,0.773
2025-08-31 14:00,18.897,0.036,0,0,1.201,168.665,553.179,0.714
2025-08-31 15:00,18.514,0.023,0,0,1.202,124.982,396.417,0.703
2025-08-31 16:00,17.809,0.011,0,0,1.203,69.011,224.315,0.763
2025-08-31 17:00,16.105,0.007,0,0,1.207,13.204,52.892,0.629
2025-08-31 18:00,14.902,0.006,0,0,1.211,0,0,0.477
2025-08-31 19:00,14.292,0.015,0,0,1.214,0,0,0.560
2025-08-31 20:00,13.790,0.023,0,0,1.216,0,0,0.650
2025-08-31 21:00,13.435,0.024,0,0,1.217,0,0,0.687
2025-08-31 22:00,13.155,0.023,0,0,1.217,0,0,0.752
2025-08-31 23:00,13.008,0.022,0,0,1.218,0,0,0.879
2025-09-01 00:00,12.948,0.021,0,0,1.218,0,0,0.940
2025-09-01 01:00,12.962,0.021,0,0,1.218,0,0,0.879
2025-09-01 02:00,12.955,0.023,0,0,1.218,0,0,0.794
2025-09-01 03:00,12.893,0.024,0,0,1.218,0.533,2.605,0.624
2025-09-01 04:00,13.393,0.024,0,0,1.218,45.294,116.863,0.504
2025-09-01 05:00,15.091,0.024,0,0,1.218,147.470,291.981,0.547
2025-09-01 06:00,15.848,0.033,0,0,1.217,248.544,458.734,0.607
2025-09-01 07:00,16.774,0.021,0,0,1.214,336.141,605.699,0.744
2025-09-01 08:00,17.801,0.009,0,0,1.210,362.816,722.919,0.760
2025-09-01 09:00,18.638,0.006,0,0,1.208,451.707,802.257,0.745
2025-09-01 10:00,19.110,0.005,0,0,1.205,459.508,838.333,0.830
2025-09-01 11:00,19.162,0.004,0,0,1.204,392.216,828.668,0.965
2025-09-01 12:00,18.844,0.003,0,0,1.204,274.909,773.814,0.977
2025-09-01 13:00,18.500,0.004,0,0,1.205,239.377,677.683,0.955
2025-09-01 14:00,18.253,0.004,0,0,1.206,261.691,546.679,0.927
2025-09-01 15:00,17.806,0.006,0,0,1.207,194.893,389.552,0.858
2025-09-01 16:00,17.039,0.011,0,0,1.209,91.577,217.275,0.595
2025-09-01 17:00,15.877,0.018,0,0,1.212,14.767,47.390,0.371
2025-09-01 18:00,15.076,0.042,0,0,1.215,0,0,0.360
2025-09-01 19:00,14.897,0.049,0,0,1.216,0,0,0.392
2025-09-01 20:00,14.819,0.050,0,0,1.216,0,0,0.378
2025-09-01 21:00,14.772,0.041,0,0,1.216,0,0,0.377
2025-09-01 22:00,14.759,0.039,0,0,1.215,0,0,0.445
2025-09-01 23:00,14.884,0.039,0,0,1.215,0,0,0.607
2025-09-02 00:00,14.776,0.037,0,0,1.214,0,0,0.793
2025-09-02 01:00,14.824,0.030,0,0,1.214,0,0,0.906
2025-09-02 02:00,14.912,0.030,0,0,1.213,0,0,0.937
2025-09-02 03:00,15.000,0.027,0,0,1.213,0.277,1.496,0.894
2025-09-02 04:00,15.296,0.026,0,0,1.212,40.400,109.655,0.721
2025-09-02 05:00,16.007,0.024,0,0,1.210,145.206,285.096,0.402
2025-09-02 06:00,16.851,0.018,0,0,1.207,248.197,452.024,0.561
2025-09-02 07:00,17.732,0.029,0,0,1.204,291.574,599.199,0.810
2025-09-02 08:00,18.584,0.013,0,0,1.201,302.970,716.521,0.966
2025-09-02 09:00,19.089,0.009,0,0,1.199,289.891,796.007,0.977
2025-09-02 10:00,19.272,0.003,0,0,1.198,273.002,832.091,0.981
2025-09-02 11:00,19.330,0.001,0,0,1.198,268.612,822.426,0.977
2025-09-02 12:00,19.265,0.001,0,0,1.198,257.623,767.564,0.969
2025-09-02 13:00,19.040,0.002,0,0,1.199,229.007,671.271,0.972
2025-09-02 14:00,18.554,0.002,0,0,1.200,154.316,539.936,0.973
2025-09-02 15:00,17.884,0.005,0,0,1.201,86.213,382.721,0.980
2025-09-02 16:00,17.167,0.013,0,0,1.204,35.692,210.175,0.985
2025-09-02 17:00,16.548,0.043,0,0,1.205,4.751,42.168,0.986
2025-09-02 18:00,16.200,0.123,0,0,1.206,0,0,0.986
2025-09-02 19:00,15.951,0.239,0,0,1.207,0,0,0.988
2025-09-02 20:00,15.813,0.411,0,0,1.207,0,0,0.989
2025-09-02 21:00,15.764,0.415,0,0,1.206,0,0,0.966
2025-09-02 22:00,15.757,0.289,0,0,1.205,0,0,0.970
2025-09-02 23:00,15.820,0.313,0,0,1.204,0,0,0.973
2025-09-03 00:00,15.812,0.613,0,0,1.203,0,0,0.974
2025-09-03 01:00,15.893,0.765,0,0,1.202,0,0,0.974
2025-09-03 02:00,15.930,0.608,0,0,1.201,0,0,0.976
2025-09-03 03:00,15.768,0.507,0,0,1.200,0.050,0.700,0.971
2025-09-03 04:00,15.936,0.254,0,0,1.200,19.293,102.385,0.961
2025-09-03 05:00,16.375,0.096,0,0,1.200,78.783,278.021,0.884
2025-09-03 06:00,16.977,0.068,0,0,1.199,191.158,445.274,0.588
2025-09-03 07:00,17.602,0.058,0,0,1.197,300.396,592.529,0.527
2025-09-03 08:00,18.257,0.067,0,0,1.195,365.816,710.021,0.599
2025-09-03 09:00,19.086,0.069,0,0,1.194,404.418,789.595,0.520
2025-09-03 10:00,19.933,0.042,0,0,1.191,461.222,825.841,0.324
2025-09-03 11:00,20.625,0.019,0,0,1.189,474.845,816.020,0.284
2025-09-03 12:00,21.100,0.003,0,0,1.187,463.203,761.158,0.229
2025-09-03 13:00,21.357,0,0,0,1.186,435.713,664.771,0.060
2025-09-03 14:00,21.238,0,0,0,1.186,357.456,533.266,0.095
2025-09-03 15:00,20.621,0,0,0,1.188,221.560,375.846,0.155
2025-09-03 16:00,19.327,0,0,0,1.192,96.938,203.047,0.129
2025-09-03 17:00,17.439,0,0,0,1.198,12.990,37.218,0.056
2025-09-03 18:00,16.366,0,0,0,1.204,0,0,0.043
2025-09-03 19:00,15.669,0.003,0,0,1.209,0,0,0.009
2025-09-03 20:00,15.401,0.030,0,0,1.211,0,0,0.006
2025-09-03 21:00,15.367,0.034,0,0,1.211,0,0,0.011
2025-09-03 22:00,15.394,0.029,0,0,1.211,0,0,0.174
2025-09-03 23:00,15.395,0.025,0,0,1.211,0,0,0.541
2025-09-04 00:00,15.329,0.024,0,0,1.211,0,0,0.424
2025-09-04 01:00,15.252,0.023,0,0,1.211,0,0,0.646
2025-09-04 02:00,15.352,0.021,0,0,1.211,0,0,0.939
2025-09-04 03:00,15.512,0.023,0,0,1.210,0.026,0.229,0.972
2025-09-04 04:00,15.714,0.022,0,0,1.210,16.055,95.085,0.970
2025-09-04 05:00,16.134,0.018,0,0,1.209,67.880,270.974,0.957
2025-09-04 06:00,16.895,0.010,0,0,1.206,166.595,438.399,0.897
2025-09-04 07:00,18.205,0.001,0,0,1.202,298.235,586.015,0.720
2025-09-04 08:00,19.838,0,0,0,1.196,439.634,703.521,0.480
2025-09-04 09:00,21.089,0,0,0,1.191,540.338,783.257,0.339
2025-09-04 10:00,21.870,0,0,0,1.188,588.001,819.435,0.398
2025-09-04 11:00,22.266,0,0,0,1.186,576.659,809.756,0.741
2025-09-04 12:00,22.383,0,0,0,1.185,518.594,754.666,0.605
2025-09-04 13:00,22.351,0,0,0,1.184,447.187,658.028,0.358
2025-09-04 14:00,22.103,0,0,0,1.184,342.396,526.516,0.096
2025-09-04 15:00,21.540,0,0,0,1.185,223.654,368.846,0.025
2025-09-04 16:00,20.294,0,0,0,1.190,98.305,195.822,0.026
2025-09-04 17:00,18.700,0,0,0,1.196,10.805,32.557,0.045
2025-09-04 18:00,17.855,0.002,0,0,1.200,0,0,0.047
2025-09-04 19:00,17.357,0.002,0,0,1.203,0,0,0.051
2025-09-04 20:00,16.951,0.004,0,0,1.205,0,0,0.052
2025-09-04 21:00,16.600,0.010,0,0,1.207,0,0,0.190
2025-09-04 22:00,16.518,0.008,0,0,1.208,0,0,0.703
2025-09-04 23:00,16.307,0.022,0,0,1.209,0,0,0.947
2025-09-05 00:00,15.901,0.024,0,0,1.209,0,0,0.943
2025-09-05 01:00,15.710,0.020,0,0,1.209,0,0,0.938
2025-09-05 02:00,15.691,0.025,0,0,1.209,0,0,0.923
2025-09-05 03:00,15.569,0.027,0,0,1.210,0.003,0.030,0.865
2025-09-05 04:00,15.778,0.028,0,0,1.211,26.931,87.754,0.707
2025-09-05 05:00,16.690,0.028,0,0,1.211,115.395,263.775,0.606
2025-09-05 06:00,17.750,0.020,0,0,1.208,240.566,431.443,0.442
2025-09-05 07:00,19.254,0.004,0,0,1.203,363.861,579.265,0.718
2025-09-05 08:00,20.744,0.002,0,0,1.197,430.465,697.007,0.831
2025-09-05 09:00,21.814,0.001,0,0,1.193,504.404,776.757,0.699
2025-09-05 10:00,22.668,0.001,0,0,1.189,574.545,812.942,0.296
2025-09-05 11:00,23.210,0,0,0,1.187,579.175,803.256,0.075
2025-09-05 12:00,23.442,0,0,0,1.185,526.792,748.166,0.100
2025-09-05 13:00,23.396,0,0,0,1.184,443.511,651.521,0.212
2025-09-05 14:00,23.001,0,0,0,1.184,331.800,519.686,0.336
2025-09-05 15:00,22.154,0,0,0,1.187,207.380,361.772,0.513
2025-09-05 16:00,20.614,0,0,0,1.192,81.508,188.594,0.753
2025-09-05 17:00,18.864,0,0,0,1.200,8.191,28.199,0.762
2025-09-05 18:00,17.871,0.013,0,0,1.205,0,0,0.601
2025-09-05 19:00,17.376,0.015,0,0,1.208,0,0,0.509
2025-09-05 20:00,16.946,0.019,0,0,1.210,0,0,0.489
2025-09-05 21:00,16.632,0.018,0,0,1.211,0,0,0.646
2025-09-05 22:00,16.491,0.021,0,0,1.211,0,0,0.716
2025-09-05 23:00,16.266,0.021,0,0,1.210,0,0,0.738
2025-09-06 00:00,16.022,0.020,0,0,1.210,0,0,0.637
2025-09-06 01:00,15.663,0.019,0,0,1.210,0,0,0.514
2025-09-06 02:00,15.454,0.018,0,0,1.210,0,0,0.328
2025-09-06 03:00,15.331,0.022,0,0,1.210,0,0.001,0.039
2025-09-06 04:00,15.789,0.022,0,0,1.211,31.341,80.541,0.012
2025-09-06 05:00,17.259,0.019,0,0,1.211,134.858,256.639,0.022
2025-09-06 06:00,18.794,0.012,0,0,1.207,252.973,424.443,0.063
2025-09-06 07:00,20.353,0.013,0,0,1.202,362.415,572.367,0.080
2025-09-06 08:00,21.983,0.021,0,0,1.196,449.186,690.257,0.132
2025-09-06 09:00,22.808,0.021,0,0,1.193,500.120,770.095,0.150
2025-09-06 10:00,23.166,0.018,0,0,1.192,519.802,806.442,0.168
2025-09-06 11:00,23.289,0.028,0,0,1.192,505.678,796.756,0.305
2025-09-06 12:00,22.868,0.025,0,0,1.192,372.548,741.652,0.382
2025-09-06 13:00,22.535,0.022,0,0,1.193,325.240,644.771,0.403
2025-09-06 14:00,21.991,0.023,0,0,1.194,229.763,512.774,0.413
2025-09-06 15:00,21.270,0.019,0,0,1.196,143.212,354.765,0.401
2025-09-06 16:00,20.258,0.016,0,0,1.199,59.183,181.281,0.406
2025-09-06 17:00,18.853,0.013,0,0,1.203,5.225,24.132,0.374
2025-09-06 18:00,17.872,0.011,0,0,1.206,0,0,0.445
2025-09-06 19:00,17.297,0.010,0,0,1.210,0,0,0.759
2025-09-06 20:00,16.865,0.007,0,0,1.213,0,0,0.867
2025-09-06 21:00,16.508,0.005,0,0,1.216,0,0,0.886
2025-09-06 22:00,16.163,0.006,0,0,1.218,0,0,0.877
2025-09-06 23:00,15.890,0.014,0,0,1.220,0,0,0.837
2025-09-07 00:00,15.631,0.015,0,0,1.221,0,0,0.674
2025-09-07 01:00,15.284,0.014,0,0,1.222,0,0,0.278
2025-09-07 02:00,14.655,0.013,0,0,1.223,0,0,0.272
2025-09-07 03:00,14.307,0.014,0,0,1.224,0,0,0.337
2025-09-07 04:00,14.472,0.013,0,0,1.226,25.638,73.570,0.396
2025-09-07 05:00,15.539,0.008,0,0,1.226,118.420,249.351,0.299
2025-09-07 06:00,16.745,0.001,0,0,1.223,241.229,417.443,0.166
2025-09-07 07:00,18.399,0,0,0,1.218,380.338,565.537,0.053
2025-09-07 08:00,19.805,0,0,0,1.213,477.551,683.608,0.037
2025-09-07 09:00,20.929,0,0,0,1.209,547.712,763.595,0.041
2025-09-07 10:00,21.839,0,0,0,1.206,578.043,799.928,0.019
2025-09-07 11:00,22.446,0,0,0,1.203,572.060,790.093,0.008
2025-09-07 12:00,22.598,0,0,0,1.202,520.786,734.902,0.005
2025-09-07 13:00,22.414,0,0,0,1.202,439.299,637.858,0.002
2025-09-07 14:00,22.027,0,0,0,1.202,331.495,505.895,0.019
2025-09-07 15:00,21.355,0,0,0,1.204,207.218,347.566,0.006
2025-09-07 16:00,19.769,0,0,0,1.207,86.337,173.928,0
2025-09-07 17:00,17.401,0,0,0,1.212,6.568,20.363,0
2025-09-07 18:00,16.344,0,0,0,1.217,0,0,0.001
2025-09-07 19:00,15.690,0.001,0,0,1.222,0,0,0.027
2025-09-07 20:00,14.973,0.005,0,0,1.225,0,0,0.274
2025-09-07 21:00,14.538,0.012,0,0,1.226,0,0,0.583
2025-09-07 22:00,14.319,0.012,0,0,1.227,0,0,0.753
2025-09-07 23:00,14.254,0.011,0,0,1.227,0,0,0.840
2025-09-08 00:00,14.408,0.013,0,0,1.228,0,0,0.876
2025-09-08 01:00,14.578,0.017,0,0,1.228,0,0,0.903
2025-09-08 02:00,14.625,0.018,0,0,1.228,0,0,0.925
2025-09-08 03:00,14.510,0.015,0,0,1.227,0,0,0.947
2025-09-08 04:00,14.757,0.015,0,0,1.227,17.974,66.910,0.954
2025-09-08 05:00,15.933,0.016,0,0,1.226,92.219,242.058,0.924
2025-09-08 06:00,16.912,0.012,0,0,1.223,203.095,410.358,0.803
2025-09-08 07:00,18.329,0.005,0,0,1.218,324.308,558.617,0.728
2025-09-08 08:00,19.906,0.001,0,0,1.211,434.323,676.844,0.732
2025-09-08 09:00,21.334,0,0,0,1.205,509.220,756.845,0.768
2025-09-08 10:00,22.345,0.001,0,0,1.201,532.281,793.272,0.756
2025-09-08 11:00,22.899,0.003,0,0,1.198,520.649,783.365,0.700
2025-09-08 12:00,23.105,0.005,0,0,1.196,468.799,728.152,0.677
2025-09-08 13:00,22.961,0.007,0,0,1.196,384.131,631.108,0.689
2025-09-08 14:00,22.519,0.005,0,0,1.196,286.043,498.821,0.689
2025-09-08 15:00,21.597,0.004,0,0,1.199,175.069,340.394,0.712
2025-09-08 16:00,19.945,0.004,0,0,1.204,68.842,166.516,0.685
2025-09-08 17:00,17.884,0.005,0,0,1.211,4.837,16.901,0.662
2025-09-08 18:00,17.000,0.028,0,0,1.216,0,0,0.541
2025-09-08 19:00,16.477,0.037,0,0,1.218,0,0,0.354
2025-09-08 20:00,15.888,0.035,0,0,1.219,0,0,0.193
2025-09-08 21:00,15.531,0.021,0,0,1.218,0,0,0.153
2025-09-08 22:00,15.503,0.018,0,0,1.218,0,0,0.230
2025-09-08 23:00,15.563,0.019,0,0,1.217,0,0,0.324
2025-09-09 00:00,15.624,0.020,0,0,1.216,0,0,0.373
2025-09-09 01:00,15.686,0.020,0,0,1.216,0,0,0.458
2025-09-09 02:00,15.699,0.021,0,0,1.216,0,0,0.326
2025-09-09 03:00,15.504,0.038,0,0,1.217,0,0,0.097
2025-09-09 04:00,15.649,0.043,0,0,1.218,23.130,60.517,0.038
2025-09-09 05:00,16.717,0.045,0,0,1.218,127.118,234.742,0.003
2025-09-09 06:00,17.460,0.023,0,0,1.217,256.334,403.226,0.001
2025-09-09 07:00,18.406,0.006,0,0,1.214,377.074,551.617,0
2025-09-09 08:00,19.838,0.001,0,0,1.210,476.150,670.007,0
2025-09-09 09:00,20.903,0,0,0,1.206,545.242,750.095,0.020
2025-09-09 10:00,21.518,0.001,0,0,1.204,575.979,786.522,0.121
2025-09-09 11:00,21.759,0.002,0,0,1.202,555.545,776.843,0.197
2025-09-09 12:00,21.769,0.001,0,0,1.202,505.303,721.402,0.258
2025-09-09 13:00,21.492,0.001,0,0,1.202,404.757,624.116,0.361
2025-09-09 14:00,20.929,0.001,0,0,1.204,286.247,491.774,0.525
2025-09-09 15:00,20.091,0,0,0,1.206,151.700,333.184,0.457
2025-09-09 16:00,18.912,0,0,0,1.210,68.192,159.075,0.200
2025-09-09 17:00,17.059,0,0,0,1.214,4.190,13.761,0.016
2025-09-09 18:00,16.058,0.002,0,0,1.218,0,0,0.005
2025-09-09 19:00,15.278,0.020,0,0,1.220,0,0,0.006
2025-09-09 20:00,14.993,0.014,0,0,1.220,0,0,0.018
2025-09-09 21:00,14.812,0.018,0,0,1.221,0,0,0.015
2025-09-09 22:00,14.630,0.017,0,0,1.221,0,0,0.047
2025-09-09 23:00,14.657,0.011,0,0,1.220,0,0,0.092
2025-09-10 00:00,14.721,0.012,0,0,1.221,0,0,0.207
2025-09-10 01:00,15.108,0.018,0,0,1.221,0,0,0.232
2025-09-10 02:00,15.316,0.029,0,0,1.222,0,0,0.222
2025-09-10 03:00,15.372,0.032,0,0,1.221,0,0,0.251
2025-09-10 04:00,15.721,0.033,0,0,1.221,17.513,54.432,0.351
2025-09-10 05:00,16.498,0.020,0,0,1.219,95.220,227.330,0.309
2025-09-10 06:00,17.359,0.003,0,0,1.217,208.735,395.979,0.318
2025-09-10 07:00,18.528,0.007,0,0,1.213,295.744,544.603,0.183
2025-09-10 08:00,19.990,0,0,0,1.208,437.145,663.094,0.171
2025-09-10 09:00,20.690,0,0,0,1.205,478.493,743.345,0.050
2025-09-10 10:00,21.039,0,0,0,1.204,557.916,779.772,0.008
2025-09-10 11:00,21.105,0.001,0,0,1.204,553.778,769.945,0.007
2025-09-10 12:00,20.905,0.003,0,0,1.204,500.426,714.503,0.010
2025-09-10 13:00,20.515,0.003,0,0,1.204,418.693,617.195,0.097
2025-09-10 14:00,19.885,0.016,0,0,1.205,282.469,484.689,0.459
2025-09-10 15:00,18.842,0.109,0,0,1.207,114.618,325.819,0.754
2025-09-10 16:00,17.644,0.418,0,0,1.211,31.536,151.577,0.821
2025-09-10 17:00,16.720,0.652,0,0,1.214,0.993,10.930,0.788
2025-09-10 18:00,16.376,0.425,0,0,1.214,0,0,0.679
2025-09-10 19:00,16.339,0.568,0,0,1.213,0,0,0.737
2025-09-10 20:00,16.458,0.416,0,0,1.212,0,0,0.653
2025-09-10 21:00,16.741,0.164,0,0,1.209,0,0,0.531
2025-09-10 22:00,16.802,0.104,0,0,1.207,0,0,0.833
2025-09-10 23:00,16.960,0.096,0,0,1.206,0,0,0.928
2025-09-11 00:00,16.959,0.081,0,0,1.205,0,0,0.925
2025-09-11 01:00,16.963,0.090,0,0,1.205,0,0,0.918
2025-09-11 02:00,17.128,0.073,0,0,1.203,0,0,0.942
2025-09-11 03:00,17.058,0.075,0,0,1.203,0,0,0.962
2025-09-11 04:00,16.838,0.065,0,0,1.204,11.611,48.643,0.970
2025-09-11 05:00,16.914,0.079,0,0,1.204,47.939,219.909,0.982
2025-09-11 06:00,17.043,0.070,0,0,1.203,55.912,388.729,0.990
2025-09-11 07:00,17.089,0.041,0,0,1.202,71.235,537.603,0.989
2025-09-11 08:00,17.160,0.115,0,0,1.201,92.793,656.094,0.988
2025-09-11 09:00,17.458,0.792,0,0,1.199,100.044,736.432,0.990
2025-09-11 10:00,17.787,1.965,0,0,1.197,95.854,772.860,0.986
2025-09-11 11:00,17.951,2.465,0,0,1.195,100.066,763.101,0.982
2025-09-11 12:00,18.030,2.926,0,0,1.193,89.206,707.503,0.981
2025-09-11 13:00,18.063,2.890,0,0,1.192,67.297,610.195,0.982
2025-09-11 14:00,18.096,3.231,0,0,1.190,45.122,477.490,0.984
2025-09-11 15:00,17.940,3.622,0,0,1.190,24.006,318.484,0.985
2025-09-11 16:00,17.716,2.948,0,0,1.190,7.204,144.040,0.986
2025-09-11 17:00,17.564,1.653,0,0,1.191,0.327,8.417,0.971
2025-09-11 18:00,17.413,0.830,0,0,1.192,0,0,0.963
2025-09-11 19:00,17.212,0.335,0,0,1.193,0,0,0.915
2025-09-11 20:00,16.997,0.148,0,0,1.195,0,0,0.901
2025-09-11 21:00,16.692,0.092,0,0,1.197,0,0,0.904
2025-09-11 22:00,16.454,0.060,0,0,1.199,0,0,0.908
2025-09-11 23:00,16.230,0.036,0,0,1.200,0,0,0.885
2025-09-12 00:00,16.020,0.029,0,0,1.202,0,0,0.672
2025-09-12 01:00,15.783,0.029,0,0,1.203,0,0,0.110
2025-09-12 02:00,15.616,0.034,0,0,1.204,0,0,0.039
2025-09-12 03:00,15.645,0.041,0,0,1.204,0,0,0.150
2025-09-12 04:00,15.703,0.061,0,0,1.205,13.046,43.162,0.311
2025-09-12 05:00,16.131,0.081,0,0,1.204,72.816,212.411,0.563
2025-09-12 06:00,16.514,0.149,0,0,1.204,119.486,381.405,0.659
2025-09-12 07:00,16.860,0.237,0,0,1.203,160.845,530.353,0.714
2025-09-12 08:00,17.270,0.305,0,0,1.202,215.861,649.094,0.730
2025-09-12 09:00,17.968,0.355,0,0,1.199,316.097,729.432,0.751
2025-09-12 10:00,18.616,0.407,0,0,1.197,358.976,766.016,0.722
2025-09-12 11:00,18.991,0.321,0,0,1.197,395.395,756.181,0.458
2025-09-12 12:00,19.206,0.187,0,0,1.197,384.558,700.591,0.159
2025-09-12 13:00,19.470,0.051,0,0,1.197,401.662,603.116,0.031
2025-09-12 14:00,19.332,0.008,0,0,1.198,306.675,470.240,0.015
2025-09-12 15:00,18.655,0.002,0,0,1.200,184.975,311.113,0.016
2025-09-12 16:00,17.302,0.004,0,0,1.203,63.869,136.457,0.068
2025-09-12 17:00,16.146,0.012,0,0,1.208,1.609,6.232,0.396
2025-09-12 18:00,15.757,0.026,0,0,1.211,0,0,0.306
2025-09-12 19:00,15.464,0.053,0,0,1.213,0,0,0.169
2025-09-12 20:00,15.152,0.067,0,0,1.214,0,0,0.173
2025-09-12 21:00,14.866,0.075,0,0,1.216,0,0,0.120
2025-09-12 22:00,14.409,0.050,0,0,1.217,0,0,0.056
2025-09-12 23:00,13.825,0.013,0,0,1.219,0,0,0.021
2025-09-13 00:00,13.403,0.006,0,0,1.221,0,0,0.013
2025-09-13 01:00,13.153,0.007,0,0,1.223,0,0,0.011
2025-09-13 02:00,12.921,0.009,0,0,1.225,0,0,0.012
2025-09-13 03:00,12.732,0.014,0,0,1.227,0,0,0.016
2025-09-13 04:00,12.669,0.014,0,0,1.228,13.871,37.998,0.023
2025-09-13 05:00,13.699,0.010,0,0,1.228,108.565,204.874,0.026
2025-09-13 06:00,14.706,0.005,0,0,1.226,234.159,374.070,0.103
2025-09-13 07:00,16.058,0.005,0,0,1.222,354.316,523.190,0.318
2025-09-13 08:00,17.275,0.002,0,0,1.219,452.991,641.946,0.395
2025-09-13 09:00,18.065,0.001,0,0,1.216,522.528,722.432,0.465
2025-09-13 10:00,18.610,0,0,0,1.214,553.902,759.016,0.490
2025-09-13 11:00,18.936,0,0,0,1.212,546.882,749.181,0.273
2025-09-13 12:00,19.038,0.001,0,0,1.211,500.807,693.583,0.072
2025-09-13 13:00,18.889,0.002,0,0,1.211,417.792,595.945,0.017
2025-09-13 14:00,18.505,0.006,0,0,1.211,306.341,462.990,0.020
2025-09-13 15:00,17.811,0.010,0,0,1.212,178.956,303.653,0.127
2025-09-13 16:00,16.664,0.013,0,0,1.215,57.563,128.834,0.563
2025-09-13 17:00,15.230,0.012,0,0,1.219,1.019,4.374,0.936
2025-09-13 18:00,15.044,0.021,0,0,1.221,0,0,0.949
2025-09-13 19:00,14.945,0.032,0,0,1.222,0,0,0.978
2025-09-13 20:00,14.820,0.052,0,0,1.222,0,0,0.984
2025-09-13 21:00,14.730,0.069,0,0,1.223,0,0,0.981
2025-09-13 22:00,14.831,0.078,0,0,1.222,0,0,0.916
2025-09-13 23:00,14.724,0.072,0,0,1.222,0,0,0.864
2025-09-14 00:00,14.269,0.069,0,0,1.222,0,0,0.947
2025-09-14 01:00,13.890,0.046,0,0,1.222,0,0,0.862
2025-09-14 02:00,13.758,0.025,0,0,1.223,0,0,0.792
2025-09-14 03:00,13.732,0.029,0,0,1.222,0,0,0.456
2025-09-14 04:00,13.776,0.038,0,0,1.221,8.445,33.142,0.352
2025-09-14 05:00,14.673,0.062,0,0,1.220,79.623,197.328,0.318
2025-09-14 06:00,15.542,0.096,0,0,1.218,184.087,366.688,0.547
2025-09-14 07:00,16.434,0.093,0,0,1.214,282.407,515.947,0.723
2025-09-14 08:00,17.467,0.062,0,0,1.211,361.100,634.844,0.570
2025-09-14 09:00,18.314,0.036,0,0,1.208,438.496,715.432,0.227
2025-09-14 10:00,18.832,0.019,0,0,1.206,488.803,752.016,0.218
2025-09-14 11:00,19.088,0.015,0,0,1.205,497.137,742.181,0.600
2025-09-14 12:00,19.027,0.004,0,0,1.204,433.107,686.489,0.894
2025-09-14 13:00,18.601,0.006,0,0,1.205,326.403,588.703,0.919
2025-09-14 14:00,17.889,0.010,0,0,1.206,205.815,455.658,0.924
2025-09-14 15:00,16.929,0.030,0,0,1.209,89.741,296.157,0.959
2025-09-14 16:00,15.922,0.124,0,0,1.211,21.965,121.190,0.989
2025-09-14 17:00,15.330,0.215,0,0,1.213,0.216,2.844,0.990
2025-09-14 18:00,15.242,0.437,0,0,1.212,0,0,0.989
2025-09-14 19:00,15.181,1.078,0,0,1.211,0,0,0.985
2025-09-14 20:00,15.008,2.253,0,0,1.210,0,0,0.977
2025-09-14 21:00,14.885,3.141,0,0,1.208,0,0,0.980
2025-09-14 22:00,14.930,3.448,0,0,1.206,0,0,0.985
2025-09-14 23:00,14.791,3.531,0,0,1.205,0,0,0.987
2025-09-15 00:00,14.876,2.797,0,0,1.204,0,0,0.986
2025-09-15 01:00,14.668,1.151,0,0,1.204,0,0,0.916
2025-09-15 02:00,14.479,0.202,0,0,1.205,0,0,0.658
2025-09-15 03:00,14.052,0.042,0,0,1.206,0,0,0.300
2025-09-15 04:00,13.673,0.027,0,0,1.208,8.540,28.606,0.094
2025-09-15 05:00,13.746,0.030,0,0,1.209,94.386,189.725,0.066
2025-09-15 06:00,14.265,0.026,0,0,1.208,218.977,359.192,0.054
2025-09-15 07:00,14.674,0.008,0,0,1.207,339.406,508.612,0.026
2025-09-15 08:00,15.403,0.006,0,0,1.206,440.929,627.682,0.035
2025-09-15 09:00,16.352,0.003,0,0,1.204,512.775,708.270,0.308
2025-09-15 10:00,16.828,0,0,0,1.202,508.204,744.860,0.785
2025-09-15 11:00,16.739,0,0,0,1.202,384.038,734.938,0.948
2025-09-15 12:00,16.294,0,0,0,1.203,243.384,679.341,0.972
2025-09-15 13:00,16.116,0.001,0,0,1.202,225.206,581.453,0.840
2025-09-15 14:00,16.258,0.014,0,0,1.201,232.817,448.283,0.595
2025-09-15 15:00,16.016,0.078,0,0,1.200,115.447,288.657,0.600
2025-09-15 16:00,15.430,0.165,0,0,1.200,23.079,113.514,0.633
2025-09-15 17:00,14.944,0.130,0,0,1.201,0.143,1.642,0.611
2025-09-15 18:00,14.748,0.031,0,0,1.202,0,0,0.552
2025-09-15 19:00,14.749,0.034,0,0,1.201,0,0,0.570
2025-09-15 20:00,14.772,0.095,0,0,1.200,0,0,0.521
2025-09-15 21:00,14.904,0.163,0,0,1.198,0,0,0.397
2025-09-15 22:00,15.032,0.243,0,0,1.197,0,0,0.375
2025-09-15 23:00,14.997,0.252,0,0,1.196,0,0,0.417
2025-09-16 00:00,14.831,0.176,0,0,1.197,0,0,0.472
2025-09-16 01:00,14.526,0.141,0,0,1.199,0,0,0.456
2025-09-16 02:00,14.214,0.133,0,0,1.200,0,0,0.392
2025-09-16 03:00,13.920,0.124,0,0,1.201,0,0,0.285
2025-09-16 04:00,13.702,0.104,0,0,1.202,6.146,24.397,0.245
2025-09-16 05:00,13.852,0.102,0,0,1.202,72.395,182.100,0.249
2025-09-16 06:00,14.326,0.134,0,0,1.201,167.014,351.732,0.259
2025-09-16 07:00,14.945,0.132,0,0,1.199,262.558,501.197,0.265
2025-09-16 08:00,15.715,0.087,0,0,1.196,348.126,620.432,0.310
2025-09-16 09:00,16.414,0.042,0,0,1.194,399.748,701.020,0.516
2025-09-16 10:00,16.753,0.024,0,0,1.192,385.864,737.617,0.739
2025-09-16 11:00,16.815,0.036,0,0,1.191,342.556,727.782,0.728
2025-09-16 12:00,16.792,0.085,0,0,1.190,325.588,672.091,0.680
2025-09-16 13:00,16.568,0.197,0,0,1.190,255.122,574.203,0.727
2025-09-16 14:00,15.998,0.426,0,0,1.190,152.921,440.827,0.809
2025-09-16 15:00,15.332,0.647,0,0,1.191,64.142,281.076,0.857
2025-09-16 16:00,14.804,0.801,0,0,1.192,13.217,105.788,0.886
2025-09-16 17:00,14.474,0.746,0,0,1.193,0.039,0.783,0.878
2025-09-16 18:00,14.164,0.445,0,0,1.195,0,0,0.808
2025-09-16 19:00,13.775,0.197,0,0,1.198,0,0,0.723
2025-09-16 20:00,13.387,0.107,0,0,1.200,0,0,0.481
2025-09-16 21:00,13.145,0.132,0,0,1.202,0,0,0.431
2025-09-16 22:00,12.986,0.160,0,0,1.203,0,0,0.450
2025-09-16 23:00,12.872,0.156,0,0,1.204,0,0,0.499
2025-09-17 00:00,12.789,0.134,0,0,1.205,0,0,0.518
2025-09-17 01:00,12.781,0.107,0,0,1.205,0,0,0.492
2025-09-17 02:00,12.715,0.101,0,0,1.206,0,0,0.423
2025-09-17 03:00,12.647,0.081,0,0,1.207,0,0,0.376
2025-09-17 04:00,12.576,0.066,0,0,1.208,4.773,20.517,0.365
2025-09-17 05:00,12.688,0.064,0,0,1.209,63.899,174.434,0.348
2025-09-17 06:00,13.088,0.088,0,0,1.209,155.350,344.232,0.320
2025-09-17 07:00,13.708,0.095,0,0,1.208,264.505,493.822,0.278
2025-09-17 08:00,14.518,0.159,0,0,1.205,327.931,613.182,0.217
2025-09-17 09:00,15.420,0.209,0,0,1.202,418.560,693.770,0.161
2025-09-17 10:00,16.267,0.247,0,0,1.200,461.903,730.596,0.167
2025-09-17 11:00,16.801,0.217,0,0,1.197,426.206,720.688,0.256
2025-09-17 12:00,16.888,0.245,0,0,1.197,334.724,664.827,0.509
2025-09-17 13:00,16.380,0.281,0,0,1.198,200.103,566.805,0.541
2025-09-17 14:00,15.957,0.284,0,0,1.200,154.845,433.405,0.543
2025-09-17 15:00,15.369,0.358,0,0,1.202,92.660,273.451,0.601
2025-09-17 16:00,14.489,0.300,0,0,1.205,18.729,98.047,0.710
2025-09-17 17:00,13.868,0.203,0,0,1.208,0.021,0.264,0.668
2025-09-17 18:00,13.642,0.070,0,0,1.210,0,0,0.566
2025-09-17 19:00,13.400,0.021,0,0,1.211,0,0,0.373
2025-09-17 20:00,13.173,0.021,0,0,1.212,0,0,0.186
2025-09-17 21:00,13.064,0.022,0,0,1.214,0,0,0.078
2025-09-17 22:00,12.853,0.023,0,0,1.216,0,0,0.030
2025-09-17 23:00,12.519,0.018,0,0,1.218,0,0,0.012
2025-09-18 00:00,12.161,0.017,0,0,1.220,0,0,0.010
2025-09-18 01:00,11.847,0.017,0,0,1.221,0,0,0.025
2025-09-18 02:00,11.637,0.018,0,0,1.223,0,0,0.350
2025-09-18 03:00,11.501,0.023,0,0,1.224,0,0,0.904
2025-09-18 04:00,11.381,0.026,0,0,1.224,5.030,16.961,0.937
2025-09-18 05:00,11.765,0.027,0,0,1.225,69.127,166.706,0.608
2025-09-18 06:00,12.510,0.025,0,0,1.222,184.197,336.611,0.844
2025-09-18 07:00,13.357,0.017,0,0,1.219,261.784,486.366,0.717
2025-09-18 08:00,14.354,0.004,0,0,1.216,360.879,605.761,0.884
2025-09-18 09:00,15.450,0.001,0,0,1.212,418.597,686.520,0.878
2025-09-18 10:00,16.309,0.001,0,0,1.209,486.966,723.197,0.335
2025-09-18 11:00,16.782,0.001,0,0,1.206,480.046,713.290,0.260
2025-09-18 12:00,16.855,0.002,0,0,1.205,388.196,657.428,0.396
2025-09-18 13:00,16.676,0.014,0,0,1.204,297.166,559.453,0.496
2025-09-18 14:00,16.080,0.029,0,0,1.205,160.735,425.831,0.568
2025-09-18 15:00,15.373,0.031,0,0,1.206,85.465,265.826,0.509
2025-09-18 16:00,14.691,0.033,0,0,1.207,23.408,90.317,0.356
2025-09-18 17:00,14.296,0.079,0,0,1.207,0.006,0.047,0.275
2025-09-18 18:00,14.160,0.123,0,0,1.208,0,0,0.126
2025-09-18 19:00,13.860,0.053,0,0,1.209,0,0,0.078
2025-09-18 20:00,13.635,0.019,0,0,1.210,0,0,0.096
2025-09-18 21:00,13.400,0.009,0,0,1.212,0,0,0.147
2025-09-18 22:00,13.494,0.022,0,0,1.212,0,0,0.241
2025-09-18 23:00,13.531,0.005,0,0,1.212,0,0,0.379
2025-09-19 00:00,13.467,0.004,0,0,1.213,0,0,0.338
2025-09-19 01:00,13.335,0.003,0,0,1.214,0,0,0.324
2025-09-19 02:00,13.161,0.005,0,0,1.215,0,0,0.125
2025-09-19 03:00,12.849,0.007,0,0,1.217,0,0,0.021
2025-09-19 04:00,12.550,0.014,0,0,1.219,3.947,13.736,0.022
2025-09-19 05:00,12.818,0.011,0,0,1.220,77.167,159.015,0.029
2025-09-19 06:00,13.726,0.006,0,0,1.219,198.700,329.026,0.040
2025-09-19 07:00,14.964,0.001,0,0,1.215,319.457,478.866,0.026
2025-09-19 08:00,16.128,0,0,0,1.211,414.716,598.269,0.011
2025-09-19 09:00,17.120,0,0,0,1.208,488.502,679.270,0.010
2025-09-19 10:00,17.939,0,0,0,1.205,520.270,715.947,0.010
2025-09-19 11:00,18.528,0,0,0,1.202,512.330,706.018,0.057
2025-09-19 12:00,18.824,0,0,0,1.200,444.593,650.178,0.599
2025-09-19 13:00,18.592,0,0,0,1.200,260.543,552.033,0.945
2025-09-19 14:00,18.013,0,0,0,1.201,116.433,418.331,0.979
2025-09-19 15:00,17.366,0,0,0,1.203,74.909,258.201,0.966
2025-09-19 16:00,16.232,0,0,0,1.205,21.948,82.710,0.972
2025-09-19 17:00,15.634,0,0,0,1.207,0,0.004,0.977
2025-09-19 18:00,15.421,0.001,0,0,1.209,0,0,0.976
2025-09-19 19:00,15.232,0.018,0,0,1.211,0,0,0.976
2025-09-19 20:00,15.160,0.067,0,0,1.212,0,0,0.972
2025-09-19 21:00,15.032,0.066,0,0,1.213,0,0,0.977
2025-09-19 22:00,14.945,0.090,0,0,1.214,0,0,0.979
2025-09-19 23:00,15.134,0.074,0,0,1.212,0,0,0.988
2025-09-20 00:00,15.435,0.044,0,0,1.209,0,0,0.986
2025-09-20 01:00,15.645,0.117,0,0,1.207,0,0,0.983
2025-09-20 02:00,15.702,0.208,0,0,1.206,0,0,0.974
2025-09-20 03:00,15.701,0.059,0,0,1.206,0,0,0.973
2025-09-20 04:00,15.764,0.025,0,0,1.205,1.692,10.850,0.971
2025-09-20 05:00,15.789,0.023,0,0,1.205,42.076,151.228,0.959
2025-09-20 06:00,16.130,0.035,0,0,1.205,116.072,321.401,0.940
2025-09-20 07:00,16.919,0.012,0,0,1.203,228.799,471.359,0.906
2025-09-20 08:00,17.882,0.007,0,0,1.199,326.576,590.932,0.818
2025-09-20 09:00,18.636,0.006,0,0,1.196,382.058,671.850,0.841
2025-09-20 10:00,19.079,0.008,0,0,1.194,370.599,708.603,0.964
2025-09-20 11:00,19.286,0.008,0,0,1.192,336.541,698.620,0.963
2025-09-20 12:00,19.488,0.011,0,0,1.190,340.814,642.678,0.961
2025-09-20 13:00,19.495,0.009,0,0,1.189,278.078,544.540,0.947
2025-09-20 14:00,19.317,0.004,0,0,1.188,200.438,410.749,0.880
2025-09-20 15:00,18.702,0.001,0,0,1.189,105.588,250.494,0.811
2025-09-20 16:00,17.265,0,0,0,1.190,24.314,75.396,0.907
2025-09-20 17:00,16.373,0,0,0,1.191,0,0,0.924
2025-09-20 18:00,16.384,0,0,0,1.194,0,0,0.894
2025-09-20 19:00,16.175,0,0,0,1.196,0,0,0.955
2025-09-20 20:00,16.133,0.002,0,0,1.197,0,0,0.977
2025-09-20 21:00,16.163,0.335,0,0,1.198,0,0,0.975
2025-09-20 22:00,16.419,1.249,0,0,1.196,0,0,0.976
2025-09-20 23:00,16.683,0.235,0,0,1.193,0,0,0.978
2025-09-21 00:00,16.722,0.138,0,0,1.193,0,0,0.951
2025-09-21 01:00,16.608,0.049,0,0,1.193,0,0,0.925
2025-09-21 02:00,16.370,0.025,0,0,1.194,0,0,0.930
2025-09-21 03:00,16.170,0.029,0,0,1.195,0,0,0.916
2025-09-21 04:00,15.957,0.034,0,0,1.196,1.489,8.303,0.865
2025-09-21 05:00,15.925,0.032,0,0,1.197,41.203,143.437,0.718
2025-09-21 06:00,16.298,0.022,0,0,1.196,135.754,313.701,0.300
2025-09-21 07:00,16.934,0.005,0,0,1.194,272.285,463.785,0.105
2025-09-21 08:00,17.798,0.006,0,0,1.192,353.262,583.511,0.414
2025-09-21 09:00,18.668,0.006,0,0,1.187,408.340,664.357,0.900
2025-09-21 10:00,19.096,0.070,0,0,1.184,350.589,701.183,0.972
2025-09-21 11:00,18.718,0.086,0,0,1.183,195.434,691.268,0.986
2025-09-21 12:00,18.528,0.052,0,0,1.182,156.635,635.178,0.984
2025-09-21 13:00,18.523,0.053,0,0,1.181,118.634,537.040,0.979
2025-09-21 14:00,18.507,0.021,0,0,1.180,71.337,403.124,0.976
2025-09-21 15:00,18.391,0.005,0,0,1.180,54.387,242.770,0.948
2025-09-21 16:00,17.914,0.003,0,0,1.182,15.362,68.409,0.964
2025-09-21 17:00,17.316,0.009,0,0,1.186,0,0,0.970
2025-09-21 18:00,16.599,0.016,0,0,1.190,0,0,0.938
2025-09-21 19:00,15.651,0.017,0,0,1.195,0,0,0.716
2025-09-21 20:00,14.597,0.011,0,0,1.201,0,0,0.706
2025-09-21 21:00,13.702,0.008,0,0,1.207,0,0,0.898
2025-09-21 22:00,12.958,0.009,0,0,1.211,0,0,0.212
2025-09-21 23:00,12.266,0.011,0,0,1.215,0,0,0.072
2025-09-22 00:00,11.654,0.015,0,0,1.218,0,0,0.694
2025-09-22 01:00,11.184,0.019,0,0,1.221,0,0,0.779
2025-09-22 02:00,10.719,0.014,0,0,1.224,0,0,0.291
2025-09-22 03:00,10.366,0.001,0,0,1.226,0,0,0.226
2025-09-22 04:00,10.088,0,0,0,1.228,1.628,6.094,0.230
2025-09-22 05:00,10.203,0,0,0,1.230,63.633,135.624,0.185
2025-09-22 06:00,11.041,0,0,0,1.228,189.080,306.029,0.055
2025-09-22 07:00,12.196,0,0,0,1.225,315.352,456.160,0.009
2025-09-22 08:00,13.301,0,0,0,1.222,415.940,575.849,0.004
2025-09-22 09:00,14.207,0,0,0,1.219,484.704,656.857,0.003
2025-09-22 10:00,14.849,0,0,0,1.216,517.482,693.690,0.002
2025-09-22 11:00,15.221,0.001,0,0,1.215,509.628,683.776,0.006
2025-09-22 12:00,15.313,0.001,0,0,1.214,458.592,627.678,0.018
2025-09-22 13:00,15.102,0.001,0,0,1.214,372.244,529.384,0.053
2025-09-22 14:00,14.605,0,0,0,1.216,260.463,395.499,0.062
2025-09-22 15:00,13.726,0,0,0,1.219,136.733,235.016,0.129
2025-09-22 16:00,12.445,0.001,0,0,1.224,25.328,61.742,0.514
2025-09-22 17:00,11.468,0.004,0,0,1.229,0,0,0.373
2025-09-22 18:00,10.699,0.006,0,0,1.233,0,0,0.223
2025-09-22 19:00,9.869,0.003,0,0,1.236,0,0,0.462
2025-09-22 20:00,9.478,0.005,0,0,1.239,0,0,0.262
2025-09-22 21:00,9.129,0.006,0,0,1.242,0,0,0.131
2025-09-22 22:00,8.660,0.006,0,0,1.245,0,0,0.159
2025-09-22 23:00,8.177,0.004,0,0,1.248,0,0,0.211
2025-09-23 00:00,7.894,0.001,0,0,1.251,0,0,0.267
2025-09-23 01:00,7.610,0,0,0,1.253,0,0,0.321
2025-09-23 02:00,7.497,0,0,0,1.255,0,0,0.145
2025-09-23 03:00,7.016,0,0,0,1.258,0,0,0.114
2025-09-23 04:00,6.693,0,0,0,1.260,1.157,4.223,0.164
2025-09-23 05:00,6.774,0,0,0,1.263,63.435,127.790,0.104
2025-09-23 06:00,7.623,0,0,0,1.261,189.917,298.319,0.037
2025-09-23 07:00,8.827,0,0,0,1.258,312.430,448.567,0.020
2025-09-23 08:00,9.939,0,0,0,1.255,413.846,568.269,0.013
2025-09-23 09:00,10.957,0,0,0,1.252,483.881,649.357,0.006
2025-09-23 10:00,11.776,0,0,0,1.249,515.734,686.190,0.002
2025-09-23 11:00,12.334,0,0,0,1.247,506.810,676.276,0.002
2025-09-23 12:00,12.633,0,0,0,1.246,457.976,620.178,0.001
2025-09-23 13:00,12.684,0,0,0,1.245,373.644,521.870,0.001
2025-09-23 14:00,12.443,0,0,0,1.246,261.856,387.793,0.002
2025-09-23 15:00,11.682,0,0,0,1.247,135.564,227.229,0.004
2025-09-23 16:00,9.612,0,0,0,1.250,24.609,55.401,0.007
2025-09-23 17:00,8.438,0,0,0,1.253,0,0,0.012
2025-09-23 18:00,8.301,0,0,0,1.257,0,0,0.035
2025-09-23 19:00,7.766,0,0,0,1.260,0,0,0.201
2025-09-23 20:00,7.286,0,0,0,1.263,0,0,0.327
2025-09-23 21:00,7.124,0,0,0,1.265,0,0,0.594
2025-09-23 22:00,7.500,0,0,0,1.267,0,0,0.930
2025-09-23 23:00,7.796,0,0,0,1.268,0,0,0.988
2025-09-24 00:00,7.790,0,0,0,1.269,0,0,0.957
2025-09-24 01:00,7.560,0,0,0,1.270,0,0,0.763
2025-09-24 02:00,7.126,0,0,0,1.272,0,0,0.531
2025-09-24 03:00,6.707,0,0,0,1.274,0,0,0.267
2025-09-24 04:00,6.387,0,0,0,1.275,0.658,2.702,0.209
2025-09-24 05:00,6.745,0,0,0,1.276,53.198,119.955,0.287
2025-09-24 06:00,7.992,0,0,0,1.272,160.438,290.569,0.281
2025-09-24 07:00,9.548,0,0,0,1.267,275.085,440.828,0.158
2025-09-24 08:00,10.963,0,0,0,1.261,380.544,560.606,0.090
2025-09-24 09:00,12.034,0,0,0,1.257,452.076,641.843,0.053
2025-09-24 10:00,12.820,0,0,0,1.254,486.995,678.690,0.034
2025-09-24 11:00,13.395,0,0,0,1.251,481.800,668.627,0.018
2025-09-24 12:00,13.735,0,0,0,1.249,437.690,612.516,0.011
2025-09-24 13:00,13.837,0,0,0,1.247,358.607,514.128,0.014
2025-09-24 14:00,13.626,0,0,0,1.247,245.980,380.043,0.066
2025-09-24 15:00,12.783,0,0,0,1.247,120.017,219.438,0.114
2025-09-24 16:00,10.613,0,0,0,1.249,19.621,49.400,0.122
2025-09-24 17:00,9.440,0,0,0,1.252,0,0,0.168
2025-09-24 18:00,9.078,0,0,0,1.254,0,0,0.027
2025-09-24 19:00,8.639,0,0,0,1.257,0,0,0.006
2025-09-24 20:00,8.289,0,0,0,1.260,0,0,0.017
2025-09-24 21:00,7.946,0,0,0,1.262,0,0,0.030
2025-09-24 22:00,7.625,0,0,0,1.265,0,0,0.014
2025-09-24 23:00,7.327,0,0,0,1.267,0,0,0.026
2025-09-25 00:00,7.117,0.003,0,0,1.268,0,0,0.098
2025-09-25 01:00,7.065,0.006,0,0,1.270,0,0,0.176
2025-09-25 02:00,7.000,0.007,0,0,1.271,0,0,0.233
2025-09-25 03:00,6.916,0.005,0,0,1.272,0,0,0.257
2025-09-25 04:00,6.722,0.003,0,0,1.273,0.323,1.530,0.293
2025-09-25 05:00,7.536,0.001,0,0,1.275,46.119,112.083,0.331
2025-09-25 06:00,8.874,0,0,0,1.273,153.594,282.738,0.048
2025-09-25 07:00,10.300,0,0,0,1.268,293.052,433.196,0.002
2025-09-25 08:00,12.775,0,0,0,1.257,392.615,553.099,0.001
2025-09-25 09:00,14.318,0,0,0,1.250,461.458,634.187,0.001
2025-09-25 10:00,15.204,0,0,0,1.246,492.408,671.034,0
2025-09-25 11:00,15.772,0,0,0,1.243,483.524,661.105,0
2025-09-25 12:00,16.123,0,0,0,1.241,435.549,605.016,0
2025-09-25 13:00,16.218,0,0,0,1.238,352.663,506.499,0
2025-09-25 14:00,15.975,0,0,0,1.237,243.049,372.333,0
2025-09-25 15:00,14.799,0,0,0,1.238,119.640,211.622,0
2025-09-25 16:00,12.934,0,0,0,1.240,17.873,43.736,0
2025-09-25 17:00,11.636,0,0,0,1.242,0,0,0
2025-09-25 18:00,10.880,0,0,0,1.245,0,0,0
2025-09-25 19:00,10.354,0,0,0,1.249,0,0,0
2025-09-25 20:00,9.784,0,0,0,1.253,0,0,0
2025-09-25 21:00,9.323,0,0,0,1.257,0,0,0
2025-09-25 22:00,8.791,0,0,0,1.261,0,0,0.001
2025-09-25 23:00,8.274,0,0,0,1.264,0,0,0.005
2025-09-26 00:00,7.811,0.001,0,0,1.266,0,0,0.012
2025-09-26 01:00,7.455,0.003,0,0,1.268,0,0,0.089
2025-09-26 02:00,7.347,0.007,0,0,1.270,0,0,0.291
2025-09-26 03:00,7.519,0.010,0,0,1.272,0,0,0.475
2025-09-26 04:00,7.741,0.009,0,0,1.274,0.129,0.699,0.732
2025-09-26 05:00,8.313,0.008,0,0,1.275,34.370,104.206,0.921
2025-09-26 06:00,9.354,0.001,0,0,1.272,142.069,274.988,0.949
2025-09-26 07:00,10.837,0,0,0,1.267,282.770,425.446,0.948
2025-09-26 08:00,12.590,0,0,0,1.260,384.080,545.356,0.925
2025-09-26 09:00,14.330,0,0,0,1.252,453.690,626.445,0.881
2025-09-26 10:00,15.581,0,0,0,1.246,484.003,663.440,0.896
2025-09-26 11:00,16.468,0,0,0,1.242,475.025,653.457,0.939
2025-09-26 12:00,17.046,0,0,0,1.239,427.922,597.266,0.764
2025-09-26 13:00,17.215,0,0,0,1.237,347.994,498.760,0.376
2025-09-26 14:00,17.259,0,0,0,1.236,238.390,364.587,0.161
2025-09-26 15:00,16.409,0,0,0,1.236,115.540,203.773,0.199
2025-09-26 16:00,15.593,0,0,0,1.238,15.641,38.406,0.262
2025-09-26 17:00,14.852,0,0,0,1.240,0,0,0.282
2025-09-26 18:00,14.210,0,0,0,1.242,0,0,0.333
2025-09-26 19:00,13.490,0,0,0,1.244,0,0,0.563
2025-09-26 20:00,12.632,0,0,0,1.247,0,0,0.733
2025-09-26 21:00,11.827,0,0,0,1.249,0,0,0.707
2025-09-26 22:00,11.165,0,0,0,1.251,0,0,0.624
2025-09-26 23:00,10.517,0,0,0,1.254,0,0,0.514
2025-09-27 00:00,9.774,0,0,0,1.256,0,0,0.625
2025-09-27 01:00,8.986,0,0,0,1.259,0,0,0.641
2025-09-27 02:00,8.238,0,0,0,1.261,0,0,0.700
2025-09-27 03:00,7.587,0,0,0,1.264,0,0,0.704
2025-09-27 04:00,7.047,0,0,0,1.266,0.043,0.205,0.790
2025-09-27 05:00,7.282,0,0,0,1.268,45.985,96.324,0.902
2025-09-27 06:00,9.437,0,0,0,1.268,156.988,267.113,0.943
2025-09-27 07:00,10.903,0,0,0,1.264,273.405,417.622,0.940
2025-09-27 08:00,12.915,0,0,0,1.256,359.338,537.606,0.945
2025-09-27 09:00,14.810,0,0,0,1.247,400.623,618.937,0.946
2025-09-27 10:00,15.959,0,0,0,1.241,404.763,655.770,0.949
2025-09-27 11:00,16.593,0,0,0,1.237,368.297,645.707,0.965
2025-09-27 12:00,16.778,0,0,0,1.236,308.897,589.516,0.956
2025-09-27 13:00,16.668,0,0,0,1.235,276.183,491.050,0.879
2025-09-27 14:00,16.165,0,0,0,1.235,209.524,356.719,0.901
2025-09-27 15:00,14.509,0,0,0,1.237,101.494,195.920,0.947
2025-09-27 16:00,11.900,0,0,0,1.241,12.820,33.415,0.947
2025-09-27 17:00,10.815,0,0,0,1.246,0,0,0.942
2025-09-27 18:00,10.295,0,0,0,1.249,0,0,0.866
2025-09-27 19:00,9.806,0,0,0,1.251,0,0,0.407
2025-09-27 20:00,9.683,0,0,0,1.253,0,0,0.305
2025-09-27 21:00,9.414,0,0,0,1.254,0,0,0.398
2025-09-27 22:00,9.216,0,0,0,1.254,0,0,0.466
2025-09-27 23:00,9.021,0,0,0,1.254,0,0,0.513
2025-09-28 00:00,8.922,0.001,0,0,1.254,0,0,0.359
2025-09-28 01:00,8.853,0.002,0,0,1.254,0,0,0.158
2025-09-28 02:00,8.714,0.005,0,0,1.254,0,0,0.096
2025-09-28 03:00,8.628,0.011,0,0,1.255,0,0,0.247
2025-09-28 04:00,8.600,0.012,0,0,1.255,0.005,0.025,0.408
2025-09-28 05:00,9.187,0.010,0,0,1.255,36.876,88.464,0.260
2025-09-28 06:00,11.592,0.007,0,0,1.254,149.023,259.282,0.101
2025-09-28 07:00,12.995,0.001,0,0,1.252,269.908,409.865,0.162
2025-09-28 08:00,14.196,0,0,0,1.248,369.595,529.856,0.163
2025-09-28 09:00,15.147,0,0,0,1.244,439.482,611.195,0.082
2025-09-28 10:00,15.650,0,0,0,1.242,471.430,648.028,0.013
2025-09-28 11:00,15.755,0,0,0,1.242,462.524,638.113,0.004
2025-09-28 12:00,15.532,0,0,0,1.242,415.641,581.853,0.001
2025-09-28 13:00,15.008,0,0,0,1.244,333.304,483.293,0.014
2025-09-28 14:00,14.287,0,0,0,1.246,223.939,348.962,0.008
2025-09-28 15:00,13.323,0,0,0,1.249,103.045,188.045,0.074
2025-09-28 16:00,11.391,0,0,0,1.252,10.665,28.772,0.115
2025-09-28 17:00,10.595,0,0,0,1.254,0,0,0.152
2025-09-28 18:00,10.331,0.001,0,0,1.255,0,0,0.182
2025-09-28 19:00,10.130,0.004,0,0,1.256,0,0,0.269
2025-09-28 20:00,10.109,0.007,0,0,1.256,0,0,0.382
2025-09-28 21:00,10.244,0.010,0,0,1.255,0,0,0.514
2025-09-28 22:00,10.520,0.013,0,0,1.255,0,0,0.558
2025-09-28 23:00,10.688,0.011,0,0,1.255,0,0,0.574
2025-09-29 00:00,10.705,0.010,0,0,1.255,0,0,0.602
2025-09-29 01:00,10.619,0.009,0,0,1.255,0,0,0.694
2025-09-29 02:00,10.670,0.015,0,0,1.255,0,0,0.675
2025-09-29 03:00,10.555,0.013,0,0,1.256,0,0,0.606
2025-09-29 04:00,10.311,0.006,0,0,1.257,0,0,0.589
2025-09-29 05:00,10.593,0.003,0,0,1.257,21.260,80.794,0.607
2025-09-29 06:00,11.529,0.001,0,0,1.257,96.364,251.407,0.548
2025-09-29 07:00,12.370,0.001,0,0,1.256,201.964,402.041,0.540
2025-09-29 08:00,13.109,0.001,0,0,1.254,260.144,522.106,0.423
2025-09-29 09:00,13.502,0.001,0,0,1.253,356.838,603.445,0.270
2025-09-29 10:00,13.647,0.001,0,0,1.253,407.386,640.278,0.191
2025-09-29 11:00,13.621,0.001,0,0,1.254,411.645,630.214,0.194
2025-09-29 12:00,13.396,0.001,0,0,1.254,361.354,574.103,0.279
2025-09-29 13:00,12.965,0.002,0,0,1.255,255.857,475.469,0.440
2025-09-29 14:00,12.448,0.002,0,0,1.256,154.881,341.131,0.588
2025-09-29 15:00,11.804,0.002,0,0,1.257,58.585,180.131,0.702
2025-09-29 16:00,10.800,0.001,0,0,1.259,5.854,24.475,0.625
2025-09-29 17:00,10.153,0.001,0,0,1.261,0,0,0.563
2025-09-29 18:00,9.703,0.001,0,0,1.262,0,0,0.548
2025-09-29 19:00,9.408,0.001,0,0,1.263,0,0,0.545
2025-09-29 20:00,9.294,0.002,0,0,1.263,0,0,0.563
2025-09-29 21:00,9.098,0.003,0,0,1.263,0,0,0.608
2025-09-29 22:00,9.001,0.006,0,0,1.263,0,0,0.704
2025-09-29 23:00,8.992,0.008,0,0,1.263,0,0,0.729
2025-09-30 00:00,8.882,0.012,0,0,1.263,0,0,0.705
2025-09-30 01:00,8.879,0.014,0,0,1.263,0,0,0.718
2025-09-30 02:00,8.774,0.021,0,0,1.263,0,0,0.748
2025-09-30 03:00,8.808,0.019,0,0,1.264,0,0,0.752
2025-09-30 04:00,8.915,0.014,0,0,1.264,0,0,0.717
2025-09-30 05:00,9.308,0.011,0,0,1.265,17.007,73.447,0.631
2025-09-30 06:00,10.151,0.010,0,0,1.265,88.732,243.554,0.512
2025-09-30 07:00,11.009,0.008,0,0,1.263,191.710,394.280,0.467
2025-09-30 08:00,11.929,0.006,0,0,1.260,269.102,514.275,0.425
2025-09-30 09:00,12.599,0.010,0,0,1.259,354.653,595.532,0.289
2025-09-30 10:00,12.801,0.011,0,0,1.258,347.412,632.528,0.463
2025-09-30 11:00,12.754,0.011,0,0,1.259,298.537,622.464,0.397
2025-09-30 12:00,12.688,0.014,0,0,1.259,296.059,566.353,0.343
2025-09-30 13:00,12.316,0.009,0,0,1.260,202.711,467.672,0.402
2025-09-30 14:00,11.856,0.005,0,0,1.261,158.128,333.256,0.374
2025-09-30 15:00,10.957,0.003,0,0,1.262,75.323,172.256,0.278
2025-09-30 16:00,9.100,0.003,0,0,1.264,5.902,20.527,0.277
2025-09-30 17:00,8.397,0.003,0,0,1.266,0,0,0.291
2025-09-30 18:00,8.170,0.007,0,0,1.268,0,0,0.340
2025-09-30 19:00,7.810,0.004,0,0,1.269,0,0,0.236
2025-09-30 20:00,7.287,0.004,0,0,1.270,0,0,0.223
2025-09-30 21:00,7.160,0.006,0,0,1.270,0,0,0.218
2025-09-30 22:00,7.367,0.005,0,0,1.271,0,0,0.233
2025-09-30 23:00,7.684,0.005,0,0,1.271,0,0,0.271
2025-10-01 00:00,8.019,0.006,0,0,1.271,0,0,0.334
2025-10-01 01:00,8.301,0.005,0,0,1.271,0,0,0.355
2025-10-01 02:00,8.329,0.005,0,0,1.272,0,0,0.348
2025-10-01 03:00,8.046,0.002,0,0,1.272,0,0,0.302
2025-10-01 04:00,7.580,0.001,0,0,1.272,0,0,0.198
2025-10-01 05:00,7.329,0.001,0,0,1.272,26.661,66.415,0.113
2025-10-01 06:00,8.491,0.001,0,0,1.272,129.732,235.675,0.074
2025-10-01 07:00,10.351,0.002,0,0,1.269,241.971,386.409,0.101
2025-10-01 08:00,11.637,0.003,0,0,1.265,327.363,506.518,0.123
2025-10-01 09:00,12.484,0.009,0,0,1.262,381.986,587.782,0.168
2025-10-01 10:00,12.923,0.022,0,0,1.261,385.510,624.778,0.292
2025-10-01 11:00,12.961,0.033,0,0,1.260,311.289,614.700,0.450
2025-10-01 12:00,12.805,0.044,0,0,1.259,254.953,558.589,0.655
2025-10-01 13:00,12.398,0.037,0,0,1.259,166.582,459.837,0.721
2025-10-01 14:00,11.855,0.038,0,0,1.260,90.458,325.381,0.651
2025-10-01 15:00,11.010,0.032,0,0,1.261,46.791,164.340,0.583
2025-10-01 16:00,9.675,0.027,0,0,1.262,3.199,16.922,0.529
2025-10-01 17:00,9.107,0.027,0,0,1.263,0,0,0.468
2025-10-01 18:00,8.779,0.016,0,0,1.264,0,0,0.411
2025-10-01 19:00,8.508,0.013,0,0,1.265,0,0,0.347
2025-10-01 20:00,8.406,0.013,0,0,1.265,0,0,0.273
2025-10-01 21:00,8.352,0.013,0,0,1.265,0,0,0.260
2025-10-01 22:00,8.292,0.014,0,0,1.266,0,0,0.317
2025-10-01 23:00,8.247,0.014,0,0,1.266,0,0,0.385
2025-10-02 00:00,8.135,0.017,0,0,1.267,0,0,0.431
2025-10-02 01:00,8.149,0.024,0,0,1.267,0,0,0.581
2025-10-02 02:00,8.170,0.027,0,0,1.267,0,0,0.565
2025-10-02 03:00,8.237,0.030,0,0,1.267,0,0,0.534
2025-10-02 04:00,8.389,0.030,0,0,1.266,0,0,0.475
2025-10-02 05:00,8.604,0.029,0,0,1.266,16.752,59.765,0.399
2025-10-02 06:00,9.463,0.022,0,0,1.265,92.048,227.763,0.381
2025-10-02 07:00,11.302,0.032,0,0,1.263,197.977,378.534,0.293
2025-10-02 08:00,12.611,0.044,0,0,1.260,290.722,498.690,0.228
2025-10-02 09:00,12.513,0.027,0,0,1.257,281.947,580.024,0.351
2025-10-02 10:00,13.140,0.013,0,0,1.254,322.688,616.879,0.375
2025-10-02 11:00,13.528,0.021,0,0,1.253,352.240,606.950,0.247
2025-10-02 12:00,13.436,0.018,0,0,1.252,286.145,550.603,0.452
2025-10-02 13:00,13.120,0.007,0,0,1.251,196.270,451.972,0.375
2025-10-02 14:00,12.743,0.003,0,0,1.252,159.015,317.549,0.302
2025-10-02 15:00,11.271,0.003,0,0,1.253,67.969,156.425,0.125
2025-10-02 16:00,9.008,0.001,0,0,1.256,4.143,13.662,0.095
2025-10-02 17:00,8.350,0.001,0,0,1.258,0,0,0.036
2025-10-02 18:00,7.991,0.001,0,0,1.260,0,0,0.030
2025-10-02 19:00,7.637,0,0,0,1.262,0,0,0.027
2025-10-02 20:00,7.404,0,0,0,1.263,0,0,0.029
2025-10-02 21:00,7.253,0,0,0,1.262,0,0,0.053
2025-10-02 22:00,7.172,0.001,0,0,1.261,0,0,0.076
2025-10-02 23:00,7.076,0.002,0,0,1.261,0,0,0.096
2025-10-03 00:00,7.021,0.002,0,0,1.261,0,0,0.225
2025-10-03 01:00,7.006,0.003,0,0,1.261,0,0,0.339
2025-10-03 02:00,7.088,0.002,0,0,1.261,0,0,0.447
2025-10-03 03:00,7.171,0.001,0,0,1.261,0,0,0.297
2025-10-03 04:00,7.294,0.001,0,0,1.261,0,0,0.181
2025-10-03 05:00,7.456,0,0,0,1.260,21.876,53.464,0.049
2025-10-03 06:00,8.706,0,0,0,1.259,123.285,219.884,0.019
2025-10-03 07:00,10.767,0,0,0,1.257,238.519,370.624,0.019
2025-10-03 08:00,11.957,0.001,0,0,1.253,335.381,490.815,0.020
2025-10-03 09:00,12.645,0.001,0,0,1.251,401.845,572.032,0.029
2025-10-03 10:00,12.965,0.002,0,0,1.249,419.629,609.108,0.021
2025-10-03 11:00,13.096,0.003,0,0,1.248,421.749,599.044,0.034
2025-10-03 12:00,12.980,0.005,0,0,1.247,370.584,542.853,0.042
2025-10-03 13:00,12.663,0.009,0,0,1.247,287.099,444.130,0.201
2025-10-03 14:00,12.073,0.005,0,0,1.247,145.121,309.674,0.349
2025-10-03 15:00,11.278,0.004,0,0,1.248,56.441,148.550,0.397
2025-10-03 16:00,9.943,0.006,0,0,1.250,2.396,10.759,0.538
2025-10-03 17:00,10.088,0.007,0,0,1.250,0,0,0.574
2025-10-03 18:00,10.145,0.008,0,0,1.250,0,0,0.534
2025-10-03 19:00,10.169,0.007,0,0,1.250,0,0,0.525
2025-10-03 20:00,10.166,0.006,0,0,1.249,0,0,0.480
2025-10-03 21:00,10.015,0.006,0,0,1.248,0,0,0.354
2025-10-03 22:00,9.995,0.006,0,0,1.248,0,0,0.270
2025-10-03 23:00,9.844,0.005,0,0,1.247,0,0,0.080
2025-10-04 00:00,9.564,0.005,0,0,1.247,0,0,0.076
2025-10-04 01:00,9.508,0.005,0,0,1.246,0,0,0.095
2025-10-04 02:00,9.510,0.004,0,0,1.244,0,0,0.400
2025-10-04 03:00,9.585,0.002,0,0,1.242,0,0,0.891
2025-10-04 04:00,9.823,0.003,0,0,1.239,0,0,0.947
2025-10-04 05:00,10.188,0.005,0,0,1.236,7.443,47.507,0.962
2025-10-04 06:00,10.882,0.014,0,0,1.232,33.973,211.972,0.973
2025-10-04 07:00,11.320,0.024,0,0,1.229,77.056,362.749,0.982
2025-10-04 08:00,11.557,0.030,0,0,1.227,150.858,482.937,0.981
2025-10-04 09:00,11.696,0.028,0,0,1.224,116.324,564.282,0.987
2025-10-04 10:00,11.558,0.066,0,0,1.222,65.349,601.209,0.989
2025-10-04 11:00,11.263,0.140,0,0,1.222,62.896,591.200,0.988
2025-10-04 12:00,11.067,0.236,0,0,1.221,76.047,534.941,0.987
2025-10-04 13:00,10.693,0.427,0,0,1.221,35.969,436.255,0.986
2025-10-04 14:00,10.272,0.639,0,0,1.220,22.486,301.725,0.986
2025-10-04 15:00,9.924,0.977,0,0,1.220,8.675,140.634,0.983
2025-10-04 16:00,9.597,1.650,0,0,1.221,0.292,8.203,0.985
2025-10-04 17:00,9.242,1.978,0,0,1.221,0,0,0.984
2025-10-04 18:00,9.069,1.853,0,0,1.221,0,0,0.990
2025-10-04 19:00,9.153,1.663,0,0,1.219,0,0,0.993
2025-10-04 20:00,9.324,1.176,0,0,1.217,0,0,0.990
2025-10-04 21:00,9.453,0.775,0,0,1.215,0,0,0.989
2025-10-04 22:00,9.481,0.470,0,0,1.214,0,0,0.986
2025-10-04 23:00,9.454,0.315,0,0,1.213,0,0,0.983
2025-10-05 00:00,9.475,0.213,0,0,1.212,0,0,0.981
2025-10-05 01:00,9.616,0.140,0,0,1.211,0,0,0.976
2025-10-05 02:00,9.793,0.091,0,0,1.209,0,0,0.970
2025-10-05 03:00,10.008,0.061,0,0,1.208,0,0,0.957
2025-10-05 04:00,10.037,0.038,0,0,1.208,0,0,0.801
2025-10-05 05:00,10.012,0.024,0,0,1.208,9.775,41.901,0.555
2025-10-05 06:00,10.438,0.015,0,0,1.209,77.815,204.057,0.355
2025-10-05 07:00,11.005,0.015,0,0,1.208,170.266,354.867,0.297
2025-10-05 08:00,11.586,0.009,0,0,1.207,281.252,474.988,0.143
2025-10-05 09:00,12.447,0.007,0,0,1.205,365.058,556.362,0.085
2025-10-05 10:00,13.163,0.008,0,0,1.203,396.663,593.365,0.085
2025-10-05 11:00,13.543,0.011,0,0,1.202,383.672,583.302,0.111
2025-10-05 12:00,13.678,0.012,0,0,1.201,327.696,527.089,0.284
2025-10-05 13:00,13.379,0.009,0,0,1.202,187.092,428.306,0.379
2025-10-05 14:00,13.046,0.005,0,0,1.203,140.904,293.843,0.224
2025-10-05 15:00,12.056,0.005,0,0,1.205,52.789,132.718,0.256
2025-10-05 16:00,10.337,0.009,0,0,1.208,1.228,5.997,0.334
2025-10-05 17:00,10.059,0.022,0,0,1.210,0,0,0.414
2025-10-05 18:00,9.837,0.033,0,0,1.211,0,0,0.399
2025-10-05 19:00,9.645,0.042,0,0,1.213,0,0,0.373
2025-10-05 20:00,9.926,0.053,0,0,1.214,0,0,0.463
2025-10-05 21:00,10.370,0.057,0,0,1.215,0,0,0.650
2025-10-05 22:00,10.645,0.052,0,0,1.216,0,0,0.709
2025-10-05 23:00,10.500,0.053,0,0,1.217,0,0,0.761
2025-10-06 00:00,9.938,0.073,0,0,1.218,0,0,0.818
2025-10-06 01:00,9.272,0.095,0,0,1.220,0,0,0.851
2025-10-06 02:00,8.869,0.095,0,0,1.221,0,0,0.868
2025-10-06 03:00,8.607,0.077,0,0,1.223,0,0,0.856
2025-10-06 04:00,8.356,0.060,0,0,1.225,0,0,0.832
2025-10-06 05:00,8.350,0.048,0,0,1.228,8.560,36.647,0.769
2025-10-06 06:00,9.523,0.043,0,0,1.230,71.181,196.178,0.635
2025-10-06 07:00,10.549,0.037,0,0,1.229,170.371,346.992,0.357
2025-10-06 08:00,11.596,0.029,0,0,1.227,268.556,467.113,0.199
2025-10-06 09:00,12.594,0.028,0,0,1.224,320.945,548.518,0.190
2025-10-06 10:00,13.462,0.048,0,0,1.222,350.333,585.445,0.134
2025-10-06 11:00,13.946,0.059,0,0,1.220,366.072,575.530,0.103
2025-10-06 12:00,14.177,0.047,0,0,1.220,322.771,519.191,0.338
2025-10-06 13:00,13.720,0.053,0,0,1.221,170.150,420.431,0.427
2025-10-06 14:00,13.178,0.048,0,0,1.223,109.331,285.968,0.415
2025-10-06 15:00,11.969,0.030,0,0,1.225,37.793,124.835,0.414
2025-10-06 16:00,10.935,0.027,0,0,1.228,0.664,4.136,0.374
2025-10-06 17:00,10.638,0.022,0,0,1.230,0,0,0.305
2025-10-06 18:00,10.590,0.014,0,0,1.232,0,0,0.255
2025-10-06 19:00,10.653,0.009,0,0,1.234,0,0,0.277
2025-10-06 20:00,10.655,0.006,0,0,1.236,0,0,0.554
2025-10-06 21:00,10.525,0.010,0,0,1.238,0,0,0.861
2025-10-06 22:00,10.418,0.007,0,0,1.239,0,0,0.973
2025-10-06 23:00,10.136,0.007,0,0,1.240,0,0,0.987
2025-10-07 00:00,9.478,0.007,0,0,1.241,0,0,0.980
2025-10-07 01:00,8.783,0.009,0,0,1.242,0,0,0.870
2025-10-07 02:00,8.200,0.010,0,0,1.243,0,0,0.562
2025-10-07 03:00,7.594,0.013,0,0,1.245,0,0,0.539
2025-10-07 04:00,7.515,0.014,0,0,1.247,0,0,0.723
2025-10-07 05:00,7.904,0.014,0,0,1.249,9.028,31.757,0.928
2025-10-07 06:00,9.063,0.016,0,0,1.250,54.574,188.288,0.982
2025-10-07 07:00,9.811,0.011,0,0,1.248,107.703,339.043,0.967
2025-10-07 08:00,10.670,0.004,0,0,1.245,179.346,459.238,0.941
2025-10-07 09:00,11.648,0.004,0,0,1.241,237.001,540.612,0.939
2025-10-07 10:00,12.794,0.003,0,0,1.235,281.608,577.467,0.946
2025-10-07 11:00,13.708,0.002,0,0,1.230,297.015,567.530,0.957
2025-10-07 12:00,14.050,0.002,0,0,1.227,240.614,511.265,0.962
2025-10-07 13:00,13.933,0.002,0,0,1.226,138.928,412.549,0.970
2025-10-07 14:00,13.613,0.022,0,0,1.226,61.267,278.019,0.982
2025-10-07 15:00,13.137,0.095,0,0,1.227,15.271,116.938,0.984
2025-10-07 16:00,12.557,0.254,0,0,1.230,0.116,2.630,0.988
2025-10-07 17:00,12.231,0.414,0,0,1.231,0,0,0.990
2025-10-07 18:00,12.127,0.521,0,0,1.231,0,0,0.992
2025-10-07 19:00,12.086,0.714,0,0,1.231,0,0,0.993
2025-10-07 20:00,12.056,0.923,0,0,1.230,0,0,0.991
2025-10-07 21:00,12.051,0.892,0,0,1.230,0,0,0.991
2025-10-07 22:00,12.093,0.785,0,0,1.229,0,0,0.993
2025-10-07 23:00,12.130,0.829,0,0,1.228,0,0,0.994
2025-10-08 00:00,12.144,0.822,0,0,1.227,0,0,0.990
2025-10-08 01:00,12.122,0.697,0,0,1.227,0,0,0.987
2025-10-08 02:00,12.097,0.426,0,0,1.226,0,0,0.988
2025-10-08 03:00,12.054,0.171,0,0,1.226,0,0,0.989
2025-10-08 04:00,11.980,0.090,0,0,1.226,0,0,0.988
2025-10-08 05:00,11.949,0.058,0,0,1.226,3.727,27.211,0.990
2025-10-08 06:00,12.093,0.036,0,0,1.226,34.661,180.409,0.987
2025-10-08 07:00,12.318,0.022,0,0,1.225,71.873,331.161,0.988
2025-10-08 08:00,12.619,0.016,0,0,1.224,104.783,451.281,0.990
2025-10-08 09:00,12.974,0.021,0,0,1.223,135.997,532.619,0.985
2025-10-08 10:00,13.385,0.029,0,0,1.221,165.431,569.615,0.970
2025-10-08 11:00,13.981,0.025,0,0,1.218,204.419,559.538,0.966
2025-10-08 12:00,14.613,0.014,0,0,1.215,217.971,503.319,0.965
2025-10-08 13:00,14.783,0.007,0,0,1.214,170.600,404.600,0.938
2025-10-08 14:00,14.419,0.005,0,0,1.214,95.102,270.137,0.793
2025-10-08 15:00,13.577,0.002,0,0,1.216,35.012,109.074,0.546
2025-10-08 16:00,12.265,0,0,0,1.219,0.308,1.475,0.139
2025-10-08 17:00,11.396,0,0,0,1.224,0,0,0.014
2025-10-08 18:00,10.384,0,0,0,1.229,0,0,0
2025-10-08 19:00,9.662,0,0,0,1.234,0,0,0.057
2025-10-08 20:00,9.071,0,0,0,1.238,0,0,0.485
2025-10-08 21:00,8.648,0,0,0,1.240,0,0,0.835
2025-10-08 22:00,8.393,0,0,0,1.241,0,0,0.946
2025-10-08 23:00,8.540,0.002,0,0,1.242,0,0,0.950
2025-10-09 00:00,8.571,0.006,0,0,1.243,0,0,0.863
2025-10-09 01:00,8.197,0.010,0,0,1.245,0,0,0.569
2025-10-09 02:00,7.684,0.012,0,0,1.246,0,0,0.452
2025-10-09 03:00,7.728,0.008,0,0,1.249,0,0,0.619
2025-10-09 04:00,7.989,0.007,0,0,1.249,0,0,0.628
2025-10-09 05:00,7.636,0.008,0,0,1.249,6.256,23.029,0.551
2025-10-09 06:00,7.916,0.011,0,0,1.249,53.312,172.497,0.681
2025-10-09 07:00,8.655,0.005,0,0,1.247,119.154,323.286,0.364
2025-10-09 08:00,9.884,0.002,0,0,1.241,280.487,443.406,0.099
2025-10-09 09:00,11.340,0.001,0,0,1.235,366.277,524.619,0.105
2025-10-09 10:00,12.497,0,0,0,1.229,400.321,561.695,0.298
2025-10-09 11:00,13.061,0.001,0,0,1.225,360.681,551.632,0.810
2025-10-09 12:00,12.900,0.028,0,0,1.223,217.488,495.434,0.956
2025-10-09 13:00,12.436,0.268,0,0,1.224,101.963,396.725,0.987
2025-10-09 14:00,11.747,1.026,0,0,1.225,32.186,262.262,0.990
2025-10-09 15:00,11.411,1.338,0,0,1.225,6.119,101.189,0.988
2025-10-09 16:00,11.405,1.025,0,0,1.224,0.010,0.666,0.986
2025-10-09 17:00,11.447,0.427,0,0,1.223,0,0,0.982
2025-10-09 18:00,11.323,0.095,0,0,1.223,0,0,0.942
2025-10-09 19:00,11.229,0.062,0,0,1.223,0,0,0.729
2025-10-09 20:00,10.931,0.048,0,0,1.224,0,0,0.221
2025-10-09 21:00,10.453,0.037,0,0,1.226,0,0,0.119
2025-10-09 22:00,9.968,0.027,0,0,1.229,0,0,0.120
2025-10-09 23:00,9.551,0.024,0,0,1.232,0,0,0.150
2025-10-10 00:00,9.065,0.019,0,0,1.235,0,0,0.214
2025-10-10 01:00,8.445,0.014,0,0,1.240,0,0,0.396
2025-10-10 02:00,7.938,0.008,0,0,1.244,0,0,0.605
2025-10-10 03:00,7.498,0.006,0,0,1.248,0,0,0.553
2025-10-10 04:00,6.706,0.003,0,0,1.251,0,0,0.568
2025-10-10 05:00,6.478,0.004,0,0,1.255,4.396,19.192,0.579
2025-10-10 06:00,6.429,0.002,0,0,1.257,59.477,164.644,0.411
2025-10-10 07:00,7.040,0,0,0,1.255,185.693,315.337,0.361
2025-10-10 08:00,8.206,0,0,0,1.251,260.045,435.446,0.849
2025-10-10 09:00,9.571,0,0,0,1.245,282.172,516.855,0.738
2025-10-10 10:00,10.944,0,0,0,1.240,355.221,553.703,0.760
2025-10-10 11:00,11.725,0,0,0,1.236,326.850,543.788,0.924
2025-10-10 12:00,11.549,0,0,0,1.235,159.394,487.484,0.987
2025-10-10 13:00,11.127,0,0,0,1.235,84.918,388.768,0.987
2025-10-10 14:00,10.845,0,0,0,1.235,60.947,254.350,0.958
2025-10-10 15:00,10.324,0,0,0,1.236,25.828,93.344,0.958
2025-10-10 16:00,9.796,0.001,0,0,1.237,0.025,0.195,0.984
2025-10-10 17:00,10.042,0.008,0,0,1.237,0,0,0.983
2025-10-10 18:00,10.205,0.020,0,0,1.235,0,0,0.982
2025-10-10 19:00,10.328,0.025,0,0,1.234,0,0,0.980
2025-10-10 20:00,10.390,0.047,0,0,1.233,0,0,0.983
2025-10-10 21:00,10.340,0.083,0,0,1.233,0,0,0.987
2025-10-10 22:00,10.374,0.014,0,0,1.232,0,0,0.981
2025-10-10 23:00,10.470,0.009,0,0,1.232,0,0,0.964
2025-10-11 00:00,10.441,0.011,0,0,1.232,0,0,0.956
2025-10-11 01:00,10.329,0.010,0,0,1.233,0,0,0.950
2025-10-11 02:00,10.091,0.006,0,0,1.235,0,0,0.949
2025-10-11 03:00,9.783,0.001,0,0,1.237,0,0,0.907
2025-10-11 04:00,9.376,0,0,0,1.240,0,0,0.577
2025-10-11 05:00,9.043,0,0,0,1.243,5.597,15.716,0.066
2025-10-11 06:00,9.193,0,0,0,1.244,84.522,156.769,0.010
2025-10-11 07:00,9.988,0,0,0,1.243,195.633,307.466,0.027
2025-10-11 08:00,11.207,0,0,0,1.239,291.831,427.571,0.105
2025-10-11 09:00,12.087,0,0,0,1.237,359.276,508.869,0.025
2025-10-11 10:00,12.560,0,0,0,1.235,390.229,545.797,0.009
2025-10-11 11:00,12.872,0,0,0,1.234,381.515,535.868,0.024
2025-10-11 12:00,12.980,0,0,0,1.233,334.544,479.602,0.231
2025-10-11 13:00,12.787,0,0,0,1.233,244.713,380.893,0.046
2025-10-11 14:00,12.253,0,0,0,1.235,149.205,246.495,0.004
2025-10-11 15:00,11.153,0,0,0,1.238,40.628,85.541,0.005
2025-10-11 16:00,9.863,0,0,0,1.242,0.006,0.030,0.007
2025-10-11 17:00,8.499,0,0,0,1.245,0,0,0.011
2025-10-11 18:00,7.821,0,0,0,1.246,0,0,0.015
2025-10-11 19:00,7.820,0.001,0,0,1.246,0,0,0.018
2025-10-11 20:00,7.936,0.001,0,0,1.246,0,0,0.087
2025-10-11 21:00,8.297,0.002,0,0,1.246,0,0,0.263
2025-10-11 22:00,8.580,0.004,0,0,1.246,0,0,0.403
2025-10-11 23:00,8.600,0.010,0,0,1.245,0,0,0.359
2025-10-12 00:00,8.513,0.022,0,0,1.244,0,0,0.436
2025-10-12 01:00,8.555,0.022,0,0,1.245,0,0,0.411
2025-10-12 02:00,8.336,0.013,0,0,1.247,0,0,0.428
2025-10-12 03:00,7.987,0.006,0,0,1.250,0,0,0.363
2025-10-12 04:00,7.521,0.002,0,0,1.254,0,0,0.237
2025-10-12 05:00,7.036,0,0,0,1.257,4.091,12.597,0.051
2025-10-12 06:00,7.276,0,0,0,1.258,81.280,148.953,0.021
2025-10-12 07:00,7.849,0,0,0,1.257,191.951,299.584,0.022
2025-10-12 08:00,8.555,0,0,0,1.256,287.516,419.696,0.021
2025-10-12 09:00,9.335,0,0,0,1.253,351.123,500.913,0.020
2025-10-12 10:00,10.077,0,0,0,1.250,380.213,537.797,0.018
2025-10-12 11:00,10.668,0,0,0,1.248,372.349,527.868,0.014
2025-10-12 12:00,11.019,0,0,0,1.246,325.746,471.653,0.036
2025-10-12 13:00,11.054,0.001,0,0,1.245,240.863,373.018,0.093
2025-10-12 14:00,10.745,0.001,0,0,1.246,109.446,238.622,0.372
2025-10-12 15:00,10.118,0.002,0,0,1.248,24.918,78.000,0.256
2025-10-12 16:00,9.216,0.001,0,0,1.252,0,0.002,0.072
2025-10-12 17:00,8.550,0.001,0,0,1.256,0,0,0.025
2025-10-12 18:00,7.998,0,0,0,1.259,0,0,0.014
2025-10-12 19:00,7.435,0,0,0,1.262,0,0,0.013
2025-10-12 20:00,6.600,0,0,0,1.266,0,0,0.100
2025-10-12 21:00,6.036,0,0,0,1.269,0,0,0.409
2025-10-12 22:00,5.850,0.001,0,0,1.271,0,0,0.450
2025-10-12 23:00,5.889,0,0,0,1.272,0,0,0.192
2025-10-13 00:00,5.519,0,0,0,1.273,0,0,0.391
2025-10-13 01:00,5.304,0.001,0,0,1.275,0,0,0.516
2025-10-13 02:00,5.119,0.002,0,0,1.276,0,0,0.622
2025-10-13 03:00,4.990,0.004,0,0,1.277,0,0,0.703
2025-10-13 04:00,4.895,0.003,0,0,1.278,0,0,0.731
2025-10-13 05:00,4.802,0.003,0,0,1.278,1.639,9.826,0.822
2025-10-13 06:00,4.940,0.002,0,0,1.277,33.586,141.105,0.861
2025-10-13 07:00,5.432,0.001,0,0,1.275,103.396,291.709,0.908
2025-10-13 08:00,6.293,0.001,0,0,1.272,196.233,411.740,0.937
2025-10-13 09:00,7.072,0,0,0,1.268,196.471,493.034,0.987
2025-10-13 10:00,7.564,0,0,0,1.265,167.807,529.953,0.993
2025-10-13 11:00,7.777,0,0,0,1.263,133.610,519.889,0.991
2025-10-13 12:00,7.910,0.001,0,0,1.262,116.205,463.727,0.988
2025-10-13 13:00,7.914,0.001,0,0,1.262,100.370,365.136,0.937
2025-10-13 14:00,7.689,0.001,0,0,1.262,67.479,230.806,0.927
2025-10-13 15:00,7.117,0.001,0,0,1.263,13.950,70.755,0.981
2025-10-13 16:00,6.448,0.002,0,0,1.266,0,0,0.990
2025-10-13 17:00,6.109,0.002,0,0,1.268,0,0,0.989
2025-10-13 18:00,5.846,0.002,0,0,1.269,0,0,0.957
2025-10-13 19:00,5.725,0.002,0,0,1.271,0,0,0.815
2025-10-13 20:00,5.450,0.002,0,0,1.272,0,0,0.729
2025-10-13 21:00,5.263,0.003,0,0,1.274,0,0,0.636
2025-10-13 22:00,5.133,0.003,0,0,1.275,0,0,0.644
2025-10-13 23:00,5.001,0.003,0,0,1.275,0,0,0.552
2025-10-14 00:00,4.941,0.004,0,0,1.275,0,0,0.572
2025-10-14 01:00,4.868,0.005,0,0,1.275,0,0,0.672
2025-10-14 02:00,4.772,0.005,0,0,1.276,0,0,0.659
2025-10-14 03:00,4.656,0.005,0,0,1.277,0,0,0.727
2025-10-14 04:00,4.552,0.004,0,0,1.277,0,0,0.727
2025-10-14 05:00,4.473,0.004,0,0,1.278,1.349,7.405,0.704
2025-10-14 06:00,4.730,0.003,0,0,1.277,39.349,133.313,0.568
2025-10-14 07:00,5.514,0.002,0,0,1.274,138.058,283.884,0.262
2025-10-14 08:00,6.863,0.002,0,0,1.269,239.252,403.865,0.138
2025-10-14 09:00,8.385,0.001,0,0,1.262,307.694,485.078,0.135
2025-10-14 10:00,9.373,0.001,0,0,1.258,339.602,522.033,0.193
2025-10-14 11:00,9.922,0.001,0,0,1.255,326.592,512.044,0.231
2025-10-14 12:00,10.174,0,0,0,1.252,269.140,455.778,0.371
2025-10-14 13:00,10.119,0.001,0,0,1.251,191.219,357.261,0.545
2025-10-14 14:00,9.543,0,0,0,1.251,97.412,222.978,0.764
2025-10-14 15:00,7.855,0,0,0,1.251,20.373,63.892,0.767
2025-10-14 16:00,7.175,0.001,0,0,1.253,0,0,0.777
2025-10-14 17:00,7.645,0.004,0,0,1.256,0,0,0.808
2025-10-14 18:00,7.271,0.009,0,0,1.257,0,0,0.688
2025-10-14 19:00,7.125,0.015,0,0,1.258,0,0,0.491
2025-10-14 20:00,7.038,0.018,0,0,1.258,0,0,0.414
2025-10-14 21:00,7.227,0.038,0,0,1.258,0,0,0.594
2025-10-14 22:00,7.475,0.029,0,0,1.257,0,0,0.657
2025-10-14 23:00,7.442,0.025,0,0,1.258,0,0,0.705
2025-10-15 00:00,7.507,0.018,0,0,1.258,0,0,0.711
2025-10-15 01:00,7.503,0.013,0,0,1.258,0,0,0.867
2025-10-15 02:00,7.530,0.012,0,0,1.258,0,0,0.972
2025-10-15 03:00,7.607,0.011,0,0,1.257,0,0,0.980
2025-10-15 04:00,7.616,0.010,0,0,1.257,0,0,0.967
2025-10-15 05:00,7.582,0.009,0,0,1.257,0.795,5.334,0.957
2025-10-15 06:00,7.780,0.009,0,0,1.256,29.193,125.542,0.927
2025-10-15 07:00,8.396,0.006,0,0,1.254,94.449,276.009,0.689
2025-10-15 08:00,9.439,0.003,0,0,1.250,199.066,395.994,0.205
2025-10-15 09:00,10.905,0,0,0,1.243,322.853,477.203,0.012
2025-10-15 10:00,12.284,0,0,0,1.237,355.312,514.047,0.007
2025-10-15 11:00,13.090,0,0,0,1.232,347.379,504.051,0.006
2025-10-15 12:00,13.383,0,0,0,1.229,301.762,447.903,0.005
2025-10-15 13:00,13.270,0,0,0,1.227,222.790,349.430,0.014
2025-10-15 14:00,12.443,0,0,0,1.227,120.104,215.165,0.069
2025-10-15 15:00,10.773,0,0,0,1.229,21.646,57.388,0.257
2025-10-15 16:00,10.663,0,0,0,1.233,0,0,0.379
2025-10-15 17:00,10.348,0.001,0,0,1.236,0,0,0.338
2025-10-15 18:00,9.711,0.002,0,0,1.239,0,0,0.291
2025-10-15 19:00,8.727,0.007,0,0,1.241,0,0,0.305
2025-10-15 20:00,8.452,0.018,0,0,1.243,0,0,0.292
2025-10-15 21:00,8.485,0.019,0,0,1.244,0,0,0.340
2025-10-15 22:00,8.230,0.015,0,0,1.246,0,0,0.547
2025-10-15 23:00,7.945,0.010,0,0,1.248,0,0,0.810
2025-10-16 00:00,7.954,0.008,0,0,1.247,0,0,0.879
2025-10-16 01:00,7.441,0.005,0,0,1.247,0,0,0.889
2025-10-16 02:00,7.485,0.008,0,0,1.248,0,0,0.959
2025-10-16 03:00,7.434,0.008,0,0,1.249,0,0,0.974
2025-10-16 04:00,7.270,0.011,0,0,1.250,0,0,0.983
2025-10-16 05:00,7.215,0.018,0,0,1.250,0.434,3.617,0.972
2025-10-16 06:00,7.211,0.016,0,0,1.251,19.859,117.802,0.929
2025-10-16 07:00,7.509,0.006,0,0,1.251,73.389,268.252,0.689
2025-10-16 08:00,8.589,0.001,0,0,1.247,207.083,388.159,0.232
2025-10-16 09:00,10.005,0,0,0,1.241,312.310,469.328,0.067
2025-10-16 10:00,10.933,0,0,0,1.237,354.203,506.208,0.023
2025-10-16 11:00,11.220,0,0,0,1.236,347.548,496.172,0.008
2025-10-16 12:00,11.098,0,0,0,1.237,301.688,440.072,0.012
2025-10-16 13:00,10.672,0,0,0,1.238,221.024,341.562,0.039
2025-10-16 14:00,9.763,0,0,0,1.241,117.550,207.412,0.047
2025-10-16 15:00,7.494,0,0,0,1.245,22.212,51.255,0.008
2025-10-16 16:00,6.089,0,0,0,1.249,0,0,0.006
2025-10-16 17:00,5.713,0,0,0,1.253,0,0,0.006
2025-10-16 18:00,5.129,0,0,0,1.257,0,0,0.008
2025-10-16 19:00,4.710,0,0,0,1.260,0,0,0.009
2025-10-16 20:00,4.347,0,0,0,1.263,0,0,0.012
2025-10-16 21:00,3.673,0,0,0,1.266,0,0,0.019
2025-10-16 22:00,3.172,0,0,0,1.269,0,0,0.057
2025-10-16 23:00,2.948,0,0,0,1.271,0,0,0.201
2025-10-17 00:00,3.066,0,0,0,1.273,0,0,0.349
2025-10-17 01:00,3.270,0,0,0,1.273,0,0,0.248
2025-10-17 02:00,2.371,0,0,0,1.274,0,0,0.162
2025-10-17 03:00,2.065,0,0,0,1.275,0,0,0.274
2025-10-17 04:00,1.973,0,0,0,1.276,0,0,0.368
2025-10-17 05:00,2.306,0,0,0,1.278,0.475,2.241,0.414
2025-10-17 06:00,2.668,0,0,0,1.278,40.577,110.075,0.626
2025-10-17 07:00,3.557,0,0,0,1.276,113.414,260.502,0.727
2025-10-17 08:00,4.565,0.003,0,0,1.272,175.279,380.284,0.732
2025-10-17 09:00,5.506,0.011,0,0,1.268,207.007,461.457,0.789
2025-10-17 10:00,6.105,0.025,0,0,1.265,181.701,498.294,0.864
2025-10-17 11:00,6.319,0.031,0,0,1.264,148.849,488.297,0.893
2025-10-17 12:00,6.395,0.029,0,0,1.264,124.776,432.197,0.910
2025-10-17 13:00,6.306,0.031,0,0,1.264,92.199,333.731,0.896
2025-10-17 14:00,5.947,0.048,0,0,1.265,48.721,199.645,0.899
2025-10-17 15:00,5.318,0.040,0,0,1.268,8.107,45.489,0.896
2025-10-17 16:00,4.817,0.026,0,0,1.271,0,0,0.819
2025-10-17 17:00,4.529,0.019,0,0,1.273,0,0,0.742
2025-10-17 18:00,4.348,0.010,0,0,1.275,0,0,0.736
2025-10-17 19:00,4.304,0.010,0,0,1.276,0,0,0.661
2025-10-17 20:00,4.102,0.004,0,0,1.277,0,0,0.652
2025-10-17 21:00,3.841,0.003,0,0,1.279,0,0,0.540
2025-10-17 22:00,3.747,0.002,0,0,1.281,0,0,0.384
2025-10-17 23:00,3.320,0.002,0,0,1.282,0,0,0.398
2025-10-18 00:00,3.198,0.002,0,0,1.285,0,0,0.322
2025-10-18 01:00,2.769,0.002,0,0,1.286,0,0,0.406
2025-10-18 02:00,2.631,0.002,0,0,1.288,0,0,0.485
2025-10-18 03:00,2.389,0.003,0,0,1.291,0,0,0.749
2025-10-18 04:00,2.305,0.004,0,0,1.292,0,0,0.771
2025-10-18 05:00,2.238,0.004,0,0,1.293,0.173,1.205,0.699
2025-10-18 06:00,2.401,0.002,0.001,0,1.293,32.180,102.399,0.376
2025-10-18 07:00,3.015,0,0,0,1.291,135.168,252.715,0.231
2025-10-18 08:00,4.135,0,0,0,1.286,231.643,372.534,0.151
2025-10-18 09:00,5.443,0,0,0,1.281,312.376,453.582,0.053
2025-10-18 10:00,6.666,0,0,0,1.275,345.895,490.422,0.071
2025-10-18 11:00,7.496,0,0,0,1.271,335.492,480.466,0.033
2025-10-18 12:00,7.905,0,0,0,1.268,292.115,424.362,0.008
2025-10-18 13:00,7.866,0,0,0,1.266,212.755,325.981,0.002
2025-10-18 14:00,6.931,0,0,0,1.266,110.337,191.934,0.001
2025-10-18 15:00,4.492,0,0,0,1.268,16.997,40.064,0.022
2025-10-18 16:00,3.711,0,0,0,1.270,0,0,0.133
2025-10-18 17:00,3.474,0,0,0,1.272,0,0,0.189
2025-10-18 18:00,3.283,0,0,0,1.275,0,0,0.131
2025-10-18 19:00,2.828,0,0,0,1.278,0,0,0.152
2025-10-18 20:00,2.327,0,0,0,1.280,0,0,0.042
2025-10-18 21:00,1.954,0,0,0,1.282,0,0,0.089
2025-10-18 22:00,2.193,0.001,0,0,1.283,0,0,0.382
2025-10-18 23:00,2.942,0.001,0,0,1.283,0,0,0.352
2025-10-19 00:00,2.160,0.001,0,0,1.284,0,0,0.409
2025-10-19 01:00,2.588,0.002,0,0,1.284,0,0,0.622
2025-10-19 02:00,2.824,0.005,0,0,1.284,0,0,0.697
2025-10-19 03:00,3.083,0.011,0,0,1.283,0,0,0.818
2025-10-19 04:00,3.359,0.021,0,0,1.282,0,0,0.836
2025-10-19 05:00,3.421,0.023,0,0,1.281,0.046,0.507,0.841
2025-10-19 06:00,3.492,0.022,0,0,1.281,13.841,94.743,0.842
2025-10-19 07:00,3.767,0.022,0,0,1.280,43.602,244.987,0.855
2025-10-19 08:00,4.195,0.026,0,0,1.278,59.677,364.702,0.911
2025-10-19 09:00,4.695,0.014,0,0,1.275,77.083,445.747,0.942
2025-10-19 10:00,5.345,0.007,0,0,1.272,104.832,482.587,0.818
2025-10-19 11:00,6.105,0.004,0,0,1.268,148.558,472.591,0.436
2025-10-19 12:00,7.114,0.002,0,0,1.263,230.725,416.565,0.534
2025-10-19 13:00,7.655,0.002,0,0,1.259,179.514,318.224,0.767
2025-10-19 14:00,7.525,0.002,0,0,1.257,87.140,184.231,0.873
2025-10-19 15:00,6.180,0.002,0,0,1.257,10.393,35.003,0.941
2025-10-19 16:00,5.481,0.002,0,0,1.258,0,0,0.959
2025-10-19 17:00,5.436,0.002,0,0,1.258,0,0,0.961
2025-10-19 18:00,5.300,0.002,0,0,1.258,0,0,0.951
2025-10-19 19:00,5.269,0.002,0,0,1.259,0,0,0.900
2025-10-19 20:00,5.130,0.002,0,0,1.259,0,0,0.725
2025-10-19 21:00,5.512,0.002,0,0,1.260,0,0,0.703
2025-10-19 22:00,6.256,0.004,0,0,1.260,0,0,0.820
2025-10-19 23:00,6.369,0.010,0,0,1.260,0,0,0.913
2025-10-20 00:00,6.195,0.017,0,0,1.261,0,0,0.885
2025-10-20 01:00,5.802,0.015,0,0,1.263,0,0,0.860
2025-10-20 02:00,5.283,0.008,0,0,1.265,0,0,0.925
2025-10-20 03:00,4.875,0.002,0,0,1.266,0,0,0.957
2025-10-20 04:00,4.515,0,0,0,1.267,0,0,0.959
2025-10-20 05:00,4.125,0,0,0,1.268,0.029,0.136,0.965
2025-10-20 06:00,4.306,0,0,0,1.268,29.101,87.165,0.969
2025-10-20 07:00,5.386,0,0,0,1.265,127.714,237.300,0.951
2025-10-20 08:00,6.837,0,0,0,1.259,224.900,356.952,0.948
2025-10-20 09:00,8.417,0,0,0,1.251,288.648,437.990,0.949
2025-10-20 10:00,9.519,0,0,0,1.245,322.089,474.712,0.950
2025-10-20 11:00,10.061,0.001,0,0,1.242,289.215,464.834,0.965
2025-10-20 12:00,10.204,0,0,0,1.240,224.426,408.740,0.966
2025-10-20 13:00,10.012,0,0,0,1.239,163.175,310.481,0.963
2025-10-20 14:00,9.348,0,0,0,1.240,82.356,176.600,0.955
2025-10-20 15:00,8.228,0,0,0,1.242,10.313,30.307,0.953
2025-10-20 16:00,7.564,0,0,0,1.245,0,0,0.952
2025-10-20 17:00,7.557,0,0,0,1.246,0,0,0.944
2025-10-20 18:00,7.375,0,0,0,1.246,0,0,0.936
2025-10-20 19:00,7.330,0,0,0,1.247,0,0,0.943
2025-10-20 20:00,7.292,0,0,0,1.247,0,0,0.945
2025-10-20 21:00,7.244,0,0,0,1.246,0,0,0.946
2025-10-20 22:00,7.209,0,0,0,1.246,0,0,0.943
2025-10-20 23:00,7.170,0,0,0,1.245,0,0,0.948
2025-10-21 00:00,7.108,0,0,0,1.245,0,0,0.949
2025-10-21 01:00,7.021,0.001,0,0,1.244,0,0,0.950
2025-10-21 02:00,6.977,0,0,0,1.243,0,0,0.948
2025-10-21 03:00,6.930,0,0,0,1.243,0,0,0.945
2025-10-21 04:00,6.969,0,0,0,1.242,0,0,0.945
2025-10-21 05:00,7.103,0,0,0,1.241,0.004,0.021,0.945
2025-10-21 06:00,7.460,0,0,0,1.239,24.206,79.675,0.947
2025-10-21 07:00,8.264,0,0,0,1.236,85.766,229.634,0.943
2025-10-21 08:00,9.220,0,0,0,1.232,150.351,349.206,0.906
2025-10-21 09:00,10.081,0,0,0,1.228,214.990,430.166,0.786
2025-10-21 10:00,10.779,0,0,0,1.225,284.467,466.962,0.505
2025-10-21 11:00,11.207,0,0,0,1.223,308.103,457.006,0.347
2025-10-21 12:00,11.245,0,0,0,1.222,262.791,400.990,0.493
2025-10-21 13:00,10.987,0,0,0,1.221,174.415,302.775,0.635
2025-10-21 14:00,10.558,0,0,0,1.222,74.003,168.977,0.785
2025-10-21 15:00,10.094,0.001,0,0,1.223,7.240,25.967,0.916
2025-10-21 16:00,9.884,0.002,0,0,1.224,0,0,0.929
2025-10-21 17:00,9.857,0.006,0,0,1.225,0,0,0.909
2025-10-21 18:00,9.870,0.009,0,0,1.225,0,0,0.872
2025-10-21 19:00,9.890,0.010,0,0,1.224,0,0,0.822
2025-10-21 20:00,9.884,0.009,0,0,1.224,0,0,0.778
2025-10-21 21:00,9.850,0.015,0,0,1.224,0,0,0.786
2025-10-21 22:00,9.778,0.031,0,0,1.224,0,0,0.891
2025-10-21 23:00,9.677,0.033,0,0,1.224,0,0,0.852
2025-10-22 00:00,9.562,0.016,0,0,1.223,0,0,0.680
2025-10-22 01:00,9.502,0.004,0,0,1.223,0,0,0.456
2025-10-22 02:00,9.557,0.005,0,0,1.222,0,0,0.467
2025-10-22 03:00,9.706,0.012,0,0,1.221,0,0,0.541
2025-10-22 04:00,9.843,0.044,0,0,1.220,0,0,0.674
2025-10-22 05:00,9.919,0.161,0,0,1.219,0,0,0.842
2025-10-22 06:00,9.998,0.261,0,0,1.219,7.092,72.461,0.914
2025-10-22 07:00,10.192,0.299,0,0,1.218,24.006,222.029,0.941
2025-10-22 08:00,10.484,0.200,0,0,1.217,46.402,341.577,0.945
2025-10-22 09:00,10.796,0.141,0,0,1.216,65.680,422.416,0.937
2025-10-22 10:00,11.110,0.130,0,0,1.215,87.616,459.131,0.916
2025-10-22 11:00,11.343,0.213,0,0,1.213,91.848,449.260,0.911
2025-10-22 12:00,11.379,0.354,0,0,1.213,71.376,393.284,0.957
2025-10-22 13:00,11.227,0.522,0,0,1.213,37.392,295.150,0.985
2025-10-22 14:00,11.042,0.557,0,0,1.214,14.249,161.435,0.980
2025-10-22 15:00,10.868,0.534,0,0,1.214,1.384,21.971,0.964
2025-10-22 16:00,10.735,0.368,0,0,1.215,0,0,0.952
2025-10-22 17:00,10.624,0.185,0,0,1.216,0,0,0.929
2025-10-22 18:00,10.537,0.102,0,0,1.216,0,0,0.924
2025-10-22 19:00,10.436,0.079,0,0,1.217,0,0,0.900
2025-10-22 20:00,10.363,0.079,0,0,1.217,0,0,0.901
2025-10-22 21:00,10.249,0.081,0,0,1.218,0,0,0.881
2025-10-22 22:00,10.190,0.083,0,0,1.218,0,0,0.837
2025-10-22 23:00,10.194,0.068,0,0,1.218,0,0,0.829
2025-10-23 00:00,10.103,0.058,0,0,1.218,0,0,0.801
2025-10-23 01:00,10.027,0.064,0,0,1.218,0,0,0.834
2025-10-23 02:00,9.961,0.056,0,0,1.218,0,0,0.852
2025-10-23 03:00,9.919,0.070,0,0,1.218,0,0,0.845
2025-10-23 04:00,9.880,0.071,0,0,1.218,0,0,0.825
2025-10-23 05:00,9.863,0.067,0,0,1.217,0,0,0.807
2025-10-23 06:00,9.951,0.072,0,0,1.217,8.964,65.619,0.792
2025-10-23 07:00,10.299,0.084,0,0,1.216,41.807,214.428,0.777
2025-10-23 08:00,10.665,0.100,0,0,1.215,76.209,333.871,0.787
2025-10-23 09:00,11.024,0.147,0,0,1.213,94.034,414.744,0.801
2025-10-23 10:00,11.315,0.196,0,0,1.212,101.860,451.432,0.788
2025-10-23 11:00,11.509,0.233,0,0,1.210,104.056,441.510,0.709
2025-10-23 12:00,11.609,0.302,0,0,1.210,108.630,385.608,0.650
2025-10-23 13:00,11.515,0.265,0,0,1.209,83.124,287.518,0.709
2025-10-23 14:00,11.151,0.154,0,0,1.210,36.533,153.894,0.712
2025-10-23 15:00,10.758,0.092,0,0,1.211,2.472,18.324,0.811
2025-10-23 16:00,10.598,0.088,0,0,1.212,0,0,0.915
2025-10-23 17:00,10.500,0.085,0,0,1.213,0,0,0.984
2025-10-23 18:00,10.394,0.075,0,0,1.213,0,0,0.987
2025-10-23 19:00,10.273,0.061,0,0,1.213,0,0,0.986
2025-10-23 20:00,10.203,0.046,0,0,1.213,0,0,0.980
2025-10-23 21:00,10.048,0.046,0,0,1.214,0,0,0.975
2025-10-23 22:00,9.846,0.048,0,0,1.215,0,0,0.983
2025-10-23 23:00,9.710,0.053,0,0,1.216,0,0,0.986
2025-10-24 00:00,9.621,0.066,0,0,1.216,0,0,0.990
2025-10-24 01:00,9.592,0.081,0,0,1.216,0,0,0.994
2025-10-24 02:00,9.624,0.097,0,0,1.215,0,0,0.995
2025-10-24 03:00,9.700,0.129,0,0,1.214,0,0,0.994
2025-10-24 04:00,9.773,0.179,0,0,1.214,0,0,0.993
2025-10-24 05:00,9.866,0.197,0,0,1.213,0,0,0.994
2025-10-24 06:00,9.970,0.146,0,0,1.212,4.082,59.127,0.995
2025-10-24 07:00,10.063,0.107,0,0,1.212,18.553,206.926,0.995
2025-10-24 08:00,10.099,0.105,0,0,1.211,31.630,326.246,0.994
2025-10-24 09:00,10.089,0.114,0,0,1.212,47.696,407.044,0.992
2025-10-24 10:00,10.120,0.115,0,0,1.212,67.016,443.756,0.993
2025-10-24 11:00,10.134,0.108,0,0,1.211,68.115,433.878,0.994
2025-10-24 12:00,10.068,0.127,0,0,1.211,48.074,377.983,0.996
2025-10-24 13:00,9.959,0.253,0,0,1.211,24.954,279.903,0.996
2025-10-24 14:00,9.861,0.771,0,0,1.211,7.197,146.396,0.997
2025-10-24 15:00,9.844,1.435,0,0,1.210,0.329,15.031,0.995
2025-10-24 16:00,9.915,1.616,0,0,1.210,0,0,0.995
2025-10-24 17:00,10.034,0.988,0,0,1.209,0,0,0.992
2025-10-24 18:00,10.138,0.359,0,0,1.208,0,0,0.985
2025-10-24 19:00,10.186,0.133,0,0,1.208,0,0,0.985
2025-10-24 20:00,10.180,0.066,0,0,1.208,0,0,0.984
2025-10-24 21:00,9.947,0.034,0,0,1.208,0,0,0.980
2025-10-24 22:00,9.443,0.019,0,0,1.209,0,0,0.984
2025-10-24 23:00,9.321,0.016,0,0,1.210,0,0,0.985
2025-10-25 00:00,9.193,0.014,0,0,1.211,0,0,0.984
2025-10-25 01:00,9.174,0.014,0,0,1.212,0,0,0.986
2025-10-25 02:00,9.177,0.017,0,0,1.213,0,0,0.986
2025-10-25 03:00,9.097,0.020,0,0,1.214,0,0,0.988
2025-10-25 04:00,8.923,0.020,0,0,1.215,0,0,0.988
2025-10-25 05:00,8.711,0.020,0,0,1.215,0,0,0.988
2025-10-25 06:00,8.696,0.046,0,0,1.216,8.384,53.010,0.988
2025-10-25 07:00,9.066,0.162,0,0,1.216,39.264,199.428,0.991
2025-10-25 08:00,9.268,0.305,0,0,1.216,55.778,318.706,0.992
2025-10-25 09:00,9.439,0.442,0,0,1.215,62.244,399.419,0.991
2025-10-25 10:00,9.595,0.395,0,0,1.215,74.874,436.131,0.987
2025-10-25 11:00,9.703,0.357,0,0,1.214,92.470,426.178,0.970
2025-10-25 12:00,9.652,0.479,0,0,1.214,81.024,370.402,0.952
2025-10-25 13:00,9.343,0.554,0,0,1.215,35.390,272.396,0.991
2025-10-25 14:00,8.813,0.547,0,0,1.215,10.561,138.979,0.991
2025-10-25 15:00,8.389,0.643,0,0,1.216,0.491,12.081,0.990
2025-10-25 16:00,8.211,0.761,0,0,1.216,0,0,0.990
2025-10-25 17:00,8.135,0.601,0,0,1.217,0,0,0.991
2025-10-25 18:00,8.044,0.320,0,0,1.218,0,0,0.992
2025-10-25 19:00,7.906,0.150,0,0,1.218,0,0,0.992
2025-10-25 20:00,7.751,0.068,0,0,1.219,0,0,0.955
2025-10-25 21:00,7.405,0.038,0,0,1.220,0,0,0.880
2025-10-25 22:00,7.152,0.018,0,0,1.221,0,0,0.864
2025-10-25 23:00,6.961,0.009,0,0,1.223,0,0,0.892
2025-10-26 00:00,6.843,0.009,0,0,1.224,0,0,0.916
2025-10-26 01:00,6.741,0.012,0,0,1.224,0,0,0.859
2025-10-26 02:00,6.633,0.014,0,0,1.224,0,0,0.740
2025-10-26 03:00,6.549,0.014,0,0,1.223,0,0,0.679
2025-10-26 04:00,6.425,0.014,0,0,1.223,0,0,0.686
2025-10-26 05:00,6.200,0.016,0,0,1.223,0,0,0.667
2025-10-26 06:00,6.176,0.019,0,0,1.222,13.085,47.253,0.658
2025-10-26 07:00,7.127,0.021,0,0,1.221,73.301,192.010,0.631
2025-10-26 08:00,8.241,0.021,0,0,1.218,142.223,311.132,0.529
2025-10-26 09:00,9.466,0.047,0,0,1.214,202.927,391.834,0.476
2025-10-26 10:00,9.930,0.101,0,0,1.211,223.013,428.510,0.362
2025-10-26 11:00,9.818,0.028,0,0,1.210,195.717,418.553,0.355
2025-10-26 12:00,9.870,0.018,0,0,1.209,173.475,362.784,0.304
2025-10-26 13:00,9.722,0.021,0,0,1.209,125.876,264.943,0.260
2025-10-26 14:00,8.553,0.038,0,0,1.209,52.499,131.604,0.279
2025-10-26 15:00,6.975,0.051,0,0,1.210,2.218,9.463,0.343
2025-10-26 16:00,6.641,0.068,0,0,1.212,0,0,0.440
2025-10-26 17:00,6.536,0.096,0,0,1.213,0,0,0.489
2025-10-26 18:00,6.419,0.134,0,0,1.213,0,0,0.528
2025-10-26 19:00,6.531,0.168,0,0,1.214,0,0,0.607
2025-10-26 20:00,6.703,0.186,0,0,1.214,0,0,0.705
2025-10-26 21:00,6.775,0.197,0,0,1.215,0,0,0.771
2025-10-26 22:00,6.705,0.154,0,0,1.216,0,0,0.782
2025-10-26 23:00,6.605,0.127,0,0,1.217,0,0,0.765
2025-10-27 00:00,6.480,0.101,0,0,1.219,0,0,0.776
2025-10-27 01:00,6.356,0.054,0,0,1.220,0,0,0.873
2025-10-27 02:00,6.055,0.060,0,0,1.222,0,0,0.937
2025-10-27 03:00,5.912,0.028,0,0,1.222,0,0,0.960
2025-10-27 04:00,5.816,0.030,0,0,1.223,0,0,0.942
2025-10-27 05:00,5.671,0.030,0,0,1.224,0,0,0.934
2025-10-27 06:00,5.529,0.028,0,0,1.225,5.243,41.854,0.941
2025-10-27 07:00,5.406,0.025,0,0,1.227,34.574,184.600,0.944
2025-10-27 08:00,5.464,0.021,0,0,1.227,71.550,303.746,0.926
2025-10-27 09:00,5.851,0.014,0,0,1.226,119.340,384.334,0.872
2025-10-27 10:00,6.546,0.010,0,0,1.224,206.178,420.925,0.852
2025-10-27 11:00,7.312,0.008,0,0,1.220,222.647,411.053,0.835
2025-10-27 12:00,7.804,0.008,0,0,1.218,186.997,355.324,0.826
2025-10-27 13:00,7.829,0.007,0,0,1.216,123.243,257.524,0.824
2025-10-27 14:00,6.940,0.006,0,0,1.215,47.123,124.273,0.821
2025-10-27 15:00,6.288,0.005,0,0,1.216,1.790,7.177,0.808
2025-10-27 16:00,6.094,0.007,0,0,1.217,0,0,0.799
2025-10-27 17:00,6.016,0.009,0,0,1.218,0,0,0.776
2025-10-27 18:00,6.015,0.011,0,0,1.219,0,0,0.754
2025-10-27 19:00,6.009,0.011,0,0,1.220,0,0,0.746
2025-10-27 20:00,5.878,0.007,0,0,1.222,0,0,0.748
2025-10-27 21:00,5.532,0.007,0,0,1.223,0,0,0.753
2025-10-27 22:00,5.082,0.007,0,0,1.225,0,0,0.772
2025-10-27 23:00,4.762,0.006,0,0,1.226,0,0,0.804
2025-10-28 00:00,4.639,0.005,0,0,1.227,0,0,0.837
2025-10-28 01:00,4.564,0.005,0,0,1.229,0,0,0.886
2025-10-28 02:00,4.456,0.005,0,0,1.230,0,0,0.932
2025-10-28 03:00,4.309,0.007,0,0,1.231,0,0,0.941
2025-10-28 04:00,4.049,0.010,0,0,1.233,0,0,0.941
2025-10-28 05:00,3.740,0.010,0,0,1.235,0,0,0.952
2025-10-28 06:00,3.739,0.010,0,0,1.237,6.983,36.810,0.954
2025-10-28 07:00,4.445,0.012,0,0,1.237,39.313,177.284,0.954
2025-10-28 08:00,4.673,0.016,0,0,1.237,63.943,296.290,0.942
2025-10-28 09:00,5.073,0.017,0,0,1.236,91.561,376.838,0.918
2025-10-28 10:00,5.831,0.017,0,0,1.232,117.203,413.425,0.821
2025-10-28 11:00,7.013,0.018,0,0,1.227,176.577,403.553,0.730
2025-10-28 12:00,7.620,0.023,0,0,1.223,158.526,347.828,0.777
2025-10-28 13:00,7.576,0.022,0,0,1.222,97.020,250.149,0.823
2025-10-28 14:00,6.525,0.024,0,0,1.221,35.792,117.030,0.864
2025-10-28 15:00,5.488,0.029,0,0,1.222,1.001,5.225,0.908
2025-10-28 16:00,5.220,0.033,0,0,1.224,0,0,0.919
2025-10-28 17:00,5.279,0.032,0,0,1.226,0,0,0.910
2025-10-28 18:00,5.510,0.022,0,0,1.229,0,0,0.915
2025-10-28 19:00,5.588,0.021,0,0,1.230,0,0,0.928
2025-10-28 20:00,5.778,0.024,0,0,1.232,0,0,0.936
2025-10-28 21:00,5.689,0.025,0,0,1.233,0,0,0.927
2025-10-28 22:00,5.590,0.023,0,0,1.234,0,0,0.924
2025-10-28 23:00,5.545,0.022,0,0,1.235,0,0,0.931
2025-10-29 00:00,5.505,0.018,0,0,1.236,0,0,0.925
2025-10-29 01:00,5.471,0.016,0,0,1.236,0,0,0.928
2025-10-29 02:00,5.483,0.017,0,0,1.237,0,0,0.915
2025-10-29 03:00,5.491,0.019,0,0,1.237,0,0,0.857
2025-10-29 04:00,5.492,0.023,0,0,1.238,0,0,0.847
2025-10-29 05:00,5.469,0.023,0,0,1.239,0,0,0.851
2025-10-29 06:00,5.442,0.022,0,0,1.240,4.579,32.129,0.854
2025-10-29 07:00,5.533,0.021,0,0,1.241,26.802,170.034,0.958
2025-10-29 08:00,5.578,0.018,0,0,1.241,50.095,288.919,0.946
2025-10-29 09:00,5.720,0.016,0,0,1.242,82.570,369.459,0.875
2025-10-29 10:00,6.021,0.014,0,0,1.241,96.439,405.968,0.808
2025-10-29 11:00,6.323,0.014,0,0,1.241,107.858,396.097,0.662
2025-10-29 12:00,6.484,0.015,0,0,1.240,92.263,340.453,0.735
2025-10-29 13:00,6.441,0.014,0,0,1.241,56.629,242.837,0.732
2025-10-29 14:00,6.134,0.016,0,0,1.241,21.775,109.833,0.699
2025-10-29 15:00,5.400,0.014,0,0,1.241,0.424,3.598,0.788
2025-10-29 16:00,5.154,0.012,0,0,1.242,0,0,0.808
2025-10-29 17:00,4.964,0.012,0,0,1.243,0,0,0.828
2025-10-29 18:00,4.879,0.012,0,0,1.243,0,0,0.967
2025-10-29 19:00,5.014,0.009,0,0,1.243,0,0,0.964
2025-10-29 20:00,5.045,0.005,0,0,1.243,0,0,0.968
2025-10-29 21:00,4.761,0.003,0,0,1.243,0,0,0.980
2025-10-29 22:00,4.566,0.003,0,0,1.241,0,0,0.991
2025-10-29 23:00,5.000,0.019,0,0,1.240,0,0,0.994
2025-10-30 00:00,5.837,0.071,0,0,1.238,0,0,0.994
2025-10-30 01:00,6.707,0.271,0,0,1.236,0,0,0.994
2025-10-30 02:00,7.114,0.844,0,0,1.234,0,0,0.993
2025-10-30 03:00,7.504,1.505,0,0,1.231,0,0,0.995
2025-10-30 04:00,7.828,1.852,0,0,1.228,0,0,0.995
2025-10-30 05:00,8.087,1.746,0,0,1.226,0,0,0.996
2025-10-30 06:00,8.354,1.476,0,0,1.224,0.979,27.788,0.996
2025-10-30 07:00,8.679,1.274,0,0,1.222,9.539,162.809,0.996
2025-10-30 08:00,8.924,1.197,0,0,1.221,22.154,281.665,0.996
2025-10-30 09:00,9.155,1.110,0,0,1.219,30.490,362.014,0.997
2025-10-30 10:00,9.368,0.943,0,0,1.217,36.573,398.593,0.996
2025-10-30 11:00,9.535,0.913,0,0,1.215,35.382,388.722,0.995
2025-10-30 12:00,9.547,0.902,0,0,1.215,28.408,333.118,0.995
2025-10-30 13:00,9.426,1.002,0,0,1.215,16.526,235.587,0.996
2025-10-30 14:00,9.233,1.329,0,0,1.215,4.701,102.708,0.996
2025-10-30 15:00,9.000,1.524,0,0,1.216,0.020,2.286,0.995
2025-10-30 16:00,8.737,1.402,0,0,1.218,0,0,0.995
2025-10-30 17:00,8.521,1.175,0,0,1.219,0,0,0.995
2025-10-30 18:00,8.374,0.997,0,0,1.219,0,0,0.996
2025-10-30 19:00,8.332,0.804,0,0,1.221,0,0,0.997
2025-10-30 20:00,8.246,0.529,0,0,1.223,0,0,0.997
2025-10-30 21:00,8.140,0.254,0,0,1.225,0,0,0.997
2025-10-30 22:00,7.979,0.127,0,0,1.227,0,0,0.997
2025-10-30 23:00,7.759,0.097,0,0,1.230,0,0,0.987
2025-10-31 00:00,7.530,0.088,0,0,1.233,0,0,0.926
2025-10-31 01:00,7.329,0.063,0,0,1.235,0,0,0.863
2025-10-31 02:00,7.082,0.050,0,0,1.238,0,0,0.756
2025-10-31 03:00,6.839,0.036,0,0,1.241,0,0,0.714
2025-10-31 04:00,6.619,0.024,0,0,1.244,0,0,0.723
2025-10-31 05:00,6.470,0.014,0,0,1.246,0,0,0.748
2025-10-31 06:00,6.401,0.014,0,0,1.248,3.040,23.784,0.771
2025-10-31 07:00,6.423,0.016,0,0,1.250,27.643,155.686,0.774
2025-10-31 08:00,6.572,0.017,0,0,1.251,58.276,274.419,0.806
2025-10-31 09:00,6.800,0.018,0,0,1.251,80.536,354.753,0.911
2025-10-31 10:00,7.026,0.020,0,0,1.251,86.775,391.218,0.982
2025-10-31 11:00,7.133,0.025,0,0,1.252,82.521,381.347,0.990
2025-10-31 12:00,7.054,0.026,0,0,1.253,66.405,325.861,0.987
2025-10-31 13:00,6.838,0.022,0,0,1.255,37.095,228.416,0.987
2025-10-31 14:00,6.515,0.018,0,0,1.257,11.557,95.635,0.993
2025-10-31 15:00,6.142,0.017,0,0,1.259,0.082,1.282,0.996
2025-10-31 16:00,5.843,0.016,0,0,1.262,0,0,0.994
2025-10-31 17:00,5.545,0.016,0,0,1.263,0,0,0.983
2025-10-31 18:00,5.137,0.018,0,0,1.265,0,0,0.902
2025-10-31 19:00,4.963,0.020,0,0,1.266,0,0,0.853
2025-10-31 20:00,4.978,0.022,0,0,1.268,0,0,0.904
2025-10-31 21:00,4.952,0.019,0,0,1.268,0,0,0.949
2025-10-31 22:00,4.875,0.018,0,0,1.269,0,0,0.969
2025-10-31 23:00,4.807,0.020,0,0,1.269,0,0,0.944
2025-11-01 00:00,4.917,0.023,0,0,1.269,0,0,0.927
2025-11-01 01:00,4.997,0.022,0,0,1.269,0,0,0.968
2025-11-01 02:00,4.943,0.025,0,0,1.269,0,0,0.989
2025-11-01 03:00,4.952,0.023,0,0,1.268,0,0,0.989
2025-11-01 04:00,4.920,0.017,0,0,1.267,0,0,0.984
2025-11-01 05:00,4.825,0.010,0,0,1.266,0,0,0.986
2025-11-01 06:00,4.862,0.003,0,0,1.264,3.471,20.131,0.981
2025-11-01 07:00,5.550,0.002,0,0,1.261,35.141,148.640,0.992
2025-11-01 08:00,6.726,0.001,0,0,1.257,59.773,267.216,0.986
2025-11-01 09:00,7.560,0,0,0,1.254,105.591,347.507,0.699
2025-11-01 10:00,8.483,0,0,0,1.251,224.783,383.968,0.136
2025-11-01 11:00,9.131,0,0,0,1.248,245.115,374.097,0.299
2025-11-01 12:00,9.372,0,0,0,1.245,195.993,318.622,0.788
2025-11-01 13:00,9.169,0,0,0,1.244,113.539,221.293,0.952
2025-11-01 14:00,8.814,0.001,0,0,1.244,31.125,88.646,0.940
2025-11-01 15:00,8.695,0.002,0,0,1.244,0.087,0.590,0.977
2025-11-01 16:00,8.772,0.002,0,0,1.243,0,0,0.975
2025-11-01 17:00,8.839,0.002,0,0,1.242,0,0,0.968
2025-11-01 18:00,8.947,0.004,0,0,1.241,0,0,0.975
2025-11-01 19:00,9.062,0.003,0,0,1.239,0,0,0.992
2025-11-01 20:00,9.147,0.004,0,0,1.238,0,0,0.994
2025-11-01 21:00,9.206,0.004,0,0,1.237,0,0,0.993
2025-11-01 22:00,9.247,0.003,0,0,1.235,0,0,0.991
2025-11-01 23:00,9.208,0.031,0,0,1.234,0,0,0.989
2025-11-02 00:00,9.171,0.317,0,0,1.232,0,0,0.990
2025-11-02 01:00,9.229,1.312,0,0,1.230,0,0,0.992
2025-11-02 02:00,9.418,1.788,0,0,1.228,0,0,0.994
2025-11-02 03:00,9.539,0.783,0,0,1.227,0,0,0.984
2025-11-02 04:00,9.440,0.107,0,0,1.227,0,0,0.961
2025-11-02 05:00,9.072,0.029,0,0,1.229,0,0,0.890
2025-11-02 06:00,8.329,0.012,0,0,1.234,4.225,16.806,0.827
2025-11-02 07:00,8.053,0.010,0,0,1.238,57.140,141.640,0.711
2025-11-02 08:00,8.329,0.013,0,0,1.239,113.498,260.091,0.546
2025-11-02 09:00,8.821,0.013,0,0,1.237,164.335,340.378,0.599
2025-11-02 10:00,9.542,0.010,0,0,1.234,198.103,376.762,0.789
2025-11-02 11:00,10.022,0.010,0,0,1.231,166.050,366.965,0.928
2025-11-02 12:00,10.184,0.008,0,0,1.230,117.287,311.497,0.970
2025-11-02 13:00,9.935,0.008,0,0,1.230,57.772,214.250,0.973
2025-11-02 14:00,9.544,0.010,0,0,1.231,14.698,81.738,0.983
2025-11-02 15:00,9.285,0.011,0,0,1.232,0.015,0.193,0.991
2025-11-02 16:00,9.190,0.010,0,0,1.233,0,0,0.933
2025-11-02 17:00,9.071,0.011,0,0,1.234,0,0,0.712
2025-11-02 18:00,8.922,0.013,0,0,1.234,0,0,0.625
2025-11-02 19:00,8.705,0.016,0,0,1.235,0,0,0.558
2025-11-02 20:00,8.607,0.016,0,0,1.236,0,0,0.851
2025-11-02 21:00,8.519,0.017,0,0,1.236,0,0,0.954
2025-11-02 22:00,8.441,0.019,0,0,1.237,0,0,0.962
2025-11-02 23:00,8.512,0.019,0,0,1.237,0,0,0.913
2025-11-03 00:00,8.633,0.018,0,0,1.237,0,0,0.978
2025-11-03 01:00,8.466,0.020,0,0,1.238,0,0,0.985
2025-11-03 02:00,8.250,0.020,0,0,1.239,0,0,0.994
2025-11-03 03:00,8.047,0.012,0,0,1.241,0,0,0.998
2025-11-03 04:00,7.632,0.003,0,0,1.243,0,0,0.997
2025-11-03 05:00,7.262,0,0,0,1.244,0,0,0.988
2025-11-03 06:00,6.595,0,0,0,1.246,2.235,13.802,0.935
2025-11-03 07:00,6.819,0.001,0,0,1.247,29.824,134.726,0.924
2025-11-03 08:00,7.494,0.001,0,0,1.246,66.703,253.091,0.929
2025-11-03 09:00,8.125,0.001,0,0,1.244,103.058,333.257,0.888
2025-11-03 10:00,8.763,0.002,0,0,1.242,136.352,369.637,0.676
2025-11-03 11:00,9.336,0.002,0,0,1.239,184.948,359.840,0.359
2025-11-03 12:00,9.477,0.002,0,0,1.238,151.989,304.486,0.397
2025-11-03 13:00,9.192,0.002,0,0,1.238,90.691,207.255,0.750
2025-11-03 14:00,8.339,0.003,0,0,1.239,19.734,74.942,0.800
2025-11-03 15:00,8.057,0.007,0,0,1.240,0.003,0.041,0.643
2025-11-03 16:00,8.272,0.019,0,0,1.242,0,0,0.564
2025-11-03 17:00,7.994,0.006,0,0,1.243,0,0,0.457
2025-11-03 18:00,7.391,0.004,0,0,1.244,0,0,0.370
2025-11-03 19:00,6.905,0.004,0,0,1.246,0,0,0.332
2025-11-03 20:00,6.716,0.004,0,0,1.248,0,0,0.513
2025-11-03 21:00,6.975,0.006,0,0,1.249,0,0,0.720
2025-11-03 22:00,6.972,0.009,0,0,1.251,0,0,0.895
2025-11-03 23:00,7.054,0.009,0,0,1.250,0,0,0.912
2025-11-04 00:00,7.182,0.008,0,0,1.249,0,0,0.821
2025-11-04 01:00,7.359,0.017,0,0,1.248,0,0,0.810
2025-11-04 02:00,7.531,0.063,0,0,1.246,0,0,0.836
2025-11-04 03:00,7.810,0.088,0,0,1.244,0,0,0.826
2025-11-04 04:00,8.131,0.039,0,0,1.242,0,0,0.922
2025-11-04 05:00,8.397,0.020,0,0,1.240,0,0,0.977
2025-11-04 06:00,8.588,0.024,0,0,1.238,1.097,11.117,0.986
2025-11-04 07:00,8.789,0.112,0,0,1.237,14.279,127.855,0.994
2025-11-04 08:00,9.019,1.397,0,0,1.236,23.775,246.153,0.991
2025-11-04 09:00,9.309,2.987,0,0,1.234,26.145,326.183,0.991
2025-11-04 10:00,9.623,1.196,0,0,1.233,37.248,362.593,0.988
2025-11-04 11:00,10.082,0.089,0,0,1.230,69.384,352.766,0.973
2025-11-04 12:00,10.621,0.022,0,0,1.228,107.508,297.486,0.956
2025-11-04 13:00,10.894,0.035,0,0,1.226,87.985,200.377,0.956
2025-11-04 14:00,10.793,0.038,0,0,1.226,20.975,68.405,0.959
2025-11-04 15:00,10.673,0.032,0,0,1.226,0.001,0.004,0.958
2025-11-04 16:00,10.647,0.028,0,0,1.227,0,0,0.954
2025-11-04 17:00,10.548,0.029,0,0,1.228,0,0,0.950
2025-11-04 18:00,10.498,0.029,0,0,1.229,0,0,0.950
2025-11-04 19:00,10.453,0.026,0,0,1.230,0,0,0.958
2025-11-04 20:00,10.475,0.082,0,0,1.230,0,0,0.982
2025-11-04 21:00,10.866,0.831,0,0,1.229,0,0,0.991
2025-11-04 22:00,10.911,0.900,0,0,1.229,0,0,0.987
2025-11-04 23:00,10.945,0.271,0,0,1.229,0,0,0.978
2025-11-05 00:00,10.955,0.103,0,0,1.229,0,0,0.985
2025-11-05 01:00,10.989,0.046,0,0,1.229,0,0,0.990
2025-11-05 02:00,10.979,0.101,0,0,1.229,0,0,0.985
2025-11-05 03:00,10.873,0.129,0,0,1.230,0,0,0.985
2025-11-05 04:00,10.654,0.055,0,0,1.232,0,0,0.982
2025-11-05 05:00,10.402,0.026,0,0,1.233,0,0,0.981
2025-11-05 06:00,10.173,0.018,0,0,1.235,0.691,8.759,0.980
2025-11-05 07:00,10.058,0.016,0,0,1.236,13.775,121.116,0.985
2025-11-05 08:00,10.057,0.009,0,0,1.237,33.848,239.278,0.987
2025-11-05 09:00,10.317,0.003,0,0,1.236,99.175,319.257,0.960
2025-11-05 10:00,10.828,0,0,0,1.234,178.830,355.637,0.779
2025-11-05 11:00,11.318,0,0,0,1.231,207.372,345.840,0.676
2025-11-05 12:00,11.347,0,0,0,1.230,141.503,290.537,0.667
2025-11-05 13:00,11.083,0.001,0,0,1.230,92.169,193.584,0.776
2025-11-05 14:00,10.549,0.004,0,0,1.232,18.495,62.173,0.913
2025-11-05 15:00,10.175,0.021,0,0,1.234,0,0.001,0.981
2025-11-05 16:00,9.803,0.044,0,0,1.236,0,0,0.973
2025-11-05 17:00,9.689,0.031,0,0,1.237,0,0,0.968
2025-11-05 18:00,9.607,0.011,0,0,1.237,0,0,0.968
2025-11-05 19:00,9.554,0.011,0,0,1.237,0,0,0.982
2025-11-05 20:00,9.471,0.011,0,0,1.238,0,0,0.983
2025-11-05 21:00,9.347,0.012,0,0,1.239,0,0,0.977
2025-11-05 22:00,9.098,0.012,0,0,1.240,0,0,0.963
2025-11-05 23:00,8.876,0.013,0,0,1.241,0,0,0.969
2025-11-06 00:00,8.919,0.014,0,0,1.241,0,0,0.971
2025-11-06 01:00,9.147,0.016,0,0,1.240,0,0,0.975
2025-11-06 02:00,9.320,0.022,0,0,1.240,0,0,0.988
2025-11-06 03:00,9.361,0.044,0,0,1.240,0,0,0.991
2025-11-06 04:00,9.303,0.069,0,0,1.240,0,0,0.990
2025-11-06 05:00,9.152,0.032,0,0,1.240,0,0,0.987
2025-11-06 06:00,8.990,0.028,0,0,1.241,0.936,6.696,0.989
2025-11-06 07:00,9.134,0.037,0,0,1.241,20.726,114.439,0.988
2025-11-06 08:00,9.401,0.053,0,0,1.241,50.808,232.488,0.971
2025-11-06 09:00,9.704,0.131,0,0,1.240,63.981,312.422,0.978
2025-11-06 10:00,9.930,0.391,0,0,1.238,59.378,348.688,0.983
2025-11-06 11:00,10.131,0.458,0,0,1.237,44.470,338.891,0.986
2025-11-06 12:00,10.235,0.191,0,0,1.236,38.359,283.740,0.980
2025-11-06 13:00,10.261,0.051,0,0,1.235,38.454,186.836,0.979
2025-11-06 14:00,9.998,0.019,0,0,1.236,13.685,56.303,0.972
2025-11-06 15:00,9.701,0.014,0,0,1.236,0,0,0.971
2025-11-06 16:00,9.703,0.015,0,0,1.237,0,0,0.967
2025-11-06 17:00,9.596,0.013,0,0,1.237,0,0,0.948
2025-11-06 18:00,9.420,0.012,0,0,1.237,0,0,0.944
2025-11-06 19:00,9.081,0.010,0,0,1.238,0,0,0.961
2025-11-06 20:00,8.837,0.009,0,0,1.239,0,0,0.967
2025-11-06 21:00,8.838,0.007,0,0,1.240,0,0,0.979
2025-11-06 22:00,8.903,0.005,0,0,1.240,0,0,0.988
2025-11-06 23:00,8.796,0.004,0,0,1.241,0,0,0.993
2025-11-07 00:00,8.632,0.003,0,0,1.241,0,0,0.989
2025-11-07 01:00,8.546,0.022,0,0,1.241,0,0,0.989
2025-11-07 02:00,8.493,0.055,0,0,1.241,0,0,0.991
2025-11-07 03:00,8.462,0.061,0,0,1.241,0,0,0.986
2025-11-07 04:00,8.383,0.045,0,0,1.241,0,0,0.979
2025-11-07 05:00,8.080,0.015,0,0,1.243,0,0,0.970
2025-11-07 06:00,7.725,0.012,0,0,1.244,0.958,4.924,0.965
2025-11-07 07:00,7.686,0.011,0,0,1.246,41.463,107.858,0.958
2025-11-07 08:00,8.287,0.009,0,0,1.247,103.504,225.800,0.961
2025-11-07 09:00,8.747,0.005,0,0,1.245,135.286,305.558,0.959
2025-11-07 10:00,9.153,0.002,0,0,1.243,141.962,341.887,0.979
2025-11-07 11:00,9.412,0.002,0,0,1.241,119.032,332.134,0.979
2025-11-07 12:00,9.549,0.002,0,0,1.240,100.936,276.990,0.978
2025-11-07 13:00,9.383,0.001,0,0,1.239,64.756,180.211,0.978
2025-11-07 14:00,8.399,0,0,0,1.239,15.005,50.785,0.980
2025-11-07 15:00,7.829,0,0,0,1.240,0,0,0.979
2025-11-07 16:00,8.105,0.004,0,0,1.241,0,0,0.982
2025-11-07 17:00,8.135,0.010,0,0,1.243,0,0,0.988
2025-11-07 18:00,8.020,0.013,0,0,1.244,0,0,0.985
2025-11-07 19:00,7.819,0.014,0,0,1.245,0,0,0.949
2025-11-07 20:00,7.538,0.015,0,0,1.246,0,0,0.859
2025-11-07 21:00,7.280,0.015,0,0,1.248,0,0,0.854
2025-11-07 22:00,7.218,0.014,0,0,1.249,0,0,0.924
2025-11-07 23:00,7.236,0.017,0,0,1.250,0,0,0.984
2025-11-08 00:00,7.169,0.020,0,0,1.251,0,0,0.990
2025-11-08 01:00,7.096,0.023,0,0,1.252,0,0,0.989
2025-11-08 02:00,6.962,0.028,0,0,1.253,0,0,0.991
2025-11-08 03:00,6.858,0.035,0,0,1.254,0,0,0.995
2025-11-08 04:00,6.822,0.036,0,0,1.254,0,0,0.997
2025-11-08 05:00,6.710,0.040,0,0,1.255,0,0,0.998
2025-11-08 06:00,6.491,0.044,0,0,1.256,0.200,3.460,0.996
2025-11-08 07:00,6.337,0.042,0,0,1.258,10.894,101.359,0.990
2025-11-08 08:00,6.155,0.053,0,0,1.260,28.004,219.175,0.979
2025-11-08 09:00,6.240,0.051,0,0,1.260,45.473,298.926,0.974
2025-11-08 10:00,6.364,0.045,0,0,1.259,53.128,335.181,0.978
2025-11-08 11:00,6.306,0.041,0,0,1.260,50.203,325.431,0.976
2025-11-08 12:00,6.227,0.038,0,0,1.260,41.571,270.365,0.979
2025-11-08 13:00,6.111,0.037,0,0,1.260,23.482,173.669,0.990
2025-11-08 14:00,5.963,0.036,0,0,1.260,4.678,45.605,0.994
2025-11-08 15:00,5.896,0.034,0,0,1.260,0,0,0.993
2025-11-08 16:00,5.889,0.034,0,0,1.260,0,0,0.992
2025-11-08 17:00,5.888,0.032,0,0,1.260,0,0,0.984
2025-11-08 18:00,5.836,0.029,0,0,1.260,0,0,0.979
2025-11-08 19:00,5.862,0.027,0,0,1.260,0,0,0.977
2025-11-08 20:00,5.900,0.026,0,0,1.260,0,0,0.960
2025-11-08 21:00,5.945,0.025,0,0,1.260,0,0,0.944
2025-11-08 22:00,5.973,0.027,0,0,1.260,0,0,0.942
2025-11-08 23:00,5.979,0.027,0,0,1.260,0,0,0.939
2025-11-09 00:00,5.954,0.029,0,0,1.260,0,0,0.929
2025-11-09 01:00,5.904,0.025,0,0,1.260,0,0,0.936
2025-11-09 02:00,5.840,0.023,0,0,1.260,0,0,0.961
2025-11-09 03:00,5.698,0.024,0,0,1.261,0,0,0.968
2025-11-09 04:00,5.505,0.027,0,0,1.261,0,0,0.946
2025-11-09 05:00,5.312,0.028,0,0,1.262,0,0,0.911
2025-11-09 06:00,5.113,0.028,0,0,1.263,0.151,2.267,0.876
2025-11-09 07:00,4.997,0.038,0,0,1.264,11.366,94.963,0.806
2025-11-09 08:00,4.987,0.032,0,0,1.265,44.810,212.635,0.748
2025-11-09 09:00,5.228,0.025,0,0,1.264,74.123,292.301,0.631
2025-11-09 10:00,5.662,0.018,0,0,1.261,95.566,328.556,0.679
2025-11-09 11:00,5.977,0.018,0,0,1.259,76.804,318.806,0.812
2025-11-09 12:00,6.214,0.028,0,0,1.258,52.097,263.783,0.899
2025-11-09 13:00,6.301,0.022,0,0,1.256,25.510,167.191,0.969
2025-11-09 14:00,6.189,0.028,0,0,1.256,4.161,40.761,0.989
2025-11-09 15:00,6.047,0.032,0,0,1.256,0,0,0.993
2025-11-09 16:00,5.919,0.030,0,0,1.257,0,0,0.993
2025-11-09 17:00,5.779,0.030,0,0,1.258,0,0,0.993
2025-11-09 18:00,5.557,0.029,0,0,1.259,0,0,0.992
2025-11-09 19:00,5.382,0.030,0,0,1.260,0,0,0.990
2025-11-09 20:00,5.259,0.028,0,0,1.260,0,0,0.989
2025-11-09 21:00,5.178,0.036,0,0,1.261,0,0,0.987
2025-11-09 22:00,5.072,0.040,0,0,1.262,0,0,0.964
2025-11-09 23:00,5.021,0.038,0,0,1.262,0,0,0.908
2025-11-10 00:00,4.993,0.036,0,0,1.263,0,0,0.822
2025-11-10 01:00,4.904,0.052,0,0,1.263,0,0,0.791
2025-11-10 02:00,4.810,0.055,0,0,1.263,0,0,0.801
2025-11-10 03:00,4.764,0.043,0,0,1.263,0,0,0.796
2025-11-10 04:00,4.735,0.041,0,0,1.263,0,0,0.793
2025-11-10 05:00,4.675,0.032,0,0,1.263,0,0,0.808
2025-11-10 06:00,4.570,0.024,0,0,1.263,0.113,1.344,0.899
2025-11-10 07:00,4.601,0.023,0,0,1.263,14.600,88.661,0.956
2025-11-10 08:00,4.896,0.023,0,0,1.263,40.835,206.222,0.957
2025-11-10 09:00,5.441,0.026,0,0,1.262,71.880,285.801,0.785
2025-11-10 10:00,6.033,0.053,0,0,1.260,92.143,322.016,0.714
2025-11-10 11:00,6.306,0.061,0,0,1.258,85.664,312.299,0.757
2025-11-10 12:00,6.242,0.044,0,0,1.257,63.828,257.320,0.728
2025-11-10 13:00,5.932,0.023,0,0,1.257,37.137,160.853,0.685
2025-11-10 14:00,5.454,0.011,0,0,1.257,6.945,36.239,0.725
2025-11-10 15:00,5.082,0.008,0,0,1.257,0,0,0.706
2025-11-10 16:00,4.983,0.009,0,0,1.257,0,0,0.692
2025-11-10 17:00,4.986,0.008,0,0,1.258,0,0,0.540
2025-11-10 18:00,4.981,0.007,0,0,1.258,0,0,0.465
2025-11-10 19:00,4.971,0.007,0,0,1.258,0,0,0.413
2025-11-10 20:00,4.944,0.008,0,0,1.259,0,0,0.417
2025-11-10 21:00,4.978,0.007,0,0,1.259,0,0,0.536
2025-11-10 22:00,5.010,0.008,0,0,1.259,0,0,0.757
2025-11-10 23:00,5.015,0.012,0,0,1.259,0,0,0.840
2025-11-11 00:00,5.034,0.014,0,0,1.259,0,0,0.885
2025-11-11 01:00,4.996,0.014,0,0,1.259,0,0,0.910
2025-11-11 02:00,4.951,0.011,0,0,1.259,0,0,0.912
2025-11-11 03:00,4.997,0.009,0,0,1.258,0,0,0.890
2025-11-11 04:00,5.048,0.007,0,0,1.258,0,0,0.898
2025-11-11 05:00,5.030,0.006,0,0,1.257,0,0,0.938
2025-11-11 06:00,4.970,0.005,0,0,1.257,0.098,0.697,0.965
2025-11-11 07:00,5.018,0.006,0,0,1.257,20.793,82.453,0.963
2025-11-11 08:00,5.447,0.008,0,0,1.256,66.112,199.906,0.958
2025-11-11 09:00,6.201,0.012,0,0,1.255,104.802,279.426,0.915
2025-11-11 10:00,6.678,0.011,0,0,1.254,121.956,315.556,0.867
2025-11-11 11:00,6.894,0.011,0,0,1.252,87.083,305.884,0.852
2025-11-11 12:00,6.812,0.018,0,0,1.251,50.049,250.989,0.856
2025-11-11 13:00,6.548,0.023,0,0,1.250,24.150,154.586,0.821
2025-11-11 14:00,6.230,0.023,0,0,1.249,3.751,32.030,0.818
2025-11-11 15:00,6.102,0.020,0,0,1.249,0,0,0.834
2025-11-11 16:00,6.006,0.015,0,0,1.249,0,0,0.880
2025-11-11 17:00,6.007,0.015,0,0,1.250,0,0,0.882
2025-11-11 18:00,5.825,0.018,0,0,1.250,0,0,0.795
2025-11-11 19:00,5.739,0.026,0,0,1.251,0,0,0.726
2025-11-11 20:00,6.212,0.027,0,0,1.252,0,0,0.799
2025-11-11 21:00,6.361,0.016,0,0,1.254,0,0,0.934
2025-11-11 22:00,6.288,0.022,0,0,1.254,0,0,0.978
2025-11-11 23:00,6.102,0.037,0,0,1.256,0,0,0.988
2025-11-12 00:00,5.799,0.061,0,0,1.258,0,0,0.987
2025-11-12 01:00,5.546,0.040,0,0,1.259,0,0,0.987
2025-11-12 02:00,5.351,0.039,0,0,1.260,0,0,0.989
2025-11-12 03:00,5.282,0.044,0,0,1.260,0,0,0.988
2025-11-12 04:00,5.346,0.043,0,0,1.259,0,0,0.992
2025-11-12 05:00,5.629,0.040,0,0,1.257,0,0,0.995
2025-11-12 06:00,5.987,0.029,0,0,1.255,0.013,0.280,0.996
2025-11-12 07:00,6.467,0.022,0,0,1.252,9.178,76.364,0.990
2025-11-12 08:00,6.943,0.021,0,0,1.249,30.196,193.662,0.987
2025-11-12 09:00,7.380,0.061,0,0,1.246,44.198,273.101,0.990
2025-11-12 10:00,7.646,0.185,0,0,1.244,37.415,309.192,0.993
2025-11-12 11:00,7.827,0.184,0,0,1.242,36.579,299.549,0.991
2025-11-12 12:00,7.992,0.191,0,0,1.239,30.979,244.678,0.989
2025-11-12 13:00,8.167,0.292,0,0,1.237,13.108,148.441,0.992
2025-11-12 14:00,8.414,0.993,0,0,1.234,2.335,28.135,0.986
2025-11-12 15:00,8.656,2.133,0,0,1.231,0,0,0.991
2025-11-12 16:00,8.755,3.319,0,0,1.230,0,0,0.987
2025-11-12 17:00,8.806,3.891,0,0,1.228,0,0,0.991
2025-11-12 18:00,8.812,1.827,0,0,1.228,0,0,0.993
2025-11-12 19:00,8.803,0.375,0,0,1.227,0,0,0.993
2025-11-12 20:00,8.784,0.171,0,0,1.227,0,0,0.992
2025-11-12 21:00,8.817,0.153,0,0,1.226,0,0,0.989
2025-11-12 22:00,8.836,0.132,0,0,1.226,0,0,0.990
2025-11-12 23:00,8.862,0.122,0,0,1.225,0,0,0.991
2025-11-13 00:00,8.873,0.185,0,0,1.224,0,0,0.990
2025-11-13 01:00,8.880,0.297,0,0,1.224,0,0,0.976
2025-11-13 02:00,8.853,0.331,0,0,1.223,0,0,0.969
2025-11-13 03:00,8.877,0.283,0,0,1.222,0,0,0.992
2025-11-13 04:00,8.931,0.214,0,0,1.221,0,0,0.993
2025-11-13 05:00,8.976,0.210,0,0,1.220,0,0,0.984
2025-11-13 06:00,8.993,0.245,0,0,1.219,0.013,0.085,0.970
2025-11-13 07:00,9.108,0.436,0,0,1.218,13.350,70.396,0.971
2025-11-13 08:00,9.414,0.572,0,0,1.217,31.412,187.557,0.992
2025-11-13 09:00,9.481,0.774,0,0,1.217,26.250,266.969,0.994
2025-11-13 10:00,9.351,1.245,0,0,1.218,28.806,302.982,0.997
2025-11-13 11:00,9.087,2.109,0,0,1.220,23.941,293.310,0.996
2025-11-13 12:00,8.360,1.874,0,0,1.225,21.280,238.553,0.991
2025-11-13 13:00,6.790,1.679,0,0,1.234,14.623,142.400,0.988
2025-11-13 14:00,4.825,2.183,0,0,1.245,2.398,24.554,0.988
2025-11-13 15:00,3.381,2.194,0,0,1.252,0,0,0.964
2025-11-13 16:00,2.514,2.510,0.079,0.017,1.257,0,0,0.917
2025-11-13 17:00,2.195,2.952,0.426,0.305,1.259,0,0,0.985
2025-11-13 18:00,2.305,1.702,0.071,0.488,1.258,0,0,0.974
2025-11-13 19:00,2.412,0.671,0,0.498,1.258,0,0,0.536
2025-11-13 20:00,2.138,0.048,0,0.492,1.260,0,0,0.557
2025-11-13 21:00,1.979,0.004,0,0.487,1.263,0,0,0.696
2025-11-13 22:00,1.536,0.001,0,0.479,1.266,0,0,0.526
2025-11-13 23:00,1.417,0.002,0.001,0.473,1.269,0,0,0.505
2025-11-14 00:00,1.044,0.004,0.003,0.466,1.272,0,0,0.501
2025-11-14 01:00,0.940,0.004,0.004,0.463,1.274,0,0,0.331
2025-11-14 02:00,0.641,0.004,0.004,0.464,1.275,0,0,0.364
2025-11-14 03:00,0.501,0.004,0.004,0.466,1.277,0,0,0.365
2025-11-14 04:00,0.243,0.007,0.007,0.469,1.278,0,0,0.502
2025-11-14 05:00,0.356,0.007,0.007,0.473,1.279,0,0,0.387
2025-11-14 06:00,-0.029,0.005,0.005,0.474,1.280,0.005,0.023,0.464
2025-11-14 07:00,0.024,0.006,0.006,0.474,1.282,19.791,64.650,0.340
2025-11-14 08:00,0.311,0.002,0,0.471,1.282,91.996,181.557,0.191
2025-11-14 09:00,0.870,0.001,0,0.465,1.280,150.163,260.844,0.194
2025-11-14 10:00,1.513,0,0,0.455,1.277,177.372,296.857,0.218
2025-11-14 11:00,2.014,0,0,0.439,1.275,172.743,287.185,0.178
2025-11-14 12:00,2.178,0,0,0.424,1.274,134.134,232.511,0.091
2025-11-14 13:00,1.825,0,0,0.417,1.275,69.338,136.459,0.028
2025-11-14 14:00,1.044,0,0,0.416,1.277,7.664,21.258,0.011
2025-11-14 15:00,0.588,0,0,0.416,1.280,0,0,0.096
2025-11-14 16:00,0.446,0.002,0.002,0.416,1.281,0,0,0.106
2025-11-14 17:00,0.391,0.004,0.003,0.417,1.282,0,0,0.141
2025-11-14 18:00,-0.050,0.010,0.008,0.418,1.285,0,0,0.269
2025-11-14 19:00,-0.089,0.022,0.010,0.418,1.287,0,0,0.364
2025-11-14 20:00,-0.171,0.037,0.007,0.418,1.289,0,0,0.298
2025-11-14 21:00,-0.339,0.031,0.003,0.417,1.291,0,0,0.270
2025-11-14 22:00,-0.517,0.010,0.001,0.416,1.293,0,0,0.269
2025-11-14 23:00,-0.850,0.002,0.001,0.415,1.295,0,0,0.214
2025-11-15 00:00,-1.292,0,0,0.415,1.297,0,0,0.056
2025-11-15 01:00,-1.583,0,0,0.415,1.300,0,0,0.116
2025-11-15 02:00,-1.709,0,0,0.415,1.302,0,0,0.146
2025-11-15 03:00,-1.914,0.001,0.001,0.415,1.303,0,0,0.300
2025-11-15 04:00,-1.713,0.001,0.001,0.415,1.303,0,0,0.146
2025-11-15 05:00,-2.017,0.001,0,0.416,1.304,0,0,0.194
2025-11-15 06:00,-1.804,0.001,0.001,0.416,1.304,0,0.003,0.274
2025-11-15 07:00,-1.449,0.001,0,0.416,1.302,22.432,59.187,0.247
2025-11-15 08:00,-0.663,0,0,0.416,1.299,95.359,175.678,0.514
2025-11-15 09:00,0.185,0,0,0.414,1.296,148.598,254.848,0.629
2025-11-15 10:00,1.019,0,0,0.411,1.292,175.974,290.857,0.721
2025-11-15 11:00,1.523,0,0,0.407,1.288,166.504,281.225,0.879
2025-11-15 12:00,1.528,0,0,0.403,1.287,109.579,226.575,0.954
2025-11-15 13:00,1.102,0,0,0.400,1.287,47.411,130.628,0.971
2025-11-15 14:00,0.570,0,0,0.399,1.289,4.745,18.248,0.974
2025-11-15 15:00,0.333,0,0,0.398,1.290,0,0,0.984
2025-11-15 16:00,0.428,0,0,0.397,1.288,0,0,0.971
2025-11-15 17:00,0.438,0,0,0.396,1.287,0,0,0.837
2025-11-15 18:00,0.407,0,0,0.395,1.285,0,0,0.717
2025-11-15 19:00,0.234,0,0,0.394,1.284,0,0,0.343
2025-11-15 20:00,0.054,0,0,0.392,1.284,0,0,0.234
2025-11-15 21:00,-0.101,0,0,0.390,1.284,0,0,0.387
2025-11-15 22:00,-0.235,0.002,0.002,0.389,1.284,0,0,0.663
2025-11-15 23:00,-0.117,0.002,0.002,0.389,1.283,0,0,0.646
2025-11-16 00:00,-0.059,0.002,0.002,0.388,1.282,0,0,0.509
2025-11-16 01:00,-0.133,0.004,0.004,0.388,1.281,0,0,0.439
2025-11-16 02:00,-0.115,0.007,0.007,0.389,1.280,0,0,0.441
2025-11-16 03:00,-0.048,0.011,0.011,0.391,1.278,0,0,0.566
2025-11-16 04:00,0.055,0.013,0.013,0.394,1.277,0,0,0.619
2025-11-16 05:00,0.170,0.015,0.015,0.399,1.275,0,0,0.574
2025-11-16 06:00,0.259,0.017,0.017,0.403,1.274,0,0,0.612
2025-11-16 07:00,0.380,0.019,0.019,0.409,1.274,13.805,54.046,0.650
2025-11-16 08:00,0.741,0.011,0.011,0.412,1.272,55.352,169.871,0.567
2025-11-16 09:00,1.321,0.004,0.003,0.406,1.269,111.599,248.975,0.452
2025-11-16 10:00,1.839,0.004,0.001,0.390,1.266,131.465,284.975,0.513
2025-11-16 11:00,2.323,0.006,0,0.372,1.262,133.023,275.350,0.540
2025-11-16 12:00,2.574,0.011,0,0.359,1.259,91.546,220.763,0.665
2025-11-16 13:00,2.458,0.017,0,0.351,1.258,38.792,124.918,0.719
2025-11-16 14:00,2.041,0.032,0,0.348,1.258,3.293,15.515,0.706
2025-11-16 15:00,1.760,0.021,0,0.347,1.259,0,0,0.666
2025-11-16 16:00,1.454,0.018,0,0.345,1.260,0,0,0.613
2025-11-16 17:00,0.814,0.015,0.001,0.344,1.262,0,0,0.684
2025-11-16 18:00,0.445,0.016,0.003,0.344,1.264,0,0,0.743
2025-11-16 19:00,0.563,0.014,0.007,0.347,1.266,0,0,0.686
2025-11-16 20:00,-0.198,0.009,0.006,0.349,1.267,0,0,0.635
2025-11-16 21:00,-0.397,0.008,0.006,0.351,1.269,0,0,0.716
2025-11-16 22:00,-0.291,0.008,0.007,0.353,1.270,0,0,0.717
2025-11-16 23:00,-0.197,0.010,0.008,0.356,1.270,0,0,0.677
2025-11-17 00:00,-0.778,0.007,0.007,0.359,1.272,0,0,0.702
2025-11-17 01:00,-0.545,0.008,0.007,0.361,1.273,0,0,0.648
2025-11-17 02:00,-0.622,0.008,0.008,0.364,1.274,0,0,0.651
2025-11-17 03:00,-0.762,0.008,0.008,0.367,1.275,0,0,0.589
2025-11-17 04:00,-1.157,0.009,0.009,0.370,1.277,0,0,0.614
2025-11-17 05:00,-1.164,0.009,0.009,0.373,1.278,0,0,0.486
2025-11-17 06:00,-1.308,0.010,0.010,0.375,1.278,0,0,0.539
2025-11-17 07:00,-1.288,0.014,0.014,0.379,1.279,14.910,49.203,0.545
2025-11-17 08:00,-0.821,0.009,0.009,0.380,1.279,63.927,164.206,0.417
2025-11-17 09:00,-0.256,0.004,0.003,0.378,1.277,121.667,243.245,0.306
2025-11-17 10:00,0.323,0.001,0.001,0.377,1.274,154.704,279.225,0.105
2025-11-17 11:00,0.707,0.001,0,0.375,1.272,162.509,269.593,0.032
2025-11-17 12:00,0.727,0.001,0.001,0.373,1.271,123.471,215.072,0.040
2025-11-17 13:00,0.251,0.001,0.001,0.372,1.272,57.414,119.324,0.107
2025-11-17 14:00,-0.448,0.003,0.002,0.373,1.275,3.814,13.044,0.243
2025-11-17 15:00,-0.691,0.004,0.004,0.374,1.278,0,0,0.361
2025-11-17 16:00,-0.959,0.005,0.004,0.375,1.280,0,0,0.335
2025-11-17 17:00,-1.326,0.006,0.003,0.376,1.282,0,0,0.414
2025-11-17 18:00,-1.428,0.008,0.005,0.377,1.283,0,0,0.461
2025-11-17 19:00,-1.664,0.012,0.009,0.379,1.285,0,0,0.521
2025-11-17 20:00,-1.808,0.013,0.010,0.380,1.286,0,0,0.478
2025-11-17 21:00,-1.819,0.010,0.006,0.380,1.286,0,0,0.390
2025-11-17 22:00,-1.928,0.006,0.004,0.380,1.286,0,0,0.349
2025-11-17 23:00,-1.934,0.005,0.003,0.381,1.285,0,0,0.289
2025-11-18 00:00,-2.035,0.003,0.002,0.381,1.285,0,0,0.305
2025-11-18 01:00,-2.026,0.003,0.001,0.382,1.285,0,0,0.336
2025-11-18 02:00,-1.975,0.002,0.001,0.382,1.285,0,0,0.312
2025-11-18 03:00,-2.140,0.001,0,0.382,1.286,0,0,0.386
2025-11-18 04:00,-2.220,0.001,0,0.382,1.287,0,0,0.623
2025-11-18 05:00,-2.575,0,0,0.382,1.287,0,0,0.783
2025-11-18 06:00,-2.759,0,0,0.383,1.287,0,0,0.863
2025-11-18 07:00,-2.548,0.001,0.001,0.383,1.287,15.489,44.681,0.852
2025-11-18 08:00,-1.702,0.001,0.001,0.385,1.286,73.478,158.680,0.813
2025-11-18 09:00,-0.810,0.003,0.003,0.386,1.283,115.987,237.641,0.761
2025-11-18 10:00,-0.081,0.010,0.009,0.390,1.279,134.232,273.600,0.716
2025-11-18 11:00,0.302,0.026,0.025,0.406,1.277,115.588,263.968,0.803
2025-11-18 12:00,0.251,0.034,0.031,0.435,1.277,76.493,209.472,0.845
2025-11-18 13:00,-0.334,0.028,0.021,0.461,1.277,34.198,113.855,0.796
2025-11-18 14:00,-1.216,0.019,0.009,0.474,1.278,2.255,10.830,0.775
2025-11-18 15:00,-1.579,0.010,0.002,0.479,1.279,0,0,0.726
2025-11-18 16:00,-1.742,0.005,0.001,0.480,1.280,0,0,0.725
2025-11-18 17:00,-1.847,0.002,0,0.481,1.280,0,0,0.707
2025-11-18 18:00,-1.812,0.002,0.001,0.481,1.281,0,0,0.464
2025-11-18 19:00,-1.686,0.001,0,0.482,1.281,0,0,0.338
2025-11-18 20:00,-1.511,0.001,0,0.482,1.282,0,0,0.272
2025-11-18 21:00,-1.457,0.001,0,0.482,1.282,0,0,0.463
2025-11-18 22:00,-1.467,0.001,0,0.483,1.282,0,0,0.645
2025-11-18 23:00,-1.468,0.001,0.001,0.483,1.282,0,0,0.775
2025-11-19 00:00,-1.488,0.001,0.001,0.484,1.282,0,0,0.922
2025-11-19 01:00,-1.461,0.002,0.001,0.485,1.282,0,0,0.973
2025-11-19 02:00,-1.372,0.004,0.003,0.487,1.281,0,0,0.990
2025-11-19 03:00,-1.184,0.007,0.005,0.490,1.280,0,0,0.991
2025-11-19 04:00,-1.001,0.022,0.008,0.496,1.278,0,0,0.989
2025-11-19 05:00,-0.749,0.051,0.009,0.505,1.277,0,0,0.989
2025-11-19 06:00,-0.529,0.070,0.001,0.510,1.275,0,0,0.970
2025-11-19 07:00,-0.437,0.090,0.001,0.512,1.274,9.892,40.452,0.889
2025-11-19 08:00,-0.053,0.113,0.002,0.514,1.273,57.008,153.268,0.845
2025-11-19 09:00,0.553,0.143,0.001,0.516,1.272,86.753,232.141,0.942
2025-11-19 10:00,0.868,0.168,0.001,0.513,1.271,67.569,267.985,0.908
2025-11-19 11:00,0.826,0.163,0.005,0.509,1.271,59.940,258.468,0.847
2025-11-19 12:00,0.680,0.145,0.021,0.523,1.270,46.894,204.033,0.777
2025-11-19 13:00,0.252,0.100,0.009,0.538,1.270,24.141,108.503,0.723
2025-11-19 14:00,-0.305,0.083,0.010,0.546,1.270,1.283,8.860,0.773
2025-11-19 15:00,-0.358,0.093,0.016,0.560,1.271,0,0,0.895
2025-11-19 16:00,-0.365,0.101,0.019,0.578,1.272,0,0,0.939
2025-11-19 17:00,-0.430,0.092,0.054,0.605,1.275,0,0,0.933
2025-11-19 18:00,-0.451,0.130,0.115,0.668,1.277,0,0,0.947
2025-11-19 19:00,-0.636,0.154,0.139,0.799,1.279,0,0,0.950
2025-11-19 20:00,-0.819,0.155,0.139,0.934,1.280,0,0,0.949
2025-11-19 21:00,-0.986,0.179,0.164,1.090,1.281,0,0,0.945
2025-11-19 22:00,-1.127,0.128,0.118,1.234,1.282,0,0,0.948
2025-11-19 23:00,-1.280,0.073,0.063,1.319,1.283,0,0,0.946
2025-11-20 00:00,-1.532,0.055,0.046,1.370,1.285,0,0,0.953
2025-11-20 01:00,-1.755,0.060,0.046,1.416,1.286,0,0,0.970
2025-11-20 02:00,-1.937,0.075,0.049,1.464,1.287,0,0,0.964
2025-11-20 03:00,-2.072,0.080,0.047,1.512,1.288,0,0,0.969
2025-11-20 04:00,-2.223,0.066,0.036,1.553,1.289,0,0,0.975
2025-11-20 05:00,-2.418,0.061,0.031,1.586,1.290,0,0,0.980
2025-11-20 06:00,-2.645,0.066,0.031,1.617,1.292,0,0,0.980
2025-11-20 07:00,-2.852,0.071,0.033,1.648,1.294,5.763,36.513,0.979
2025-11-20 08:00,-2.823,0.060,0.026,1.677,1.294,31.604,147.956,0.975
2025-11-20 09:00,-2.539,0.033,0.012,1.692,1.293,59.633,226.766,0.968
2025-11-20 10:00,-2.048,0.021,0.007,1.697,1.291,83.712,262.600,0.959
2025-11-20 11:00,-1.588,0.019,0.004,1.697,1.288,87.920,253.055,0.936
2025-11-20 12:00,-1.393,0.029,0.004,1.695,1.287,64.837,198.717,0.909
2025-11-20 13:00,-1.527,0.064,0.009,1.698,1.287,25.673,103.282,0.944
2025-11-20 14:00,-1.808,0.124,0.021,1.711,1.288,0.905,7.127,0.984
2025-11-20 15:00,-1.937,0.205,0.038,1.739,1.289,0,0,0.996
2025-11-20 16:00,-2.025,0.286,0.076,1.793,1.289,0,0,0.996
2025-11-20 17:00,-1.998,0.375,0.174,1.917,1.289,0,0,0.995
2025-11-20 18:00,-1.881,0.487,0.307,2.166,1.289,0,0,0.992
2025-11-20 19:00,-1.713,0.548,0.369,2.512,1.288,0,0,0.990
2025-11-20 20:00,-1.571,0.560,0.388,2.892,1.287,0,0,0.995
2025-11-20 21:00,-1.458,0.549,0.381,3.276,1.286,0,0,0.997
2025-11-20 22:00,-1.358,0.502,0.338,3.632,1.285,0,0,0.997
2025-11-20 23:00,-1.240,0.450,0.294,3.941,1.285,0,0,0.996
2025-11-21 00:00,-1.111,0.397,0.256,4.210,1.284,0,0,0.993
2025-11-21 01:00,-1.020,0.343,0.211,4.438,1.284,0,0,0.989
2025-11-21 02:00,-1.017,0.277,0.152,4.613,1.284,0,0,0.982
2025-11-21 03:00,-1.143,0.211,0.092,4.726,1.286,0,0,0.963
2025-11-21 04:00,-1.276,0.138,0.037,4.780,1.287,0,0,0.908
2025-11-21 05:00,-1.472,0.086,0.012,4.794,1.289,0,0,0.806
2025-11-21 06:00,-1.888,0.045,0.006,4.798,1.292,0,0,0.597
2025-11-21 07:00,-2.263,0.020,0.008,4.802,1.295,7.022,32.855,0.601
2025-11-21 08:00,-2.325,0.016,0.011,4.806,1.296,40.229,142.790,0.613
2025-11-21 09:00,-2.203,0.013,0.010,4.808,1.297,74.225,221.518,0.554
2025-11-21 10:00,-2.027,0.011,0.009,4.804,1.298,95.987,257.350,0.488
2025-11-21 11:00,-1.990,0.008,0.008,4.798,1.298,93.807,247.785,0.426
2025-11-21 12:00,-2.159,0.006,0.005,4.791,1.300,72.222,193.529,0.354
2025-11-21 13:00,-2.562,0.003,0.003,4.786,1.302,33.801,98.189,0.291
2025-11-21 14:00,-3.181,0.001,0.001,4.784,1.305,1.330,5.616,0.196
2025-11-21 15:00,-3.957,0.001,0,4.784,1.310,0,0,0.138
2025-11-21 16:00,-4.822,0,0,4.787,1.314,0,0,0.098
2025-11-21 17:00,-5.903,0,0,4.790,1.317,0,0,0.103
2025-11-21 18:00,-6.648,0.001,0.001,4.793,1.320,0,0,0.118
2025-11-21 19:00,-7.055,0,0,4.795,1.322,0,0,0.172
2025-11-21 20:00,-7.275,0,0,4.796,1.323,0,0,0.308
2025-11-21 21:00,-7.392,0.001,0.001,4.798,1.323,0,0,0.546
2025-11-21 22:00,-7.056,0.001,0.001,4.801,1.323,0,0,0.675
2025-11-21 23:00,-6.744,0,0,4.803,1.322,0,0,0.674
2025-11-22 00:00,-6.403,0,0,4.805,1.320,0,0,0.477
2025-11-22 01:00,-6.319,0.001,0.001,4.808,1.319,0,0,0.314
2025-11-22 02:00,-5.970,0.001,0.001,4.811,1.316,0,0,0.303
2025-11-22 03:00,-5.670,0.003,0.003,4.815,1.314,0,0,0.408
2025-11-22 04:00,-4.951,0.003,0.003,4.820,1.311,0,0,0.488
2025-11-22 05:00,-4.383,0.004,0.004,4.826,1.309,0,0,0.495
2025-11-22 06:00,-3.944,0.005,0.005,4.833,1.307,0,0,0.540
2025-11-22 07:00,-3.395,0.006,0.005,4.839,1.305,7.982,29.472,0.649
2025-11-22 08:00,-2.205,0.004,0.002,4.840,1.299,48.487,137.790,0.642
2025-11-22 09:00,-0.909,0.005,0.002,4.833,1.292,91.182,216.454,0.643
2025-11-22 10:00,0.327,0.011,0.006,4.787,1.285,105.142,252.225,0.698
2025-11-22 11:00,1.110,0.022,0.007,4.624,1.280,98.549,242.682,0.806
2025-11-22 12:00,1.483,0.049,0.001,4.382,1.277,59.503,188.468,0.971
2025-11-22 13:00,1.642,0.113,0,4.122,1.276,17.725,93.230,0.989
2025-11-22 14:00,1.754,0.197,0,3.857,1.275,0.442,4.313,0.993
2025-11-22 15:00,1.865,0.312,0,3.583,1.275,0,0,0.995
2025-11-22 16:00,1.928,0.397,0,3.320,1.275,0,0,0.993
2025-11-22 17:00,1.979,0.384,0,3.078,1.275,0,0,0.978
2025-11-22 18:00,2.054,0.208,0,2.851,1.274,0,0,0.966
2025-11-22 19:00,2.120,0.056,0,2.647,1.274,0,0,0.948
2025-11-22 20:00,2.152,0.014,0,2.465,1.274,0,0,0.950
2025-11-22 21:00,2.137,0.011,0,2.302,1.275,0,0,0.952
2025-11-22 22:00,2.105,0.015,0,2.151,1.275,0,0,0.992
2025-11-22 23:00,2.099,0.015,0,2.013,1.275,0,0,0.993
2025-11-23 00:00,2.119,0.013,0,1.889,1.275,0,0,0.996
2025-11-23 01:00,2.160,0.012,0,1.777,1.275,0,0,0.998
2025-11-23 02:00,2.192,0.010,0,1.677,1.274,0,0,0.997
2025-11-23 03:00,2.191,0.006,0,1.590,1.274,0,0,0.983
2025-11-23 04:00,2.142,0.003,0,1.516,1.274,0,0,0.993
2025-11-23 05:00,2.002,0.003,0,1.449,1.275,0,0,0.995
2025-11-23 06:00,1.772,0.010,0.001,1.390,1.276,0,0,0.990
2025-11-23 07:00,1.547,0.019,0.005,1.346,1.277,4.504,26.340,0.952
2025-11-23 08:00,1.499,0.019,0.017,1.319,1.277,26.918,132.856,0.921
2025-11-23 09:00,1.645,0.015,0.013,1.289,1.276,46.680,211.476,0.919
2025-11-23 10:00,1.865,0.009,0,1.242,1.275,55.996,247.246,0.913
2025-11-23 11:00,2.026,0.003,0,1.187,1.273,58.184,237.719,0.841
2025-11-23 12:00,2.069,0,0,1.137,1.272,52.164,183.551,0.769
2025-11-23 13:00,1.902,0,0,1.098,1.272,25.764,88.416,0.772
2025-11-23 14:00,1.545,0,0,1.076,1.273,0.721,3.217,0.855
2025-11-23 15:00,1.254,0,0,1.065,1.274,0,0,0.935
2025-11-23 16:00,0.975,0,0,1.057,1.276,0,0,0.945
2025-11-23 17:00,0.736,0.002,0.002,1.052,1.277,0,0,0.907
2025-11-23 18:00,0.508,0.008,0.008,1.054,1.278,0,0,0.894
2025-11-23 19:00,0.382,0.010,0.010,1.063,1.279,0,0,0.905
2025-11-23 20:00,0.302,0.012,0.012,1.072,1.279,0,0,0.905
2025-11-23 21:00,0.258,0.012,0.012,1.083,1.279,0,0,0.876
2025-11-23 22:00,0.234,0.013,0.012,1.093,1.278,0,0,0.862
2025-11-23 23:00,0.202,0.018,0.016,1.107,1.277,0,0,0.889
2025-11-24 00:00,0.153,0.019,0.015,1.123,1.277,0,0,0.911
2025-11-24 01:00,0.145,0.021,0.011,1.135,1.275,0,0,0.882
2025-11-24 02:00,0.155,0.020,0.008,1.145,1.273,0,0,0.833
2025-11-24 03:00,0.153,0.016,0.007,1.153,1.272,0,0,0.821
2025-11-24 04:00,0.051,0.017,0.004,1.159,1.272,0,0,0.815
2025-11-24 05:00,-0.053,0.023,0.003,1.163,1.271,0,0,0.825
2025-11-24 06:00,-0.075,0.029,0.003,1.166,1.271,0,0,0.836
2025-11-24 07:00,0.031,0.032,0.004,1.170,1.271,3.933,23.459,0.841
2025-11-24 08:00,0.534,0.026,0.006,1.177,1.270,28.588,128.106,0.854
2025-11-24 09:00,1.023,0.026,0.007,1.181,1.269,52.032,206.663,0.830
2025-11-24 10:00,1.264,0.019,0.007,1.178,1.268,71.615,242.377,0.786
2025-11-24 11:00,1.375,0.020,0.010,1.172,1.267,71.825,232.870,0.819
2025-11-24 12:00,1.308,0.017,0.010,1.175,1.267,48.038,178.744,0.916
2025-11-24 13:00,0.989,0.021,0.010,1.184,1.267,18.806,83.729,0.955
2025-11-24 14:00,0.950,0.024,0.001,1.189,1.266,0.300,2.303,0.973
2025-11-24 15:00,0.925,0.021,0.001,1.192,1.266,0,0,0.941
2025-11-24 16:00,0.810,0.020,0.002,1.194,1.267,0,0,0.869
2025-11-24 17:00,0.734,0.019,0.002,1.197,1.267,0,0,0.822
2025-11-24 18:00,0.680,0.017,0.002,1.200,1.267,0,0,0.818
2025-11-24 19:00,0.630,0.015,0.001,1.202,1.268,0,0,0.854
2025-11-24 20:00,0.470,0.012,0.001,1.204,1.269,0,0,0.881
2025-11-24 21:00,0.076,0.010,0.007,1.208,1.271,0,0,0.906
2025-11-24 22:00,-0.353,0.009,0.008,1.217,1.274,0,0,0.915
2025-11-24 23:00,-0.660,0.008,0.007,1.224,1.277,0,0,0.910
2025-11-25 00:00,-0.774,0.008,0.007,1.231,1.279,0,0,0.915
2025-11-25 01:00,-0.896,0.010,0.009,1.239,1.281,0,0,0.910
2025-11-25 02:00,-1.002,0.014,0.013,1.250,1.284,0,0,0.898
2025-11-25 03:00,-1.029,0.012,0.011,1.263,1.285,0,0,0.852
2025-11-25 04:00,-1.026,0.010,0.008,1.272,1.285,0,0,0.815
2025-11-25 05:00,-1.011,0.009,0.007,1.280,1.286,0,0,0.739
2025-11-25 06:00,-1.034,0.008,0.007,1.287,1.287,0,0,0.677
2025-11-25 07:00,-1.079,0.010,0.008,1.294,1.288,4.281,20.814,0.642
2025-11-25 08:00,-0.822,0.010,0.008,1.302,1.289,37.064,123.520,0.621
2025-11-25 09:00,-0.454,0.010,0.007,1.309,1.288,73.299,201.976,0.559
2025-11-25 10:00,-0.128,0.009,0.006,1.314,1.288,91.276,237.684,0.493
2025-11-25 11:00,0.274,0.005,0.002,1.315,1.286,95.706,228.179,0.415
2025-11-25 12:00,0.268,0.007,0.003,1.316,1.286,64.424,174.113,0.491
2025-11-25 13:00,-0.232,0.011,0.006,1.320,1.287,22.866,79.177,0.542
2025-11-25 14:00,-0.913,0.012,0.008,1.327,1.289,0.210,1.568,0.577
2025-11-25 15:00,-1.205,0.013,0.009,1.336,1.291,0,0,0.592
2025-11-25 16:00,-1.425,0.013,0.011,1.346,1.293,0,0,0.605
2025-11-25 17:00,-1.610,0.013,0.011,1.358,1.295,0,0,0.595
2025-11-25 18:00,-1.732,0.012,0.010,1.368,1.296,0,0,0.592
2025-11-25 19:00,-1.944,0.014,0.012,1.379,1.298,0,0,0.621
2025-11-25 20:00,-2.196,0.016,0.015,1.393,1.301,0,0,0.638
2025-11-25 21:00,-2.350,0.018,0.018,1.410,1.303,0,0,0.638
2025-11-25 22:00,-2.484,0.019,0.019,1.429,1.305,0,0,0.635
2025-11-25 23:00,-2.769,0.019,0.019,1.448,1.307,0,0,0.635
2025-11-26 00:00,-3.118,0.017,0.017,1.466,1.309,0,0,0.630
2025-11-26 01:00,-3.428,0.015,0.014,1.481,1.311,0,0,0.626
2025-11-26 02:00,-3.706,0.012,0.011,1.494,1.312,0,0,0.599
2025-11-26 03:00,-3.910,0.009,0.009,1.504,1.313,0,0,0.561
2025-11-26 04:00,-4.085,0.007,0.007,1.512,1.314,0,0,0.533
2025-11-26 05:00,-4.256,0.006,0.006,1.518,1.315,0,0,0.511
2025-11-26 06:00,-4.431,0.005,0.005,1.523,1.316,0,0,0.491
2025-11-26 07:00,-4.587,0.005,0.004,1.528,1.317,4.461,18.394,0.478
2025-11-26 08:00,-4.356,0.004,0.004,1.531,1.317,41.368,119.032,0.476
2025-11-26 09:00,-3.839,0.004,0.003,1.534,1.316,80.003,197.415,0.447
2025-11-26 10:00,-3.338,0.002,0.002,1.534,1.314,101.601,233.084,0.381
2025-11-26 11:00,-2.839,0.002,0.001,1.533,1.311,104.072,223.620,0.237
2025-11-26 12:00,-2.707,0.002,0.001,1.532,1.309,79.515,169.635,0.214
2025-11-26 13:00,-3.326,0.002,0.001,1.533,1.309,27.032,74.781,0.298
2025-11-26 14:00,-4.034,0.003,0.003,1.535,1.310,0.173,1.000,0.402
2025-11-26 15:00,-3.880,0.007,0.007,1.541,1.310,0,0,0.505
2025-11-26 16:00,-3.692,0.012,0.012,1.551,1.311,0,0,0.575
2025-11-26 17:00,-3.650,0.013,0.013,1.564,1.311,0,0,0.592
2025-11-26 18:00,-3.766,0.013,0.013,1.577,1.313,0,0,0.590
2025-11-26 19:00,-3.934,0.013,0.013,1.591,1.314,0,0,0.582
2025-11-26 20:00,-4.026,0.014,0.014,1.604,1.314,0,0,0.586
2025-11-26 21:00,-3.986,0.011,0.011,1.616,1.313,0,0,0.554
2025-11-26 22:00,-3.943,0.008,0.007,1.625,1.312,0,0,0.512
2025-11-26 23:00,-3.965,0.006,0.006,1.632,1.311,0,0,0.484
2025-11-27 00:00,-3.949,0.005,0.005,1.637,1.309,0,0,0.451
2025-11-27 01:00,-3.851,0.004,0.003,1.641,1.306,0,0,0.521
2025-11-27 02:00,-3.681,0.003,0.002,1.644,1.303,0,0,0.852
2025-11-27 03:00,-3.113,0.007,0.006,1.649,1.301,0,0,0.911
2025-11-27 04:00,-2.358,0.010,0.010,1.658,1.298,0,0,0.975
2025-11-27 05:00,-1.795,0.013,0.012,1.669,1.295,0,0,0.981
2025-11-27 06:00,-1.226,0.012,0.010,1.679,1.292,0,0,0.985
2025-11-27 07:00,-0.945,0.015,0.013,1.690,1.290,2.754,16.192,0.985
2025-11-27 08:00,-0.344,0.008,0.007,1.699,1.287,21.773,114.720,0.984
2025-11-27 09:00,0.334,0.002,0.002,1.689,1.283,44.762,193.040,0.992
2025-11-27 10:00,0.892,0.002,0.001,1.655,1.279,40.270,228.686,0.990
2025-11-27 11:00,1.350,0.007,0.006,1.589,1.275,47.542,219.204,0.976
2025-11-27 12:00,1.582,0.028,0.024,1.529,1.273,32.398,165.264,0.971
2025-11-27 13:00,1.744,0.043,0.023,1.478,1.271,11.423,70.531,0.987
2025-11-27 14:00,1.947,0.126,0.013,1.415,1.269,0.039,0.581,0.994
2025-11-27 15:00,2.167,0.302,0.003,1.328,1.267,0,0,0.995
2025-11-27 16:00,2.331,0.312,0.002,1.243,1.265,0,0,0.992
2025-11-27 17:00,2.475,0.203,0.002,1.161,1.264,0,0,0.985
2025-11-27 18:00,2.540,0.225,0.003,1.074,1.263,0,0,0.986
2025-11-27 19:00,2.446,0.189,0.001,0.993,1.263,0,0,0.992
2025-11-27 20:00,2.366,0.130,0,0.927,1.263,0,0,0.992
2025-11-27 21:00,2.387,0.108,0,0.871,1.263,0,0,0.990
2025-11-27 22:00,2.425,0.079,0,0.824,1.262,0,0,0.988
2025-11-27 23:00,2.450,0.038,0,0.785,1.261,0,0,0.986
2025-11-28 00:00,2.536,0.022,0,0.749,1.260,0,0,0.990
2025-11-28 01:00,2.741,0.014,0,0.710,1.258,0,0,0.995
2025-11-28 02:00,3.065,0.053,0,0.661,1.256,0,0,0.996
2025-11-28 03:00,3.394,0.213,0,0.612,1.253,0,0,0.995
2025-11-28 04:00,3.623,0.497,0,0.559,1.252,0,0,0.994
2025-11-28 05:00,3.999,0.212,0,0.504,1.249,0,0,0.995
2025-11-28 06:00,4.253,0.016,0,0.460,1.247,0,0,0.995
2025-11-28 07:00,4.420,0.003,0,0.424,1.247,1.395,14.197,0.995
2025-11-28 08:00,4.563,0.003,0,0.395,1.247,15.430,110.533,0.990
2025-11-28 09:00,4.876,0.003,0,0.368,1.246,30.368,188.790,0.983
2025-11-28 10:00,5.450,0.002,0,0.335,1.243,43.175,224.399,0.988
2025-11-28 11:00,5.705,0.001,0,0.305,1.242,40.141,214.954,0.995
2025-11-28 12:00,5.747,0.001,0,0.280,1.242,27.908,161.073,0.995
2025-11-28 13:00,5.654,0.001,0,0.259,1.243,11.010,66.426,0.996
2025-11-28 14:00,5.514,0.001,0,0.242,1.244,0.031,0.298,0.996
2025-11-28 15:00,5.400,0.002,0,0.227,1.245,0,0,0.996
2025-11-28 16:00,5.255,0.003,0,0.215,1.246,0,0,0.997
2025-11-28 17:00,5.240,0.004,0,0.203,1.246,0,0,0.997
2025-11-28 18:00,5.192,0.004,0,0.192,1.247,0,0,0.996
2025-11-28 19:00,5.125,0.003,0,0.183,1.247,0,0,0.996
2025-11-28 20:00,5.043,0.002,0,0.175,1.248,0,0,0.996
2025-11-28 21:00,4.965,0.003,0,0.168,1.248,0,0,0.997
2025-11-28 22:00,4.944,0.003,0,0.161,1.248,0,0,0.994
2025-11-28 23:00,4.978,0.005,0,0.155,1.247,0,0,0.992
2025-11-29 00:00,5.070,0.007,0,0.148,1.246,0,0,0.992
2025-11-29 01:00,5.115,0.011,0,0.141,1.245,0,0,0.996
2025-11-29 02:00,5.102,0.017,0,0.133,1.245,0,0,0.983
2025-11-29 03:00,5.062,0.021,0,0.124,1.245,0,0,0.817
2025-11-29 04:00,5.022,0.015,0,0.115,1.244,0,0,0.611
2025-11-29 05:00,5.104,0.007,0,0.106,1.243,0,0,0.503
2025-11-29 06:00,5.286,0.005,0,0.098,1.242,0,0,0.317
2025-11-29 07:00,5.351,0.004,0,0.090,1.242,3.260,12.390,0.112
2025-11-29 08:00,5.579,0.003,0,0.083,1.241,43.715,106.513,0.159
2025-11-29 09:00,5.949,0.004,0,0.076,1.241,82.510,184.728,0.184
2025-11-29 10:00,6.255,0.004,0,0.069,1.240,105.407,220.331,0.144
2025-11-29 11:00,6.495,0.005,0,0.062,1.239,101.046,210.888,0.167
2025-11-29 12:00,6.593,0.007,0,0.056,1.238,63.781,157.034,0.291
2025-11-29 13:00,6.496,0.008,0,0.052,1.239,16.997,62.468,0.403
2025-11-29 14:00,6.429,0.009,0,0.048,1.240,0.022,0.141,0.471
2025-11-29 15:00,6.328,0.009,0,0.045,1.241,0,0,0.423
2025-11-29 16:00,6.121,0.009,0,0.043,1.243,0,0,0.324
2025-11-29 17:00,5.839,0.010,0,0.041,1.245,0,0,0.360
2025-11-29 18:00,5.658,0.011,0,0.039,1.247,0,0,0.422
2025-11-29 19:00,5.409,0.010,0,0.038,1.250,0,0,0.453
2025-11-29 20:00,5.044,0.008,0,0.037,1.252,0,0,0.746
2025-11-29 21:00,4.902,0.006,0,0.036,1.254,0,0,0.905
2025-11-29 22:00,4.839,0.006,0,0.035,1.256,0,0,0.915
2025-11-29 23:00,4.842,0.007,0,0.034,1.257,0,0,0.922
2025-11-30 00:00,4.832,0.014,0,0.033,1.257,0,0,0.976
2025-11-30 01:00,4.785,0.013,0,0.033,1.258,0,0,0.981
2025-11-30 02:00,4.647,0.011,0,0.032,1.258,0,0,0.989
2025-11-30 03:00,4.608,0.014,0,0.031,1.259,0,0,0.992
2025-11-30 04:00,4.667,0.024,0,0.031,1.259,0,0,0.996
2025-11-30 05:00,4.774,0.053,0,0.030,1.259,0,0,0.999
2025-11-30 06:00,4.992,0.126,0,0.029,1.258,0,0,0.999
2025-11-30 07:00,5.212,0.264,0,0.029,1.256,0.640,10.764,0.999
2025-11-30 08:00,5.441,0.388,0,0.028,1.255,8.020,102.638,0.998
2025-11-30 09:00,5.601,0.301,0,0.027,1.254,17.039,180.790,0.998
2025-11-30 10:00,5.680,0.160,0,0.026,1.254,23.216,216.356,0.998
2025-11-30 11:00,5.671,0.107,0,0.025,1.253,23.676,206.951,0.995
2025-11-30 12:00,5.618,0.122,0,0.021,1.253,15.757,153.135,0.999
2025-11-30 13:00,5.580,0.081,0,0.017,1.252,1.703,58.713,0.999
2025-11-30 14:00,5.602,0.059,0,0.016,1.252,0,0.059,0.999
2025-11-30 15:00,5.628,0.064,0,0.016,1.251,0,0,0.999
2025-11-30 16:00,5.584,0.103,0,0.015,1.251,0,0,0.999
2025-11-30 17:00,5.501,0.242,0,0.014,1.250,0,0,0.999
2025-11-30 18:00,5.384,0.503,0,0.011,1.251,0,0,0.999
2025-11-30 19:00,5.239,0.853,0,0.011,1.251,0,0,0.999
2025-11-30 20:00,5.063,1.048,0,0.011,1.251,0,0,0.998
2025-11-30 21:00,4.985,0.741,0,0.010,1.251,0,0,0.998
2025-11-30 22:00,5.126,0.227,0,0.010,1.250,0,0,0.998
2025-11-30 23:00,5.395,0.037,0,0.010,1.248,0,0,0.999
2025-12-01 00:00,5.668,0.025,0,0.010,1.246,0,0,0.999
2025-12-01 01:00,5.699,0.023,0,0.009,1.246,0,0,0.994
2025-12-01 02:00,5.544,0.021,0,0.009,1.246,0,0,0.980
2025-12-01 03:00,5.332,0.022,0,0.009,1.247,0,0,0.927
2025-12-01 04:00,5.180,0.021,0,0.009,1.247,0,0,0.756
2025-12-01 05:00,5.166,0.038,0,0.009,1.247,0,0,0.649
2025-12-01 06:00,5.116,0.158,0,0.008,1.247,0,0,0.632
2025-12-01 07:00,5.054,0.381,0,0.008,1.248,0.806,9.306,0.840
2025-12-01 08:00,5.077,0.218,0,0.008,1.249,5.108,98.919,0.916
2025-12-01 09:00,5.281,0.046,0,0.008,1.249,14.107,177.000,0.819
2025-12-01 10:00,5.549,0.034,0,0.008,1.249,33.388,212.581,0.703
2025-12-01 11:00,5.763,0.038,0,0.007,1.249,39.380,203.142,0.680
2025-12-01 12:00,5.823,0.038,0,0.007,1.249,26.111,149.407,0.750
2025-12-01 13:00,5.609,0.045,0,0.007,1.251,7.265,55.174,0.703
2025-12-01 14:00,5.245,0.037,0,0.007,1.254,0.001,0.018,0.669
2025-12-01 15:00,5.018,0.021,0,0.007,1.257,0,0,0.672
2025-12-01 16:00,4.794,0.013,0,0.007,1.259,0,0,0.579
2025-12-01 17:00,4.399,0.008,0,0.007,1.261,0,0,0.489
2025-12-01 18:00,4.061,0.005,0,0.007,1.263,0,0,0.695
2025-12-01 19:00,3.798,0.004,0,0.006,1.266,0,0,0.968
2025-12-01 20:00,3.405,0.003,0,0.006,1.269,0,0,0.982
2025-12-01 21:00,3.249,0.004,0,0.006,1.271,0,0,0.994
2025-12-01 22:00,3.257,0.005,0,0.006,1.271,0,0,0.998
2025-12-01 23:00,3.395,0.007,0,0.006,1.270,0,0,0.998
2025-12-02 00:00,3.582,0.012,0,0.006,1.269,0,0,0.997
2025-12-02 01:00,3.808,0.015,0,0.006,1.267,0,0,0.993
2025-12-02 02:00,4.168,0.009,0,0.006,1.264,0,0,0.904
2025-12-02 03:00,4.486,0.004,0,0.006,1.262,0,0,0.880
2025-12-02 04:00,4.782,0.004,0,0.006,1.260,0,0,0.950
2025-12-02 05:00,5.031,0.011,0,0.006,1.259,0,0,0.977
2025-12-02 06:00,5.202,0.025,0,0.006,1.258,0,0,0.992
2025-12-02 07:00,5.334,0.027,0,0.005,1.258,0.769,8.013,0.996
2025-12-02 08:00,5.436,0.012,0,0.004,1.258,13.181,95.358,0.991
2025-12-02 09:00,5.619,0.006,0,0.004,1.257,29.614,173.378,0.986
2025-12-02 10:00,5.766,0.002,0,0.004,1.257,36.563,208.919,0.979
2025-12-02 11:00,5.827,0.001,0,0.003,1.257,42.759,199.537,0.976
2025-12-02 12:00,5.787,0,0,0.003,1.257,36.107,145.845,0.969
2025-12-02 13:00,5.593,0,0,0.003,1.258,12.651,51.860,0.966
2025-12-02 14:00,5.345,0,0,0.003,1.259,0.001,0.004,0.970
2025-12-02 15:00,5.172,0,0,0.003,1.260,0,0,0.968
2025-12-02 16:00,4.926,0,0,0.003,1.261,0,0,0.963
2025-12-02 17:00,4.747,0,0,0.003,1.262,0,0,0.980
2025-12-02 18:00,4.828,0,0,0.003,1.262,0,0,0.992
2025-12-02 19:00,4.940,0,0,0.003,1.262,0,0,0.985
2025-12-02 20:00,4.973,0,0,0.003,1.263,0,0,0.969
2025-12-02 21:00,4.917,0,0,0.003,1.263,0,0,0.978
2025-12-02 22:00,4.795,0.001,0,0.003,1.264,0,0,0.988
2025-12-02 23:00,4.748,0.002,0,0.003,1.265,0,0,0.989
2025-12-03 00:00,4.714,0.006,0,0.003,1.266,0,0,0.991
2025-12-03 01:00,4.575,0.009,0,0.003,1.267,0,0,0.993
2025-12-03 02:00,4.493,0.013,0,0.003,1.268,0,0,0.993
2025-12-03 03:00,4.401,0.025,0,0.003,1.268,0,0,0.990
2025-12-03 04:00,4.278,0.028,0,0.003,1.269,0,0,0.985
2025-12-03 05:00,4.155,0.022,0,0.003,1.269,0,0,0.980
2025-12-03 06:00,4.076,0.020,0,0.003,1.270,0,0,0.979
2025-12-03 07:00,3.983,0.021,0,0.003,1.270,0.733,6.866,0.979
2025-12-03 08:00,4.027,0.021,0,0.003,1.271,14.218,91.963,0.987
2025-12-03 09:00,4.209,0.018,0,0.003,1.271,28.203,169.937,0.994
2025-12-03 10:00,4.350,0.017,0,0.003,1.271,34.032,205.481,0.993
2025-12-03 11:00,4.392,0.015,0,0.003,1.270,32.906,196.079,0.992
2025-12-03 12:00,4.304,0.012,0,0.003,1.270,24.597,142.448,0.993
2025-12-03 13:00,3.979,0.012,0,0.003,1.270,8.851,48.774,0.989
2025-12-03 14:00,3.817,0.015,0,0.003,1.270,0,0.002,0.993
2025-12-03 15:00,3.916,0.021,0,0.003,1.270,0,0,0.988
2025-12-03 16:00,3.879,0.024,0,0.003,1.270,0,0,0.970
2025-12-03 17:00,3.836,0.026,0,0.003,1.270,0,0,0.928
2025-12-03 18:00,3.790,0.035,0,0.003,1.271,0,0,0.849
2025-12-03 19:00,3.644,0.059,0,0.003,1.271,0,0,0.742
2025-12-03 20:00,3.496,0.067,0,0.003,1.272,0,0,0.663
2025-12-03 21:00,3.323,0.058,0,0.003,1.272,0,0,0.606
2025-12-03 22:00,3.311,0.060,0,0.003,1.273,0,0,0.598
2025-12-03 23:00,3.262,0.053,0,0.003,1.273,0,0,0.653
2025-12-04 00:00,3.284,0.048,0,0.003,1.273,0,0,0.725
2025-12-04 01:00,3.396,0.054,0,0.003,1.272,0,0,0.761
2025-12-04 02:00,3.537,0.054,0,0.003,1.270,0,0,0.717
2025-12-04 03:00,3.579,0.056,0,0.003,1.269,0,0,0.681
2025-12-04 04:00,3.553,0.052,0,0.003,1.269,0,0,0.687
2025-12-04 05:00,3.513,0.046,0,0.003,1.268,0,0,0.727
2025-12-04 06:00,3.477,0.044,0,0.003,1.269,0,0,0.747
2025-12-04 07:00,3.407,0.038,0,0.003,1.269,0.782,5.854,0.762
2025-12-04 08:00,3.486,0.038,0,0.003,1.269,19.532,88.743,0.815
2025-12-04 09:00,3.724,0.037,0,0.003,1.269,44.090,166.687,0.839
2025-12-04 10:00,3.908,0.033,0,0.003,1.269,57.039,202.169,0.835
2025-12-04 11:00,4.011,0.028,0,0.003,1.268,53.154,192.789,0.829
2025-12-04 12:00,3.935,0.026,0,0.003,1.268,31.242,139.218,0.831
2025-12-04 13:00,3.477,0.029,0,0.003,1.268,7.417,45.906,0.860
2025-12-04 14:00,3.346,0.033,0,0.003,1.268,0,0.001,0.925
2025-12-04 15:00,3.530,0.034,0,0.003,1.268,0,0,0.978
2025-12-04 16:00,3.430,0.032,0,0.003,1.267,0,0,0.976
2025-12-04 17:00,3.350,0.030,0,0.003,1.267,0,0,0.928
2025-12-04 18:00,3.280,0.031,0,0.003,1.267,0,0,0.818
2025-12-04 19:00,3.216,0.033,0,0.003,1.267,0,0,0.664
2025-12-04 20:00,3.204,0.034,0,0.003,1.267,0,0,0.695
2025-12-04 21:00,3.199,0.028,0,0.003,1.267,0,0,0.743
2025-12-04 22:00,3.136,0.017,0,0.003,1.267,0,0,0.839
2025-12-04 23:00,3.206,0.011,0,0.003,1.267,0,0,0.992
2025-12-05 00:00,3.537,0.016,0,0.003,1.266,0,0,0.997
2025-12-05 01:00,3.858,0.035,0,0.003,1.266,0,0,0.993
2025-12-05 02:00,4.061,0.053,0,0.003,1.265,0,0,0.982
2025-12-05 03:00,4.120,0.080,0,0.003,1.265,0,0,0.949
2025-12-05 04:00,4.039,0.106,0,0.003,1.266,0,0,0.885
2025-12-05 05:00,3.953,0.125,0,0.003,1.266,0,0,0.830
2025-12-05 06:00,3.944,0.132,0,0.003,1.266,0,0,0.773
2025-12-05 07:00,3.902,0.112,0,0.003,1.267,0.351,4.968,0.809
2025-12-05 08:00,4.119,0.113,0,0.003,1.267,11.646,85.662,0.891
2025-12-05 09:00,4.596,0.084,0,0.003,1.268,26.671,163.562,0.879
2025-12-05 10:00,4.802,0.074,0,0.003,1.267,33.954,199.044,0.926
2025-12-05 11:00,4.835,0.060,0,0.003,1.267,35.467,189.664,0.972
2025-12-05 12:00,4.558,0.042,0,0.003,1.267,25.243,136.095,0.978
2025-12-05 13:00,4.003,0.036,0,0.003,1.267,6.407,43.272,0.971
2025-12-05 14:00,3.692,0.029,0,0.003,1.267,0,0,0.980
2025-12-05 15:00,3.557,0.031,0,0.003,1.267,0,0,0.989
2025-12-05 16:00,3.732,0.037,0,0.003,1.267,0,0,0.992
2025-12-05 17:00,3.744,0.036,0,0.003,1.267,0,0,0.991
2025-12-05 18:00,3.716,0.040,0,0.003,1.267,0,0,0.992
2025-12-05 19:00,3.720,0.040,0,0.003,1.267,0,0,0.992
2025-12-05 20:00,3.715,0.057,0,0.003,1.266,0,0,0.990
2025-12-05 21:00,3.868,0.133,0,0.003,1.266,0,0,0.990
2025-12-05 22:00,4.177,0.259,0,0.003,1.265,0,0,0.994
2025-12-05 23:00,4.453,0.465,0,0.003,1.264,0,0,0.998
2025-12-06 00:00,4.776,0.734,0,0.003,1.264,0,0,0.998
2025-12-06 01:00,4.900,0.951,0,0.003,1.263,0,0,0.998
2025-12-06 02:00,4.954,1.061,0,0.003,1.262,0,0,0.998
2025-12-06 03:00,5.056,1.057,0,0.003,1.260,0,0,0.998
2025-12-06 04:00,5.175,1.098,0,0.003,1.259,0,0,0.998
2025-12-06 05:00,5.256,1.135,0,0.003,1.257,0,0,0.998
2025-12-06 06:00,5.297,1.110,0,0.003,1.256,0,0,0.998
2025-12-06 07:00,5.337,0.994,0,0.003,1.255,0.037,4.197,0.998
2025-12-06 08:00,5.433,0.763,0,0.002,1.254,3.206,82.755,0.998
2025-12-06 09:00,5.632,0.515,0,0.002,1.253,9.598,160.587,0.995
2025-12-06 10:00,5.860,0.351,0,0.002,1.251,16.323,196.083,0.987
2025-12-06 11:00,6.008,0.247,0,0.002,1.250,20.691,186.726,0.924
2025-12-06 12:00,5.978,0.121,0,0.002,1.250,15.493,133.220,0.825
2025-12-06 13:00,5.810,0.044,0,0.002,1.250,4.145,40.837,0.760
2025-12-06 14:00,5.615,0.026,0,0.002,1.251,0,0,0.920
2025-12-06 15:00,5.436,0.027,0,0.002,1.253,0,0,0.984
2025-12-06 16:00,5.281,0.021,0,0.002,1.254,0,0,0.989
2025-12-06 17:00,5.174,0.023,0,0.002,1.256,0,0,0.982
2025-12-06 18:00,4.994,0.027,0,0.002,1.257,0,0,0.977
2025-12-06 19:00,4.873,0.031,0,0.002,1.259,0,0,0.982
2025-12-06 20:00,4.620,0.032,0,0.002,1.261,0,0,0.989
2025-12-06 21:00,4.492,0.031,0,0.002,1.262,0,0,0.991
2025-12-06 22:00,4.396,0.030,0,0.002,1.263,0,0,0.992
2025-12-06 23:00,4.378,0.030,0,0.002,1.263,0,0,0.994
2025-12-07 00:00,4.270,0.028,0,0.002,1.263,0,0,0.996
2025-12-07 01:00,4.298,0.026,0,0.002,1.263,0,0,0.994
2025-12-07 02:00,4.320,0.021,0,0.002,1.262,0,0,0.991
2025-12-07 03:00,4.197,0.022,0,0.002,1.261,0,0,0.993
2025-12-07 04:00,4.119,0.019,0,0.002,1.260,0,0,0.995
2025-12-07 05:00,4.202,0.018,0,0.002,1.258,0,0,0.991
2025-12-07 06:00,4.413,0.024,0,0.002,1.257,0,0,0.989
2025-12-07 07:00,4.567,0.036,0,0.002,1.256,0.346,3.533,0.990
2025-12-07 08:00,4.887,0.087,0,0.002,1.255,10.559,80.006,0.992
2025-12-07 09:00,5.273,0.197,0,0.002,1.255,22.182,157.834,0.992
2025-12-07 10:00,5.331,0.238,0,0.002,1.254,27.495,193.290,0.992
2025-12-07 11:00,5.300,0.181,0,0.002,1.254,25.306,183.971,0.996
2025-12-07 12:00,5.217,0.142,0,0.002,1.253,17.182,130.470,0.997
2025-12-07 13:00,4.949,0.114,0,0.002,1.253,4.084,38.611,0.996
2025-12-07 14:00,4.871,0.088,0,0.002,1.253,0,0,0.995
2025-12-07 15:00,4.999,0.073,0,0.002,1.253,0,0,0.979
2025-12-07 16:00,5.174,0.065,0,0.002,1.254,0,0,0.933
2025-12-07 17:00,5.130,0.055,0,0.002,1.255,0,0,0.866
2025-12-07 18:00,5.150,0.041,0,0.002,1.255,0,0,0.821
2025-12-07 19:00,5.184,0.042,0,0.002,1.255,0,0,0.800
2025-12-07 20:00,5.196,0.044,0,0.002,1.256,0,0,0.803
2025-12-07 21:00,5.061,0.042,0,0.002,1.256,0,0,0.731
2025-12-07 22:00,4.823,0.026,0,0.002,1.258,0,0,0.800
2025-12-07 23:00,4.732,0.028,0,0.002,1.258,0,0,0.906
2025-12-08 00:00,4.674,0.044,0,0.002,1.259,0,0,0.950
2025-12-08 01:00,4.704,0.058,0,0.002,1.258,0,0,0.980
2025-12-08 02:00,4.884,0.058,0,0.002,1.257,0,0,0.995
2025-12-08 03:00,5.103,0.058,0,0.001,1.254,0,0,0.993
2025-12-08 04:00,5.362,0.059,0,0.001,1.252,0,0,0.993
2025-12-08 05:00,5.627,0.063,0,0.001,1.249,0,0,0.992
2025-12-08 06:00,5.799,0.091,0,0.001,1.248,0,0,0.997
2025-12-08 07:00,5.818,0.219,0,0.001,1.248,0.022,2.964,0.998
2025-12-08 08:00,5.867,0.388,0,0.001,1.247,2.601,77.444,0.998
2025-12-08 09:00,5.927,0.360,0,0.001,1.245,7.912,155.212,0.998
2025-12-08 10:00,6.001,0.517,0,0.001,1.243,12.178,190.671,0.998
2025-12-08 11:00,6.016,0.770,0,0.001,1.242,11.754,181.351,0.997
2025-12-08 12:00,5.917,0.867,0,0.001,1.241,8.952,127.907,0.971
2025-12-08 13:00,5.788,0.767,0,0.001,1.240,2.109,36.568,0.893
2025-12-08 14:00,5.803,0.437,0,0.001,1.238,0,0,0.857
2025-12-08 15:00,5.941,0.307,0,0.001,1.236,0,0,0.805
2025-12-08 16:00,6.052,0.417,0,0.001,1.234,0,0,0.818
2025-12-08 17:00,6.186,0.455,0,0.001,1.233,0,0,0.907
2025-12-08 18:00,6.263,0.254,0,0.001,1.231,0,0,0.874
2025-12-08 19:00,6.309,0.103,0,0.001,1.230,0,0,0.737
2025-12-08 20:00,6.190,0.055,0,0.001,1.231,0,0,0.724
2025-12-08 21:00,6.110,0.068,0,0.001,1.233,0,0,0.866
2025-12-08 22:00,6.139,0.131,0,0.001,1.233,0,0,0.939
2025-12-08 23:00,6.226,0.183,0,0.001,1.233,0,0,0.952
2025-12-09 00:00,6.270,0.186,0,0.001,1.233,0,0,0.972
2025-12-09 01:00,6.207,0.122,0,0.001,1.234,0,0,0.936
2025-12-09 02:00,5.995,0.090,0,0.001,1.236,0,0,0.855
2025-12-09 03:00,5.720,0.082,0,0.001,1.238,0,0,0.760
2025-12-09 04:00,5.407,0.069,0,0.001,1.241,0,0,0.731
2025-12-09 05:00,5.080,0.058,0,0.001,1.243,0,0,0.728
2025-12-09 06:00,4.756,0.046,0,0.001,1.246,0,0,0.759
2025-12-09 07:00,4.459,0.032,0,0.001,1.249,0.177,2.479,0.802
2025-12-09 08:00,4.221,0.023,0,0.001,1.252,8.237,75.048,0.867
2025-12-09 09:00,4.057,0.018,0,0.001,1.254,17.290,152.812,0.863
2025-12-09 10:00,3.879,0.016,0,0.001,1.256,27.861,188.233,0.785
2025-12-09 11:00,3.793,0.012,0,0.001,1.257,35.789,178.914,0.794
2025-12-09 12:00,3.699,0.012,0,0.001,1.258,23.628,125.512,0.755
2025-12-09 13:00,3.531,0.012,0,0.001,1.260,4.526,34.713,0.732
2025-12-09 14:00,3.297,0.010,0,0.001,1.262,0,0,0.768
2025-12-09 15:00,3.063,0.010,0,0.001,1.265,0,0,0.879
2025-12-09 16:00,2.836,0.013,0,0.001,1.267,0,0,0.965
2025-12-09 17:00,2.607,0.015,0,0.001,1.269,0,0,0.984
2025-12-09 18:00,2.449,0.014,0,0.001,1.270,0,0,0.984
2025-12-09 19:00,2.315,0.016,0,0.001,1.271,0,0,0.973
2025-12-09 20:00,2.156,0.019,0,0.001,1.272,0,0,0.988
2025-12-09 21:00,2.037,0.019,0,0.001,1.273,0,0,0.998
2025-12-09 22:00,2.000,0.017,0,0.001,1.274,0,0,0.998
2025-12-09 23:00,1.999,0.015,0,0.001,1.273,0,0,0.993
2025-12-10 00:00,2.140,0.015,0,0.001,1.272,0,0,0.992
2025-12-10 01:00,2.354,0.017,0,0.001,1.271,0,0,0.994
2025-12-10 02:00,2.601,0.019,0,0.001,1.269,0,0,0.997
2025-12-10 03:00,2.955,0.045,0,0.001,1.266,0,0,0.997
2025-12-10 04:00,3.359,0.255,0,0.001,1.262,0,0,0.997
2025-12-10 05:00,3.843,0.696,0,0.001,1.258,0,0,0.995
2025-12-10 06:00,4.365,0.504,0,0.001,1.253,0,0,0.994
2025-12-10 07:00,4.892,0.329,0,0.001,1.249,0.004,2.068,0.997
2025-12-10 08:00,5.588,0.289,0,0.001,1.244,1.721,72.830,0.999
2025-12-10 09:00,6.228,0.230,0,0.001,1.239,2.827,150.545,0.998
2025-12-10 10:00,6.682,0.051,0,0,1.236,10.634,185.980,0.994
2025-12-10 11:00,6.931,0.013,0,0,1.235,27.937,176.664,0.965
2025-12-10 12:00,7.255,0.016,0,0,1.233,29.444,123.302,0.840
2025-12-10 13:00,7.503,0.023,0,0,1.232,5.430,33.035,0.703
2025-12-10 14:00,7.466,0.030,0,0,1.232,0,0,0.633
2025-12-10 15:00,7.305,0.030,0,0,1.234,0,0,0.607
2025-12-10 16:00,7.132,0.029,0,0,1.235,0,0,0.632
2025-12-10 17:00,6.980,0.022,0,0,1.236,0,0,0.664
2025-12-10 18:00,6.896,0.016,0,0,1.237,0,0,0.752
2025-12-10 19:00,6.924,0.016,0,0,1.238,0,0,0.774
2025-12-10 20:00,6.991,0.013,0,0,1.237,0,0,0.757
2025-12-10 21:00,7.073,0.012,0,0,1.237,0,0,0.769
2025-12-10 22:00,7.118,0.014,0,0,1.237,0,0,0.798
2025-12-10 23:00,7.107,0.020,0,0,1.237,0,0,0.819
2025-12-11 00:00,7.043,0.027,0,0,1.237,0,0,0.770
2025-12-11 01:00,6.966,0.029,0,0,1.236,0,0,0.788
2025-12-11 02:00,6.878,0.027,0,0,1.237,0,0,0.847
2025-12-11 03:00,6.746,0.023,0,0,1.237,0,0,0.748
2025-12-11 04:00,6.568,0.017,0,0,1.238,0,0,0.712
2025-12-11 05:00,6.466,0.022,0,0,1.239,0,0,0.791
2025-12-11 06:00,6.446,0.033,0,0,1.239,0,0,0.861
2025-12-11 07:00,6.615,0.030,0,0,1.238,0.057,1.724,0.937
2025-12-11 08:00,6.840,0.025,0,0,1.237,5.192,70.787,0.987
2025-12-11 09:00,7.060,0.023,0,0,1.236,14.327,148.462,0.997
2025-12-11 10:00,7.165,0.059,0,0,1.236,19.403,183.878,0.997
2025-12-11 11:00,7.069,0.340,0,0,1.236,15.497,174.601,0.985
2025-12-11 12:00,6.797,0.808,0,0,1.237,8.078,121.260,0.959
2025-12-11 13:00,6.544,0.912,0,0,1.238,1.194,31.526,0.911
2025-12-11 14:00,6.284,0.414,0,0,1.239,0,0,0.820
2025-12-11 15:00,6.143,0.074,0,0,1.240,0,0,0.710
2025-12-11 16:00,6.110,0.037,0,0,1.242,0,0,0.668
2025-12-11 17:00,5.975,0.031,0,0,1.245,0,0,0.715
2025-12-11 18:00,5.719,0.028,0,0,1.248,0,0,0.742
2025-12-11 19:00,5.401,0.025,0,0,1.252,0,0,0.806
2025-12-11 20:00,5.080,0.021,0,0,1.255,0,0,0.841
2025-12-11 21:00,4.757,0.021,0,0,1.259,0,0,0.907
2025-12-11 22:00,4.446,0.023,0,0,1.262,0,0,0.962
2025-12-11 23:00,4.054,0.026,0,0,1.266,0,0,0.982
2025-12-12 00:00,3.656,0.026,0,0,1.269,0,0,0.994
2025-12-12 01:00,3.359,0.021,0,0,1.271,0,0,0.977
2025-12-12 02:00,3.114,0.023,0,0,1.273,0,0,0.887
2025-12-12 03:00,2.920,0.028,0,0,1.275,0,0,0.864
2025-12-12 04:00,2.836,0.028,0,0,1.277,0,0,0.833
2025-12-12 05:00,2.726,0.023,0,0,1.279,0,0,0.870
2025-12-12 06:00,2.641,0.017,0,0,1.281,0,0,0.956
2025-12-12 07:00,2.511,0.017,0,0,1.283,0.139,1.443,0.973
2025-12-12 08:00,2.388,0.019,0,0,1.285,10.373,68.923,0.988
2025-12-12 09:00,2.393,0.013,0,0,1.287,25.108,146.584,0.885
2025-12-12 10:00,2.325,0.009,0,0,1.288,59.769,182.003,0.668
2025-12-12 11:00,2.287,0.008,0,0,1.289,61.825,172.723,0.639
2025-12-12 12:00,2.007,0.004,0,0,1.291,41.862,119.397,0.682
2025-12-12 13:00,1.450,0.004,0,0,1.294,7.995,30.169,0.819
2025-12-12 14:00,1.040,0.012,0.001,0,1.296,0,0,0.950
2025-12-12 15:00,0.862,0.027,0.005,0.001,1.298,0,0,0.964
2025-12-12 16:00,0.824,0.038,0.008,0.001,1.299,0,0,0.979
2025-12-12 17:00,0.796,0.036,0.004,0.001,1.299,0,0,0.981
2025-12-12 18:00,0.868,0.033,0.004,0.001,1.299,0,0,0.994
2025-12-12 19:00,1.065,0.027,0.004,0.001,1.298,0,0,0.996
2025-12-12 20:00,1.257,0.029,0.004,0.001,1.297,0,0,0.995
2025-12-12 21:00,1.436,0.040,0.002,0,1.296,0,0,0.996
2025-12-12 22:00,1.643,0.054,0.004,0.001,1.295,0,0,0.995
2025-12-12 23:00,1.904,0.082,0.007,0.004,1.294,0,0,0.988
2025-12-13 00:00,2.047,0.114,0.003,0.006,1.293,0,0,0.983
2025-12-13 01:00,2.077,0.112,0.005,0.008,1.292,0,0,0.958
2025-12-13 02:00,2.077,0.150,0.007,0.018,1.292,0,0,0.986
2025-12-13 03:00,2.127,0.146,0.001,0.019,1.291,0,0,0.985
2025-12-13 04:00,2.321,0.161,0.001,0.019,1.289,0,0,0.985
2025-12-13 05:00,2.533,0.142,0.001,0.019,1.287,0,0,0.990
2025-12-13 06:00,2.695,0.120,0,0.019,1.285,0,0,0.996
2025-12-13 07:00,2.823,0.149,0,0.018,1.284,0.025,1.208,0.997
2025-12-13 08:00,2.873,0.169,0,0.017,1.283,4.192,67.216,0.998
2025-12-13 09:00,2.940,0.248,0,0.017,1.282,10.436,144.859,0.998
2025-12-13 10:00,3.040,0.379,0,0.016,1.280,10.769,180.292,0.998
2025-12-13 11:00,3.171,0.626,0,0.016,1.278,8.148,171.035,0.998
2025-12-13 12:00,3.306,0.761,0,0.015,1.276,4.317,117.709,0.998
2025-12-13 13:00,3.480,0.767,0,0.015,1.274,0.467,28.978,0.998
2025-12-13 14:00,3.672,0.610,0,0.015,1.271,0,0,0.998
2025-12-13 15:00,3.814,0.515,0,0.015,1.269,0,0,0.997
2025-12-13 16:00,3.796,0.504,0,0.014,1.267,0,0,0.980
2025-12-13 17:00,3.585,0.340,0,0.014,1.267,0,0,0.911
2025-12-13 18:00,3.434,0.118,0,0.014,1.267,0,0,0.827
2025-12-13 19:00,3.266,0.024,0,0.014,1.268,0,0,0.777
2025-12-13 20:00,3.303,0.016,0,0.014,1.270,0,0,0.847
2025-12-13 21:00,3.153,0.014,0,0.014,1.272,0,0,0.950
2025-12-13 22:00,3.021,0.012,0,0.014,1.273,0,0,0.994
2025-12-13 23:00,2.933,0.013,0,0.013,1.274,0,0,0.994
2025-12-14 00:00,2.880,0.011,0,0.013,1.274,0,0,0.996
2025-12-14 01:00,2.821,0.005,0,0.013,1.273,0,0,0.998
2025-12-14 02:00,2.932,0.006,0,0.013,1.272,0,0,0.998
2025-12-14 03:00,3.198,0.008,0,0.013,1.270,0,0,0.999
2025-12-14 04:00,3.627,0.011,0,0.012,1.268,0,0,0.995
2025-12-14 05:00,3.902,0.013,0,0.012,1.265,0,0,0.996
2025-12-14 06:00,4.242,0.014,0,0.012,1.263,0,0,0.997
2025-12-14 07:00,4.499,0.013,0,0.011,1.261,0.064,1.022,0.995
2025-12-14 08:00,4.657,0.031,0,0.011,1.260,7.095,65.695,0.988
2025-12-14 09:00,4.744,0.271,0,0.011,1.258,15.579,143.337,0.991
2025-12-14 10:00,4.730,1.122,0,0.010,1.257,11.569,178.753,0.995
2025-12-14 11:00,4.435,1.210,0,0.010,1.258,6.860,169.496,0.996
2025-12-14 12:00,4.269,0.863,0,0.009,1.257,5.548,116.209,0.992
2025-12-14 13:00,4.460,0.368,0,0.009,1.255,1.814,27.919,0.988
2025-12-14 14:00,5.141,0.121,0,0.009,1.250,0,0,0.991
2025-12-14 15:00,5.721,0.019,0,0.008,1.246,0,0,0.957
2025-12-14 16:00,6.060,0.022,0,0.008,1.244,0,0,0.975
2025-12-14 17:00,6.329,0.018,0,0.007,1.243,0,0,0.986
2025-12-14 18:00,6.560,0.011,0,0.007,1.242,0,0,0.989
2025-12-14 19:00,6.896,0.019,0,0.006,1.241,0,0,0.996
2025-12-14 20:00,7.017,0.024,0,0.006,1.241,0,0,0.998
2025-12-14 21:00,7.002,0.020,0,0.006,1.241,0,0,0.998
2025-12-14 22:00,7.008,0.015,0,0.005,1.241,0,0,0.996
2025-12-14 23:00,6.974,0.016,0,0.005,1.241,0,0,0.996
2025-12-15 00:00,6.843,0.017,0,0.005,1.242,0,0,0.992
2025-12-15 01:00,6.684,0.032,0,0.005,1.243,0,0,0.984
2025-12-15 02:00,6.488,0.096,0,0.005,1.244,0,0,0.984
2025-12-15 03:00,6.311,0.101,0,0.004,1.244,0,0,0.985
2025-12-15 04:00,6.214,0.087,0,0.004,1.245,0,0,0.985
2025-12-15 05:00,6.299,0.055,0,0.004,1.244,0,0,0.979
2025-12-15 06:00,6.466,0.021,0,0.004,1.243,0,0,0.971
2025-12-15 07:00,6.396,0.007,0,0.004,1.243,0.128,0.869,0.864
2025-12-15 08:00,6.304,0.004,0,0.003,1.244,13.816,64.362,0.775
2025-12-15 09:00,6.314,0.003,0,0.003,1.244,40.871,141.984,0.843
2025-12-15 10:00,6.328,0.012,0,0.003,1.245,47.521,177.380,0.939
2025-12-15 11:00,6.213,0.019,0,0.003,1.246,36.149,168.160,0.968
2025-12-15 12:00,6.041,0.017,0,0.002,1.247,16.984,114.897,0.975
2025-12-15 13:00,5.928,0.017,0,0.002,1.248,3.283,27.019,0.970
2025-12-15 14:00,5.908,0.009,0,0.002,1.248,0,0,0.920
2025-12-15 15:00,5.939,0.004,0,0.002,1.248,0,0,0.929
2025-12-15 16:00,5.840,0.006,0,0.002,1.249,0,0,0.819
2025-12-15 17:00,5.835,0.016,0,0.002,1.249,0,0,0.744
2025-12-15 18:00,5.992,0.026,0,0.001,1.249,0,0,0.751
2025-12-15 19:00,6.151,0.026,0,0,1.249,0,0,0.774
2025-12-15 20:00,6.253,0.022,0,0,1.249,0,0,0.699
2025-12-15 21:00,6.277,0.016,0,0,1.249,0,0,0.579
2025-12-15 22:00,6.116,0.011,0,0,1.250,0,0,0.484
2025-12-15 23:00,5.893,0.009,0,0,1.252,0,0,0.460
2025-12-16 00:00,5.573,0.007,0,0,1.254,0,0,0.532
2025-12-16 01:00,5.357,0.005,0,0,1.256,0,0,0.584
2025-12-16 02:00,5.258,0.004,0,0,1.257,0,0,0.586
2025-12-16 03:00,5.054,0.004,0,0,1.258,0,0,0.522
2025-12-16 04:00,4.898,0.003,0,0,1.259,0,0,0.517
2025-12-16 05:00,4.875,0.002,0,0,1.259,0,0,0.416
2025-12-16 06:00,4.619,0.002,0,0,1.261,0,0,0.547
2025-12-16 07:00,4.411,0.001,0,0,1.262,0.086,0.753,0.864
2025-12-16 08:00,4.453,0.001,0,0,1.263,13.212,63.206,0.971
2025-12-16 09:00,4.631,0.001,0,0,1.263,36.588,140.834,0.941
2025-12-16 10:00,4.829,0.001,0,0,1.263,47.639,176.249,0.870
2025-12-16 11:00,4.923,0.002,0,0,1.262,45.089,166.998,0.910
2025-12-16 12:00,4.898,0.003,0,0,1.262,19.098,113.770,0.897
2025-12-16 13:00,4.672,0.002,0,0,1.263,4.198,26.243,0.636
2025-12-16 14:00,4.411,0.004,0,0,1.264,0,0,0.584
2025-12-16 15:00,4.270,0.007,0,0,1.265,0,0,0.872
2025-12-16 16:00,4.284,0.008,0,0,1.265,0,0,0.923
2025-12-16 17:00,4.311,0.010,0,0,1.265,0,0,0.867
2025-12-16 18:00,4.439,0.016,0,0,1.265,0,0,0.908
2025-12-16 19:00,4.494,0.020,0,0,1.265,0,0,0.958
2025-12-16 20:00,4.564,0.022,0,0,1.264,0,0,0.956
2025-12-16 21:00,4.710,0.014,0,0,1.263,0,0,0.907
2025-12-16 22:00,4.900,0.008,0,0,1.262,0,0,0.872
2025-12-16 23:00,4.999,0.004,0,0,1.261,0,0,0.812
2025-12-17 00:00,4.897,0.003,0,0,1.261,0,0,0.749
2025-12-17 01:00,4.729,0.008,0,0,1.262,0,0,0.895
2025-12-17 02:00,4.750,0.011,0,0,1.261,0,0,0.980
2025-12-17 03:00,4.858,0.013,0,0,1.260,0,0,0.996
2025-12-17 04:00,5.108,0.023,0,0,1.258,0,0,0.999
2025-12-17 05:00,5.092,0.047,0,0,1.258,0,0,1.000
2025-12-17 06:00,5.003,0.127,0,0,1.258,0,0,0.998
2025-12-17 07:00,4.881,0.627,0,0,1.258,0.017,0.659,0.997
2025-12-17 08:00,4.882,1.311,0,0,1.257,2.155,62.227,0.996
2025-12-17 09:00,5.024,1.122,0,0,1.256,6.747,139.859,0.995
2025-12-17 10:00,5.196,0.436,0,0,1.255,14.293,175.255,0.957
2025-12-17 11:00,5.349,0.203,0,0,1.254,18.862,166.035,0.904
2025-12-17 12:00,5.494,0.040,0,0,1.253,17.114,112.803,0.932
2025-12-17 13:00,5.499,0.006,0,0,1.253,4.211,25.606,0.975
2025-12-17 14:00,5.495,0.006,0,0,1.254,0,0,0.974
2025-12-17 15:00,5.424,0.004,0,0,1.255,0,0,0.914
2025-12-17 16:00,5.304,0.002,0,0,1.256,0,0,0.616
2025-12-17 17:00,5.059,0.002,0,0,1.258,0,0,0.746
2025-12-17 18:00,4.906,0.003,0,0,1.260,0,0,0.919
2025-12-17 19:00,4.693,0.004,0,0,1.262,0,0,0.970
2025-12-17 20:00,4.375,0.005,0,0,1.265,0,0,0.954
2025-12-17 21:00,3.942,0.003,0,0,1.267,0,0,0.891
2025-12-17 22:00,3.355,0.001,0,0,1.269,0,0,0.808
2025-12-17 23:00,2.055,0.002,0,0,1.271,0,0,0.889
2025-12-18 00:00,1.744,0.003,0,0,1.273,0,0,0.915
2025-12-18 01:00,2.417,0.007,0,0,1.276,0,0,0.968
2025-12-18 02:00,2.519,0.014,0,0,1.277,0,0,0.973
2025-12-18 03:00,2.503,0.021,0,0,1.278,0,0,0.987
2025-12-18 04:00,2.654,0.036,0,0,1.276,0,0,0.991
2025-12-18 05:00,2.739,0.029,0,0,1.276,0,0,0.988
2025-12-18 06:00,2.722,0.026,0,0,1.275,0,0,0.978
2025-12-18 07:00,2.819,0.025,0,0,1.275,0.088,0.588,0.985
2025-12-18 08:00,3.160,0.018,0,0,1.273,8.488,61.435,0.994
2025-12-18 09:00,3.760,0.015,0,0,1.269,16.552,139.047,0.996
2025-12-18 10:00,4.514,0.015,0,0,1.264,16.697,174.442,0.993
2025-12-18 11:00,5.174,0.014,0,0,1.260,17.125,165.248,0.994
2025-12-18 12:00,5.628,0.009,0,0,1.256,10.250,112.033,0.996
2025-12-18 13:00,5.881,0.013,0,0,1.254,2.135,25.099,0.988
2025-12-18 14:00,6.012,0.008,0,0,1.253,0,0,0.984
2025-12-18 15:00,5.899,0.009,0,0,1.254,0,0,0.978
2025-12-18 16:00,5.655,0.004,0,0,1.256,0,0,0.972
2025-12-18 17:00,5.352,0.002,0,0,1.257,0,0,0.964
2025-12-18 18:00,5.054,0.002,0,0,1.259,0,0,0.955
2025-12-18 19:00,4.715,0.002,0,0,1.261,0,0,0.963
2025-12-18 20:00,4.675,0.003,0,0,1.262,0,0,0.971
2025-12-18 21:00,4.787,0.005,0,0,1.263,0,0,0.972
2025-12-18 22:00,4.799,0.006,0,0,1.263,0,0,0.964
2025-12-18 23:00,4.772,0.005,0,0,1.263,0,0,0.910
2025-12-19 00:00,4.870,0.003,0,0,1.262,0,0,0.807
2025-12-19 01:00,5.047,0.014,0,0,1.260,0,0,0.905
2025-12-19 02:00,5.248,0.130,0,0,1.259,0,0,0.965
2025-12-19 03:00,5.431,0.420,0,0,1.258,0,0,0.996
2025-12-19 04:00,5.442,0.262,0,0,1.257,0,0,0.994
2025-12-19 05:00,5.392,0.132,0,0,1.256,0,0,0.995
2025-12-19 06:00,5.478,0.104,0,0,1.255,0,0,0.998
2025-12-19 07:00,5.650,0.112,0,0,1.254,0.015,0.539,0.998
2025-12-19 08:00,5.780,0.143,0,0,1.252,4.373,60.821,0.995
2025-12-19 09:00,5.868,0.143,0,0,1.251,14.671,138.459,0.986
2025-12-19 10:00,5.972,0.130,0,0,1.250,20.321,173.874,0.991
2025-12-19 11:00,6.118,0.109,0,0,1.249,18.734,164.660,0.989
2025-12-19 12:00,6.305,0.060,0,0,1.248,13.321,111.458,0.982
2025-12-19 13:00,6.440,0.027,0,0,1.247,2.975,24.714,0.978
2025-12-19 14:00,6.526,0.014,0,0,1.246,0,0,0.988
2025-12-19 15:00,6.572,0.007,0,0,1.246,0,0,0.989
2025-12-19 16:00,6.567,0.005,0,0,1.247,0,0,0.993
2025-12-19 17:00,6.565,0.005,0,0,1.247,0,0,0.995
2025-12-19 18:00,6.519,0.005,0,0,1.247,0,0,0.996
2025-12-19 19:00,6.377,0.005,0,0,1.249,0,0,0.996
2025-12-19 20:00,6.223,0.005,0,0,1.250,0,0,0.996
2025-12-19 21:00,6.040,0.005,0,0,1.251,0,0,0.997
2025-12-19 22:00,5.826,0.004,0,0,1.252,0,0,0.996
2025-12-19 23:00,5.594,0.004,0,0,1.253,0,0,0.991
2025-12-20 00:00,5.399,0.003,0,0,1.254,0,0,0.958
2025-12-20 01:00,5.203,0.003,0,0,1.255,0,0,0.900
2025-12-20 02:00,4.997,0.005,0,0,1.255,0,0,0.675
2025-12-20 03:00,4.892,0.007,0,0,1.255,0,0,0.558
2025-12-20 04:00,4.918,0.009,0,0,1.255,0,0,0.461
2025-12-20 05:00,5.016,0.012,0,0,1.254,0,0,0.531
2025-12-20 06:00,5.232,0.013,0,0,1.253,0,0,0.615
2025-12-20 07:00,5.520,0.016,0,0,1.251,0.068,0.506,0.700
2025-12-20 08:00,5.805,0.021,0,0,1.249,8.297,60.404,0.727
2025-12-20 09:00,6.116,0.023,0,0,1.248,24.983,138.043,0.756
2025-12-20 10:00,6.399,0.032,0,0,1.246,28.365,173.442,0.863
2025-12-20 11:00,6.617,0.037,0,0,1.245,21.738,164.248,0.906
2025-12-20 12:00,6.780,0.052,0,0,1.244,9.040,111.053,0.883
2025-12-20 13:00,6.808,0.058,0,0,1.244,2.242,24.452,0.741
2025-12-20 14:00,6.722,0.020,0,0,1.244,0,0,0.616
2025-12-20 15:00,6.587,0.007,0,0,1.245,0,0,0.416
2025-12-20 16:00,6.248,0.002,0,0,1.248,0,0,0.490
2025-12-20 17:00,5.999,0.001,0,0,1.251,0,0,0.387
2025-12-20 18:00,5.424,0.001,0,0,1.255,0,0,0.294
2025-12-20 19:00,4.877,0.001,0,0,1.259,0,0,0.395
2025-12-20 20:00,4.386,0,0,0,1.263,0,0,0.284
2025-12-20 21:00,3.895,0.001,0,0,1.267,0,0,0.337
2025-12-20 22:00,3.536,0.001,0,0,1.270,0,0,0.322
2025-12-20 23:00,3.260,0,0,0,1.272,0,0,0.292
2025-12-21 00:00,2.952,0,0,0,1.274,0,0,0.312
2025-12-21 01:00,2.706,0,0,0,1.276,0,0,0.380
2025-12-21 02:00,2.576,0,0,0,1.278,0,0,0.350
2025-12-21 03:00,2.446,0,0,0,1.279,0,0,0.244
2025-12-21 04:00,2.059,0.001,0,0,1.282,0,0,0.523
2025-12-21 05:00,2.038,0.001,0,0,1.283,0,0,0.489
2025-12-21 06:00,1.854,0.002,0,0,1.285,0,0,0.613
2025-12-21 07:00,1.671,0.003,0,0,1.287,0.092,0.487,0.724
2025-12-21 08:00,1.543,0.004,0.001,0,1.288,11.696,60.155,0.747
2025-12-21 09:00,1.565,0.004,0.001,0,1.289,33.246,137.797,0.771
2025-12-21 10:00,1.726,0.003,0,0,1.289,43.679,173.249,0.721
2025-12-21 11:00,1.889,0.002,0,0,1.288,45.901,164.055,0.611
2025-12-21 12:00,1.999,0.001,0,0,1.287,33.820,110.845,0.452
2025-12-21 13:00,1.774,0,0,0,1.287,6.366,24.312,0.378
2025-12-21 14:00,1.482,0,0,0,1.288,0,0,0.368
2025-12-21 15:00,1.377,0,0,0,1.290,0,0,0.419
2025-12-21 16:00,1.257,0.002,0.001,0,1.292,0,0,0.472
2025-12-21 17:00,0.922,0.001,0,0,1.293,0,0,0.503
2025-12-21 18:00,0.856,0.002,0.002,0,1.295,0,0,0.595
2025-12-21 19:00,0.721,0.008,0.007,0.001,1.296,0,0,0.682
2025-12-21 20:00,0.612,0.011,0.011,0.001,1.298,0,0,0.689
2025-12-21 21:00,0.466,0.014,0.014,0.002,1.299,0,0,0.707
2025-12-21 22:00,0.361,0.017,0.016,0.002,1.300,0,0,0.755
2025-12-21 23:00,0.260,0.018,0.018,0.002,1.300,0,0,0.727
2025-12-22 00:00,0.128,0.022,0.019,0.002,1.301,0,0,0.736
2025-12-22 01:00,0.014,0.022,0.018,0.002,1.302,0,0,0.801
2025-12-22 02:00,-0.061,0.018,0.015,0.002,1.302,0,0,0.806
2025-12-22 03:00,-0.227,0.018,0.015,0.002,1.303,0,0,0.770
2025-12-22 04:00,-0.350,0.020,0.017,0.002,1.304,0,0,0.788
2025-12-22 05:00,-0.449,0.018,0.017,0.002,1.305,0,0,0.761
2025-12-22 06:00,-0.585,0.017,0.016,0.002,1.305,0,0,0.750
2025-12-22 07:00,-0.584,0.016,0.016,0.002,1.306,0.066,0.482,0.881
2025-12-22 08:00,-0.448,0.014,0.014,0.002,1.306,10.775,60.092,0.924
2025-12-22 09:00,-0.158,0.011,0.011,0.001,1.306,26.872,137.734,0.948
2025-12-22 10:00,0.214,0.009,0.009,0.001,1.304,37.396,173.192,0.934
2025-12-22 11:00,0.535,0.010,0.010,0.001,1.303,37.428,163.998,0.908
2025-12-22 12:00,0.767,0.010,0.007,0.001,1.301,23.124,110.814,0.901
2025-12-22 13:00,0.856,0.009,0.004,0.001,1.301,4.042,24.289,0.879
2025-12-22 14:00,0.984,0.014,0.006,0.001,1.300,0,0,0.875
2025-12-22 15:00,1.260,0.015,0.006,0.001,1.299,0,0,0.842
2025-12-22 16:00,1.356,0.013,0.005,0.001,1.298,0,0,0.794
2025-12-22 17:00,1.446,0.018,0.004,0.001,1.299,0,0,0.847
2025-12-22 18:00,1.540,0.023,0.001,0,1.299,0,0,0.816
2025-12-22 19:00,1.454,0.029,0.002,0,1.300,0,0,0.854
2025-12-22 20:00,1.461,0.042,0.004,0,1.301,0,0,0.869
2025-12-22 21:00,1.368,0.052,0.005,0.001,1.303,0,0,0.846
2025-12-22 22:00,1.225,0.055,0.005,0.001,1.304,0,0,0.807
2025-12-22 23:00,1.002,0.058,0.005,0.001,1.305,0,0,0.755
2025-12-23 00:00,0.793,0.056,0.012,0.002,1.307,0,0,0.735
2025-12-23 01:00,0.548,0.069,0.051,0.007,1.308,0,0,0.684
2025-12-23 02:00,0.440,0.060,0.043,0.030,1.309,0,0,0.614
2025-12-23 03:00,0.216,0.048,0.037,0.053,1.310,0,0,0.582
2025-12-23 04:00,0.032,0.044,0.037,0.074,1.312,0,0,0.553
2025-12-23 05:00,-0.171,0.033,0.028,0.088,1.313,0,0,0.519
2025-12-23 06:00,-0.447,0.026,0.024,0.098,1.313,0,0,0.505
2025-12-23 07:00,-0.653,0.019,0.017,0.104,1.314,0.059,0.490,0.470
2025-12-23 08:00,-0.682,0.014,0.012,0.106,1.315,16.402,60.217,0.401
2025-12-23 09:00,-0.309,0.007,0.006,0.106,1.316,53.083,137.896,0.267
2025-12-23 10:00,-0.063,0.003,0.003,0.106,1.317,77.360,173.374,0.270
2025-12-23 11:00,-0.209,0.001,0.001,0.106,1.318,73.821,164.180,0.268
2025-12-23 12:00,-0.821,0.002,0.002,0.106,1.320,45.520,110.989,0.333
2025-12-23 13:00,-1.924,0.003,0.003,0.107,1.322,7.166,24.397,0.677
2025-12-23 14:00,-2.220,0.003,0.003,0.107,1.324,0,0,0.940
2025-12-23 15:00,-2.101,0.004,0.004,0.108,1.326,0,0,0.972
2025-12-23 16:00,-2.138,0.005,0.004,0.109,1.327,0,0,0.969
2025-12-23 17:00,-2.172,0.004,0.003,0.110,1.327,0,0,0.975
2025-12-23 18:00,-2.146,0.002,0.002,0.110,1.327,0,0,0.971
2025-12-23 19:00,-2.236,0.001,0.001,0.110,1.327,0,0,0.965
2025-12-23 20:00,-2.448,0.001,0,0.110,1.327,0,0,0.946
2025-12-23 21:00,-2.198,0,0,0.110,1.328,0,0,0.797
2025-12-23 22:00,-2.266,0,0,0.110,1.329,0,0,0.683
2025-12-23 23:00,-2.520,0.001,0.001,0.111,1.330,0,0,0.711
2025-12-24 00:00,-2.520,0.001,0.001,0.111,1.331,0,0,0.629
2025-12-24 01:00,-2.780,0.001,0.001,0.111,1.332,0,0,0.652
2025-12-24 02:00,-2.914,0.002,0.002,0.112,1.332,0,0,0.613
2025-12-24 03:00,-3.024,0.006,0.006,0.115,1.333,0,0,0.534
2025-12-24 04:00,-3.200,0.011,0.011,0.120,1.333,0,0,0.481
2025-12-24 05:00,-3.179,0.016,0.016,0.130,1.334,0,0,0.522
2025-12-24 06:00,-3.295,0.014,0.014,0.137,1.334,0,0,0.596
2025-12-24 07:00,-3.328,0.014,0.014,0.145,1.335,0.061,0.512,0.694
2025-12-24 08:00,-3.216,0.005,0.005,0.149,1.335,14.922,60.520,0.541
2025-12-24 09:00,-2.975,0.001,0.001,0.149,1.334,53.978,138.231,0.218
2025-12-24 10:00,-2.673,0,0,0.149,1.332,90.436,173.692,0.123
2025-12-24 11:00,-2.442,0,0,0.149,1.331,87.003,164.498,0.068
2025-12-24 12:00,-2.497,0,0,0.149,1.330,55.856,111.333,0.033
2025-12-24 13:00,-3.227,0,0,0.149,1.331,9.272,24.625,0.322
2025-12-24 14:00,-3.521,0.001,0.001,0.149,1.332,0,0,0.732
2025-12-24 15:00,-3.082,0.002,0.002,0.150,1.333,0,0,0.901
2025-12-24 16:00,-2.743,0.002,0.002,0.152,1.331,0,0,0.961
2025-12-24 17:00,-2.559,0.001,0.001,0.153,1.330,0,0,0.965
2025-12-24 18:00,-2.446,0.001,0.001,0.153,1.329,0,0,0.968
2025-12-24 19:00,-2.205,0.001,0.001,0.154,1.328,0,0,0.966
2025-12-24 20:00,-2.078,0.001,0.001,0.155,1.327,0,0,0.914
2025-12-24 21:00,-1.901,0,0,0.155,1.325,0,0,0.864
2025-12-24 22:00,-1.905,0,0,0.155,1.325,0,0,0.935
2025-12-24 23:00,-1.833,0,0,0.155,1.325,0,0,0.955
2025-12-25 00:00,-1.483,0.002,0.002,0.156,1.322,0,0,0.970
2025-12-25 01:00,-0.959,0.011,0.006,0.160,1.319,0,0,0.981
2025-12-25 02:00,-0.515,0.014,0.005,0.164,1.317,0,0,0.987
2025-12-25 03:00,-0.260,0.004,0.002,0.165,1.314,0,0,0.986
2025-12-25 04:00,-0.215,0.001,0,0.165,1.314,0,0,0.988
2025-12-25 05:00,-0.405,0,0,0.165,1.314,0,0,0.965
2025-12-25 06:00,-0.858,0,0,0.165,1.316,0,0,0.944
2025-12-25 07:00,-1.305,0,0,0.164,1.318,0.097,0.548,0.942
2025-12-25 08:00,-1.587,0,0,0.164,1.319,19.314,61.008,0.943
2025-12-25 09:00,-1.475,0,0,0.164,1.318,51.652,138.734,0.942
2025-12-25 10:00,-1.154,0,0,0.163,1.315,68.497,174.249,0.947
2025-12-25 11:00,-0.747,0,0,0.163,1.312,65.315,165.060,0.950
2025-12-25 12:00,-0.510,0.001,0.001,0.163,1.309,39.226,111.864,0.960
2025-12-25 13:00,-0.441,0.002,0.002,0.163,1.308,5.966,24.972,0.963
2025-12-25 14:00,-0.260,0.001,0.001,0.164,1.306,0,0,0.965
2025-12-25 15:00,0.020,0,0,0.163,1.304,0,0,0.952
2025-12-25 16:00,0.074,0,0,0.163,1.303,0,0,0.944
2025-12-25 17:00,-0.026,0,0,0.162,1.303,0,0,0.944
2025-12-25 18:00,-0.111,0,0,0.162,1.304,0,0,0.945
2025-12-25 19:00,-0.170,0,0,0.161,1.304,0,0,0.946
2025-12-25 20:00,-0.215,0,0,0.161,1.304,0,0,0.943
2025-12-25 21:00,-0.086,0,0,0.161,1.303,0,0,0.821
2025-12-25 22:00,0.049,0,0,0.161,1.302,0,0,0.289
2025-12-25 23:00,0.111,0.001,0.001,0.161,1.302,0,0,0.249
2025-12-26 00:00,0.159,0.001,0.001,0.161,1.302,0,0,0.340
2025-12-26 01:00,0.249,0.002,0.001,0.161,1.302,0,0,0.544
2025-12-26 02:00,0.647,0.002,0.001,0.159,1.300,0,0,0.687
2025-12-26 03:00,1.931,0.001,0,0.154,1.293,0,0,0.641
2025-12-26 04:00,2.334,0,0,0.150,1.291,0,0,0.497
2025-12-26 05:00,2.045,0,0,0.147,1.292,0,0,0.290
2025-12-26 06:00,1.488,0.001,0,0.146,1.295,0,0,0.579
2025-12-26 07:00,1.362,0.008,0,0.144,1.299,0.103,0.601,0.779
2025-12-26 08:00,1.250,0.016,0,0.141,1.301,12.789,61.684,0.811
2025-12-26 09:00,1.848,0.006,0,0.138,1.299,34.335,139.422,0.781
2025-12-26 10:00,2.320,0.003,0,0.133,1.297,51.597,174.942,0.696
2025-12-26 11:00,2.168,0.005,0,0.129,1.298,44.785,165.805,0.746
2025-12-26 12:00,1.842,0.007,0,0.126,1.299,21.081,112.583,0.819
2025-12-26 13:00,1.312,0.014,0.003,0.124,1.302,3.338,25.443,0.814
2025-12-26 14:00,1.012,0.012,0.008,0.123,1.303,0,0,0.889
2025-12-26 15:00,1.044,0.007,0.006,0.123,1.303,0,0,0.853
2025-12-26 16:00,0.749,0.005,0.005,0.124,1.303,0,0,0.837
2025-12-26 17:00,0.492,0.008,0.008,0.129,1.304,0,0,0.866
2025-12-26 18:00,0.390,0.005,0.005,0.132,1.304,0,0,0.810
2025-12-26 19:00,0.031,0.009,0.009,0.136,1.306,0,0,0.732
2025-12-26 20:00,0.038,0.006,0.006,0.141,1.305,0,0,0.631
2025-12-26 21:00,-0.115,0.005,0.005,0.144,1.304,0,0,0.602
2025-12-26 22:00,-0.341,0.007,0.007,0.149,1.304,0,0,0.620
2025-12-26 23:00,-0.347,0.004,0.004,0.152,1.302,0,0,0.626
2025-12-27 00:00,-0.417,0.004,0.004,0.155,1.300,0,0,0.533
2025-12-27 01:00,-0.448,0.002,0.002,0.157,1.298,0,0,0.640
2025-12-27 02:00,-0.404,0.002,0.002,0.158,1.296,0,0,0.917
2025-12-27 03:00,-0.166,0.001,0.001,0.159,1.293,0,0,0.743
2025-12-27 04:00,-0.080,0.001,0.001,0.159,1.290,0,0,0.419
2025-12-27 05:00,0.206,0,0,0.159,1.287,0,0,0.249
2025-12-27 06:00,-0.101,0,0,0.159,1.288,0,0,0.122
2025-12-27 07:00,0.552,0,0,0.158,1.285,0.143,0.678,0.089
2025-12-27 08:00,0.995,0,0,0.157,1.282,25.247,62.538,0.098
2025-12-27 09:00,1.519,0,0,0.152,1.279,64.944,140.334,0.132
2025-12-27 10:00,1.916,0,0,0.146,1.277,87.681,175.874,0.115
2025-12-27 11:00,2.166,0,0,0.140,1.275,81.576,166.685,0.088
2025-12-27 12:00,2.168,0,0,0.135,1.274,48.905,113.489,0.078
2025-12-27 13:00,2.010,0,0,0.132,1.273,8.039,26.041,0.066
2025-12-27 14:00,1.924,0,0,0.129,1.273,0,0,0.083
2025-12-27 15:00,1.876,0,0,0.125,1.273,0,0,0.078
2025-12-27 16:00,1.718,0,0,0.122,1.275,0,0,0.087
2025-12-27 17:00,1.574,0,0,0.118,1.278,0,0,0.112
2025-12-27 18:00,1.495,0,0,0.115,1.281,0,0,0.099
2025-12-27 19:00,1.035,0,0,0.112,1.285,0,0,0.069
2025-12-27 20:00,0.465,0,0,0.110,1.290,0,0,0.059
2025-12-27 21:00,0.060,0,0,0.108,1.293,0,0,0.054
2025-12-27 22:00,-0.191,0,0,0.106,1.294,0,0,0.031
2025-12-27 23:00,-0.375,0,0,0.105,1.296,0,0,0.015
2025-12-28 00:00,-0.454,0,0,0.103,1.296,0,0,0.015
2025-12-28 01:00,-0.469,0,0,0.102,1.297,0,0,0.028
2025-12-28 02:00,-0.469,0,0,0.101,1.296,0,0,0.042
2025-12-28 03:00,-0.511,0,0,0.100,1.297,0,0,0.045
2025-12-28 04:00,-0.651,0,0,0.099,1.298,0,0,0.061
2025-12-28 05:00,-0.832,0,0,0.098,1.299,0,0,0.069
2025-12-28 06:00,-1.080,0,0,0.098,1.300,0,0,0.065
2025-12-28 07:00,-1.585,0,0,0.097,1.302,0.152,0.776,0.041
2025-12-28 08:00,-2.234,0,0,0.098,1.305,25.755,63.570,0.024
2025-12-28 09:00,-2.046,0,0,0.098,1.305,72.598,141.418,0.084
2025-12-28 10:00,-1.494,0,0,0.097,1.301,92.396,176.942,0.438
2025-12-28 11:00,-0.990,0,0,0.097,1.297,73.283,167.810,0.618
2025-12-28 12:00,-0.783,0,0,0.097,1.294,43.105,114.583,0.592
2025-12-28 13:00,-0.886,0.001,0.001,0.097,1.293,7.414,26.779,0.593
2025-12-28 14:00,-0.891,0.008,0.008,0.099,1.291,0,0,0.723
2025-12-28 15:00,-0.823,0.012,0.012,0.106,1.290,0,0,0.778
2025-12-28 16:00,-0.774,0.006,0.005,0.115,1.288,0,0,0.758
2025-12-28 17:00,-0.805,0,0,0.116,1.287,0,0,0.501
2025-12-28 18:00,-1.115,0,0,0.116,1.287,0,0,0.193
2025-12-28 19:00,-1.413,0,0,0.116,1.287,0,0,0.126
2025-12-28 20:00,-1.384,0,0,0.115,1.286,0,0,0.090
2025-12-28 21:00,-1.007,0,0,0.115,1.282,0,0,0.064
2025-12-28 22:00,-0.506,0,0,0.115,1.279,0,0,0.046
2025-12-28 23:00,-0.859,0,0,0.114,1.281,0,0,0.035
2025-12-29 00:00,-1.089,0,0,0.114,1.282,0,0,0.040
2025-12-29 01:00,-0.919,0.001,0.001,0.114,1.281,0,0,0.075
2025-12-29 02:00,-0.907,0.001,0,0.114,1.281,0,0,0.086
2025-12-29 03:00,-1.242,0,0,0.114,1.282,0,0,0.100
2025-12-29 04:00,-1.182,0,0,0.114,1.283,0,0,0.204
2025-12-29 05:00,-1.172,0,0,0.113,1.283,0,0,0.192
2025-12-29 06:00,-1.472,0,0,0.112,1.285,0,0,0.206
2025-12-29 07:00,-1.895,0,0,0.112,1.288,0.169,0.898,0.263
2025-12-29 08:00,-1.905,0.001,0.001,0.111,1.288,21.044,64.799,0.445
2025-12-29 09:00,-1.731,0.002,0.002,0.111,1.288,51.571,142.672,0.621
2025-12-29 10:00,-1.507,0.004,0.004,0.111,1.287,65.524,178.255,0.616
2025-12-29 11:00,-1.432,0.008,0.008,0.116,1.286,64.426,169.117,0.471
2025-12-29 12:00,-1.565,0.003,0.003,0.119,1.287,36.250,115.845,0.461
2025-12-29 13:00,-1.940,0.003,0.003,0.119,1.288,6.148,27.647,0.473
2025-12-29 14:00,-2.328,0.011,0.011,0.122,1.290,0,0,0.456
2025-12-29 15:00,-2.573,0.007,0.007,0.127,1.291,0,0,0.395
2025-12-29 16:00,-2.781,0.006,0.006,0.129,1.292,0,0,0.301
2025-12-29 17:00,-2.970,0.006,0.006,0.131,1.293,0,0,0.268
2025-12-29 18:00,-3.228,0.003,0.003,0.131,1.295,0,0,0.345
2025-12-29 19:00,-3.439,0.001,0.001,0.131,1.296,0,0,0.400
2025-12-29 20:00,-3.397,0.004,0.004,0.132,1.296,0,0,0.450
2025-12-29 21:00,-3.141,0.008,0.008,0.136,1.295,0,0,0.432
2025-12-29 22:00,-2.885,0.010,0.010,0.140,1.294,0,0,0.426
2025-12-29 23:00,-2.682,0.006,0.006,0.142,1.293,0,0,0.480
2025-12-30 00:00,-2.581,0.006,0.006,0.145,1.293,0,0,0.485
2025-12-30 01:00,-2.523,0.005,0.005,0.148,1.293,0,0,0.491
2025-12-30 02:00,-2.460,0.007,0.007,0.151,1.294,0,0,0.495
2025-12-30 03:00,-2.372,0.011,0.011,0.158,1.294,0,0,0.507
2025-12-30 04:00,-2.353,0.010,0.010,0.165,1.294,0,0,0.419
2025-12-30 05:00,-2.403,0.008,0.008,0.169,1.296,0,0,0.315
2025-12-30 06:00,-2.503,0.006,0.006,0.172,1.297,0,0,0.305
2025-12-30 07:00,-2.603,0.007,0.007,0.176,1.298,0.156,1.060,0.342
2025-12-30 08:00,-2.590,0.007,0.007,0.178,1.299,17.927,66.194,0.318
2025-12-30 09:00,-2.458,0.007,0.007,0.181,1.299,52.749,144.109,0.354
2025-12-30 10:00,-2.265,0.007,0.007,0.184,1.299,65.394,179.749,0.388
2025-12-30 11:00,-2.088,0.007,0.007,0.187,1.299,59.989,170.560,0.436
2025-12-30 12:00,-2.082,0.006,0.006,0.190,1.299,33.689,117.314,0.489
2025-12-30 13:00,-2.341,0.004,0.004,0.191,1.300,5.924,28.664,0.500
2025-12-30 14:00,-2.766,0.003,0.003,0.192,1.303,0,0,0.487
2025-12-30 15:00,-3.239,0.003,0.003,0.193,1.305,0,0,0.458
2025-12-30 16:00,-3.798,0.003,0.003,0.195,1.308,0,0,0.350
2025-12-30 17:00,-4.432,0.003,0.003,0.197,1.310,0,0,0.268
2025-12-30 18:00,-4.959,0.004,0.004,0.199,1.312,0,0,0.372
2025-12-30 19:00,-5.200,0.005,0.005,0.202,1.313,0,0,0.495
2025-12-30 20:00,-5.393,0.009,0.009,0.207,1.314,0,0,0.811
2025-12-30 21:00,-5.099,0.014,0.014,0.216,1.312,0,0,0.896
2025-12-30 22:00,-4.982,0.009,0.009,0.224,1.310,0,0,0.832
2025-12-30 23:00,-5.354,0.005,0.005,0.228,1.309,0,0,0.633
2025-12-31 00:00,-5.630,0.018,0.018,0.235,1.308,0,0,0.774
2025-12-31 01:00,-5.388,0.020,0.020,0.246,1.308,0,0,0.826
2025-12-31 02:00,-5.409,0.010,0.010,0.254,1.308,0,0,0.784
2025-12-31 03:00,-5.509,0.008,0.008,0.259,1.308,0,0,0.759
2025-12-31 04:00,-5.432,0.007,0.007,0.265,1.307,0,0,0.694
2025-12-31 05:00,-5.656,0.008,0.008,0.270,1.306,0,0,0.633
2025-12-31 06:00,-5.992,0.007,0.007,0.275,1.306,0,0,0.641
2025-12-31 07:00,-5.930,0.009,0.009,0.280,1.307,0.181,1.254,0.602
2025-12-31 08:00,-5.361,0.011,0.011,0.286,1.307,17.449,67.778,0.679
2025-12-31 09:00,-4.738,0.007,0.007,0.290,1.306,52.759,145.771,0.546
2025-12-31 10:00,-4.374,0.005,0.005,0.294,1.305,74.616,181.380,0.359
2025-12-31 11:00,-4.181,0.006,0.006,0.297,1.303,75.028,172.248,0.314
2025-12-31 12:00,-4.377,0.004,0.004,0.301,1.303,46.951,118.959,0.457
2025-12-31 13:00,-5.265,0.003,0.003,0.302,1.304,8.516,29.823,0.657
2025-12-31 14:00,-5.614,0.003,0.003,0.304,1.305,0,0,0.810
2025-12-31 15:00,-5.509,0.005,0.005,0.307,1.306,0,0,0.932
2025-12-31 16:00,-5.374,0.006,0.006,0.310,1.307,0,0,0.973
2025-12-31 17:00,-5.404,0.006,0.006,0.314,1.306,0,0,0.973
2025-12-31 18:00,-5.464,0.004,0.004,0.318,1.305,0,0,0.965
2025-12-31 19:00,-5.522,0.003,0.003,0.321,1.304,0,0,0.936
2025-12-31 20:00,-5.522,0.003,0.003,0.323,1.301,0,0,0.939
2025-12-31 21:00,-5.314,0.003,0.003,0.325,1.298,0,0,0.973
2025-12-31 22:00,-4.878,0.008,0.008,0.326,1.293,0,0,0.996
2025-12-31 23:00,-4.230,0.013,0.013,0.329,1.289,0,0,0.998
