# Renewables.ninja Solar photovoltaic power (PV) (Point API) - 59.325, 18.071 - Version: 1.4 (gsee f9b6961) - License: https://creativecommons.org/licenses/by-nc/4.0/ - Reference: https://doi.org/10.1016/j.energy.2016.08.060
# Units: time in UTC, electricity in kW
# {"units": {"time": "UTC", "electricity": "kW"}, "params": {"lat": "59.3251172", "lon": "18.0710935", "date_from": "2025-01-01", "date_to": "2025-12-31", "dataset": "merra2", "header": "true", "local_time": "false", "capacity": "1000", "system_loss": "0.1", "tracking": "0", "tilt": "35", "azim": "180", "raw": "false"}}
time,electricity
2025-01-01 00:00,0
2025-01-01 01:00,0
2025-01-01 02:00,0
2025-01-01 03:00,0
2025-01-01 04:00,0
2025-01-01 05:00,0
2025-01-01 06:00,0
2025-01-01 07:00,0
2025-01-01 08:00,0
2025-01-01 09:00,12.818
2025-01-01 10:00,21.871
2025-01-01 11:00,22.706
2025-01-01 12:00,12.491
2025-01-01 13:00,0
2025-01-01 14:00,0
2025-01-01 15:00,0
2025-01-01 16:00,0
2025-01-01 17:00,0
2025-01-01 18:00,0
2025-01-01 19:00,0
2025-01-01 20:00,0
2025-01-01 21:00,0
2025-01-01 22:00,0
2025-01-01 23:00,0
2025-01-02 00:00,0
2025-01-02 01:00,0
2025-01-02 02:00,0
2025-01-02 03:00,0
2025-01-02 04:00,0
2025-01-02 05:00,0
2025-01-02 06:00,0
2025-01-02 07:00,0
2025-01-02 08:00,76.673
2025-01-02 09:00,231.830
2025-01-02 10:00,308.277
2025-01-02 11:00,286.222
2025-01-02 12:00,173.688
2025-01-02 13:00,30.304
2025-01-02 14:00,0
2025-01-02 15:00,0
2025-01-02 16:00,0
2025-01-02 17:00,0
2025-01-02 18:00,0
2025-01-02 19:00,0
2025-01-02 20:00,0
2025-01-02 21:00,0
2025-01-02 22:00,0
2025-01-02 23:00,0
2025-01-03 00:00,0
2025-01-03 01:00,0
2025-01-03 02:00,0
2025-01-03 03:00,0
2025-01-03 04:00,0
2025-01-03 05:00,0
2025-01-03 06:00,0
2025-01-03 07:00,0
2025-01-03 08:00,33.568
2025-01-03 09:00,55.002
2025-01-03 10:00,44.630
2025-01-03 11:00,28.225
2025-01-03 12:00,11.396
2025-01-03 13:00,0
2025-01-03 14:00,0
2025-01-03 15:00,0
2025-01-03 16:00,0
2025-01-03 17:00,0
2025-01-03 18:00,0
2025-01-03 19:00,0
2025-01-03 20:00,0
2025-01-03 21:00,0
2025-01-03 22:00,0
2025-01-03 23:00,0
2025-01-04 00:00,0
2025-01-04 01:00,0
2025-01-04 02:00,0
2025-01-04 03:00,0
2025-01-04 04:00,0
2025-01-04 05:00,0
2025-01-04 06:00,0
2025-01-04 07:00,0
2025-01-04 08:00,65.370
2025-01-04 09:00,183.991
2025-01-04 10:00,259.865
2025-01-04 11:00,256.958
2025-01-04 12:00,168.265
2025-01-04 13:00,32.026
2025-01-04 14:00,0
2025-01-04 15:00,0
2025-01-04 16:00,0
2025-01-04 17:00,0
2025-01-04 18:00,0
2025-01-04 19:00,0
2025-01-04 20:00,0
2025-01-04 21:00,0
2025-01-04 22:00,0
2025-01-04 23:00,0
2025-01-05 00:00,0
2025-01-05 01:00,0
2025-01-05 02:00,0
2025-01-05 03:00,0
2025-01-05 04:00,0
2025-01-05 05:00,0
2025-01-05 06:00,0
2025-01-05 07:00,0
2025-01-05 08:00,109.365
2025-01-05 09:00,261.204
2025-01-05 10:00,326.748
2025-01-05 11:00,301.903
2025-01-05 12:00,189.472
2025-01-05 13:00,32.864
2025-01-05 14:00,0
2025-01-05 15:00,0
2025-01-05 16:00,0
2025-01-05 17:00,0
2025-01-05 18:00,0
2025-01-05 19:00,0
2025-01-05 20:00,0
2025-01-05 21:00,0
2025-01-05 22:00,0
2025-01-05 23:00,0
2025-01-06 00:00,0
2025-01-06 01:00,0
2025-01-06 02:00,0
2025-01-06 03:00,0
2025-01-06 04:00,0
2025-01-06 05:00,0
2025-01-06 06:00,0
2025-01-06 07:00,0
2025-01-06 08:00,0
2025-01-06 09:00,6.344
2025-01-06 10:00,10.354
2025-01-06 11:00,6.620
2025-01-06 12:00,0.081
2025-01-06 13:00,0
2025-01-06 14:00,0
2025-01-06 15:00,0
2025-01-06 16:00,0
2025-01-06 17:00,0
2025-01-06 18:00,0
2025-01-06 19:00,0
2025-01-06 20:00,0
2025-01-06 21:00,0
2025-01-06 22:00,0
2025-01-06 23:00,0
2025-01-07 00:00,0
2025-01-07 01:00,0
2025-01-07 02:00,0
2025-01-07 03:00,0
2025-01-07 04:00,0
2025-01-07 05:00,0
2025-01-07 06:00,0
2025-01-07 07:00,0
2025-01-07 08:00,3.911
2025-01-07 09:00,29.242
2025-01-07 10:00,37.893
2025-01-07 11:00,31.550
2025-01-07 12:00,20.820
2025-01-07 13:00,0
2025-01-07 14:00,0
2025-01-07 15:00,0
2025-01-07 16:00,0
2025-01-07 17:00,0
2025-01-07 18:00,0
2025-01-07 19:00,0
2025-01-07 20:00,0
2025-01-07 21:00,0
2025-01-07 22:00,0
2025-01-07 23:00,0
2025-01-08 00:00,0
2025-01-08 01:00,0
2025-01-08 02:00,0
2025-01-08 03:00,0
2025-01-08 04:00,0
2025-01-08 05:00,0
2025-01-08 06:00,0
2025-01-08 07:00,0
2025-01-08 08:00,11.732
2025-01-08 09:00,24.847
2025-01-08 10:00,23.548
2025-01-08 11:00,7.674
2025-01-08 12:00,0
2025-01-08 13:00,0
2025-01-08 14:00,0
2025-01-08 15:00,0
2025-01-08 16:00,0
2025-01-08 17:00,0
2025-01-08 18:00,0
2025-01-08 19:00,0
2025-01-08 20:00,0
2025-01-08 21:00,0
2025-01-08 22:00,0
2025-01-08 23:00,0
2025-01-09 00:00,0
2025-01-09 01:00,0
2025-01-09 02:00,0
2025-01-09 03:00,0
2025-01-09 04:00,0
2025-01-09 05:00,0
2025-01-09 06:00,0
2025-01-09 07:00,0
2025-01-09 08:00,29.521
2025-01-09 09:00,49.197
2025-01-09 10:00,53.506
2025-01-09 11:00,39.364
2025-01-09 12:00,23.232
2025-01-09 13:00,0
2025-01-09 14:00,0
2025-01-09 15:00,0
2025-01-09 16:00,0
2025-01-09 17:00,0
2025-01-09 18:00,0
2025-01-09 19:00,0
2025-01-09 20:00,0
2025-01-09 21:00,0
2025-01-09 22:00,0
2025-01-09 23:00,0
2025-01-10 00:00,0
2025-01-10 01:00,0
2025-01-10 02:00,0
2025-01-10 03:00,0
2025-01-10 04:00,0
2025-01-10 05:00,0
2025-01-10 06:00,0
2025-01-10 07:00,0
2025-01-10 08:00,0
2025-01-10 09:00,0
2025-01-10 10:00,2.511
2025-01-10 11:00,5.091
2025-01-10 12:00,0
2025-01-10 13:00,0
2025-01-10 14:00,0
2025-01-10 15:00,0
2025-01-10 16:00,0
2025-01-10 17:00,0
2025-01-10 18:00,0
2025-01-10 19:00,0
2025-01-10 20:00,0
2025-01-10 21:00,0
2025-01-10 22:00,0
2025-01-10 23:00,0
2025-01-11 00:00,0
2025-01-11 01:00,0
2025-01-11 02:00,0
2025-01-11 03:00,0
2025-01-11 04:00,0
2025-01-11 05:00,0
2025-01-11 06:00,0
2025-01-11 07:00,0
2025-01-11 08:00,1.532
2025-01-11 09:00,19.748
2025-01-11 10:00,33.117
2025-01-11 11:00,36.880
2025-01-11 12:00,27.779
2025-01-11 13:00,2.527
2025-01-11 14:00,0
2025-01-11 15:00,0
2025-01-11 16:00,0
2025-01-11 17:00,0
2025-01-11 18:00,0
2025-01-11 19:00,0
2025-01-11 20:00,0
2025-01-11 21:00,0
2025-01-11 22:00,0
2025-01-11 23:00,0
2025-01-12 00:00,0
2025-01-12 01:00,0
2025-01-12 02:00,0
2025-01-12 03:00,0
2025-01-12 04:00,0
2025-01-12 05:00,0
2025-01-12 06:00,0
2025-01-12 07:00,0
2025-01-12 08:00,132.210
2025-01-12 09:00,231.838
2025-01-12 10:00,340.564
2025-01-12 11:00,314.700
2025-01-12 12:00,220.982
2025-01-12 13:00,56.829
2025-01-12 14:00,0
2025-01-12 15:00,0
2025-01-12 16:00,0
2025-01-12 17:00,0
2025-01-12 18:00,0
2025-01-12 19:00,0
2025-01-12 20:00,0
2025-01-12 21:00,0
2025-01-12 22:00,0
2025-01-12 23:00,0
2025-01-13 00:00,0
2025-01-13 01:00,0
2025-01-13 02:00,0
2025-01-13 03:00,0
2025-01-13 04:00,0
2025-01-13 05:00,0
2025-01-13 06:00,0
2025-01-13 07:00,0
2025-01-13 08:00,2.906
2025-01-13 09:00,47.740
2025-01-13 10:00,68.282
2025-01-13 11:00,70.090
2025-01-13 12:00,35.643
2025-01-13 13:00,0
2025-01-13 14:00,0
2025-01-13 15:00,0
2025-01-13 16:00,0
2025-01-13 17:00,0
2025-01-13 18:00,0
2025-01-13 19:00,0
2025-01-13 20:00,0
2025-01-13 21:00,0
2025-01-13 22:00,0
2025-01-13 23:00,0
2025-01-14 00:00,0
2025-01-14 01:00,0
2025-01-14 02:00,0
2025-01-14 03:00,0
2025-01-14 04:00,0
2025-01-14 05:00,0
2025-01-14 06:00,0
2025-01-14 07:00,0
2025-01-14 08:00,0
2025-01-14 09:00,5.194
2025-01-14 10:00,7.589
2025-01-14 11:00,10.103
2025-01-14 12:00,5.983
2025-01-14 13:00,0
2025-01-14 14:00,0
2025-01-14 15:00,0
2025-01-14 16:00,0
2025-01-14 17:00,0
2025-01-14 18:00,0
2025-01-14 19:00,0
2025-01-14 20:00,0
2025-01-14 21:00,0
2025-01-14 22:00,0
2025-01-14 23:00,0
2025-01-15 00:00,0
2025-01-15 01:00,0
2025-01-15 02:00,0
2025-01-15 03:00,0
2025-01-15 04:00,0
2025-01-15 05:00,0
2025-01-15 06:00,0
2025-01-15 07:00,0
2025-01-15 08:00,40.656
2025-01-15 09:00,73.601
2025-01-15 10:00,80.552
2025-01-15 11:00,87.556
2025-01-15 12:00,30.870
2025-01-15 13:00,0
2025-01-15 14:00,0
2025-01-15 15:00,0
2025-01-15 16:00,0
2025-01-15 17:00,0
2025-01-15 18:00,0
2025-01-15 19:00,0
2025-01-15 20:00,0
2025-01-15 21:00,0
2025-01-15 22:00,0
2025-01-15 23:00,0
2025-01-16 00:00,0
2025-01-16 01:00,0
2025-01-16 02:00,0
2025-01-16 03:00,0
2025-01-16 04:00,0
2025-01-16 05:00,0
2025-01-16 06:00,0
2025-01-16 07:00,0
2025-01-16 08:00,0
2025-01-16 09:00,1.345
2025-01-16 10:00,3.497
2025-01-16 11:00,1.628
2025-01-16 12:00,0
2025-01-16 13:00,0
2025-01-16 14:00,0
2025-01-16 15:00,0
2025-01-16 16:00,0
2025-01-16 17:00,0
2025-01-16 18:00,0
2025-01-16 19:00,0
2025-01-16 20:00,0
2025-01-16 21:00,0
2025-01-16 22:00,0
2025-01-16 23:00,0
2025-01-17 00:00,0
2025-01-17 01:00,0
2025-01-17 02:00,0
2025-01-17 03:00,0
2025-01-17 04:00,0
2025-01-17 05:00,0
2025-01-17 06:00,0
2025-01-17 07:00,0
2025-01-17 08:00,24.331
2025-01-17 09:00,64.263
2025-01-17 10:00,93.018
2025-01-17 11:00,103.419
2025-01-17 12:00,70.849
2025-01-17 13:00,12.371
2025-01-17 14:00,0
2025-01-17 15:00,0
2025-01-17 16:00,0
2025-01-17 17:00,0
2025-01-17 18:00,0
2025-01-17 19:00,0
2025-01-17 20:00,0
2025-01-17 21:00,0
2025-01-17 22:00,0
2025-01-17 23:00,0
2025-01-18 00:00,0
2025-01-18 01:00,0
2025-01-18 02:00,0
2025-01-18 03:00,0
2025-01-18 04:00,0
2025-01-18 05:00,0
2025-01-18 06:00,0
2025-01-18 07:00,0
2025-01-18 08:00,31.220
2025-01-18 09:00,194.093
2025-01-18 10:00,311.420
2025-01-18 11:00,294.328
2025-01-18 12:00,193.364
2025-01-18 13:00,29.850
2025-01-18 14:00,0
2025-01-18 15:00,0
2025-01-18 16:00,0
2025-01-18 17:00,0
2025-01-18 18:00,0
2025-01-18 19:00,0
2025-01-18 20:00,0
2025-01-18 21:00,0
2025-01-18 22:00,0
2025-01-18 23:00,0
2025-01-19 00:00,0
2025-01-19 01:00,0
2025-01-19 02:00,0
2025-01-19 03:00,0
2025-01-19 04:00,0
2025-01-19 05:00,0
2025-01-19 06:00,0
2025-01-19 07:00,0
2025-01-19 08:00,1.376
2025-01-19 09:00,14.262
2025-01-19 10:00,32.144
2025-01-19 11:00,58.047
2025-01-19 12:00,50.942
2025-01-19 13:00,15.604
2025-01-19 14:00,0
2025-01-19 15:00,0
2025-01-19 16:00,0
2025-01-19 17:00,0
2025-01-19 18:00,0
2025-01-19 19:00,0
2025-01-19 20:00,0
2025-01-19 21:00,0
2025-01-19 22:00,0
2025-01-19 23:00,0
2025-01-20 00:00,0
2025-01-20 01:00,0
2025-01-20 02:00,0
2025-01-20 03:00,0
2025-01-20 04:00,0
2025-01-20 05:00,0
2025-01-20 06:00,0
2025-01-20 07:00,0
2025-01-20 08:00,24.680
2025-01-20 09:00,52.879
2025-01-20 10:00,50.927
2025-01-20 11:00,33.848
2025-01-20 12:00,13.364
2025-01-20 13:00,0
2025-01-20 14:00,0
2025-01-20 15:00,0
2025-01-20 16:00,0
2025-01-20 17:00,0
2025-01-20 18:00,0
2025-01-20 19:00,0
2025-01-20 20:00,0
2025-01-20 21:00,0
2025-01-20 22:00,0
2025-01-20 23:00,0
2025-01-21 00:00,0
2025-01-21 01:00,0
2025-01-21 02:00,0
2025-01-21 03:00,0
2025-01-21 04:00,0
2025-01-21 05:00,0
2025-01-21 06:00,0
2025-01-21 07:00,0
2025-01-21 08:00,1.609
2025-01-21 09:00,16.243
2025-01-21 10:00,23.985
2025-01-21 11:00,20.626
2025-01-21 12:00,10.132
2025-01-21 13:00,0
2025-01-21 14:00,0
2025-01-21 15:00,0
2025-01-21 16:00,0
2025-01-21 17:00,0
2025-01-21 18:00,0
2025-01-21 19:00,0
2025-01-21 20:00,0
2025-01-21 21:00,0
2025-01-21 22:00,0
2025-01-21 23:00,0
2025-01-22 00:00,0
2025-01-22 01:00,0
2025-01-22 02:00,0
2025-01-22 03:00,0
2025-01-22 04:00,0
2025-01-22 05:00,0
2025-01-22 06:00,0
2025-01-22 07:00,0
2025-01-22 08:00,0.295
2025-01-22 09:00,5.893
2025-01-22 10:00,11.152
2025-01-22 11:00,8.747
2025-01-22 12:00,0.967
2025-01-22 13:00,0
2025-01-22 14:00,0
2025-01-22 15:00,0
2025-01-22 16:00,0
2025-01-22 17:00,0
2025-01-22 18:00,0
2025-01-22 19:00,0
2025-01-22 20:00,0
2025-01-22 21:00,0
2025-01-22 22:00,0
2025-01-22 23:00,0
2025-01-23 00:00,0
2025-01-23 01:00,0
2025-01-23 02:00,0
2025-01-23 03:00,0
2025-01-23 04:00,0
2025-01-23 05:00,0
2025-01-23 06:00,0
2025-01-23 07:00,0
2025-01-23 08:00,0.544
2025-01-23 09:00,7.234
2025-01-23 10:00,10.829
2025-01-23 11:00,9.492
2025-01-23 12:00,2.675
2025-01-23 13:00,0
2025-01-23 14:00,0
2025-01-23 15:00,0
2025-01-23 16:00,0
2025-01-23 17:00,0
2025-01-23 18:00,0
2025-01-23 19:00,0
2025-01-23 20:00,0
2025-01-23 21:00,0
2025-01-23 22:00,0
2025-01-23 23:00,0
2025-01-24 00:00,0
2025-01-24 01:00,0
2025-01-24 02:00,0
2025-01-24 03:00,0
2025-01-24 04:00,0
2025-01-24 05:00,0
2025-01-24 06:00,0
2025-01-24 07:00,0
2025-01-24 08:00,25.737
2025-01-24 09:00,42.366
2025-01-24 10:00,44.304
2025-01-24 11:00,40.942
2025-01-24 12:00,29.517
2025-01-24 13:00,3.257
2025-01-24 14:00,0
2025-01-24 15:00,0
2025-01-24 16:00,0
2025-01-24 17:00,0
2025-01-24 18:00,0
2025-01-24 19:00,0
2025-01-24 20:00,0
2025-01-24 21:00,0
2025-01-24 22:00,0
2025-01-24 23:00,0
2025-01-25 00:00,0
2025-01-25 01:00,0
2025-01-25 02:00,0
2025-01-25 03:00,0
2025-01-25 04:00,0
2025-01-25 05:00,0
2025-01-25 06:00,0
2025-01-25 07:00,0
2025-01-25 08:00,7.294
2025-01-25 09:00,29.769
2025-01-25 10:00,83.503
2025-01-25 11:00,160.984
2025-01-25 12:00,84.488
2025-01-25 13:00,12.977
2025-01-25 14:00,0
2025-01-25 15:00,0
2025-01-25 16:00,0
2025-01-25 17:00,0
2025-01-25 18:00,0
2025-01-25 19:00,0
2025-01-25 20:00,0
2025-01-25 21:00,0
2025-01-25 22:00,0
2025-01-25 23:00,0
2025-01-26 00:00,0
2025-01-26 01:00,0
2025-01-26 02:00,0
2025-01-26 03:00,0
2025-01-26 04:00,0
2025-01-26 05:00,0
2025-01-26 06:00,0
2025-01-26 07:00,8.302
2025-01-26 08:00,46.484
2025-01-26 09:00,41.298
2025-01-26 10:00,33.823
2025-01-26 11:00,39.157
2025-01-26 12:00,27.218
2025-01-26 13:00,6.695
2025-01-26 14:00,0
2025-01-26 15:00,0
2025-01-26 16:00,0
2025-01-26 17:00,0
2025-01-26 18:00,0
2025-01-26 19:00,0
2025-01-26 20:00,0
2025-01-26 21:00,0
2025-01-26 22:00,0
2025-01-26 23:00,0
2025-01-27 00:00,0
2025-01-27 01:00,0
2025-01-27 02:00,0
2025-01-27 03:00,0
2025-01-27 04:00,0
2025-01-27 05:00,0
2025-01-27 06:00,0
2025-01-27 07:00,0.423
2025-01-27 08:00,26.047
2025-01-27 09:00,58.949
2025-01-27 10:00,105.386
2025-01-27 11:00,95.088
2025-01-27 12:00,57.159
2025-01-27 13:00,11.730
2025-01-27 14:00,0
2025-01-27 15:00,0
2025-01-27 16:00,0
2025-01-27 17:00,0
2025-01-27 18:00,0
2025-01-27 19:00,0
2025-01-27 20:00,0
2025-01-27 21:00,0
2025-01-27 22:00,0
2025-01-27 23:00,0
2025-01-28 00:00,0
2025-01-28 01:00,0
2025-01-28 02:00,0
2025-01-28 03:00,0
2025-01-28 04:00,0
2025-01-28 05:00,0
2025-01-28 06:00,0
2025-01-28 07:00,0
2025-01-28 08:00,20.443
2025-01-28 09:00,36.371
2025-01-28 10:00,37.436
2025-01-28 11:00,24.170
2025-01-28 12:00,14.707
2025-01-28 13:00,4.201
2025-01-28 14:00,0
2025-01-28 15:00,0
2025-01-28 16:00,0
2025-01-28 17:00,0
2025-01-28 18:00,0
2025-01-28 19:00,0
2025-01-28 20:00,0
2025-01-28 21:00,0
2025-01-28 22:00,0
2025-01-28 23:00,0
2025-01-29 00:00,0
2025-01-29 01:00,0
2025-01-29 02:00,0
2025-01-29 03:00,0
2025-01-29 04:00,0
2025-01-29 05:00,0
2025-01-29 06:00,0
2025-01-29 07:00,0
2025-01-29 08:00,0
2025-01-29 09:00,4.920
2025-01-29 10:00,11.174
2025-01-29 11:00,15.097
2025-01-29 12:00,10.214
2025-01-29 13:00,0
2025-01-29 14:00,0
2025-01-29 15:00,0
2025-01-29 16:00,0
2025-01-29 17:00,0
2025-01-29 18:00,0
2025-01-29 19:00,0
2025-01-29 20:00,0
2025-01-29 21:00,0
2025-01-29 22:00,0
2025-01-29 23:00,0
2025-01-30 00:00,0
2025-01-30 01:00,0
2025-01-30 02:00,0
2025-01-30 03:00,0
2025-01-30 04:00,0
2025-01-30 05:00,0
2025-01-30 06:00,0
2025-01-30 07:00,7.801
2025-01-30 08:00,54.882
2025-01-30 09:00,182.434
2025-01-30 10:00,300.947
2025-01-30 11:00,263.279
2025-01-30 12:00,191.493
2025-01-30 13:00,51.154
2025-01-30 14:00,0
2025-01-30 15:00,0
2025-01-30 16:00,0
2025-01-30 17:00,0
2025-01-30 18:00,0
2025-01-30 19:00,0
2025-01-30 20:00,0
2025-01-30 21:00,0
2025-01-30 22:00,0
2025-01-30 23:00,0
2025-01-31 00:00,0
2025-01-31 01:00,0
2025-01-31 02:00,0
2025-01-31 03:00,0
2025-01-31 04:00,0
2025-01-31 05:00,0
2025-01-31 06:00,0
2025-01-31 07:00,13.961
2025-01-31 08:00,67.288
2025-01-31 09:00,128.408
2025-01-31 10:00,210.847
2025-01-31 11:00,225.999
2025-01-31 12:00,224.294
2025-01-31 13:00,130.734
2025-01-31 14:00,10.232
2025-01-31 15:00,0
2025-01-31 16:00,0
2025-01-31 17:00,0
2025-01-31 18:00,0
2025-01-31 19:00,0
2025-01-31 20:00,0
2025-01-31 21:00,0
2025-01-31 22:00,0
2025-01-31 23:00,0
2025-02-01 00:00,0
2025-02-01 01:00,0
2025-02-01 02:00,0
2025-02-01 03:00,0
2025-02-01 04:00,0
2025-02-01 05:00,0
2025-02-01 06:00,0
2025-02-01 07:00,80.664
2025-02-01 08:00,235.659
2025-02-01 09:00,381.538
2025-02-01 10:00,442.590
2025-02-01 11:00,435.714
2025-02-01 12:00,358.734
2025-02-01 13:00,194.115
2025-02-01 14:00,22.729
2025-02-01 15:00,0
2025-02-01 16:00,0
2025-02-01 17:00,0
2025-02-01 18:00,0
2025-02-01 19:00,0
2025-02-01 20:00,0
2025-02-01 21:00,0
2025-02-01 22:00,0
2025-02-01 23:00,0
2025-02-02 00:00,0
2025-02-02 01:00,0
2025-02-02 02:00,0
2025-02-02 03:00,0
2025-02-02 04:00,0
2025-02-02 05:00,0
2025-02-02 06:00,0
2025-02-02 07:00,57.107
2025-02-02 08:00,137.709
2025-02-02 09:00,167.512
2025-02-02 10:00,184.683
2025-02-02 11:00,176.236
2025-02-02 12:00,126.731
2025-02-02 13:00,68.968
2025-02-02 14:00,3.578
2025-02-02 15:00,0
2025-02-02 16:00,0
2025-02-02 17:00,0
2025-02-02 18:00,0
2025-02-02 19:00,0
2025-02-02 20:00,0
2025-02-02 21:00,0
2025-02-02 22:00,0
2025-02-02 23:00,0
2025-02-03 00:00,0
2025-02-03 01:00,0
2025-02-03 02:00,0
2025-02-03 03:00,0
2025-02-03 04:00,0
2025-02-03 05:00,0
2025-02-03 06:00,0
2025-02-03 07:00,19.860
2025-02-03 08:00,108.182
2025-02-03 09:00,169.193
2025-02-03 10:00,113.478
2025-02-03 11:00,67.387
2025-02-03 12:00,56.533
2025-02-03 13:00,33.349
2025-02-03 14:00,0
2025-02-03 15:00,0
2025-02-03 16:00,0
2025-02-03 17:00,0
2025-02-03 18:00,0
2025-02-03 19:00,0
2025-02-03 20:00,0
2025-02-03 21:00,0
2025-02-03 22:00,0
2025-02-03 23:00,0
2025-02-04 00:00,0
2025-02-04 01:00,0
2025-02-04 02:00,0
2025-02-04 03:00,0
2025-02-04 04:00,0
2025-02-04 05:00,0
2025-02-04 06:00,0
2025-02-04 07:00,1.015
2025-02-04 08:00,27.688
2025-02-04 09:00,35.470
2025-02-04 10:00,32.731
2025-02-04 11:00,36.050
2025-02-04 12:00,48.555
2025-02-04 13:00,25.070
2025-02-04 14:00,0
2025-02-04 15:00,0
2025-02-04 16:00,0
2025-02-04 17:00,0
2025-02-04 18:00,0
2025-02-04 19:00,0
2025-02-04 20:00,0
2025-02-04 21:00,0
2025-02-04 22:00,0
2025-02-04 23:00,0
2025-02-05 00:00,0
2025-02-05 01:00,0
2025-02-05 02:00,0
2025-02-05 03:00,0
2025-02-05 04:00,0
2025-02-05 05:00,0
2025-02-05 06:00,0
2025-02-05 07:00,11.629
2025-02-05 08:00,29.724
2025-02-05 09:00,80.808
2025-02-05 10:00,105.393
2025-02-05 11:00,78.310
2025-02-05 12:00,74.634
2025-02-05 13:00,57.767
2025-02-05 14:00,2.439
2025-02-05 15:00,0
2025-02-05 16:00,0
2025-02-05 17:00,0
2025-02-05 18:00,0
2025-02-05 19:00,0
2025-02-05 20:00,0
2025-02-05 21:00,0
2025-02-05 22:00,0
2025-02-05 23:00,0
2025-02-06 00:00,0
2025-02-06 01:00,0
2025-02-06 02:00,0
2025-02-06 03:00,0
2025-02-06 04:00,0
2025-02-06 05:00,0
2025-02-06 06:00,0
2025-02-06 07:00,92.478
2025-02-06 08:00,316.039
2025-02-06 09:00,459.007
2025-02-06 10:00,508.202
2025-02-06 11:00,489.411
2025-02-06 12:00,398.394
2025-02-06 13:00,240.282
2025-02-06 14:00,44.570
2025-02-06 15:00,0
2025-02-06 16:00,0
2025-02-06 17:00,0
2025-02-06 18:00,0
2025-02-06 19:00,0
2025-02-06 20:00,0
2025-02-06 21:00,0
2025-02-06 22:00,0
2025-02-06 23:00,0
2025-02-07 00:00,0
2025-02-07 01:00,0
2025-02-07 02:00,0
2025-02-07 03:00,0
2025-02-07 04:00,0
2025-02-07 05:00,0
2025-02-07 06:00,0
2025-02-07 07:00,24.195
2025-02-07 08:00,54.103
2025-02-07 09:00,85.273
2025-02-07 10:00,126.795
2025-02-07 11:00,160.634
2025-02-07 12:00,106.196
2025-02-07 13:00,55.575
2025-02-07 14:00,4.861
2025-02-07 15:00,0
2025-02-07 16:00,0
2025-02-07 17:00,0
2025-02-07 18:00,0
2025-02-07 19:00,0
2025-02-07 20:00,0
2025-02-07 21:00,0
2025-02-07 22:00,0
2025-02-07 23:00,0
2025-02-08 00:00,0
2025-02-08 01:00,0
2025-02-08 02:00,0
2025-02-08 03:00,0
2025-02-08 04:00,0
2025-02-08 05:00,0
2025-02-08 06:00,0
2025-02-08 07:00,23.897
2025-02-08 08:00,64.799
2025-02-08 09:00,106.864
2025-02-08 10:00,128.997
2025-02-08 11:00,126.755
2025-02-08 12:00,98.228
2025-02-08 13:00,49.934
2025-02-08 14:00,4.908
2025-02-08 15:00,0
2025-02-08 16:00,0
2025-02-08 17:00,0
2025-02-08 18:00,0
2025-02-08 19:00,0
2025-02-08 20:00,0
2025-02-08 21:00,0
2025-02-08 22:00,0
2025-02-08 23:00,0
2025-02-09 00:00,0
2025-02-09 01:00,0
2025-02-09 02:00,0
2025-02-09 03:00,0
2025-02-09 04:00,0
2025-02-09 05:00,0
2025-02-09 06:00,0
2025-02-09 07:00,14.179
2025-02-09 08:00,53.178
2025-02-09 09:00,88.266
2025-02-09 10:00,126.017
2025-02-09 11:00,112.081
2025-02-09 12:00,85.839
2025-02-09 13:00,52.814
2025-02-09 14:00,7.803
2025-02-09 15:00,0
2025-02-09 16:00,0
2025-02-09 17:00,0
2025-02-09 18:00,0
2025-02-09 19:00,0
2025-02-09 20:00,0
2025-02-09 21:00,0
2025-02-09 22:00,0
2025-02-09 23:00,0
2025-02-10 00:00,0
2025-02-10 01:00,0
2025-02-10 02:00,0
2025-02-10 03:00,0
2025-02-10 04:00,0
2025-02-10 05:00,0
2025-02-10 06:00,0
2025-02-10 07:00,109.765
2025-02-10 08:00,299.095
2025-02-10 09:00,434.334
2025-02-10 10:00,502.485
2025-02-10 11:00,493.223
2025-02-10 12:00,408.736
2025-02-10 13:00,265.485
2025-02-10 14:00,67.584
2025-02-10 15:00,0
2025-02-10 16:00,0
2025-02-10 17:00,0
2025-02-10 18:00,0
2025-02-10 19:00,0
2025-02-10 20:00,0
2025-02-10 21:00,0
2025-02-10 22:00,0
2025-02-10 23:00,0
2025-02-11 00:00,0
2025-02-11 01:00,0
2025-02-11 02:00,0
2025-02-11 03:00,0
2025-02-11 04:00,0
2025-02-11 05:00,0
2025-02-11 06:00,0
2025-02-11 07:00,49.525
2025-02-11 08:00,126.253
2025-02-11 09:00,204.480
2025-02-11 10:00,252.680
2025-02-11 11:00,259.818
2025-02-11 12:00,210.785
2025-02-11 13:00,117.884
2025-02-11 14:00,23.485
2025-02-11 15:00,0
2025-02-11 16:00,0
2025-02-11 17:00,0
2025-02-11 18:00,0
2025-02-11 19:00,0
2025-02-11 20:00,0
2025-02-11 21:00,0
2025-02-11 22:00,0
2025-02-11 23:00,0
2025-02-12 00:00,0
2025-02-12 01:00,0
2025-02-12 02:00,0
2025-02-12 03:00,0
2025-02-12 04:00,0
2025-02-12 05:00,0
2025-02-12 06:00,0
2025-02-12 07:00,50.322
2025-02-12 08:00,139.284
2025-02-12 09:00,190.338
2025-02-12 10:00,235.316
2025-02-12 11:00,241.930
2025-02-12 12:00,235.203
2025-02-12 13:00,149.065
2025-02-12 14:00,33.868
2025-02-12 15:00,0
2025-02-12 16:00,0
2025-02-12 17:00,0
2025-02-12 18:00,0
2025-02-12 19:00,0
2025-02-12 20:00,0
2025-02-12 21:00,0
2025-02-12 22:00,0
2025-02-12 23:00,0
2025-02-13 00:00,0
2025-02-13 01:00,0
2025-02-13 02:00,0
2025-02-13 03:00,0
2025-02-13 04:00,0
2025-02-13 05:00,0
2025-02-13 06:00,0
2025-02-13 07:00,50.431
2025-02-13 08:00,149.060
2025-02-13 09:00,262.174
2025-02-13 10:00,403.266
2025-02-13 11:00,420
2025-02-13 12:00,385.802
2025-02-13 13:00,290.271
2025-02-13 14:00,96.650
2025-02-13 15:00,0
2025-02-13 16:00,0
2025-02-13 17:00,0
2025-02-13 18:00,0
2025-02-13 19:00,0
2025-02-13 20:00,0
2025-02-13 21:00,0
2025-02-13 22:00,0
2025-02-13 23:00,0
2025-02-14 00:00,0
2025-02-14 01:00,0
2025-02-14 02:00,0
2025-02-14 03:00,0
2025-02-14 04:00,0
2025-02-14 05:00,0
2025-02-14 06:00,0
2025-02-14 07:00,39.565
2025-02-14 08:00,105.857
2025-02-14 09:00,206.415
2025-02-14 10:00,212.654
2025-02-14 11:00,207.654
2025-02-14 12:00,162.726
2025-02-14 13:00,101.205
2025-02-14 14:00,32.292
2025-02-14 15:00,0
2025-02-14 16:00,0
2025-02-14 17:00,0
2025-02-14 18:00,0
2025-02-14 19:00,0
2025-02-14 20:00,0
2025-02-14 21:00,0
2025-02-14 22:00,0
2025-02-14 23:00,0
2025-02-15 00:00,0
2025-02-15 01:00,0
2025-02-15 02:00,0
2025-02-15 03:00,0
2025-02-15 04:00,0
2025-02-15 05:00,0
2025-02-15 06:00,0
2025-02-15 07:00,17.086
2025-02-15 08:00,36.374
2025-02-15 09:00,45.915
2025-02-15 10:00,52.827
2025-02-15 11:00,75.788
2025-02-15 12:00,65.387
2025-02-15 13:00,37.648
2025-02-15 14:00,16.232
2025-02-15 15:00,0
2025-02-15 16:00,0
2025-02-15 17:00,0
2025-02-15 18:00,0
2025-02-15 19:00,0
2025-02-15 20:00,0
2025-02-15 21:00,0
2025-02-15 22:00,0
2025-02-15 23:00,0
2025-02-16 00:00,0
2025-02-16 01:00,0
2025-02-16 02:00,0
2025-02-16 03:00,0
2025-02-16 04:00,0
2025-02-16 05:00,0
2025-02-16 06:00,16.646
2025-02-16 07:00,185.350
2025-02-16 08:00,305.173
2025-02-16 09:00,332.880
2025-02-16 10:00,321.435
2025-02-16 11:00,325.030
2025-02-16 12:00,335.405
2025-02-16 13:00,245.323
2025-02-16 14:00,86.353
2025-02-16 15:00,0
2025-02-16 16:00,0
2025-02-16 17:00,0
2025-02-16 18:00,0
2025-02-16 19:00,0
2025-02-16 20:00,0
2025-02-16 21:00,0
2025-02-16 22:00,0
2025-02-16 23:00,0
2025-02-17 00:00,0
2025-02-17 01:00,0
2025-02-17 02:00,0
2025-02-17 03:00,0
2025-02-17 04:00,0
2025-02-17 05:00,0
2025-02-17 06:00,0
2025-02-17 07:00,46.498
2025-02-17 08:00,154.249
2025-02-17 09:00,256.079
2025-02-17 10:00,324.312
2025-02-17 11:00,358.014
2025-02-17 12:00,301.833
2025-02-17 13:00,164.677
2025-02-17 14:00,39.858
2025-02-17 15:00,0
2025-02-17 16:00,0
2025-02-17 17:00,0
2025-02-17 18:00,0
2025-02-17 19:00,0
2025-02-17 20:00,0
2025-02-17 21:00,0
2025-02-17 22:00,0
2025-02-17 23:00,0
2025-02-18 00:00,0
2025-02-18 01:00,0
2025-02-18 02:00,0
2025-02-18 03:00,0
2025-02-18 04:00,0
2025-02-18 05:00,0
2025-02-18 06:00,6.470
2025-02-18 07:00,82.856
2025-02-18 08:00,196.735
2025-02-18 09:00,334.551
2025-02-18 10:00,529.480
2025-02-18 11:00,523.058
2025-02-18 12:00,443.336
2025-02-18 13:00,293.515
2025-02-18 14:00,91.934
2025-02-18 15:00,0
2025-02-18 16:00,0
2025-02-18 17:00,0
2025-02-18 18:00,0
2025-02-18 19:00,0
2025-02-18 20:00,0
2025-02-18 21:00,0
2025-02-18 22:00,0
2025-02-18 23:00,0
2025-02-19 00:00,0
2025-02-19 01:00,0
2025-02-19 02:00,0
2025-02-19 03:00,0
2025-02-19 04:00,0
2025-02-19 05:00,0
2025-02-19 06:00,16.761
2025-02-19 07:00,132.775
2025-02-19 08:00,349.662
2025-02-19 09:00,555.438
2025-02-19 10:00,600.695
2025-02-19 11:00,581.291
2025-02-19 12:00,502.352
2025-02-19 13:00,357.852
2025-02-19 14:00,154.073
2025-02-19 15:00,0.645
2025-02-19 16:00,0
2025-02-19 17:00,0
2025-02-19 18:00,0
2025-02-19 19:00,0
2025-02-19 20:00,0
2025-02-19 21:00,0
2025-02-19 22:00,0
2025-02-19 23:00,0
2025-02-20 00:00,0
2025-02-20 01:00,0
2025-02-20 02:00,0
2025-02-20 03:00,0
2025-02-20 04:00,0
2025-02-20 05:00,0
2025-02-20 06:00,14.633
2025-02-20 07:00,106.092
2025-02-20 08:00,265.121
2025-02-20 09:00,542.038
2025-02-20 10:00,613.576
2025-02-20 11:00,576.130
2025-02-20 12:00,475.222
2025-02-20 13:00,315.884
2025-02-20 14:00,121.250
2025-02-20 15:00,0.096
2025-02-20 16:00,0
2025-02-20 17:00,0
2025-02-20 18:00,0
2025-02-20 19:00,0
2025-02-20 20:00,0
2025-02-20 21:00,0
2025-02-20 22:00,0
2025-02-20 23:00,0
2025-02-21 00:00,0
2025-02-21 01:00,0
2025-02-21 02:00,0
2025-02-21 03:00,0
2025-02-21 04:00,0
2025-02-21 05:00,0
2025-02-21 06:00,0
2025-02-21 07:00,6.901
2025-02-21 08:00,25.980
2025-02-21 09:00,30.893
2025-02-21 10:00,36.261
2025-02-21 11:00,62.668
2025-02-21 12:00,78.219
2025-02-21 13:00,45.888
2025-02-21 14:00,7.664
2025-02-21 15:00,0
2025-02-21 16:00,0
2025-02-21 17:00,0
2025-02-21 18:00,0
2025-02-21 19:00,0
2025-02-21 20:00,0
2025-02-21 21:00,0
2025-02-21 22:00,0
2025-02-21 23:00,0
2025-02-22 00:00,0
2025-02-22 01:00,0
2025-02-22 02:00,0
2025-02-22 03:00,0
2025-02-22 04:00,0
2025-02-22 05:00,0
2025-02-22 06:00,0
2025-02-22 07:00,18.331
2025-02-22 08:00,49.710
2025-02-22 09:00,60.252
2025-02-22 10:00,56.832
2025-02-22 11:00,42.265
2025-02-22 12:00,25.880
2025-02-22 13:00,13.638
2025-02-22 14:00,0
2025-02-22 15:00,0
2025-02-22 16:00,0
2025-02-22 17:00,0
2025-02-22 18:00,0
2025-02-22 19:00,0
2025-02-22 20:00,0
2025-02-22 21:00,0
2025-02-22 22:00,0
2025-02-22 23:00,0
2025-02-23 00:00,0
2025-02-23 01:00,0
2025-02-23 02:00,0
2025-02-23 03:00,0
2025-02-23 04:00,0
2025-02-23 05:00,0
2025-02-23 06:00,0
2025-02-23 07:00,8.762
2025-02-23 08:00,20.414
2025-02-23 09:00,29.280
2025-02-23 10:00,46.873
2025-02-23 11:00,61.256
2025-02-23 12:00,62.015
2025-02-23 13:00,31.116
2025-02-23 14:00,6.552
2025-02-23 15:00,0
2025-02-23 16:00,0
2025-02-23 17:00,0
2025-02-23 18:00,0
2025-02-23 19:00,0
2025-02-23 20:00,0
2025-02-23 21:00,0
2025-02-23 22:00,0
2025-02-23 23:00,0
2025-02-24 00:00,0
2025-02-24 01:00,0
2025-02-24 02:00,0
2025-02-24 03:00,0
2025-02-24 04:00,0
2025-02-24 05:00,0
2025-02-24 06:00,0
2025-02-24 07:00,10.653
2025-02-24 08:00,27.527
2025-02-24 09:00,44.051
2025-02-24 10:00,59.821
2025-02-24 11:00,54.322
2025-02-24 12:00,38.597
2025-02-24 13:00,18.563
2025-02-24 14:00,4.187
2025-02-24 15:00,0
2025-02-24 16:00,0
2025-02-24 17:00,0
2025-02-24 18:00,0
2025-02-24 19:00,0
2025-02-24 20:00,0
2025-02-24 21:00,0
2025-02-24 22:00,0
2025-02-24 23:00,0
2025-02-25 00:00,0
2025-02-25 01:00,0
2025-02-25 02:00,0
2025-02-25 03:00,0
2025-02-25 04:00,0
2025-02-25 05:00,0
2025-02-25 06:00,0
2025-02-25 07:00,0.402
2025-02-25 08:00,8.704
2025-02-25 09:00,8.578
2025-02-25 10:00,36.233
2025-02-25 11:00,40.495
2025-02-25 12:00,22.783
2025-02-25 13:00,7.025
2025-02-25 14:00,0.203
2025-02-25 15:00,0
2025-02-25 16:00,0
2025-02-25 17:00,0
2025-02-25 18:00,0
2025-02-25 19:00,0
2025-02-25 20:00,0
2025-02-25 21:00,0
2025-02-25 22:00,0
2025-02-25 23:00,0
2025-02-26 00:00,0
2025-02-26 01:00,0
2025-02-26 02:00,0
2025-02-26 03:00,0
2025-02-26 04:00,0
2025-02-26 05:00,0
2025-02-26 06:00,0
2025-02-26 07:00,9.986
2025-02-26 08:00,23.668
2025-02-26 09:00,41.796
2025-02-26 10:00,66.443
2025-02-26 11:00,115.387
2025-02-26 12:00,125.132
2025-02-26 13:00,80.326
2025-02-26 14:00,27.658
2025-02-26 15:00,0
2025-02-26 16:00,0
2025-02-26 17:00,0
2025-02-26 18:00,0
2025-02-26 19:00,0
2025-02-26 20:00,0
2025-02-26 21:00,0
2025-02-26 22:00,0
2025-02-26 23:00,0
2025-02-27 00:00,0
2025-02-27 01:00,0
2025-02-27 02:00,0
2025-02-27 03:00,0
2025-02-27 04:00,0
2025-02-27 05:00,0
2025-02-27 06:00,0
2025-02-27 07:00,21.602
2025-02-27 08:00,44.383
2025-02-27 09:00,55.921
2025-02-27 10:00,42.080
2025-02-27 11:00,37.399
2025-02-27 12:00,49.288
2025-02-27 13:00,32.749
2025-02-27 14:00,11.805
2025-02-27 15:00,0
2025-02-27 16:00,0
2025-02-27 17:00,0
2025-02-27 18:00,0
2025-02-27 19:00,0
2025-02-27 20:00,0
2025-02-27 21:00,0
2025-02-27 22:00,0
2025-02-27 23:00,0
2025-02-28 00:00,0
2025-02-28 01:00,0
2025-02-28 02:00,0
2025-02-28 03:00,0
2025-02-28 04:00,0
2025-02-28 05:00,0
2025-02-28 06:00,30.203
2025-02-28 07:00,117.594
2025-02-28 08:00,226.114
2025-02-28 09:00,360.284
2025-02-28 10:00,460.673
2025-02-28 11:00,550.728
2025-02-28 12:00,488.854
2025-02-28 13:00,366.374
2025-02-28 14:00,201.556
2025-02-28 15:00,28.686
2025-02-28 16:00,0
2025-02-28 17:00,0
2025-02-28 18:00,0
2025-02-28 19:00,0
2025-02-28 20:00,0
2025-02-28 21:00,0
2025-02-28 22:00,0
2025-02-28 23:00,0
2025-03-01 00:00,0
2025-03-01 01:00,0
2025-03-01 02:00,0
2025-03-01 03:00,0
2025-03-01 04:00,0
2025-03-01 05:00,0
2025-03-01 06:00,12.411
2025-03-01 07:00,66.617
2025-03-01 08:00,152.253
2025-03-01 09:00,246.162
2025-03-01 10:00,307.063
2025-03-01 11:00,317.769
2025-03-01 12:00,279.537
2025-03-01 13:00,202.412
2025-03-01 14:00,83.566
2025-03-01 15:00,2.225
2025-03-01 16:00,0
2025-03-01 17:00,0
2025-03-01 18:00,0
2025-03-01 19:00,0
2025-03-01 20:00,0
2025-03-01 21:00,0
2025-03-01 22:00,0
2025-03-01 23:00,0
2025-03-02 00:00,0
2025-03-02 01:00,0
2025-03-02 02:00,0
2025-03-02 03:00,0
2025-03-02 04:00,0
2025-03-02 05:00,0
2025-03-02 06:00,10.728
2025-03-02 07:00,39.924
2025-03-02 08:00,103.124
2025-03-02 09:00,166.269
2025-03-02 10:00,118.477
2025-03-02 11:00,87.425
2025-03-02 12:00,82.808
2025-03-02 13:00,71.106
2025-03-02 14:00,15.823
2025-03-02 15:00,0
2025-03-02 16:00,0
2025-03-02 17:00,0
2025-03-02 18:00,0
2025-03-02 19:00,0
2025-03-02 20:00,0
2025-03-02 21:00,0
2025-03-02 22:00,0
2025-03-02 23:00,0
2025-03-03 00:00,0
2025-03-03 01:00,0
2025-03-03 02:00,0
2025-03-03 03:00,0
2025-03-03 04:00,0
2025-03-03 05:00,0
2025-03-03 06:00,4.412
2025-03-03 07:00,30.398
2025-03-03 08:00,86.376
2025-03-03 09:00,335.484
2025-03-03 10:00,580.659
2025-03-03 11:00,598.173
2025-03-03 12:00,534.524
2025-03-03 13:00,386.098
2025-03-03 14:00,115.809
2025-03-03 15:00,43.696
2025-03-03 16:00,0
2025-03-03 17:00,0
2025-03-03 18:00,0
2025-03-03 19:00,0
2025-03-03 20:00,0
2025-03-03 21:00,0
2025-03-03 22:00,0
2025-03-03 23:00,0
2025-03-04 00:00,0
2025-03-04 01:00,0
2025-03-04 02:00,0
2025-03-04 03:00,0
2025-03-04 04:00,0
2025-03-04 05:00,0
2025-03-04 06:00,21.467
2025-03-04 07:00,106.925
2025-03-04 08:00,221.383
2025-03-04 09:00,261.467
2025-03-04 10:00,232.867
2025-03-04 11:00,203.846
2025-03-04 12:00,151.431
2025-03-04 13:00,59.956
2025-03-04 14:00,20.931
2025-03-04 15:00,0
2025-03-04 16:00,0
2025-03-04 17:00,0
2025-03-04 18:00,0
2025-03-04 19:00,0
2025-03-04 20:00,0
2025-03-04 21:00,0
2025-03-04 22:00,0
2025-03-04 23:00,0
2025-03-05 00:00,0
2025-03-05 01:00,0
2025-03-05 02:00,0
2025-03-05 03:00,0
2025-03-05 04:00,0
2025-03-05 05:00,0
2025-03-05 06:00,5.628
2025-03-05 07:00,16.082
2025-03-05 08:00,54.105
2025-03-05 09:00,122.647
2025-03-05 10:00,109.788
2025-03-05 11:00,71.048
2025-03-05 12:00,57.891
2025-03-05 13:00,57.195
2025-03-05 14:00,31.275
2025-03-05 15:00,2.523
2025-03-05 16:00,0
2025-03-05 17:00,0
2025-03-05 18:00,0
2025-03-05 19:00,0
2025-03-05 20:00,0
2025-03-05 21:00,0
2025-03-05 22:00,0
2025-03-05 23:00,0
2025-03-06 00:00,0
2025-03-06 01:00,0
2025-03-06 02:00,0
2025-03-06 03:00,0
2025-03-06 04:00,0
2025-03-06 05:00,0
2025-03-06 06:00,4.719
2025-03-06 07:00,25.435
2025-03-06 08:00,72.964
2025-03-06 09:00,224.446
2025-03-06 10:00,541.071
2025-03-06 11:00,579.401
2025-03-06 12:00,516.380
2025-03-06 13:00,397.331
2025-03-06 14:00,229.892
2025-03-06 15:00,53.113
2025-03-06 16:00,0
2025-03-06 17:00,0
2025-03-06 18:00,0
2025-03-06 19:00,0
2025-03-06 20:00,0
2025-03-06 21:00,0
2025-03-06 22:00,0
2025-03-06 23:00,0
2025-03-07 00:00,0
2025-03-07 01:00,0
2025-03-07 02:00,0
2025-03-07 03:00,0
2025-03-07 04:00,0
2025-03-07 05:00,0
2025-03-07 06:00,3.012
2025-03-07 07:00,28.539
2025-03-07 08:00,71.522
2025-03-07 09:00,147.094
2025-03-07 10:00,375.940
2025-03-07 11:00,582.751
2025-03-07 12:00,532.223
2025-03-07 13:00,418.231
2025-03-07 14:00,248.936
2025-03-07 15:00,63.869
2025-03-07 16:00,0
2025-03-07 17:00,0
2025-03-07 18:00,0
2025-03-07 19:00,0
2025-03-07 20:00,0
2025-03-07 21:00,0
2025-03-07 22:00,0
2025-03-07 23:00,0
2025-03-08 00:00,0
2025-03-08 01:00,0
2025-03-08 02:00,0
2025-03-08 03:00,0
2025-03-08 04:00,0
2025-03-08 05:00,0
2025-03-08 06:00,15.054
2025-03-08 07:00,68.590
2025-03-08 08:00,326.302
2025-03-08 09:00,546.316
2025-03-08 10:00,601.172
2025-03-08 11:00,574.282
2025-03-08 12:00,565.639
2025-03-08 13:00,453.955
2025-03-08 14:00,263.686
2025-03-08 15:00,57.036
2025-03-08 16:00,0
2025-03-08 17:00,0
2025-03-08 18:00,0
2025-03-08 19:00,0
2025-03-08 20:00,0
2025-03-08 21:00,0
2025-03-08 22:00,0
2025-03-08 23:00,0
2025-03-09 00:00,0
2025-03-09 01:00,0
2025-03-09 02:00,0
2025-03-09 03:00,0
2025-03-09 04:00,0
2025-03-09 05:00,0
2025-03-09 06:00,84.864
2025-03-09 07:00,206.443
2025-03-09 08:00,318.498
2025-03-09 09:00,385.506
2025-03-09 10:00,428.318
2025-03-09 11:00,440.375
2025-03-09 12:00,377.411
2025-03-09 13:00,288.060
2025-03-09 14:00,160.734
2025-03-09 15:00,38.617
2025-03-09 16:00,0
2025-03-09 17:00,0
2025-03-09 18:00,0
2025-03-09 19:00,0
2025-03-09 20:00,0
2025-03-09 21:00,0
2025-03-09 22:00,0
2025-03-09 23:00,0
2025-03-10 00:00,0
2025-03-10 01:00,0
2025-03-10 02:00,0
2025-03-10 03:00,0
2025-03-10 04:00,0
2025-03-10 05:00,0
2025-03-10 06:00,17.617
2025-03-10 07:00,48.840
2025-03-10 08:00,67.164
2025-03-10 09:00,79.609
2025-03-10 10:00,97.371
2025-03-10 11:00,95.312
2025-03-10 12:00,74.439
2025-03-10 13:00,40.917
2025-03-10 14:00,19.223
2025-03-10 15:00,0.313
2025-03-10 16:00,0
2025-03-10 17:00,0
2025-03-10 18:00,0
2025-03-10 19:00,0
2025-03-10 20:00,0
2025-03-10 21:00,0
2025-03-10 22:00,0
2025-03-10 23:00,0
2025-03-11 00:00,0
2025-03-11 01:00,0
2025-03-11 02:00,0
2025-03-11 03:00,0
2025-03-11 04:00,0
2025-03-11 05:00,0
2025-03-11 06:00,57.403
2025-03-11 07:00,222.648
2025-03-11 08:00,383.208
2025-03-11 09:00,547.831
2025-03-11 10:00,657.998
2025-03-11 11:00,658.153
2025-03-11 12:00,593.665
2025-03-11 13:00,467.247
2025-03-11 14:00,286.025
2025-03-11 15:00,82.267
2025-03-11 16:00,0
2025-03-11 17:00,0
2025-03-11 18:00,0
2025-03-11 19:00,0
2025-03-11 20:00,0
2025-03-11 21:00,0
2025-03-11 22:00,0
2025-03-11 23:00,0
2025-03-12 00:00,0
2025-03-12 01:00,0
2025-03-12 02:00,0
2025-03-12 03:00,0
2025-03-12 04:00,0
2025-03-12 05:00,0
2025-03-12 06:00,23.194
2025-03-12 07:00,57.759
2025-03-12 08:00,93.820
2025-03-12 09:00,95.480
2025-03-12 10:00,92.288
2025-03-12 11:00,77.330
2025-03-12 12:00,57.751
2025-03-12 13:00,40.123
2025-03-12 14:00,21.167
2025-03-12 15:00,1.752
2025-03-12 16:00,0
2025-03-12 17:00,0
2025-03-12 18:00,0
2025-03-12 19:00,0
2025-03-12 20:00,0
2025-03-12 21:00,0
2025-03-12 22:00,0
2025-03-12 23:00,0
2025-03-13 00:00,0
2025-03-13 01:00,0
2025-03-13 02:00,0
2025-03-13 03:00,0
2025-03-13 04:00,0
2025-03-13 05:00,5.760
2025-03-13 06:00,82.764
2025-03-13 07:00,185.741
2025-03-13 08:00,258.793
2025-03-13 09:00,297.490
2025-03-13 10:00,311.720
2025-03-13 11:00,307.037
2025-03-13 12:00,277.764
2025-03-13 13:00,196.603
2025-03-13 14:00,114.092
2025-03-13 15:00,32.814
2025-03-13 16:00,0
2025-03-13 17:00,0
2025-03-13 18:00,0
2025-03-13 19:00,0
2025-03-13 20:00,0
2025-03-13 21:00,0
2025-03-13 22:00,0
2025-03-13 23:00,0
2025-03-14 00:00,0
2025-03-14 01:00,0
2025-03-14 02:00,0
2025-03-14 03:00,0
2025-03-14 04:00,0
2025-03-14 05:00,36.035
2025-03-14 06:00,240.942
2025-03-14 07:00,445.516
2025-03-14 08:00,595.736
2025-03-14 09:00,682.989
2025-03-14 10:00,696.692
2025-03-14 11:00,577.442
2025-03-14 12:00,393.457
2025-03-14 13:00,197.737
2025-03-14 14:00,150.487
2025-03-14 15:00,55.268
2025-03-14 16:00,0
2025-03-14 17:00,0
2025-03-14 18:00,0
2025-03-14 19:00,0
2025-03-14 20:00,0
2025-03-14 21:00,0
2025-03-14 22:00,0
2025-03-14 23:00,0
2025-03-15 00:00,0
2025-03-15 01:00,0
2025-03-15 02:00,0
2025-03-15 03:00,0
2025-03-15 04:00,0
2025-03-15 05:00,33.415
2025-03-15 06:00,210.605
2025-03-15 07:00,402.536
2025-03-15 08:00,536.401
2025-03-15 09:00,595.377
2025-03-15 10:00,551.517
2025-03-15 11:00,525.826
2025-03-15 12:00,532.823
2025-03-15 13:00,484.458
2025-03-15 14:00,334.422
2025-03-15 15:00,116.337
2025-03-15 16:00,0
2025-03-15 17:00,0
2025-03-15 18:00,0
2025-03-15 19:00,0
2025-03-15 20:00,0
2025-03-15 21:00,0
2025-03-15 22:00,0
2025-03-15 23:00,0
2025-03-16 00:00,0
2025-03-16 01:00,0
2025-03-16 02:00,0
2025-03-16 03:00,0
2025-03-16 04:00,0
2025-03-16 05:00,17.234
2025-03-16 06:00,156.783
2025-03-16 07:00,338.190
2025-03-16 08:00,500.397
2025-03-16 09:00,619.071
2025-03-16 10:00,675.100
2025-03-16 11:00,633.818
2025-03-16 12:00,564.315
2025-03-16 13:00,374.282
2025-03-16 14:00,105.406
2025-03-16 15:00,32.188
2025-03-16 16:00,0
2025-03-16 17:00,0
2025-03-16 18:00,0
2025-03-16 19:00,0
2025-03-16 20:00,0
2025-03-16 21:00,0
2025-03-16 22:00,0
2025-03-16 23:00,0
2025-03-17 00:00,0
2025-03-17 01:00,0
2025-03-17 02:00,0
2025-03-17 03:00,0
2025-03-17 04:00,0
2025-03-17 05:00,31.943
2025-03-17 06:00,179.360
2025-03-17 07:00,291.631
2025-03-17 08:00,389.612
2025-03-17 09:00,471.310
2025-03-17 10:00,544.068
2025-03-17 11:00,555.981
2025-03-17 12:00,490.388
2025-03-17 13:00,376.833
2025-03-17 14:00,224.267
2025-03-17 15:00,75.228
2025-03-17 16:00,0
2025-03-17 17:00,0
2025-03-17 18:00,0
2025-03-17 19:00,0
2025-03-17 20:00,0
2025-03-17 21:00,0
2025-03-17 22:00,0
2025-03-17 23:00,0
2025-03-18 00:00,0
2025-03-18 01:00,0
2025-03-18 02:00,0
2025-03-18 03:00,0
2025-03-18 04:00,0
2025-03-18 05:00,28.072
2025-03-18 06:00,157.530
2025-03-18 07:00,401.869
2025-03-18 08:00,552.055
2025-03-18 09:00,646.616
2025-03-18 10:00,686.287
2025-03-18 11:00,670.458
2025-03-18 12:00,605.415
2025-03-18 13:00,494.894
2025-03-18 14:00,340.790
2025-03-18 15:00,153.522
2025-03-18 16:00,7.034
2025-03-18 17:00,0
2025-03-18 18:00,0
2025-03-18 19:00,0
2025-03-18 20:00,0
2025-03-18 21:00,0
2025-03-18 22:00,0
2025-03-18 23:00,0
2025-03-19 00:00,0
2025-03-19 01:00,0
2025-03-19 02:00,0
2025-03-19 03:00,0
2025-03-19 04:00,0
2025-03-19 05:00,17.978
2025-03-19 06:00,231.870
2025-03-19 07:00,425.895
2025-03-19 08:00,571.266
2025-03-19 09:00,659.245
2025-03-19 10:00,692.078
2025-03-19 11:00,678.805
2025-03-19 12:00,616.301
2025-03-19 13:00,499.209
2025-03-19 14:00,333.145
2025-03-19 15:00,143.223
2025-03-19 16:00,8.050
2025-03-19 17:00,0
2025-03-19 18:00,0
2025-03-19 19:00,0
2025-03-19 20:00,0
2025-03-19 21:00,0
2025-03-19 22:00,0
2025-03-19 23:00,0
2025-03-20 00:00,0
2025-03-20 01:00,0
2025-03-20 02:00,0
2025-03-20 03:00,0
2025-03-20 04:00,0
2025-03-20 05:00,4.030
2025-03-20 06:00,51.341
2025-03-20 07:00,147.170
2025-03-20 08:00,175.901
2025-03-20 09:00,213.500
2025-03-20 10:00,222.845
2025-03-20 11:00,257.396
2025-03-20 12:00,421.327
2025-03-20 13:00,449.620
2025-03-20 14:00,312.633
2025-03-20 15:00,156.395
2025-03-20 16:00,10.139
2025-03-20 17:00,0
2025-03-20 18:00,0
2025-03-20 19:00,0
2025-03-20 20:00,0
2025-03-20 21:00,0
2025-03-20 22:00,0
2025-03-20 23:00,0
2025-03-21 00:00,0
2025-03-21 01:00,0
2025-03-21 02:00,0
2025-03-21 03:00,0
2025-03-21 04:00,0
2025-03-21 05:00,16.236
2025-03-21 06:00,82.260
2025-03-21 07:00,197.809
2025-03-21 08:00,374.328
2025-03-21 09:00,644.766
2025-03-21 10:00,689.955
2025-03-21 11:00,676.807
2025-03-21 12:00,613.268
2025-03-21 13:00,499.822
2025-03-21 14:00,336.993
2025-03-21 15:00,154.098
2025-03-21 16:00,12.401
2025-03-21 17:00,0
2025-03-21 18:00,0
2025-03-21 19:00,0
2025-03-21 20:00,0
2025-03-21 21:00,0
2025-03-21 22:00,0
2025-03-21 23:00,0
2025-03-22 00:00,0
2025-03-22 01:00,0
2025-03-22 02:00,0
2025-03-22 03:00,0
2025-03-22 04:00,0
2025-03-22 05:00,18.123
2025-03-22 06:00,86.220
2025-03-22 07:00,178.851
2025-03-22 08:00,395.654
2025-03-22 09:00,549.753
2025-03-22 10:00,629.096
2025-03-22 11:00,684.669
2025-03-22 12:00,651.365
2025-03-22 13:00,544.045
2025-03-22 14:00,384.916
2025-03-22 15:00,186.838
2025-03-22 16:00,19.482
2025-03-22 17:00,0
2025-03-22 18:00,0
2025-03-22 19:00,0
2025-03-22 20:00,0
2025-03-22 21:00,0
2025-03-22 22:00,0
2025-03-22 23:00,0
2025-03-23 00:00,0
2025-03-23 01:00,0
2025-03-23 02:00,0
2025-03-23 03:00,0
2025-03-23 04:00,0
2025-03-23 05:00,31.153
2025-03-23 06:00,219.757
2025-03-23 07:00,460.678
2025-03-23 08:00,597.189
2025-03-23 09:00,677.438
2025-03-23 10:00,723.775
2025-03-23 11:00,721.937
2025-03-23 12:00,666.582
2025-03-23 13:00,556.005
2025-03-23 14:00,396.340
2025-03-23 15:00,194.353
2025-03-23 16:00,17.242
2025-03-23 17:00,0
2025-03-23 18:00,0
2025-03-23 19:00,0
2025-03-23 20:00,0
2025-03-23 21:00,0
2025-03-23 22:00,0
2025-03-23 23:00,0
2025-03-24 00:00,0
2025-03-24 01:00,0
2025-03-24 02:00,0
2025-03-24 03:00,0
2025-03-24 04:00,0
2025-03-24 05:00,36.789
2025-03-24 06:00,170.806
2025-03-24 07:00,401.529
2025-03-24 08:00,522.344
2025-03-24 09:00,430.850
2025-03-24 10:00,375.279
2025-03-24 11:00,355.983
2025-03-24 12:00,294.900
2025-03-24 13:00,185.745
2025-03-24 14:00,130.854
2025-03-24 15:00,65.980
2025-03-24 16:00,7.419
2025-03-24 17:00,0
2025-03-24 18:00,0
2025-03-24 19:00,0
2025-03-24 20:00,0
2025-03-24 21:00,0
2025-03-24 22:00,0
2025-03-24 23:00,0
2025-03-25 00:00,0
2025-03-25 01:00,0
2025-03-25 02:00,0
2025-03-25 03:00,0
2025-03-25 04:00,0
2025-03-25 05:00,3.275
2025-03-25 06:00,29.847
2025-03-25 07:00,81.001
2025-03-25 08:00,151.207
2025-03-25 09:00,133.783
2025-03-25 10:00,109.780
2025-03-25 11:00,61.726
2025-03-25 12:00,46.543
2025-03-25 13:00,38.117
2025-03-25 14:00,35.424
2025-03-25 15:00,20.676
2025-03-25 16:00,0.030
2025-03-25 17:00,0
2025-03-25 18:00,0
2025-03-25 19:00,0
2025-03-25 20:00,0
2025-03-25 21:00,0
2025-03-25 22:00,0
2025-03-25 23:00,0
2025-03-26 00:00,0
2025-03-26 01:00,0
2025-03-26 02:00,0
2025-03-26 03:00,0
2025-03-26 04:00,0
2025-03-26 05:00,9.041
2025-03-26 06:00,44.774
2025-03-26 07:00,92.406
2025-03-26 08:00,173.343
2025-03-26 09:00,171.283
2025-03-26 10:00,199.635
2025-03-26 11:00,212.442
2025-03-26 12:00,244.082
2025-03-26 13:00,294.436
2025-03-26 14:00,294.542
2025-03-26 15:00,158.783
2025-03-26 16:00,22.570
2025-03-26 17:00,0
2025-03-26 18:00,0
2025-03-26 19:00,0
2025-03-26 20:00,0
2025-03-26 21:00,0
2025-03-26 22:00,0
2025-03-26 23:00,0
2025-03-27 00:00,0
2025-03-27 01:00,0
2025-03-27 02:00,0
2025-03-27 03:00,0
2025-03-27 04:00,0
2025-03-27 05:00,19.838
2025-03-27 06:00,133.337
2025-03-27 07:00,226.746
2025-03-27 08:00,271.620
2025-03-27 09:00,231.419
2025-03-27 10:00,171.771
2025-03-27 11:00,102.111
2025-03-27 12:00,102.100
2025-03-27 13:00,104.635
2025-03-27 14:00,107.911
2025-03-27 15:00,47.084
2025-03-27 16:00,0.078
2025-03-27 17:00,0
2025-03-27 18:00,0
2025-03-27 19:00,0
2025-03-27 20:00,0
2025-03-27 21:00,0
2025-03-27 22:00,0
2025-03-27 23:00,0
2025-03-28 00:00,0
2025-03-28 01:00,0
2025-03-28 02:00,0
2025-03-28 03:00,0
2025-03-28 04:00,0
2025-03-28 05:00,22.905
2025-03-28 06:00,71.161
2025-03-28 07:00,97.756
2025-03-28 08:00,144.302
2025-03-28 09:00,241.956
2025-03-28 10:00,526.030
2025-03-28 11:00,617.422
2025-03-28 12:00,629.546
2025-03-28 13:00,520.004
2025-03-28 14:00,360.988
2025-03-28 15:00,179.346
2025-03-28 16:00,29.922
2025-03-28 17:00,0
2025-03-28 18:00,0
2025-03-28 19:00,0
2025-03-28 20:00,0
2025-03-28 21:00,0
2025-03-28 22:00,0
2025-03-28 23:00,0
2025-03-29 00:00,0
2025-03-29 01:00,0
2025-03-29 02:00,0
2025-03-29 03:00,0
2025-03-29 04:00,0
2025-03-29 05:00,4.241
2025-03-29 06:00,34.630
2025-03-29 07:00,97.987
2025-03-29 08:00,215.874
2025-03-29 09:00,508.780
2025-03-29 10:00,469.931
2025-03-29 11:00,398.219
2025-03-29 12:00,393.920
2025-03-29 13:00,294.081
2025-03-29 14:00,125.267
2025-03-29 15:00,38.788
2025-03-29 16:00,1.642
2025-03-29 17:00,0
2025-03-29 18:00,0
2025-03-29 19:00,0
2025-03-29 20:00,0
2025-03-29 21:00,0
2025-03-29 22:00,0
2025-03-29 23:00,0
2025-03-30 00:00,0
2025-03-30 01:00,0
2025-03-30 02:00,0
2025-03-30 03:00,0
2025-03-30 04:00,0
2025-03-30 05:00,12.021
2025-03-30 06:00,41.349
2025-03-30 07:00,75.435
2025-03-30 08:00,92.664
2025-03-30 09:00,122.475
2025-03-30 10:00,146.345
2025-03-30 11:00,151.057
2025-03-30 12:00,131.014
2025-03-30 13:00,92.062
2025-03-30 14:00,57.742
2025-03-30 15:00,25.987
2025-03-30 16:00,0.731
2025-03-30 17:00,0
2025-03-30 18:00,0
2025-03-30 19:00,0
2025-03-30 20:00,0
2025-03-30 21:00,0
2025-03-30 22:00,0
2025-03-30 23:00,0
2025-03-31 00:00,0
2025-03-31 01:00,0
2025-03-31 02:00,0
2025-03-31 03:00,0
2025-03-31 04:00,0
2025-03-31 05:00,48.287
2025-03-31 06:00,145.273
2025-03-31 07:00,269.431
2025-03-31 08:00,432.248
2025-03-31 09:00,581.132
2025-03-31 10:00,677.816
2025-03-31 11:00,692.241
2025-03-31 12:00,603.999
2025-03-31 13:00,452.851
2025-03-31 14:00,307.253
2025-03-31 15:00,169.810
2025-03-31 16:00,38.304
2025-03-31 17:00,0
2025-03-31 18:00,0
2025-03-31 19:00,0
2025-03-31 20:00,0
2025-03-31 21:00,0
2025-03-31 22:00,0
2025-03-31 23:00,0
2025-04-01 00:00,0
2025-04-01 01:00,0
2025-04-01 02:00,0
2025-04-01 03:00,0
2025-04-01 04:00,0
2025-04-01 05:00,73.475
2025-04-01 06:00,261.725
2025-04-01 07:00,459.294
2025-04-01 08:00,600.962
2025-04-01 09:00,682.110
2025-04-01 10:00,712.632
2025-04-01 11:00,699.630
2025-04-01 12:00,644.762
2025-04-01 13:00,542.073
2025-04-01 14:00,395.569
2025-04-01 15:00,214.724
2025-04-01 16:00,47.514
2025-04-01 17:00,0
2025-04-01 18:00,0
2025-04-01 19:00,0
2025-04-01 20:00,0
2025-04-01 21:00,0
2025-04-01 22:00,0
2025-04-01 23:00,0
2025-04-02 00:00,0
2025-04-02 01:00,0
2025-04-02 02:00,0
2025-04-02 03:00,0
2025-04-02 04:00,0
2025-04-02 05:00,95.766
2025-04-02 06:00,269.101
2025-04-02 07:00,440.659
2025-04-02 08:00,568.223
2025-04-02 09:00,643.846
2025-04-02 10:00,679.504
2025-04-02 11:00,673.047
2025-04-02 12:00,619.132
2025-04-02 13:00,511.229
2025-04-02 14:00,353.393
2025-04-02 15:00,158.204
2025-04-02 16:00,29.415
2025-04-02 17:00,0
2025-04-02 18:00,0
2025-04-02 19:00,0
2025-04-02 20:00,0
2025-04-02 21:00,0
2025-04-02 22:00,0
2025-04-02 23:00,0
2025-04-03 00:00,0
2025-04-03 01:00,0
2025-04-03 02:00,0
2025-04-03 03:00,0
2025-04-03 04:00,0
2025-04-03 05:00,63.521
2025-04-03 06:00,264.022
2025-04-03 07:00,446.375
2025-04-03 08:00,581.166
2025-04-03 09:00,673.699
2025-04-03 10:00,710.457
2025-04-03 11:00,699.602
2025-04-03 12:00,643.656
2025-04-03 13:00,541.576
2025-04-03 14:00,397.037
2025-04-03 15:00,219.539
2025-04-03 16:00,52.868
2025-04-03 17:00,0
2025-04-03 18:00,0
2025-04-03 19:00,0
2025-04-03 20:00,0
2025-04-03 21:00,0
2025-04-03 22:00,0
2025-04-03 23:00,0
2025-04-04 00:00,0
2025-04-04 01:00,0
2025-04-04 02:00,0
2025-04-04 03:00,0
2025-04-04 04:00,1.137
2025-04-04 05:00,115.577
2025-04-04 06:00,306.614
2025-04-04 07:00,479.584
2025-04-04 08:00,608.225
2025-04-04 09:00,692.880
2025-04-04 10:00,730.456
2025-04-04 11:00,705.875
2025-04-04 12:00,563.534
2025-04-04 13:00,444.874
2025-04-04 14:00,225.570
2025-04-04 15:00,115.820
2025-04-04 16:00,30.259
2025-04-04 17:00,0
2025-04-04 18:00,0
2025-04-04 19:00,0
2025-04-04 20:00,0
2025-04-04 21:00,0
2025-04-04 22:00,0
2025-04-04 23:00,0
2025-04-05 00:00,0
2025-04-05 01:00,0
2025-04-05 02:00,0
2025-04-05 03:00,0
2025-04-05 04:00,2.169
2025-04-05 05:00,84.763
2025-04-05 06:00,233.469
2025-04-05 07:00,302.128
2025-04-05 08:00,378.576
2025-04-05 09:00,387.910
2025-04-05 10:00,444.629
2025-04-05 11:00,471.613
2025-04-05 12:00,461.838
2025-04-05 13:00,426.599
2025-04-05 14:00,345.337
2025-04-05 15:00,214.188
2025-04-05 16:00,61.632
2025-04-05 17:00,0
2025-04-05 18:00,0
2025-04-05 19:00,0
2025-04-05 20:00,0
2025-04-05 21:00,0
2025-04-05 22:00,0
2025-04-05 23:00,0
2025-04-06 00:00,0
2025-04-06 01:00,0
2025-04-06 02:00,0
2025-04-06 03:00,0
2025-04-06 04:00,5.147
2025-04-06 05:00,101.830
2025-04-06 06:00,221.110
2025-04-06 07:00,300.920
2025-04-06 08:00,350.683
2025-04-06 09:00,402.988
2025-04-06 10:00,344.434
2025-04-06 11:00,263.992
2025-04-06 12:00,244.145
2025-04-06 13:00,223.755
2025-04-06 14:00,182.168
2025-04-06 15:00,96.990
2025-04-06 16:00,35.345
2025-04-06 17:00,0
2025-04-06 18:00,0
2025-04-06 19:00,0
2025-04-06 20:00,0
2025-04-06 21:00,0
2025-04-06 22:00,0
2025-04-06 23:00,0
2025-04-07 00:00,0
2025-04-07 01:00,0
2025-04-07 02:00,0
2025-04-07 03:00,0
2025-04-07 04:00,0
2025-04-07 05:00,31.064
2025-04-07 06:00,182.248
2025-04-07 07:00,427.244
2025-04-07 08:00,567.470
2025-04-07 09:00,655.373
2025-04-07 10:00,691.019
2025-04-07 11:00,637.119
2025-04-07 12:00,578.181
2025-04-07 13:00,512.864
2025-04-07 14:00,378.840
2025-04-07 15:00,226.317
2025-04-07 16:00,68.757
2025-04-07 17:00,0
2025-04-07 18:00,0
2025-04-07 19:00,0
2025-04-07 20:00,0
2025-04-07 21:00,0
2025-04-07 22:00,0
2025-04-07 23:00,0
2025-04-08 00:00,0
2025-04-08 01:00,0
2025-04-08 02:00,0
2025-04-08 03:00,0
2025-04-08 04:00,7.324
2025-04-08 05:00,127.979
2025-04-08 06:00,329.788
2025-04-08 07:00,503.137
2025-04-08 08:00,629.105
2025-04-08 09:00,709.294
2025-04-08 10:00,734.858
2025-04-08 11:00,694.275
2025-04-08 12:00,593.407
2025-04-08 13:00,314.101
2025-04-08 14:00,258.190
2025-04-08 15:00,129.621
2025-04-08 16:00,37.190
2025-04-08 17:00,0
2025-04-08 18:00,0
2025-04-08 19:00,0
2025-04-08 20:00,0
2025-04-08 21:00,0
2025-04-08 22:00,0
2025-04-08 23:00,0
2025-04-09 00:00,0
2025-04-09 01:00,0
2025-04-09 02:00,0
2025-04-09 03:00,0
2025-04-09 04:00,0
2025-04-09 05:00,59.532
2025-04-09 06:00,297.156
2025-04-09 07:00,484.463
2025-04-09 08:00,599.465
2025-04-09 09:00,689.437
2025-04-09 10:00,738.714
2025-04-09 11:00,737.928
2025-04-09 12:00,688.397
2025-04-09 13:00,507.773
2025-04-09 14:00,408.408
2025-04-09 15:00,242.619
2025-04-09 16:00,74.989
2025-04-09 17:00,0
2025-04-09 18:00,0
2025-04-09 19:00,0
2025-04-09 20:00,0
2025-04-09 21:00,0
2025-04-09 22:00,0
2025-04-09 23:00,0
2025-04-10 00:00,0
2025-04-10 01:00,0
2025-04-10 02:00,0
2025-04-10 03:00,0
2025-04-10 04:00,7.516
2025-04-10 05:00,77.936
2025-04-10 06:00,186.227
2025-04-10 07:00,263.458
2025-04-10 08:00,297.363
2025-04-10 09:00,258.927
2025-04-10 10:00,224.903
2025-04-10 11:00,164.355
2025-04-10 12:00,133.926
2025-04-10 13:00,119.087
2025-04-10 14:00,149.040
2025-04-10 15:00,93.040
2025-04-10 16:00,25.041
2025-04-10 17:00,0
2025-04-10 18:00,0
2025-04-10 19:00,0
2025-04-10 20:00,0
2025-04-10 21:00,0
2025-04-10 22:00,0
2025-04-10 23:00,0
2025-04-11 00:00,0
2025-04-11 01:00,0
2025-04-11 02:00,0
2025-04-11 03:00,0
2025-04-11 04:00,10.498
2025-04-11 05:00,131.980
2025-04-11 06:00,317.647
2025-04-11 07:00,484.315
2025-04-11 08:00,609.776
2025-04-11 09:00,704.120
2025-04-11 10:00,748.918
2025-04-11 11:00,740.106
2025-04-11 12:00,683.924
2025-04-11 13:00,540.785
2025-04-11 14:00,317.680
2025-04-11 15:00,139.987
2025-04-11 16:00,45.321
2025-04-11 17:00,0
2025-04-11 18:00,0
2025-04-11 19:00,0
2025-04-11 20:00,0
2025-04-11 21:00,0
2025-04-11 22:00,0
2025-04-11 23:00,0
2025-04-12 00:00,0
2025-04-12 01:00,0
2025-04-12 02:00,0
2025-04-12 03:00,0
2025-04-12 04:00,1.156
2025-04-12 05:00,13.617
2025-04-12 06:00,32.009
2025-04-12 07:00,67.333
2025-04-12 08:00,161.939
2025-04-12 09:00,515.600
2025-04-12 10:00,715.503
2025-04-12 11:00,722.751
2025-04-12 12:00,670.979
2025-04-12 13:00,572.431
2025-04-12 14:00,430.724
2025-04-12 15:00,255.689
2025-04-12 16:00,83.945
2025-04-12 17:00,0.650
2025-04-12 18:00,0
2025-04-12 19:00,0
2025-04-12 20:00,0
2025-04-12 21:00,0
2025-04-12 22:00,0
2025-04-12 23:00,0
2025-04-13 00:00,0
2025-04-13 01:00,0
2025-04-13 02:00,0
2025-04-13 03:00,0
2025-04-13 04:00,12.309
2025-04-13 05:00,113.896
2025-04-13 06:00,263.015
2025-04-13 07:00,404.050
2025-04-13 08:00,481.617
2025-04-13 09:00,544.513
2025-04-13 10:00,615.758
2025-04-13 11:00,649.755
2025-04-13 12:00,561.288
2025-04-13 13:00,448.339
2025-04-13 14:00,239.444
2025-04-13 15:00,88.477
2025-04-13 16:00,33.947
2025-04-13 17:00,0
2025-04-13 18:00,0
2025-04-13 19:00,0
2025-04-13 20:00,0
2025-04-13 21:00,0
2025-04-13 22:00,0
2025-04-13 23:00,0
2025-04-14 00:00,0
2025-04-14 01:00,0
2025-04-14 02:00,0
2025-04-14 03:00,0
2025-04-14 04:00,9.806
2025-04-14 05:00,52.851
2025-04-14 06:00,105.234
2025-04-14 07:00,217.460
2025-04-14 08:00,420.232
2025-04-14 09:00,635.655
2025-04-14 10:00,678.758
2025-04-14 11:00,659.497
2025-04-14 12:00,605.210
2025-04-14 13:00,453.609
2025-04-14 14:00,343.624
2025-04-14 15:00,231.224
2025-04-14 16:00,80.225
2025-04-14 17:00,2.510
2025-04-14 18:00,0
2025-04-14 19:00,0
2025-04-14 20:00,0
2025-04-14 21:00,0
2025-04-14 22:00,0
2025-04-14 23:00,0
2025-04-15 00:00,0
2025-04-15 01:00,0
2025-04-15 02:00,0
2025-04-15 03:00,0
2025-04-15 04:00,16.289
2025-04-15 05:00,103.337
2025-04-15 06:00,266.688
2025-04-15 07:00,400.542
2025-04-15 08:00,494.850
2025-04-15 09:00,548.072
2025-04-15 10:00,511.892
2025-04-15 11:00,517.553
2025-04-15 12:00,568.205
2025-04-15 13:00,537.663
2025-04-15 14:00,416.647
2025-04-15 15:00,252.935
2025-04-15 16:00,87.714
2025-04-15 17:00,4.791
2025-04-15 18:00,0
2025-04-15 19:00,0
2025-04-15 20:00,0
2025-04-15 21:00,0
2025-04-15 22:00,0
2025-04-15 23:00,0
2025-04-16 00:00,0
2025-04-16 01:00,0
2025-04-16 02:00,0
2025-04-16 03:00,0
2025-04-16 04:00,12.439
2025-04-16 05:00,81.552
2025-04-16 06:00,171.186
2025-04-16 07:00,300.228
2025-04-16 08:00,413.347
2025-04-16 09:00,501.815
2025-04-16 10:00,579.614
2025-04-16 11:00,561.495
2025-04-16 12:00,486.612
2025-04-16 13:00,331.878
2025-04-16 14:00,184.534
2025-04-16 15:00,86.767
2025-04-16 16:00,42.554
2025-04-16 17:00,1.978
2025-04-16 18:00,0
2025-04-16 19:00,0
2025-04-16 20:00,0
2025-04-16 21:00,0
2025-04-16 22:00,0
2025-04-16 23:00,0
2025-04-17 00:00,0
2025-04-17 01:00,0
2025-04-17 02:00,0
2025-04-17 03:00,0
2025-04-17 04:00,11.264
2025-04-17 05:00,64.616
2025-04-17 06:00,169.542
2025-04-17 07:00,298.086
2025-04-17 08:00,337.431
2025-04-17 09:00,346.080
2025-04-17 10:00,328.533
2025-04-17 11:00,308.735
2025-04-17 12:00,308.537
2025-04-17 13:00,287.956
2025-04-17 14:00,233.465
2025-04-17 15:00,151.783
2025-04-17 16:00,64.741
2025-04-17 17:00,3.569
2025-04-17 18:00,0
2025-04-17 19:00,0
2025-04-17 20:00,0
2025-04-17 21:00,0
2025-04-17 22:00,0
2025-04-17 23:00,0
2025-04-18 00:00,0
2025-04-18 01:00,0
2025-04-18 02:00,0
2025-04-18 03:00,0
2025-04-18 04:00,3.334
2025-04-18 05:00,24.230
2025-04-18 06:00,44.433
2025-04-18 07:00,113.342
2025-04-18 08:00,194.137
2025-04-18 09:00,237.745
2025-04-18 10:00,296.494
2025-04-18 11:00,278.412
2025-04-18 12:00,204.484
2025-04-18 13:00,115.519
2025-04-18 14:00,78.322
2025-04-18 15:00,53.549
2025-04-18 16:00,19.161
2025-04-18 17:00,0
2025-04-18 18:00,0
2025-04-18 19:00,0
2025-04-18 20:00,0
2025-04-18 21:00,0
2025-04-18 22:00,0
2025-04-18 23:00,0
2025-04-19 00:00,0
2025-04-19 01:00,0
2025-04-19 02:00,0
2025-04-19 03:00,0
2025-04-19 04:00,2.211
2025-04-19 05:00,17.366
2025-04-19 06:00,39.223
2025-04-19 07:00,53.594
2025-04-19 08:00,97.304
2025-04-19 09:00,135.259
2025-04-19 10:00,141.812
2025-04-19 11:00,129.523
2025-04-19 12:00,97.747
2025-04-19 13:00,97.223
2025-04-19 14:00,73.429
2025-04-19 15:00,52.158
2025-04-19 16:00,13.771
2025-04-19 17:00,0
2025-04-19 18:00,0
2025-04-19 19:00,0
2025-04-19 20:00,0
2025-04-19 21:00,0
2025-04-19 22:00,0
2025-04-19 23:00,0
2025-04-20 00:00,0
2025-04-20 01:00,0
2025-04-20 02:00,0
2025-04-20 03:00,0
2025-04-20 04:00,0
2025-04-20 05:00,0
2025-04-20 06:00,16.309
2025-04-20 07:00,30.887
2025-04-20 08:00,52.128
2025-04-20 09:00,71.032
2025-04-20 10:00,77.920
2025-04-20 11:00,91.731
2025-04-20 12:00,79.427
2025-04-20 13:00,60.649
2025-04-20 14:00,44.353
2025-04-20 15:00,26.117
2025-04-20 16:00,9.136
2025-04-20 17:00,0
2025-04-20 18:00,0
2025-04-20 19:00,0
2025-04-20 20:00,0
2025-04-20 21:00,0
2025-04-20 22:00,0
2025-04-20 23:00,0
2025-04-21 00:00,0
2025-04-21 01:00,0
2025-04-21 02:00,0
2025-04-21 03:00,0
2025-04-21 04:00,9.560
2025-04-21 05:00,41.585
2025-04-21 06:00,70.437
2025-04-21 07:00,96.939
2025-04-21 08:00,132.530
2025-04-21 09:00,152.885
2025-04-21 10:00,166.168
2025-04-21 11:00,162.097
2025-04-21 12:00,143.298
2025-04-21 13:00,119.530
2025-04-21 14:00,91.597
2025-04-21 15:00,57.397
2025-04-21 16:00,23.442
2025-04-21 17:00,0
2025-04-21 18:00,0
2025-04-21 19:00,0
2025-04-21 20:00,0
2025-04-21 21:00,0
2025-04-21 22:00,0
2025-04-21 23:00,0
2025-04-22 00:00,0
2025-04-22 01:00,0
2025-04-22 02:00,0
2025-04-22 03:00,0
2025-04-22 04:00,12.942
2025-04-22 05:00,60.685
2025-04-22 06:00,139.828
2025-04-22 07:00,276.622
2025-04-22 08:00,322.700
2025-04-22 09:00,373.076
2025-04-22 10:00,510.992
2025-04-22 11:00,494.854
2025-04-22 12:00,292.630
2025-04-22 13:00,131.756
2025-04-22 14:00,82.287
2025-04-22 15:00,41.239
2025-04-22 16:00,9.842
2025-04-22 17:00,0
2025-04-22 18:00,0
2025-04-22 19:00,0
2025-04-22 20:00,0
2025-04-22 21:00,0
2025-04-22 22:00,0
2025-04-22 23:00,0
2025-04-23 00:00,0
2025-04-23 01:00,0
2025-04-23 02:00,0
2025-04-23 03:00,0
2025-04-23 04:00,2.606
2025-04-23 05:00,22.295
2025-04-23 06:00,54.278
2025-04-23 07:00,100.947
2025-04-23 08:00,144.764
2025-04-23 09:00,157.775
2025-04-23 10:00,137.580
2025-04-23 11:00,109.497
2025-04-23 12:00,85.288
2025-04-23 13:00,94.115
2025-04-23 14:00,81.828
2025-04-23 15:00,58.459
2025-04-23 16:00,36.613
2025-04-23 17:00,5.719
2025-04-23 18:00,0
2025-04-23 19:00,0
2025-04-23 20:00,0
2025-04-23 21:00,0
2025-04-23 22:00,0
2025-04-23 23:00,0
2025-04-24 00:00,0
2025-04-24 01:00,0
2025-04-24 02:00,0
2025-04-24 03:00,0
2025-04-24 04:00,37.520
2025-04-24 05:00,194.376
2025-04-24 06:00,386.960
2025-04-24 07:00,553.853
2025-04-24 08:00,677.649
2025-04-24 09:00,750.882
2025-04-24 10:00,764.738
2025-04-24 11:00,722.068
2025-04-24 12:00,626.768
2025-04-24 13:00,515.393
2025-04-24 14:00,395.752
2025-04-24 15:00,261.326
2025-04-24 16:00,96.898
2025-04-24 17:00,15.003
2025-04-24 18:00,0
2025-04-24 19:00,0
2025-04-24 20:00,0
2025-04-24 21:00,0
2025-04-24 22:00,0
2025-04-24 23:00,0
2025-04-25 00:00,0
2025-04-25 01:00,0
2025-04-25 02:00,0
2025-04-25 03:00,0
2025-04-25 04:00,41.141
2025-04-25 05:00,187.153
2025-04-25 06:00,389.605
2025-04-25 07:00,522.307
2025-04-25 08:00,592.290
2025-04-25 09:00,640.582
2025-04-25 10:00,652.455
2025-04-25 11:00,644.808
2025-04-25 12:00,643.444
2025-04-25 13:00,592.100
2025-04-25 14:00,468.130
2025-04-25 15:00,302.180
2025-04-25 16:00,119.999
2025-04-25 17:00,17.263
2025-04-25 18:00,0
2025-04-25 19:00,0
2025-04-25 20:00,0
2025-04-25 21:00,0
2025-04-25 22:00,0
2025-04-25 23:00,0
2025-04-26 00:00,0
2025-04-26 01:00,0
2025-04-26 02:00,0
2025-04-26 03:00,0
2025-04-26 04:00,39.736
2025-04-26 05:00,200.710
2025-04-26 06:00,386.676
2025-04-26 07:00,550.903
2025-04-26 08:00,671.950
2025-04-26 09:00,747.684
2025-04-26 10:00,784.166
2025-04-26 11:00,772.299
2025-04-26 12:00,717.294
2025-04-26 13:00,619.695
2025-04-26 14:00,479.836
2025-04-26 15:00,305.196
2025-04-26 16:00,114.372
2025-04-26 17:00,17.740
2025-04-26 18:00,0
2025-04-26 19:00,0
2025-04-26 20:00,0
2025-04-26 21:00,0
2025-04-26 22:00,0
2025-04-26 23:00,0
2025-04-27 00:00,0
2025-04-27 01:00,0
2025-04-27 02:00,0
2025-04-27 03:00,0
2025-04-27 04:00,48.567
2025-04-27 05:00,190.393
2025-04-27 06:00,305.143
2025-04-27 07:00,387.185
2025-04-27 08:00,453.613
2025-04-27 09:00,474.815
2025-04-27 10:00,488.269
2025-04-27 11:00,470.013
2025-04-27 12:00,510.908
2025-04-27 13:00,446.718
2025-04-27 14:00,220.396
2025-04-27 15:00,164.600
2025-04-27 16:00,84.839
2025-04-27 17:00,21.506
2025-04-27 18:00,0
2025-04-27 19:00,0
2025-04-27 20:00,0
2025-04-27 21:00,0
2025-04-27 22:00,0
2025-04-27 23:00,0
2025-04-28 00:00,0
2025-04-28 01:00,0
2025-04-28 02:00,0
2025-04-28 03:00,0
2025-04-28 04:00,49.119
2025-04-28 05:00,68.491
2025-04-28 06:00,132.371
2025-04-28 07:00,175.903
2025-04-28 08:00,200.507
2025-04-28 09:00,250.623
2025-04-28 10:00,198.176
2025-04-28 11:00,196.020
2025-04-28 12:00,177.475
2025-04-28 13:00,214.055
2025-04-28 14:00,171.760
2025-04-28 15:00,119.311
2025-04-28 16:00,67.086
2025-04-28 17:00,12.002
2025-04-28 18:00,0
2025-04-28 19:00,0
2025-04-28 20:00,0
2025-04-28 21:00,0
2025-04-28 22:00,0
2025-04-28 23:00,0
2025-04-29 00:00,0
2025-04-29 01:00,0
2025-04-29 02:00,0
2025-04-29 03:00,1.686
2025-04-29 04:00,46.624
2025-04-29 05:00,204.290
2025-04-29 06:00,381.607
2025-04-29 07:00,534.066
2025-04-29 08:00,646.900
2025-04-29 09:00,717.801
2025-04-29 10:00,746.933
2025-04-29 11:00,718.714
2025-04-29 12:00,558.802
2025-04-29 13:00,380.538
2025-04-29 14:00,288.232
2025-04-29 15:00,193.731
2025-04-29 16:00,92.001
2025-04-29 17:00,23.201
2025-04-29 18:00,0
2025-04-29 19:00,0
2025-04-29 20:00,0
2025-04-29 21:00,0
2025-04-29 22:00,0
2025-04-29 23:00,0
2025-04-30 00:00,0
2025-04-30 01:00,0
2025-04-30 02:00,0
2025-04-30 03:00,0
2025-04-30 04:00,40.712
2025-04-30 05:00,118.816
2025-04-30 06:00,175.169
2025-04-30 07:00,236.511
2025-04-30 08:00,311.633
2025-04-30 09:00,435.100
2025-04-30 10:00,606.829
2025-04-30 11:00,606.561
2025-04-30 12:00,509.338
2025-04-30 13:00,379.228
2025-04-30 14:00,265.525
2025-04-30 15:00,149.836
2025-04-30 16:00,86.477
2025-04-30 17:00,24.800
2025-04-30 18:00,0
2025-04-30 19:00,0
2025-04-30 20:00,0
2025-04-30 21:00,0
2025-04-30 22:00,0
2025-04-30 23:00,0
2025-05-01 00:00,0
2025-05-01 01:00,0
2025-05-01 02:00,0
2025-05-01 03:00,0
2025-05-01 04:00,37.737
2025-05-01 05:00,97.438
2025-05-01 06:00,125.386
2025-05-01 07:00,122.843
2025-05-01 08:00,136.247
2025-05-01 09:00,158.018
2025-05-01 10:00,177.043
2025-05-01 11:00,174.732
2025-05-01 12:00,157.047
2025-05-01 13:00,123.446
2025-05-01 14:00,93.859
2025-05-01 15:00,97.339
2025-05-01 16:00,84.613
2025-05-01 17:00,27.955
2025-05-01 18:00,0
2025-05-01 19:00,0
2025-05-01 20:00,0
2025-05-01 21:00,0
2025-05-01 22:00,0
2025-05-01 23:00,0
2025-05-02 00:00,0
2025-05-02 01:00,0
2025-05-02 02:00,0
2025-05-02 03:00,5.900
2025-05-02 04:00,57.179
2025-05-02 05:00,162.487
2025-05-02 06:00,273.530
2025-05-02 07:00,202.904
2025-05-02 08:00,146.460
2025-05-02 09:00,192.618
2025-05-02 10:00,175.977
2025-05-02 11:00,262.790
2025-05-02 12:00,509.516
2025-05-02 13:00,492.824
2025-05-02 14:00,373.411
2025-05-02 15:00,201.578
2025-05-02 16:00,98.812
2025-05-02 17:00,32.748
2025-05-02 18:00,0
2025-05-02 19:00,0
2025-05-02 20:00,0
2025-05-02 21:00,0
2025-05-02 22:00,0
2025-05-02 23:00,0
2025-05-03 00:00,0
2025-05-03 01:00,0
2025-05-03 02:00,0
2025-05-03 03:00,7.661
2025-05-03 04:00,55.993
2025-05-03 05:00,217.312
2025-05-03 06:00,395.098
2025-05-03 07:00,546.376
2025-05-03 08:00,656.399
2025-05-03 09:00,724.766
2025-05-03 10:00,750.244
2025-05-03 11:00,667.475
2025-05-03 12:00,482.493
2025-05-03 13:00,395.654
2025-05-03 14:00,275.294
2025-05-03 15:00,205.507
2025-05-03 16:00,95.984
2025-05-03 17:00,24.980
2025-05-03 18:00,0
2025-05-03 19:00,0
2025-05-03 20:00,0
2025-05-03 21:00,0
2025-05-03 22:00,0
2025-05-03 23:00,0
2025-05-04 00:00,0
2025-05-04 01:00,0
2025-05-04 02:00,0
2025-05-04 03:00,0.597
2025-05-04 04:00,35.939
2025-05-04 05:00,101.805
2025-05-04 06:00,196.247
2025-05-04 07:00,276.981
2025-05-04 08:00,341.694
2025-05-04 09:00,402.805
2025-05-04 10:00,471.759
2025-05-04 11:00,507.134
2025-05-04 12:00,506.510
2025-05-04 13:00,499.514
2025-05-04 14:00,435.433
2025-05-04 15:00,306.306
2025-05-04 16:00,142.523
2025-05-04 17:00,31.340
2025-05-04 18:00,0
2025-05-04 19:00,0
2025-05-04 20:00,0
2025-05-04 21:00,0
2025-05-04 22:00,0
2025-05-04 23:00,0
2025-05-05 00:00,0
2025-05-05 01:00,0
2025-05-05 02:00,0
2025-05-05 03:00,10.256
2025-05-05 04:00,60.720
2025-05-05 05:00,225.571
2025-05-05 06:00,405.254
2025-05-05 07:00,555.017
2025-05-05 08:00,592.657
2025-05-05 09:00,665.438
2025-05-05 10:00,682.961
2025-05-05 11:00,542.703
2025-05-05 12:00,373.530
2025-05-05 13:00,360.365
2025-05-05 14:00,416.085
2025-05-05 15:00,299.887
2025-05-05 16:00,133.078
2025-05-05 17:00,32.990
2025-05-05 18:00,0
2025-05-05 19:00,0
2025-05-05 20:00,0
2025-05-05 21:00,0
2025-05-05 22:00,0
2025-05-05 23:00,0
2025-05-06 00:00,0
2025-05-06 01:00,0
2025-05-06 02:00,0
2025-05-06 03:00,10.743
2025-05-06 04:00,64.043
2025-05-06 05:00,200.727
2025-05-06 06:00,351.025
2025-05-06 07:00,482.197
2025-05-06 08:00,542.944
2025-05-06 09:00,689.194
2025-05-06 10:00,771.954
2025-05-06 11:00,776.130
2025-05-06 12:00,719.572
2025-05-06 13:00,613.197
2025-05-06 14:00,458.100
2025-05-06 15:00,275.110
2025-05-06 16:00,119.696
2025-05-06 17:00,35.118
2025-05-06 18:00,0
2025-05-06 19:00,0
2025-05-06 20:00,0
2025-05-06 21:00,0
2025-05-06 22:00,0
2025-05-06 23:00,0
2025-05-07 00:00,0
2025-05-07 01:00,0
2025-05-07 02:00,0
2025-05-07 03:00,12.510
2025-05-07 04:00,67.303
2025-05-07 05:00,192.180
2025-05-07 06:00,335.991
2025-05-07 07:00,488.226
2025-05-07 08:00,569.677
2025-05-07 09:00,580.968
2025-05-07 10:00,674.642
2025-05-07 11:00,680.590
2025-05-07 12:00,614.774
2025-05-07 13:00,445.703
2025-05-07 14:00,277.936
2025-05-07 15:00,168.866
2025-05-07 16:00,125.029
2025-05-07 17:00,37.801
2025-05-07 18:00,0
2025-05-07 19:00,0
2025-05-07 20:00,0
2025-05-07 21:00,0
2025-05-07 22:00,0
2025-05-07 23:00,0
2025-05-08 00:00,0
2025-05-08 01:00,0
2025-05-08 02:00,0
2025-05-08 03:00,14.352
2025-05-08 04:00,69.520
2025-05-08 05:00,213.632
2025-05-08 06:00,375.996
2025-05-08 07:00,503.339
2025-05-08 08:00,546.825
2025-05-08 09:00,543.366
2025-05-08 10:00,643.507
2025-05-08 11:00,612.128
2025-05-08 12:00,535.838
2025-05-08 13:00,407.209
2025-05-08 14:00,306.663
2025-05-08 15:00,218.506
2025-05-08 16:00,116.196
2025-05-08 17:00,39.277
2025-05-08 18:00,0
2025-05-08 19:00,0
2025-05-08 20:00,0
2025-05-08 21:00,0
2025-05-08 22:00,0
2025-05-08 23:00,0
2025-05-09 00:00,0
2025-05-09 01:00,0
2025-05-09 02:00,0
2025-05-09 03:00,0
2025-05-09 04:00,10.457
2025-05-09 05:00,41.685
2025-05-09 06:00,68.879
2025-05-09 07:00,83.103
2025-05-09 08:00,97.800
2025-05-09 09:00,132.420
2025-05-09 10:00,167.076
2025-05-09 11:00,192.461
2025-05-09 12:00,194.342
2025-05-09 13:00,182.080
2025-05-09 14:00,128.960
2025-05-09 15:00,71.651
2025-05-09 16:00,39.282
2025-05-09 17:00,14.731
2025-05-09 18:00,0
2025-05-09 19:00,0
2025-05-09 20:00,0
2025-05-09 21:00,0
2025-05-09 22:00,0
2025-05-09 23:00,0
2025-05-10 00:00,0
2025-05-10 01:00,0
2025-05-10 02:00,0
2025-05-10 03:00,16.902
2025-05-10 04:00,73.610
2025-05-10 05:00,220.854
2025-05-10 06:00,397.305
2025-05-10 07:00,550.604
2025-05-10 08:00,607.573
2025-05-10 09:00,583.939
2025-05-10 10:00,548.679
2025-05-10 11:00,505.996
2025-05-10 12:00,434.343
2025-05-10 13:00,382.760
2025-05-10 14:00,317.712
2025-05-10 15:00,218.464
2025-05-10 16:00,121.606
2025-05-10 17:00,43.157
2025-05-10 18:00,2.967
2025-05-10 19:00,0
2025-05-10 20:00,0
2025-05-10 21:00,0
2025-05-10 22:00,0
2025-05-10 23:00,0
2025-05-11 00:00,0
2025-05-11 01:00,0
2025-05-11 02:00,0
2025-05-11 03:00,12.784
2025-05-11 04:00,63.065
2025-05-11 05:00,158.228
2025-05-11 06:00,302.065
2025-05-11 07:00,470.800
2025-05-11 08:00,583.911
2025-05-11 09:00,638.008
2025-05-11 10:00,684.917
2025-05-11 11:00,665.357
2025-05-11 12:00,625.753
2025-05-11 13:00,573.445
2025-05-11 14:00,432.767
2025-05-11 15:00,300.208
2025-05-11 16:00,147.121
2025-05-11 17:00,34.817
2025-05-11 18:00,4.817
2025-05-11 19:00,0
2025-05-11 20:00,0
2025-05-11 21:00,0
2025-05-11 22:00,0
2025-05-11 23:00,0
2025-05-12 00:00,0
2025-05-12 01:00,0
2025-05-12 02:00,0
2025-05-12 03:00,20.027
2025-05-12 04:00,76.885
2025-05-12 05:00,203.527
2025-05-12 06:00,322.399
2025-05-12 07:00,430.551
2025-05-12 08:00,520.084
2025-05-12 09:00,593.999
2025-05-12 10:00,589.195
2025-05-12 11:00,578.370
2025-05-12 12:00,473.986
2025-05-12 13:00,248.514
2025-05-12 14:00,189.478
2025-05-12 15:00,133.040
2025-05-12 16:00,70.402
2025-05-12 17:00,31.976
2025-05-12 18:00,4.231
2025-05-12 19:00,0
2025-05-12 20:00,0
2025-05-12 21:00,0
2025-05-12 22:00,0
2025-05-12 23:00,0
2025-05-13 00:00,0
2025-05-13 01:00,0
2025-05-13 02:00,0
2025-05-13 03:00,2.670
2025-05-13 04:00,28.144
2025-05-13 05:00,53.162
2025-05-13 06:00,83.427
2025-05-13 07:00,137.460
2025-05-13 08:00,235.396
2025-05-13 09:00,223.990
2025-05-13 10:00,211.800
2025-05-13 11:00,156.572
2025-05-13 12:00,119.929
2025-05-13 13:00,129.531
2025-05-13 14:00,132.942
2025-05-13 15:00,137.005
2025-05-13 16:00,74.951
2025-05-13 17:00,30.554
2025-05-13 18:00,2.801
2025-05-13 19:00,0
2025-05-13 20:00,0
2025-05-13 21:00,0
2025-05-13 22:00,0
2025-05-13 23:00,0
2025-05-14 00:00,0
2025-05-14 01:00,0
2025-05-14 02:00,0
2025-05-14 03:00,7.797
2025-05-14 04:00,65.051
2025-05-14 05:00,214.505
2025-05-14 06:00,397.304
2025-05-14 07:00,542.251
2025-05-14 08:00,657.341
2025-05-14 09:00,749.180
2025-05-14 10:00,782.068
2025-05-14 11:00,757.087
2025-05-14 12:00,647.547
2025-05-14 13:00,376.840
2025-05-14 14:00,166.604
2025-05-14 15:00,76.959
2025-05-14 16:00,44.836
2025-05-14 17:00,30.083
2025-05-14 18:00,0
2025-05-14 19:00,0
2025-05-14 20:00,0
2025-05-14 21:00,0
2025-05-14 22:00,0
2025-05-14 23:00,0
2025-05-15 00:00,0
2025-05-15 01:00,0
2025-05-15 02:00,0
2025-05-15 03:00,8.965
2025-05-15 04:00,53.003
2025-05-15 05:00,140.985
2025-05-15 06:00,271.327
2025-05-15 07:00,454.302
2025-05-15 08:00,617.841
2025-05-15 09:00,714.017
2025-05-15 10:00,757.992
2025-05-15 11:00,757.834
2025-05-15 12:00,709.356
2025-05-15 13:00,620.129
2025-05-15 14:00,492.285
2025-05-15 15:00,332.108
2025-05-15 16:00,158.264
2025-05-15 17:00,33.337
2025-05-15 18:00,8.942
2025-05-15 19:00,0
2025-05-15 20:00,0
2025-05-15 21:00,0
2025-05-15 22:00,0
2025-05-15 23:00,0
2025-05-16 00:00,0
2025-05-16 01:00,0
2025-05-16 02:00,0
2025-05-16 03:00,19.982
2025-05-16 04:00,75.641
2025-05-16 05:00,238.687
2025-05-16 06:00,411.215
2025-05-16 07:00,557.143
2025-05-16 08:00,665.571
2025-05-16 09:00,734.814
2025-05-16 10:00,765.211
2025-05-16 11:00,756.481
2025-05-16 12:00,708.283
2025-05-16 13:00,620.790
2025-05-16 14:00,493.878
2025-05-16 15:00,332.757
2025-05-16 16:00,157.156
2025-05-16 17:00,28.997
2025-05-16 18:00,8.737
2025-05-16 19:00,0
2025-05-16 20:00,0
2025-05-16 21:00,0
2025-05-16 22:00,0
2025-05-16 23:00,0
2025-05-17 00:00,0
2025-05-17 01:00,0
2025-05-17 02:00,0
2025-05-17 03:00,27.013
2025-05-17 04:00,87.337
2025-05-17 05:00,176.437
2025-05-17 06:00,232.732
2025-05-17 07:00,192.044
2025-05-17 08:00,190.150
2025-05-17 09:00,259.369
2025-05-17 10:00,272.122
2025-05-17 11:00,294.320
2025-05-17 12:00,252.566
2025-05-17 13:00,192.068
2025-05-17 14:00,149.380
2025-05-17 15:00,88.764
2025-05-17 16:00,55.220
2025-05-17 17:00,27.735
2025-05-17 18:00,1.342
2025-05-17 19:00,0
2025-05-17 20:00,0
2025-05-17 21:00,0
2025-05-17 22:00,0
2025-05-17 23:00,0
2025-05-18 00:00,0
2025-05-18 01:00,0
2025-05-18 02:00,0
2025-05-18 03:00,9.457
2025-05-18 04:00,53.108
2025-05-18 05:00,118.703
2025-05-18 06:00,195.377
2025-05-18 07:00,257.803
2025-05-18 08:00,302.425
2025-05-18 09:00,377.615
2025-05-18 10:00,396.342
2025-05-18 11:00,377.652
2025-05-18 12:00,329.556
2025-05-18 13:00,287.866
2025-05-18 14:00,245.260
2025-05-18 15:00,187.884
2025-05-18 16:00,124.767
2025-05-18 17:00,56.040
2025-05-18 18:00,12.035
2025-05-18 19:00,0
2025-05-18 20:00,0
2025-05-18 21:00,0
2025-05-18 22:00,0
2025-05-18 23:00,0
2025-05-19 00:00,0
2025-05-19 01:00,0
2025-05-19 02:00,0
2025-05-19 03:00,21.829
2025-05-19 04:00,79.167
2025-05-19 05:00,246.282
2025-05-19 06:00,419.451
2025-05-19 07:00,565.474
2025-05-19 08:00,673.300
2025-05-19 09:00,741.144
2025-05-19 10:00,767.822
2025-05-19 11:00,755.338
2025-05-19 12:00,703.233
2025-05-19 13:00,613.355
2025-05-19 14:00,486.058
2025-05-19 15:00,328.366
2025-05-19 16:00,157.686
2025-05-19 17:00,30.437
2025-05-19 18:00,11.143
2025-05-19 19:00,0
2025-05-19 20:00,0
2025-05-19 21:00,0
2025-05-19 22:00,0
2025-05-19 23:00,0
2025-05-20 00:00,0
2025-05-20 01:00,0
2025-05-20 02:00,0
2025-05-20 03:00,24.324
2025-05-20 04:00,80.895
2025-05-20 05:00,237.656
2025-05-20 06:00,404.010
2025-05-20 07:00,544.631
2025-05-20 08:00,646.689
2025-05-20 09:00,714.537
2025-05-20 10:00,737.608
2025-05-20 11:00,730.435
2025-05-20 12:00,691.532
2025-05-20 13:00,604.471
2025-05-20 14:00,456.466
2025-05-20 15:00,301.270
2025-05-20 16:00,150.765
2025-05-20 17:00,43.715
2025-05-20 18:00,12.896
2025-05-20 19:00,0
2025-05-20 20:00,0
2025-05-20 21:00,0
2025-05-20 22:00,0
2025-05-20 23:00,0
2025-05-21 00:00,0
2025-05-21 01:00,0
2025-05-21 02:00,0
2025-05-21 03:00,19.680
2025-05-21 04:00,34.592
2025-05-21 05:00,47.629
2025-05-21 06:00,91.032
2025-05-21 07:00,151.483
2025-05-21 08:00,181.383
2025-05-21 09:00,197.228
2025-05-21 10:00,231.832
2025-05-21 11:00,257.297
2025-05-21 12:00,266.636
2025-05-21 13:00,246.939
2025-05-21 14:00,218.956
2025-05-21 15:00,168.303
2025-05-21 16:00,112.120
2025-05-21 17:00,43.934
2025-05-21 18:00,4.895
2025-05-21 19:00,0
2025-05-21 20:00,0
2025-05-21 21:00,0
2025-05-21 22:00,0
2025-05-21 23:00,0
2025-05-22 00:00,0
2025-05-22 01:00,0
2025-05-22 02:00,0
2025-05-22 03:00,0
2025-05-22 04:00,14.028
2025-05-22 05:00,39.552
2025-05-22 06:00,71.246
2025-05-22 07:00,85.742
2025-05-22 08:00,103.910
2025-05-22 09:00,121.633
2025-05-22 10:00,140.380
2025-05-22 11:00,162.878
2025-05-22 12:00,221.827
2025-05-22 13:00,269.976
2025-05-22 14:00,264.207
2025-05-22 15:00,229.977
2025-05-22 16:00,130.035
2025-05-22 17:00,66.696
2025-05-22 18:00,20.031
2025-05-22 19:00,0
2025-05-22 20:00,0
2025-05-22 21:00,0
2025-05-22 22:00,0
2025-05-22 23:00,0
2025-05-23 00:00,0
2025-05-23 01:00,0
2025-05-23 02:00,0
2025-05-23 03:00,29.606
2025-05-23 04:00,92.985
2025-05-23 05:00,224.180
2025-05-23 06:00,374.895
2025-05-23 07:00,484.116
2025-05-23 08:00,564.244
2025-05-23 09:00,594.445
2025-05-23 10:00,605.651
2025-05-23 11:00,547.226
2025-05-23 12:00,543.040
2025-05-23 13:00,472.495
2025-05-23 14:00,385.661
2025-05-23 15:00,217.517
2025-05-23 16:00,118.133
2025-05-23 17:00,49.865
2025-05-23 18:00,8.061
2025-05-23 19:00,0
2025-05-23 20:00,0
2025-05-23 21:00,0
2025-05-23 22:00,0
2025-05-23 23:00,0
2025-05-24 00:00,0
2025-05-24 01:00,0
2025-05-24 02:00,0
2025-05-24 03:00,13.510
2025-05-24 04:00,85.296
2025-05-24 05:00,209.426
2025-05-24 06:00,363.404
2025-05-24 07:00,515.790
2025-05-24 08:00,624.811
2025-05-24 09:00,687.695
2025-05-24 10:00,710.048
2025-05-24 11:00,697.856
2025-05-24 12:00,655.803
2025-05-24 13:00,565.696
2025-05-24 14:00,471.083
2025-05-24 15:00,328.943
2025-05-24 16:00,167.367
2025-05-24 17:00,39.491
2025-05-24 18:00,16.975
2025-05-24 19:00,0
2025-05-24 20:00,0
2025-05-24 21:00,0
2025-05-24 22:00,0
2025-05-24 23:00,0
2025-05-25 00:00,0
2025-05-25 01:00,0
2025-05-25 02:00,0
2025-05-25 03:00,30.863
2025-05-25 04:00,88.143
2025-05-25 05:00,214.803
2025-05-25 06:00,377.481
2025-05-25 07:00,502.125
2025-05-25 08:00,601.951
2025-05-25 09:00,620.351
2025-05-25 10:00,602.320
2025-05-25 11:00,548.092
2025-05-25 12:00,424.997
2025-05-25 13:00,501.585
2025-05-25 14:00,472.811
2025-05-25 15:00,325.436
2025-05-25 16:00,165.820
2025-05-25 17:00,50.287
2025-05-25 18:00,15.456
2025-05-25 19:00,0
2025-05-25 20:00,0
2025-05-25 21:00,0
2025-05-25 22:00,0
2025-05-25 23:00,0
2025-05-26 00:00,0
2025-05-26 01:00,0
2025-05-26 02:00,0
2025-05-26 03:00,7.799
2025-05-26 04:00,26.947
2025-05-26 05:00,58.717
2025-05-26 06:00,114.190
2025-05-26 07:00,227.936
2025-05-26 08:00,449.893
2025-05-26 09:00,653.029
2025-05-26 10:00,691.411
2025-05-26 11:00,648.248
2025-05-26 12:00,649.103
2025-05-26 13:00,581.023
2025-05-26 14:00,419.675
2025-05-26 15:00,269.492
2025-05-26 16:00,126.837
2025-05-26 17:00,54.856
2025-05-26 18:00,19.414
2025-05-26 19:00,0
2025-05-26 20:00,0
2025-05-26 21:00,0
2025-05-26 22:00,0
2025-05-26 23:00,0
2025-05-27 00:00,0
2025-05-27 01:00,0
2025-05-27 02:00,0.144
2025-05-27 03:00,33.859
2025-05-27 04:00,94.812
2025-05-27 05:00,249.115
2025-05-27 06:00,384.036
2025-05-27 07:00,518.112
2025-05-27 08:00,645.487
2025-05-27 09:00,709.103
2025-05-27 10:00,721.831
2025-05-27 11:00,699.484
2025-05-27 12:00,590.640
2025-05-27 13:00,351.262
2025-05-27 14:00,215.807
2025-05-27 15:00,105.571
2025-05-27 16:00,44.049
2025-05-27 17:00,24.036
2025-05-27 18:00,12.877
2025-05-27 19:00,0
2025-05-27 20:00,0
2025-05-27 21:00,0
2025-05-27 22:00,0
2025-05-27 23:00,0
2025-05-28 00:00,0
2025-05-28 01:00,0
2025-05-28 02:00,0
2025-05-28 03:00,21.047
2025-05-28 04:00,80.216
2025-05-28 05:00,147.449
2025-05-28 06:00,226.839
2025-05-28 07:00,227.641
2025-05-28 08:00,252.503
2025-05-28 09:00,315.039
2025-05-28 10:00,265.265
2025-05-28 11:00,214.994
2025-05-28 12:00,200.545
2025-05-28 13:00,166.498
2025-05-28 14:00,146.727
2025-05-28 15:00,135.979
2025-05-28 16:00,103.932
2025-05-28 17:00,64.501
2025-05-28 18:00,18.121
2025-05-28 19:00,0
2025-05-28 20:00,0
2025-05-28 21:00,0
2025-05-28 22:00,0
2025-05-28 23:00,0
2025-05-29 00:00,0
2025-05-29 01:00,0
2025-05-29 02:00,0
2025-05-29 03:00,32.502
2025-05-29 04:00,87.074
2025-05-29 05:00,212.143
2025-05-29 06:00,386.684
2025-05-29 07:00,533.077
2025-05-29 08:00,642.078
2025-05-29 09:00,713.122
2025-05-29 10:00,739.800
2025-05-29 11:00,693.709
2025-05-29 12:00,608.281
2025-05-29 13:00,531.507
2025-05-29 14:00,411.937
2025-05-29 15:00,292.163
2025-05-29 16:00,154.389
2025-05-29 17:00,52.217
2025-05-29 18:00,21.194
2025-05-29 19:00,0
2025-05-29 20:00,0
2025-05-29 21:00,0
2025-05-29 22:00,0
2025-05-29 23:00,0
2025-05-30 00:00,0
2025-05-30 01:00,0
2025-05-30 02:00,1.345
2025-05-30 03:00,34.325
2025-05-30 04:00,93.170
2025-05-30 05:00,187.494
2025-05-30 06:00,299.481
2025-05-30 07:00,345.163
2025-05-30 08:00,305.104
2025-05-30 09:00,275.250
2025-05-30 10:00,255.559
2025-05-30 11:00,244.517
2025-05-30 12:00,268.804
2025-05-30 13:00,345.219
2025-05-30 14:00,203.844
2025-05-30 15:00,123.660
2025-05-30 16:00,109.551
2025-05-30 17:00,67.347
2025-05-30 18:00,25.631
2025-05-30 19:00,0
2025-05-30 20:00,0
2025-05-30 21:00,0
2025-05-30 22:00,0
2025-05-30 23:00,0
2025-05-31 00:00,0
2025-05-31 01:00,0
2025-05-31 02:00,2.601
2025-05-31 03:00,29.211
2025-05-31 04:00,91.540
2025-05-31 05:00,250.163
2025-05-31 06:00,416.783
2025-05-31 07:00,558.855
2025-05-31 08:00,665.476
2025-05-31 09:00,730.435
2025-05-31 10:00,756.931
2025-05-31 11:00,745.078
2025-05-31 12:00,689.149
2025-05-31 13:00,605.657
2025-05-31 14:00,484.603
2025-05-31 15:00,325.299
2025-05-31 16:00,166.565
2025-05-31 17:00,49.297
2025-05-31 18:00,21.420
2025-05-31 19:00,0
2025-05-31 20:00,0
2025-05-31 21:00,0
2025-05-31 22:00,0
2025-05-31 23:00,0
2025-06-01 00:00,0
2025-06-01 01:00,0
2025-06-01 02:00,3.652
2025-06-01 03:00,29.923
2025-06-01 04:00,93.626
2025-06-01 05:00,237.657
2025-06-01 06:00,384.120
2025-06-01 07:00,495.850
2025-06-01 08:00,574.778
2025-06-01 09:00,657.918
2025-06-01 10:00,692.436
2025-06-01 11:00,685.015
2025-06-01 12:00,615.512
2025-06-01 13:00,501.734
2025-06-01 14:00,419.050
2025-06-01 15:00,311.994
2025-06-01 16:00,164.310
2025-06-01 17:00,52.867
2025-06-01 18:00,22.960
2025-06-01 19:00,0
2025-06-01 20:00,0
2025-06-01 21:00,0
2025-06-01 22:00,0
2025-06-01 23:00,0
2025-06-02 00:00,0
2025-06-02 01:00,0
2025-06-02 02:00,0
2025-06-02 03:00,14.498
2025-06-02 04:00,77.952
2025-06-02 05:00,210.673
2025-06-02 06:00,395.896
2025-06-02 07:00,544.798
2025-06-02 08:00,656.502
2025-06-02 09:00,722.304
2025-06-02 10:00,748.341
2025-06-02 11:00,733.065
2025-06-02 12:00,674.202
2025-06-02 13:00,565.560
2025-06-02 14:00,434.763
2025-06-02 15:00,265.559
2025-06-02 16:00,157.346
2025-06-02 17:00,58.369
2025-06-02 18:00,24.019
2025-06-02 19:00,0
2025-06-02 20:00,0
2025-06-02 21:00,0
2025-06-02 22:00,0
2025-06-02 23:00,0
2025-06-03 00:00,0
2025-06-03 01:00,0
2025-06-03 02:00,4.299
2025-06-03 03:00,30.713
2025-06-03 04:00,92.781
2025-06-03 05:00,246.401
2025-06-03 06:00,409.302
2025-06-03 07:00,546.203
2025-06-03 08:00,647.397
2025-06-03 09:00,707.015
2025-06-03 10:00,727.006
2025-06-03 11:00,715.524
2025-06-03 12:00,673.682
2025-06-03 13:00,590.287
2025-06-03 14:00,473.974
2025-06-03 15:00,328.727
2025-06-03 16:00,171.008
2025-06-03 17:00,41.500
2025-06-03 18:00,21.345
2025-06-03 19:00,0
2025-06-03 20:00,0
2025-06-03 21:00,0
2025-06-03 22:00,0
2025-06-03 23:00,0
2025-06-04 00:00,0
2025-06-04 01:00,0
2025-06-04 02:00,4.700
2025-06-04 03:00,39.023
2025-06-04 04:00,98.784
2025-06-04 05:00,227.017
2025-06-04 06:00,383.271
2025-06-04 07:00,521.969
2025-06-04 08:00,612.481
2025-06-04 09:00,633.843
2025-06-04 10:00,626.711
2025-06-04 11:00,544.178
2025-06-04 12:00,464.909
2025-06-04 13:00,406.183
2025-06-04 14:00,364.828
2025-06-04 15:00,262.630
2025-06-04 16:00,146.064
2025-06-04 17:00,60.273
2025-06-04 18:00,17.764
2025-06-04 19:00,0
2025-06-04 20:00,0
2025-06-04 21:00,0
2025-06-04 22:00,0
2025-06-04 23:00,0
2025-06-05 00:00,0
2025-06-05 01:00,0
2025-06-05 02:00,3.815
2025-06-05 03:00,36.794
2025-06-05 04:00,95.921
2025-06-05 05:00,232.875
2025-06-05 06:00,387.531
2025-06-05 07:00,528.295
2025-06-05 08:00,639.345
2025-06-05 09:00,704.058
2025-06-05 10:00,723.471
2025-06-05 11:00,710.736
2025-06-05 12:00,670.377
2025-06-05 13:00,582.934
2025-06-05 14:00,465.419
2025-06-05 15:00,321.021
2025-06-05 16:00,171.005
2025-06-05 17:00,52.884
2025-06-05 18:00,24.410
2025-06-05 19:00,0
2025-06-05 20:00,0
2025-06-05 21:00,0
2025-06-05 22:00,0
2025-06-05 23:00,0
2025-06-06 00:00,0
2025-06-06 01:00,0
2025-06-06 02:00,1.795
2025-06-06 03:00,13.739
2025-06-06 04:00,49.681
2025-06-06 05:00,144.528
2025-06-06 06:00,241.461
2025-06-06 07:00,353.073
2025-06-06 08:00,403.629
2025-06-06 09:00,458.178
2025-06-06 10:00,536.317
2025-06-06 11:00,524.614
2025-06-06 12:00,345.198
2025-06-06 13:00,218.669
2025-06-06 14:00,128.002
2025-06-06 15:00,77.228
2025-06-06 16:00,71.787
2025-06-06 17:00,46.880
2025-06-06 18:00,3.556
2025-06-06 19:00,0
2025-06-06 20:00,0
2025-06-06 21:00,0
2025-06-06 22:00,0
2025-06-06 23:00,0
2025-06-07 00:00,0
2025-06-07 01:00,0
2025-06-07 02:00,6.324
2025-06-07 03:00,36.174
2025-06-07 04:00,99.080
2025-06-07 05:00,238.899
2025-06-07 06:00,378.290
2025-06-07 07:00,501.923
2025-06-07 08:00,592.662
2025-06-07 09:00,674.940
2025-06-07 10:00,714.302
2025-06-07 11:00,621.838
2025-06-07 12:00,495.429
2025-06-07 13:00,347.467
2025-06-07 14:00,296.680
2025-06-07 15:00,213.861
2025-06-07 16:00,143.376
2025-06-07 17:00,64.520
2025-06-07 18:00,27.024
2025-06-07 19:00,0
2025-06-07 20:00,0
2025-06-07 21:00,0
2025-06-07 22:00,0
2025-06-07 23:00,0
2025-06-08 00:00,0
2025-06-08 01:00,0
2025-06-08 02:00,6.653
2025-06-08 03:00,41.310
2025-06-08 04:00,104.504
2025-06-08 05:00,217.740
2025-06-08 06:00,334.256
2025-06-08 07:00,459.812
2025-06-08 08:00,530.108
2025-06-08 09:00,514.594
2025-06-08 10:00,516.316
2025-06-08 11:00,529.787
2025-06-08 12:00,450.424
2025-06-08 13:00,366.398
2025-06-08 14:00,278.436
2025-06-08 15:00,172.330
2025-06-08 16:00,122.741
2025-06-08 17:00,53.163
2025-06-08 18:00,12.813
2025-06-08 19:00,0
2025-06-08 20:00,0
2025-06-08 21:00,0
2025-06-08 22:00,0
2025-06-08 23:00,0
2025-06-09 00:00,0
2025-06-09 01:00,0
2025-06-09 02:00,0
2025-06-09 03:00,19.089
2025-06-09 04:00,53.721
2025-06-09 05:00,107.367
2025-06-09 06:00,154.781
2025-06-09 07:00,185.706
2025-06-09 08:00,203.129
2025-06-09 09:00,213.219
2025-06-09 10:00,225.860
2025-06-09 11:00,227.205
2025-06-09 12:00,203.976
2025-06-09 13:00,181.079
2025-06-09 14:00,139.869
2025-06-09 15:00,92.097
2025-06-09 16:00,50.754
2025-06-09 17:00,25.983
2025-06-09 18:00,6.865
2025-06-09 19:00,0
2025-06-09 20:00,0
2025-06-09 21:00,0
2025-06-09 22:00,0
2025-06-09 23:00,0
2025-06-10 00:00,0
2025-06-10 01:00,0
2025-06-10 02:00,1.936
2025-06-10 03:00,38.753
2025-06-10 04:00,99.595
2025-06-10 05:00,182.530
2025-06-10 06:00,235.460
2025-06-10 07:00,294.693
2025-06-10 08:00,353.958
2025-06-10 09:00,414.429
2025-06-10 10:00,316.663
2025-06-10 11:00,161.609
2025-06-10 12:00,159.898
2025-06-10 13:00,236.177
2025-06-10 14:00,183.646
2025-06-10 15:00,98.493
2025-06-10 16:00,59.492
2025-06-10 17:00,35.676
2025-06-10 18:00,12.001
2025-06-10 19:00,0
2025-06-10 20:00,0
2025-06-10 21:00,0
2025-06-10 22:00,0
2025-06-10 23:00,0
2025-06-11 00:00,0
2025-06-11 01:00,0
2025-06-11 02:00,0.227
2025-06-11 03:00,31.523
2025-06-11 04:00,83.262
2025-06-11 05:00,141.357
2025-06-11 06:00,197.027
2025-06-11 07:00,227.941
2025-06-11 08:00,175.987
2025-06-11 09:00,229.644
2025-06-11 10:00,244.682
2025-06-11 11:00,245.373
2025-06-11 12:00,352.054
2025-06-11 13:00,255.608
2025-06-11 14:00,151.091
2025-06-11 15:00,157.838
2025-06-11 16:00,123.089
2025-06-11 17:00,62.104
2025-06-11 18:00,29.057
2025-06-11 19:00,0
2025-06-11 20:00,0
2025-06-11 21:00,0
2025-06-11 22:00,0
2025-06-11 23:00,0
2025-06-12 00:00,0
2025-06-12 01:00,0
2025-06-12 02:00,7.672
2025-06-12 03:00,35.373
2025-06-12 04:00,96.888
2025-06-12 05:00,247.487
2025-06-12 06:00,409.689
2025-06-12 07:00,553.048
2025-06-12 08:00,659.795
2025-06-12 09:00,725.801
2025-06-12 10:00,753.365
2025-06-12 11:00,743.646
2025-06-12 12:00,694.860
2025-06-12 13:00,609.562
2025-06-12 14:00,489.326
2025-06-12 15:00,341.579
2025-06-12 16:00,182.960
2025-06-12 17:00,47.239
2025-06-12 18:00,25.415
2025-06-12 19:00,0
2025-06-12 20:00,0
2025-06-12 21:00,0
2025-06-12 22:00,0
2025-06-12 23:00,0
2025-06-13 00:00,0
2025-06-13 01:00,0
2025-06-13 02:00,5.880
2025-06-13 03:00,19.479
2025-06-13 04:00,55.837
2025-06-13 05:00,189.697
2025-06-13 06:00,409.382
2025-06-13 07:00,536.732
2025-06-13 08:00,634.812
2025-06-13 09:00,708.264
2025-06-13 10:00,735.881
2025-06-13 11:00,724.299
2025-06-13 12:00,676.550
2025-06-13 13:00,593.304
2025-06-13 14:00,478.723
2025-06-13 15:00,333.580
2025-06-13 16:00,180.710
2025-06-13 17:00,50.392
2025-06-13 18:00,26.683
2025-06-13 19:00,0
2025-06-13 20:00,0
2025-06-13 21:00,0
2025-06-13 22:00,0
2025-06-13 23:00,0
2025-06-14 00:00,0
2025-06-14 01:00,0
2025-06-14 02:00,8.403
2025-06-14 03:00,36.069
2025-06-14 04:00,97.440
2025-06-14 05:00,244.794
2025-06-14 06:00,397.743
2025-06-14 07:00,527.250
2025-06-14 08:00,608.755
2025-06-14 09:00,636.705
2025-06-14 10:00,667.367
2025-06-14 11:00,653.716
2025-06-14 12:00,586.384
2025-06-14 13:00,493.995
2025-06-14 14:00,415.713
2025-06-14 15:00,315.673
2025-06-14 16:00,178.016
2025-06-14 17:00,50.839
2025-06-14 18:00,26.404
2025-06-14 19:00,0
2025-06-14 20:00,0
2025-06-14 21:00,0
2025-06-14 22:00,0
2025-06-14 23:00,0
2025-06-15 00:00,0
2025-06-15 01:00,0
2025-06-15 02:00,7.803
2025-06-15 03:00,43.008
2025-06-15 04:00,102.075
2025-06-15 05:00,218.127
2025-06-15 06:00,368.301
2025-06-15 07:00,504.925
2025-06-15 08:00,601.291
2025-06-15 09:00,657.639
2025-06-15 10:00,673.740
2025-06-15 11:00,670.598
2025-06-15 12:00,639.370
2025-06-15 13:00,568.049
2025-06-15 14:00,426.847
2025-06-15 15:00,211.230
2025-06-15 16:00,101.342
2025-06-15 17:00,54.762
2025-06-15 18:00,19.245
2025-06-15 19:00,0
2025-06-15 20:00,0
2025-06-15 21:00,0
2025-06-15 22:00,0
2025-06-15 23:00,0
2025-06-16 00:00,0
2025-06-16 01:00,0
2025-06-16 02:00,5.239
2025-06-16 03:00,42.383
2025-06-16 04:00,103.941
2025-06-16 05:00,132.882
2025-06-16 06:00,150.006
2025-06-16 07:00,180.619
2025-06-16 08:00,199.371
2025-06-16 09:00,186.208
2025-06-16 10:00,178.957
2025-06-16 11:00,206.742
2025-06-16 12:00,252.679
2025-06-16 13:00,329.121
2025-06-16 14:00,372.325
2025-06-16 15:00,245.134
2025-06-16 16:00,141.408
2025-06-16 17:00,75.232
2025-06-16 18:00,30.286
2025-06-16 19:00,0
2025-06-16 20:00,0
2025-06-16 21:00,0
2025-06-16 22:00,0
2025-06-16 23:00,0
2025-06-17 00:00,0
2025-06-17 01:00,0
2025-06-17 02:00,9.157
2025-06-17 03:00,41.721
2025-06-17 04:00,101.937
2025-06-17 05:00,243.779
2025-06-17 06:00,394.582
2025-06-17 07:00,513.425
2025-06-17 08:00,583.089
2025-06-17 09:00,583.732
2025-06-17 10:00,457.483
2025-06-17 11:00,302.098
2025-06-17 12:00,193.492
2025-06-17 13:00,218.060
2025-06-17 14:00,343.502
2025-06-17 15:00,270.707
2025-06-17 16:00,164.181
2025-06-17 17:00,70.817
2025-06-17 18:00,23.842
2025-06-17 19:00,0
2025-06-17 20:00,0
2025-06-17 21:00,0
2025-06-17 22:00,0
2025-06-17 23:00,0
2025-06-18 00:00,0
2025-06-18 01:00,0
2025-06-18 02:00,0.057
2025-06-18 03:00,19.488
2025-06-18 04:00,59.814
2025-06-18 05:00,131.182
2025-06-18 06:00,213.507
2025-06-18 07:00,292.335
2025-06-18 08:00,391.276
2025-06-18 09:00,538.930
2025-06-18 10:00,668.913
2025-06-18 11:00,707.669
2025-06-18 12:00,668.326
2025-06-18 13:00,581.705
2025-06-18 14:00,459.402
2025-06-18 15:00,290.649
2025-06-18 16:00,151.760
2025-06-18 17:00,71.400
2025-06-18 18:00,26.671
2025-06-18 19:00,0
2025-06-18 20:00,0
2025-06-18 21:00,0
2025-06-18 22:00,0
2025-06-18 23:00,0
2025-06-19 00:00,0
2025-06-19 01:00,0
2025-06-19 02:00,1.050
2025-06-19 03:00,29.180
2025-06-19 04:00,77.259
2025-06-19 05:00,146.961
2025-06-19 06:00,274.000
2025-06-19 07:00,443.447
2025-06-19 08:00,594.900
2025-06-19 09:00,686.154
2025-06-19 10:00,693.533
2025-06-19 11:00,675.206
2025-06-19 12:00,563.875
2025-06-19 13:00,468.391
2025-06-19 14:00,375.432
2025-06-19 15:00,270.324
2025-06-19 16:00,155.199
2025-06-19 17:00,72.377
2025-06-19 18:00,29.645
2025-06-19 19:00,0
2025-06-19 20:00,0
2025-06-19 21:00,0
2025-06-19 22:00,0
2025-06-19 23:00,0
2025-06-20 00:00,0
2025-06-20 01:00,0
2025-06-20 02:00,10.248
2025-06-20 03:00,35.813
2025-06-20 04:00,98.021
2025-06-20 05:00,252.649
2025-06-20 06:00,410.218
2025-06-20 07:00,544.506
2025-06-20 08:00,645.010
2025-06-20 09:00,708.860
2025-06-20 10:00,729.269
2025-06-20 11:00,694.593
2025-06-20 12:00,616.471
2025-06-20 13:00,380.866
2025-06-20 14:00,284.972
2025-06-20 15:00,184.846
2025-06-20 16:00,88.786
2025-06-20 17:00,48.678
2025-06-20 18:00,19.922
2025-06-20 19:00,0
2025-06-20 20:00,0
2025-06-20 21:00,0
2025-06-20 22:00,0
2025-06-20 23:00,0
2025-06-21 00:00,0
2025-06-21 01:00,0
2025-06-21 02:00,7.596
2025-06-21 03:00,36.056
2025-06-21 04:00,71.762
2025-06-21 05:00,163.221
2025-06-21 06:00,291.604
2025-06-21 07:00,441.273
2025-06-21 08:00,627.754
2025-06-21 09:00,710.358
2025-06-21 10:00,738.996
2025-06-21 11:00,726.317
2025-06-21 12:00,665.038
2025-06-21 13:00,583.002
2025-06-21 14:00,413.951
2025-06-21 15:00,277.824
2025-06-21 16:00,155.204
2025-06-21 17:00,69.516
2025-06-21 18:00,30.283
2025-06-21 19:00,0
2025-06-21 20:00,0
2025-06-21 21:00,0
2025-06-21 22:00,0
2025-06-21 23:00,0
2025-06-22 00:00,0
2025-06-22 01:00,0
2025-06-22 02:00,9.558
2025-06-22 03:00,31.464
2025-06-22 04:00,93.678
2025-06-22 05:00,253.239
2025-06-22 06:00,414.435
2025-06-22 07:00,551.191
2025-06-22 08:00,652.768
2025-06-22 09:00,717.400
2025-06-22 10:00,743.517
2025-06-22 11:00,733.453
2025-06-22 12:00,676.514
2025-06-22 13:00,591.946
2025-06-22 14:00,490.226
2025-06-22 15:00,345.532
2025-06-22 16:00,186.945
2025-06-22 17:00,62.713
2025-06-22 18:00,25.771
2025-06-22 19:00,0
2025-06-22 20:00,0
2025-06-22 21:00,0
2025-06-22 22:00,0
2025-06-22 23:00,0
2025-06-23 00:00,0
2025-06-23 01:00,0
2025-06-23 02:00,0
2025-06-23 03:00,26.387
2025-06-23 04:00,55.465
2025-06-23 05:00,85.456
2025-06-23 06:00,113.860
2025-06-23 07:00,146.454
2025-06-23 08:00,162.567
2025-06-23 09:00,135.135
2025-06-23 10:00,149.959
2025-06-23 11:00,175.227
2025-06-23 12:00,292.173
2025-06-23 13:00,379.776
2025-06-23 14:00,218.804
2025-06-23 15:00,167.924
2025-06-23 16:00,118.563
2025-06-23 17:00,63.143
2025-06-23 18:00,22.911
2025-06-23 19:00,0
2025-06-23 20:00,0
2025-06-23 21:00,0
2025-06-23 22:00,0
2025-06-23 23:00,0
2025-06-24 00:00,0
2025-06-24 01:00,0
2025-06-24 02:00,7.732
2025-06-24 03:00,42.426
2025-06-24 04:00,84.281
2025-06-24 05:00,167.617
2025-06-24 06:00,317.922
2025-06-24 07:00,441.360
2025-06-24 08:00,492.167
2025-06-24 09:00,470.488
2025-06-24 10:00,373.100
2025-06-24 11:00,216.709
2025-06-24 12:00,216.863
2025-06-24 13:00,237.325
2025-06-24 14:00,154.860
2025-06-24 15:00,138.082
2025-06-24 16:00,136.155
2025-06-24 17:00,68.991
2025-06-24 18:00,23.021
2025-06-24 19:00,0
2025-06-24 20:00,0
2025-06-24 21:00,0
2025-06-24 22:00,0
2025-06-24 23:00,0
2025-06-25 00:00,0
2025-06-25 01:00,0
2025-06-25 02:00,1.802
2025-06-25 03:00,31.928
2025-06-25 04:00,77.501
2025-06-25 05:00,120.256
2025-06-25 06:00,166.560
2025-06-25 07:00,213.150
2025-06-25 08:00,236.640
2025-06-25 09:00,318.823
2025-06-25 10:00,348.826
2025-06-25 11:00,381.111
2025-06-25 12:00,334.725
2025-06-25 13:00,377.601
2025-06-25 14:00,383.753
2025-06-25 15:00,292.025
2025-06-25 16:00,181.256
2025-06-25 17:00,67.922
2025-06-25 18:00,32.203
2025-06-25 19:00,0
2025-06-25 20:00,0
2025-06-25 21:00,0
2025-06-25 22:00,0
2025-06-25 23:00,0
2025-06-26 00:00,0
2025-06-26 01:00,0
2025-06-26 02:00,8.851
2025-06-26 03:00,35.306
2025-06-26 04:00,91.544
2025-06-26 05:00,244.631
2025-06-26 06:00,401.347
2025-06-26 07:00,535.842
2025-06-26 08:00,635.951
2025-06-26 09:00,699.607
2025-06-26 10:00,725.019
2025-06-26 11:00,704.270
2025-06-26 12:00,663.050
2025-06-26 13:00,566.505
2025-06-26 14:00,439.697
2025-06-26 15:00,291.299
2025-06-26 16:00,180.608
2025-06-26 17:00,53.717
2025-06-26 18:00,25.615
2025-06-26 19:00,0
2025-06-26 20:00,0
2025-06-26 21:00,0
2025-06-26 22:00,0
2025-06-26 23:00,0
2025-06-27 00:00,0
2025-06-27 01:00,0
2025-06-27 02:00,0
2025-06-27 03:00,9.197
2025-06-27 04:00,30.184
2025-06-27 05:00,88.149
2025-06-27 06:00,200.418
2025-06-27 07:00,228.749
2025-06-27 08:00,219.190
2025-06-27 09:00,235.035
2025-06-27 10:00,277.172
2025-06-27 11:00,310.186
2025-06-27 12:00,283.403
2025-06-27 13:00,251.761
2025-06-27 14:00,210.120
2025-06-27 15:00,171.652
2025-06-27 16:00,115.361
2025-06-27 17:00,52.725
2025-06-27 18:00,21.061
2025-06-27 19:00,0
2025-06-27 20:00,0
2025-06-27 21:00,0
2025-06-27 22:00,0
2025-06-27 23:00,0
2025-06-28 00:00,0
2025-06-28 01:00,0
2025-06-28 02:00,11.439
2025-06-28 03:00,47.449
2025-06-28 04:00,105.716
2025-06-28 05:00,245.752
2025-06-28 06:00,310.187
2025-06-28 07:00,435.091
2025-06-28 08:00,329.881
2025-06-28 09:00,285.804
2025-06-28 10:00,293.657
2025-06-28 11:00,282.541
2025-06-28 12:00,216.704
2025-06-28 13:00,152.154
2025-06-28 14:00,55.647
2025-06-28 15:00,49.609
2025-06-28 16:00,84.748
2025-06-28 17:00,37.746
2025-06-28 18:00,9.520
2025-06-28 19:00,0
2025-06-28 20:00,0
2025-06-28 21:00,0
2025-06-28 22:00,0
2025-06-28 23:00,0
2025-06-29 00:00,0
2025-06-29 01:00,0
2025-06-29 02:00,8.599
2025-06-29 03:00,30.737
2025-06-29 04:00,88.673
2025-06-29 05:00,248.374
2025-06-29 06:00,410.885
2025-06-29 07:00,548.620
2025-06-29 08:00,649.448
2025-06-29 09:00,714.627
2025-06-29 10:00,740.298
2025-06-29 11:00,720.840
2025-06-29 12:00,661.551
2025-06-29 13:00,569.318
2025-06-29 14:00,421.975
2025-06-29 15:00,239.148
2025-06-29 16:00,146.604
2025-06-29 17:00,66.508
2025-06-29 18:00,27.164
2025-06-29 19:00,0
2025-06-29 20:00,0
2025-06-29 21:00,0
2025-06-29 22:00,0
2025-06-29 23:00,0
2025-06-30 00:00,0
2025-06-30 01:00,0
2025-06-30 02:00,8.361
2025-06-30 03:00,31.137
2025-06-30 04:00,88.905
2025-06-30 05:00,244.008
2025-06-30 06:00,402.175
2025-06-30 07:00,539.372
2025-06-30 08:00,645.497
2025-06-30 09:00,711.127
2025-06-30 10:00,738.682
2025-06-30 11:00,730.246
2025-06-30 12:00,684.570
2025-06-30 13:00,603.076
2025-06-30 14:00,484.255
2025-06-30 15:00,301.697
2025-06-30 16:00,168.851
2025-06-30 17:00,64.447
2025-06-30 18:00,25.456
2025-06-30 19:00,0
2025-06-30 20:00,0
2025-06-30 21:00,0
2025-06-30 22:00,0
2025-06-30 23:00,0
2025-07-01 00:00,0
2025-07-01 01:00,0
2025-07-01 02:00,8.048
2025-07-01 03:00,33.251
2025-07-01 04:00,88.329
2025-07-01 05:00,240.905
2025-07-01 06:00,394.412
2025-07-01 07:00,524.155
2025-07-01 08:00,620.772
2025-07-01 09:00,683.307
2025-07-01 10:00,708.313
2025-07-01 11:00,661.115
2025-07-01 12:00,388.402
2025-07-01 13:00,254.117
2025-07-01 14:00,287.497
2025-07-01 15:00,264.895
2025-07-01 16:00,142.435
2025-07-01 17:00,58.448
2025-07-01 18:00,24.497
2025-07-01 19:00,0
2025-07-01 20:00,0
2025-07-01 21:00,0
2025-07-01 22:00,0
2025-07-01 23:00,0
2025-07-02 00:00,0
2025-07-02 01:00,0
2025-07-02 02:00,7.735
2025-07-02 03:00,10.320
2025-07-02 04:00,49.227
2025-07-02 05:00,216.645
2025-07-02 06:00,370.388
2025-07-02 07:00,504.862
2025-07-02 08:00,598.535
2025-07-02 09:00,628.437
2025-07-02 10:00,664.860
2025-07-02 11:00,588.169
2025-07-02 12:00,275.537
2025-07-02 13:00,343.306
2025-07-02 14:00,397.119
2025-07-02 15:00,260.598
2025-07-02 16:00,91.697
2025-07-02 17:00,16.509
2025-07-02 18:00,2.132
2025-07-02 19:00,0
2025-07-02 20:00,0
2025-07-02 21:00,0
2025-07-02 22:00,0
2025-07-02 23:00,0
2025-07-03 00:00,0
2025-07-03 01:00,0
2025-07-03 02:00,0
2025-07-03 03:00,11.883
2025-07-03 04:00,35.467
2025-07-03 05:00,76.796
2025-07-03 06:00,109.470
2025-07-03 07:00,174.403
2025-07-03 08:00,259.412
2025-07-03 09:00,488.709
2025-07-03 10:00,564.662
2025-07-03 11:00,432.242
2025-07-03 12:00,379.906
2025-07-03 13:00,385.331
2025-07-03 14:00,272.361
2025-07-03 15:00,156.182
2025-07-03 16:00,94.947
2025-07-03 17:00,34.829
2025-07-03 18:00,5.437
2025-07-03 19:00,0
2025-07-03 20:00,0
2025-07-03 21:00,0
2025-07-03 22:00,0
2025-07-03 23:00,0
2025-07-04 00:00,0
2025-07-04 01:00,0
2025-07-04 02:00,7.707
2025-07-04 03:00,30.579
2025-07-04 04:00,86.763
2025-07-04 05:00,249.013
2025-07-04 06:00,412.018
2025-07-04 07:00,548.868
2025-07-04 08:00,640.854
2025-07-04 09:00,686.459
2025-07-04 10:00,683.211
2025-07-04 11:00,630.401
2025-07-04 12:00,550.588
2025-07-04 13:00,428.918
2025-07-04 14:00,293.665
2025-07-04 15:00,207.416
2025-07-04 16:00,131.430
2025-07-04 17:00,66.735
2025-07-04 18:00,21.481
2025-07-04 19:00,0
2025-07-04 20:00,0
2025-07-04 21:00,0
2025-07-04 22:00,0
2025-07-04 23:00,0
2025-07-05 00:00,0
2025-07-05 01:00,0
2025-07-05 02:00,0
2025-07-05 03:00,17.144
2025-07-05 04:00,75.969
2025-07-05 05:00,194.714
2025-07-05 06:00,97.394
2025-07-05 07:00,86.219
2025-07-05 08:00,130.473
2025-07-05 09:00,216.705
2025-07-05 10:00,412.256
2025-07-05 11:00,441.266
2025-07-05 12:00,344.682
2025-07-05 13:00,224.506
2025-07-05 14:00,164.913
2025-07-05 15:00,125.230
2025-07-05 16:00,78.140
2025-07-05 17:00,37.296
2025-07-05 18:00,7.692
2025-07-05 19:00,0
2025-07-05 20:00,0
2025-07-05 21:00,0
2025-07-05 22:00,0
2025-07-05 23:00,0
2025-07-06 00:00,0
2025-07-06 01:00,0
2025-07-06 02:00,6.055
2025-07-06 03:00,40.733
2025-07-06 04:00,95.454
2025-07-06 05:00,203.197
2025-07-06 06:00,331.963
2025-07-06 07:00,477.925
2025-07-06 08:00,571.133
2025-07-06 09:00,518.597
2025-07-06 10:00,451.598
2025-07-06 11:00,488.776
2025-07-06 12:00,430.442
2025-07-06 13:00,356.009
2025-07-06 14:00,309.426
2025-07-06 15:00,222.176
2025-07-06 16:00,145.855
2025-07-06 17:00,67.891
2025-07-06 18:00,26.164
2025-07-06 19:00,0
2025-07-06 20:00,0
2025-07-06 21:00,0
2025-07-06 22:00,0
2025-07-06 23:00,0
2025-07-07 00:00,0
2025-07-07 01:00,0
2025-07-07 02:00,5.864
2025-07-07 03:00,30.586
2025-07-07 04:00,43.110
2025-07-07 05:00,87.664
2025-07-07 06:00,171.363
2025-07-07 07:00,291.160
2025-07-07 08:00,463.921
2025-07-07 09:00,599.174
2025-07-07 10:00,456.612
2025-07-07 11:00,384.874
2025-07-07 12:00,178.414
2025-07-07 13:00,119.604
2025-07-07 14:00,74.631
2025-07-07 15:00,43.054
2025-07-07 16:00,18.151
2025-07-07 17:00,4.465
2025-07-07 18:00,0
2025-07-07 19:00,0
2025-07-07 20:00,0
2025-07-07 21:00,0
2025-07-07 22:00,0
2025-07-07 23:00,0
2025-07-08 00:00,0
2025-07-08 01:00,0
2025-07-08 02:00,0
2025-07-08 03:00,7.806
2025-07-08 04:00,32.331
2025-07-08 05:00,64.477
2025-07-08 06:00,104.274
2025-07-08 07:00,139.233
2025-07-08 08:00,176.122
2025-07-08 09:00,210.539
2025-07-08 10:00,283.497
2025-07-08 11:00,314.672
2025-07-08 12:00,328.674
2025-07-08 13:00,300.453
2025-07-08 14:00,247.764
2025-07-08 15:00,188.852
2025-07-08 16:00,133.235
2025-07-08 17:00,68.904
2025-07-08 18:00,26.529
2025-07-08 19:00,0
2025-07-08 20:00,0
2025-07-08 21:00,0
2025-07-08 22:00,0
2025-07-08 23:00,0
2025-07-09 00:00,0
2025-07-09 01:00,0
2025-07-09 02:00,4.764
2025-07-09 03:00,30.337
2025-07-09 04:00,80.393
2025-07-09 05:00,234.210
2025-07-09 06:00,393.730
2025-07-09 07:00,528.378
2025-07-09 08:00,621.155
2025-07-09 09:00,668.499
2025-07-09 10:00,716.021
2025-07-09 11:00,704.476
2025-07-09 12:00,666.564
2025-07-09 13:00,582.917
2025-07-09 14:00,466.432
2025-07-09 15:00,317.845
2025-07-09 16:00,171.036
2025-07-09 17:00,49.646
2025-07-09 18:00,21.520
2025-07-09 19:00,0
2025-07-09 20:00,0
2025-07-09 21:00,0
2025-07-09 22:00,0
2025-07-09 23:00,0
2025-07-10 00:00,0
2025-07-10 01:00,0
2025-07-10 02:00,4.365
2025-07-10 03:00,27.911
2025-07-10 04:00,77.915
2025-07-10 05:00,233.426
2025-07-10 06:00,392.042
2025-07-10 07:00,528.426
2025-07-10 08:00,631.350
2025-07-10 09:00,698.030
2025-07-10 10:00,727.544
2025-07-10 11:00,720.944
2025-07-10 12:00,677.157
2025-07-10 13:00,595.984
2025-07-10 14:00,472.997
2025-07-10 15:00,325.463
2025-07-10 16:00,169.528
2025-07-10 17:00,59.207
2025-07-10 18:00,20.273
2025-07-10 19:00,0
2025-07-10 20:00,0
2025-07-10 21:00,0
2025-07-10 22:00,0
2025-07-10 23:00,0
2025-07-11 00:00,0
2025-07-11 01:00,0
2025-07-11 02:00,1.967
2025-07-11 03:00,37.137
2025-07-11 04:00,93.010
2025-07-11 05:00,164.452
2025-07-11 06:00,191.224
2025-07-11 07:00,251.228
2025-07-11 08:00,311.670
2025-07-11 09:00,358.571
2025-07-11 10:00,441.621
2025-07-11 11:00,525.906
2025-07-11 12:00,529.802
2025-07-11 13:00,372.824
2025-07-11 14:00,254.879
2025-07-11 15:00,197.005
2025-07-11 16:00,133.882
2025-07-11 17:00,65.883
2025-07-11 18:00,21.580
2025-07-11 19:00,0
2025-07-11 20:00,0
2025-07-11 21:00,0
2025-07-11 22:00,0
2025-07-11 23:00,0
2025-07-12 00:00,0
2025-07-12 01:00,0
2025-07-12 02:00,0.107
2025-07-12 03:00,28.344
2025-07-12 04:00,76.746
2025-07-12 05:00,147.340
2025-07-12 06:00,219.291
2025-07-12 07:00,275.754
2025-07-12 08:00,298.747
2025-07-12 09:00,329.309
2025-07-12 10:00,395.110
2025-07-12 11:00,396.929
2025-07-12 12:00,245.329
2025-07-12 13:00,157.401
2025-07-12 14:00,122.549
2025-07-12 15:00,91.679
2025-07-12 16:00,37.818
2025-07-12 17:00,11.179
2025-07-12 18:00,0
2025-07-12 19:00,0
2025-07-12 20:00,0
2025-07-12 21:00,0
2025-07-12 22:00,0
2025-07-12 23:00,0
2025-07-13 00:00,0
2025-07-13 01:00,0
2025-07-13 02:00,0.565
2025-07-13 03:00,33.844
2025-07-13 04:00,86.746
2025-07-13 05:00,224.967
2025-07-13 06:00,337.505
2025-07-13 07:00,279.025
2025-07-13 08:00,393.141
2025-07-13 09:00,592.558
2025-07-13 10:00,646.720
2025-07-13 11:00,643.784
2025-07-13 12:00,600.426
2025-07-13 13:00,479.289
2025-07-13 14:00,346.885
2025-07-13 15:00,246.790
2025-07-13 16:00,116.380
2025-07-13 17:00,45.824
2025-07-13 18:00,13.973
2025-07-13 19:00,0
2025-07-13 20:00,0
2025-07-13 21:00,0
2025-07-13 22:00,0
2025-07-13 23:00,0
2025-07-14 00:00,0
2025-07-14 01:00,0
2025-07-14 02:00,0
2025-07-14 03:00,7.564
2025-07-14 04:00,31.954
2025-07-14 05:00,64.160
2025-07-14 06:00,155.388
2025-07-14 07:00,320.796
2025-07-14 08:00,425.268
2025-07-14 09:00,487.842
2025-07-14 10:00,514.915
2025-07-14 11:00,493.920
2025-07-14 12:00,428.904
2025-07-14 13:00,302.612
2025-07-14 14:00,210.057
2025-07-14 15:00,168.715
2025-07-14 16:00,120.020
2025-07-14 17:00,57.777
2025-07-14 18:00,15.407
2025-07-14 19:00,0
2025-07-14 20:00,0
2025-07-14 21:00,0
2025-07-14 22:00,0
2025-07-14 23:00,0
2025-07-15 00:00,0
2025-07-15 01:00,0
2025-07-15 02:00,0
2025-07-15 03:00,22.670
2025-07-15 04:00,65.658
2025-07-15 05:00,131.030
2025-07-15 06:00,215.522
2025-07-15 07:00,316.894
2025-07-15 08:00,425.633
2025-07-15 09:00,492.454
2025-07-15 10:00,546.920
2025-07-15 11:00,559.990
2025-07-15 12:00,533.637
2025-07-15 13:00,456.149
2025-07-15 14:00,300.080
2025-07-15 15:00,216.636
2025-07-15 16:00,131.261
2025-07-15 17:00,60.398
2025-07-15 18:00,17.542
2025-07-15 19:00,0
2025-07-15 20:00,0
2025-07-15 21:00,0
2025-07-15 22:00,0
2025-07-15 23:00,0
2025-07-16 00:00,0
2025-07-16 01:00,0
2025-07-16 02:00,0.087
2025-07-16 03:00,33.001
2025-07-16 04:00,81.955
2025-07-16 05:00,211.548
2025-07-16 06:00,355.570
2025-07-16 07:00,446.681
2025-07-16 08:00,351.556
2025-07-16 09:00,369.136
2025-07-16 10:00,452.597
2025-07-16 11:00,603.596
2025-07-16 12:00,617.855
2025-07-16 13:00,537.361
2025-07-16 14:00,433.560
2025-07-16 15:00,299.720
2025-07-16 16:00,160.881
2025-07-16 17:00,55.711
2025-07-16 18:00,18.362
2025-07-16 19:00,0
2025-07-16 20:00,0
2025-07-16 21:00,0
2025-07-16 22:00,0
2025-07-16 23:00,0
2025-07-17 00:00,0
2025-07-17 01:00,0
2025-07-17 02:00,0
2025-07-17 03:00,26.261
2025-07-17 04:00,71.188
2025-07-17 05:00,221.325
2025-07-17 06:00,376.540
2025-07-17 07:00,508.041
2025-07-17 08:00,605.429
2025-07-17 09:00,666.673
2025-07-17 10:00,692.251
2025-07-17 11:00,681.849
2025-07-17 12:00,636.039
2025-07-17 13:00,558.694
2025-07-17 14:00,450.831
2025-07-17 15:00,314.294
2025-07-17 16:00,166.875
2025-07-17 17:00,43.468
2025-07-17 18:00,16.574
2025-07-17 19:00,0
2025-07-17 20:00,0
2025-07-17 21:00,0
2025-07-17 22:00,0
2025-07-17 23:00,0
2025-07-18 00:00,0
2025-07-18 01:00,0
2025-07-18 02:00,0
2025-07-18 03:00,31.816
2025-07-18 04:00,81.006
2025-07-18 05:00,197.582
2025-07-18 06:00,332.699
2025-07-18 07:00,454.892
2025-07-18 08:00,537.529
2025-07-18 09:00,588.122
2025-07-18 10:00,611.047
2025-07-18 11:00,603.576
2025-07-18 12:00,561.307
2025-07-18 13:00,482.580
2025-07-18 14:00,369.235
2025-07-18 15:00,246.863
2025-07-18 16:00,138.363
2025-07-18 17:00,54.947
2025-07-18 18:00,14.171
2025-07-18 19:00,0
2025-07-18 20:00,0
2025-07-18 21:00,0
2025-07-18 22:00,0
2025-07-18 23:00,0
2025-07-19 00:00,0
2025-07-19 01:00,0
2025-07-19 02:00,0
2025-07-19 03:00,27.243
2025-07-19 04:00,71.257
2025-07-19 05:00,211.715
2025-07-19 06:00,363.145
2025-07-19 07:00,496.087
2025-07-19 08:00,596.809
2025-07-19 09:00,664.577
2025-07-19 10:00,692.431
2025-07-19 11:00,684.969
2025-07-19 12:00,642.059
2025-07-19 13:00,564.029
2025-07-19 14:00,452.115
2025-07-19 15:00,313.292
2025-07-19 16:00,164.942
2025-07-19 17:00,42.451
2025-07-19 18:00,15.382
2025-07-19 19:00,0
2025-07-19 20:00,0
2025-07-19 21:00,0
2025-07-19 22:00,0
2025-07-19 23:00,0
2025-07-20 00:00,0
2025-07-20 01:00,0
2025-07-20 02:00,0
2025-07-20 03:00,23.195
2025-07-20 04:00,65.439
2025-07-20 05:00,219.590
2025-07-20 06:00,377.782
2025-07-20 07:00,511.608
2025-07-20 08:00,609.674
2025-07-20 09:00,666.839
2025-07-20 10:00,681.977
2025-07-20 11:00,675.686
2025-07-20 12:00,626.632
2025-07-20 13:00,514.173
2025-07-20 14:00,447.659
2025-07-20 15:00,311.245
2025-07-20 16:00,163.035
2025-07-20 17:00,42.146
2025-07-20 18:00,14.323
2025-07-20 19:00,0
2025-07-20 20:00,0
2025-07-20 21:00,0
2025-07-20 22:00,0
2025-07-20 23:00,0
2025-07-21 00:00,0
2025-07-21 01:00,0
2025-07-21 02:00,0
2025-07-21 03:00,26.116
2025-07-21 04:00,72.021
2025-07-21 05:00,196.435
2025-07-21 06:00,358.210
2025-07-21 07:00,485.914
2025-07-21 08:00,594.850
2025-07-21 09:00,662.040
2025-07-21 10:00,690.332
2025-07-21 11:00,684.572
2025-07-21 12:00,642.202
2025-07-21 13:00,564.941
2025-07-21 14:00,453.122
2025-07-21 15:00,313.027
2025-07-21 16:00,162.910
2025-07-21 17:00,41.350
2025-07-21 18:00,13.740
2025-07-21 19:00,0
2025-07-21 20:00,0
2025-07-21 21:00,0
2025-07-21 22:00,0
2025-07-21 23:00,0
2025-07-22 00:00,0
2025-07-22 01:00,0
2025-07-22 02:00,0
2025-07-22 03:00,25.495
2025-07-22 04:00,68.320
2025-07-22 05:00,199.668
2025-07-22 06:00,348.961
2025-07-22 07:00,475.338
2025-07-22 08:00,556.755
2025-07-22 09:00,607.893
2025-07-22 10:00,648.593
2025-07-22 11:00,649.142
2025-07-22 12:00,614.520
2025-07-22 13:00,543.552
2025-07-22 14:00,435.074
2025-07-22 15:00,301.402
2025-07-22 16:00,157.784
2025-07-22 17:00,44.298
2025-07-22 18:00,13.083
2025-07-22 19:00,0
2025-07-22 20:00,0
2025-07-22 21:00,0
2025-07-22 22:00,0
2025-07-22 23:00,0
2025-07-23 00:00,0
2025-07-23 01:00,0
2025-07-23 02:00,0
2025-07-23 03:00,26.379
2025-07-23 04:00,73.190
2025-07-23 05:00,185.704
2025-07-23 06:00,293.961
2025-07-23 07:00,413.773
2025-07-23 08:00,518.897
2025-07-23 09:00,598.855
2025-07-23 10:00,645.884
2025-07-23 11:00,648.897
2025-07-23 12:00,595.990
2025-07-23 13:00,510.922
2025-07-23 14:00,398.603
2025-07-23 15:00,270.429
2025-07-23 16:00,142.344
2025-07-23 17:00,49.202
2025-07-23 18:00,10.698
2025-07-23 19:00,0
2025-07-23 20:00,0
2025-07-23 21:00,0
2025-07-23 22:00,0
2025-07-23 23:00,0
2025-07-24 00:00,0
2025-07-24 01:00,0
2025-07-24 02:00,0
2025-07-24 03:00,25.230
2025-07-24 04:00,70.244
2025-07-24 05:00,190.642
2025-07-24 06:00,324.419
2025-07-24 07:00,445.411
2025-07-24 08:00,542.439
2025-07-24 09:00,606.322
2025-07-24 10:00,632.171
2025-07-24 11:00,626.802
2025-07-24 12:00,556.031
2025-07-24 13:00,466.365
2025-07-24 14:00,375.350
2025-07-24 15:00,266.901
2025-07-24 16:00,147.314
2025-07-24 17:00,45.665
2025-07-24 18:00,11.107
2025-07-24 19:00,0
2025-07-24 20:00,0
2025-07-24 21:00,0
2025-07-24 22:00,0
2025-07-24 23:00,0
2025-07-25 00:00,0
2025-07-25 01:00,0
2025-07-25 02:00,0
2025-07-25 03:00,23.238
2025-07-25 04:00,64.488
2025-07-25 05:00,200.205
2025-07-25 06:00,349.646
2025-07-25 07:00,471.406
2025-07-25 08:00,571.320
2025-07-25 09:00,633.645
2025-07-25 10:00,670.628
2025-07-25 11:00,658.555
2025-07-25 12:00,622.204
2025-07-25 13:00,542.710
2025-07-25 14:00,437.323
2025-07-25 15:00,297.763
2025-07-25 16:00,154.828
2025-07-25 17:00,38.996
2025-07-25 18:00,10.419
2025-07-25 19:00,0
2025-07-25 20:00,0
2025-07-25 21:00,0
2025-07-25 22:00,0
2025-07-25 23:00,0
2025-07-26 00:00,0
2025-07-26 01:00,0
2025-07-26 02:00,0
2025-07-26 03:00,23.533
2025-07-26 04:00,65.748
2025-07-26 05:00,202.316
2025-07-26 06:00,348.022
2025-07-26 07:00,478.958
2025-07-26 08:00,540.442
2025-07-26 09:00,605.268
2025-07-26 10:00,627.103
2025-07-26 11:00,596.285
2025-07-26 12:00,522.991
2025-07-26 13:00,287.435
2025-07-26 14:00,213.024
2025-07-26 15:00,158.721
2025-07-26 16:00,109.321
2025-07-26 17:00,47.371
2025-07-26 18:00,9.031
2025-07-26 19:00,0
2025-07-26 20:00,0
2025-07-26 21:00,0
2025-07-26 22:00,0
2025-07-26 23:00,0
2025-07-27 00:00,0
2025-07-27 01:00,0
2025-07-27 02:00,0
2025-07-27 03:00,20.743
2025-07-27 04:00,59.698
2025-07-27 05:00,203.475
2025-07-27 06:00,358.094
2025-07-27 07:00,495.218
2025-07-27 08:00,596.161
2025-07-27 09:00,664.383
2025-07-27 10:00,692.806
2025-07-27 11:00,686.098
2025-07-27 12:00,642.582
2025-07-27 13:00,563.113
2025-07-27 14:00,449.294
2025-07-27 15:00,307.181
2025-07-27 16:00,155.609
2025-07-27 17:00,37.853
2025-07-27 18:00,7.689
2025-07-27 19:00,0
2025-07-27 20:00,0
2025-07-27 21:00,0
2025-07-27 22:00,0
2025-07-27 23:00,0
2025-07-28 00:00,0
2025-07-28 01:00,0
2025-07-28 02:00,0
2025-07-28 03:00,22.183
2025-07-28 04:00,66.595
2025-07-28 05:00,202.485
2025-07-28 06:00,354.280
2025-07-28 07:00,479.859
2025-07-28 08:00,569.946
2025-07-28 09:00,600.465
2025-07-28 10:00,539.566
2025-07-28 11:00,540.971
2025-07-28 12:00,543.543
2025-07-28 13:00,490.511
2025-07-28 14:00,385.182
2025-07-28 15:00,246.279
2025-07-28 16:00,68.772
2025-07-28 17:00,11.185
2025-07-28 18:00,0
2025-07-28 19:00,0
2025-07-28 20:00,0
2025-07-28 21:00,0
2025-07-28 22:00,0
2025-07-28 23:00,0
2025-07-29 00:00,0
2025-07-29 01:00,0
2025-07-29 02:00,0
2025-07-29 03:00,0
2025-07-29 04:00,13.774
2025-07-29 05:00,75.890
2025-07-29 06:00,143.815
2025-07-29 07:00,251.182
2025-07-29 08:00,324.781
2025-07-29 09:00,397.585
2025-07-29 10:00,557.640
2025-07-29 11:00,593.360
2025-07-29 12:00,542.749
2025-07-29 13:00,433.939
2025-07-29 14:00,318.794
2025-07-29 15:00,220.341
2025-07-29 16:00,128.872
2025-07-29 17:00,47.273
2025-07-29 18:00,7.310
2025-07-29 19:00,0
2025-07-29 20:00,0
2025-07-29 21:00,0
2025-07-29 22:00,0
2025-07-29 23:00,0
2025-07-30 00:00,0
2025-07-30 01:00,0
2025-07-30 02:00,0
2025-07-30 03:00,21.841
2025-07-30 04:00,64.728
2025-07-30 05:00,206.163
2025-07-30 06:00,364.808
2025-07-30 07:00,477.978
2025-07-30 08:00,506.636
2025-07-30 09:00,561.292
2025-07-30 10:00,539.608
2025-07-30 11:00,404.571
2025-07-30 12:00,337.663
2025-07-30 13:00,310.424
2025-07-30 14:00,215.671
2025-07-30 15:00,125.822
2025-07-30 16:00,58.276
2025-07-30 17:00,12.061
2025-07-30 18:00,0
2025-07-30 19:00,0
2025-07-30 20:00,0
2025-07-30 21:00,0
2025-07-30 22:00,0
2025-07-30 23:00,0
2025-07-31 00:00,0
2025-07-31 01:00,0
2025-07-31 02:00,0
2025-07-31 03:00,0
2025-07-31 04:00,19.520
2025-07-31 05:00,82.769
2025-07-31 06:00,250.112
2025-07-31 07:00,385.100
2025-07-31 08:00,525.536
2025-07-31 09:00,543.119
2025-07-31 10:00,546.782
2025-07-31 11:00,592.340
2025-07-31 12:00,520.487
2025-07-31 13:00,496.127
2025-07-31 14:00,398.889
2025-07-31 15:00,260.057
2025-07-31 16:00,134.440
2025-07-31 17:00,43.639
2025-07-31 18:00,4.354
2025-07-31 19:00,0
2025-07-31 20:00,0
2025-07-31 21:00,0
2025-07-31 22:00,0
2025-07-31 23:00,0
2025-08-01 00:00,0
2025-08-01 01:00,0
2025-08-01 02:00,0
2025-08-01 03:00,0
2025-08-01 04:00,19.190
2025-08-01 05:00,62.068
2025-08-01 06:00,162.022
2025-08-01 07:00,202.855
2025-08-01 08:00,192.514
2025-08-01 09:00,175.830
2025-08-01 10:00,196.401
2025-08-01 11:00,194.660
2025-08-01 12:00,153.420
2025-08-01 13:00,123.635
2025-08-01 14:00,121.455
2025-08-01 15:00,87.074
2025-08-01 16:00,43.047
2025-08-01 17:00,15.065
2025-08-01 18:00,0
2025-08-01 19:00,0
2025-08-01 20:00,0
2025-08-01 21:00,0
2025-08-01 22:00,0
2025-08-01 23:00,0
2025-08-02 00:00,0
2025-08-02 01:00,0
2025-08-02 02:00,0
2025-08-02 03:00,13.968
2025-08-02 04:00,59.402
2025-08-02 05:00,178.435
2025-08-02 06:00,339.832
2025-08-02 07:00,488.734
2025-08-02 08:00,604.594
2025-08-02 09:00,671.240
2025-08-02 10:00,698.380
2025-08-02 11:00,688.725
2025-08-02 12:00,638.494
2025-08-02 13:00,556.787
2025-08-02 14:00,440.413
2025-08-02 15:00,295.245
2025-08-02 16:00,143.819
2025-08-02 17:00,37.144
2025-08-02 18:00,1.943
2025-08-02 19:00,0
2025-08-02 20:00,0
2025-08-02 21:00,0
2025-08-02 22:00,0
2025-08-02 23:00,0
2025-08-03 00:00,0
2025-08-03 01:00,0
2025-08-03 02:00,0
2025-08-03 03:00,16.375
2025-08-03 04:00,59.696
2025-08-03 05:00,184.212
2025-08-03 06:00,323.944
2025-08-03 07:00,437.704
2025-08-03 08:00,512.892
2025-08-03 09:00,498.744
2025-08-03 10:00,563.823
2025-08-03 11:00,643.454
2025-08-03 12:00,604.229
2025-08-03 13:00,528.833
2025-08-03 14:00,368.443
2025-08-03 15:00,218.677
2025-08-03 16:00,83.423
2025-08-03 17:00,16.549
2025-08-03 18:00,0
2025-08-03 19:00,0
2025-08-03 20:00,0
2025-08-03 21:00,0
2025-08-03 22:00,0
2025-08-03 23:00,0
2025-08-04 00:00,0
2025-08-04 01:00,0
2025-08-04 02:00,0
2025-08-04 03:00,3.420
2025-08-04 04:00,38.572
2025-08-04 05:00,90.056
2025-08-04 06:00,108.635
2025-08-04 07:00,107.094
2025-08-04 08:00,200.481
2025-08-04 09:00,438.466
2025-08-04 10:00,676.321
2025-08-04 11:00,682.309
2025-08-04 12:00,639.480
2025-08-04 13:00,557.089
2025-08-04 14:00,436.440
2025-08-04 15:00,286.372
2025-08-04 16:00,141.902
2025-08-04 17:00,36.414
2025-08-04 18:00,0.723
2025-08-04 19:00,0
2025-08-04 20:00,0
2025-08-04 21:00,0
2025-08-04 22:00,0
2025-08-04 23:00,0
2025-08-05 00:00,0
2025-08-05 01:00,0
2025-08-05 02:00,0
2025-08-05 03:00,3.600
2025-08-05 04:00,50.695
2025-08-05 05:00,73.767
2025-08-05 06:00,125.989
2025-08-05 07:00,289.586
2025-08-05 08:00,534.107
2025-08-05 09:00,643.584
2025-08-05 10:00,710.174
2025-08-05 11:00,705.359
2025-08-05 12:00,652.075
2025-08-05 13:00,564.695
2025-08-05 14:00,437.133
2025-08-05 15:00,288.281
2025-08-05 16:00,139.324
2025-08-05 17:00,35.379
2025-08-05 18:00,0
2025-08-05 19:00,0
2025-08-05 20:00,0
2025-08-05 21:00,0
2025-08-05 22:00,0
2025-08-05 23:00,0
2025-08-06 00:00,0
2025-08-06 01:00,0
2025-08-06 02:00,0
2025-08-06 03:00,11.790
2025-08-06 04:00,57.551
2025-08-06 05:00,176.029
2025-08-06 06:00,266.989
2025-08-06 07:00,358.303
2025-08-06 08:00,432.717
2025-08-06 09:00,440.403
2025-08-06 10:00,477.544
2025-08-06 11:00,512.831
2025-08-06 12:00,479.037
2025-08-06 13:00,401.101
2025-08-06 14:00,299.827
2025-08-06 15:00,220.962
2025-08-06 16:00,124.643
2025-08-06 17:00,35.897
2025-08-06 18:00,0
2025-08-06 19:00,0
2025-08-06 20:00,0
2025-08-06 21:00,0
2025-08-06 22:00,0
2025-08-06 23:00,0
2025-08-07 00:00,0
2025-08-07 01:00,0
2025-08-07 02:00,0
2025-08-07 03:00,11.344
2025-08-07 04:00,51.128
2025-08-07 05:00,183.215
2025-08-07 06:00,332.656
2025-08-07 07:00,460.697
2025-08-07 08:00,566.083
2025-08-07 09:00,662.987
2025-08-07 10:00,699.227
2025-08-07 11:00,692.008
2025-08-07 12:00,638.237
2025-08-07 13:00,529.277
2025-08-07 14:00,351.542
2025-08-07 15:00,167.130
2025-08-07 16:00,78.024
2025-08-07 17:00,19.709
2025-08-07 18:00,0
2025-08-07 19:00,0
2025-08-07 20:00,0
2025-08-07 21:00,0
2025-08-07 22:00,0
2025-08-07 23:00,0
2025-08-08 00:00,0
2025-08-08 01:00,0
2025-08-08 02:00,0
2025-08-08 03:00,8.608
2025-08-08 04:00,53.659
2025-08-08 05:00,164.292
2025-08-08 06:00,298.426
2025-08-08 07:00,425.338
2025-08-08 08:00,524.842
2025-08-08 09:00,596.270
2025-08-08 10:00,622.538
2025-08-08 11:00,513.987
2025-08-08 12:00,379.482
2025-08-08 13:00,324.538
2025-08-08 14:00,308.998
2025-08-08 15:00,235.842
2025-08-08 16:00,117.686
2025-08-08 17:00,32.546
2025-08-08 18:00,0
2025-08-08 19:00,0
2025-08-08 20:00,0
2025-08-08 21:00,0
2025-08-08 22:00,0
2025-08-08 23:00,0
2025-08-09 00:00,0
2025-08-09 01:00,0
2025-08-09 02:00,0
2025-08-09 03:00,7.250
2025-08-09 04:00,48.378
2025-08-09 05:00,134.757
2025-08-09 06:00,290.450
2025-08-09 07:00,470.289
2025-08-09 08:00,584.810
2025-08-09 09:00,621.788
2025-08-09 10:00,639.423
2025-08-09 11:00,622.724
2025-08-09 12:00,534.886
2025-08-09 13:00,459.833
2025-08-09 14:00,363.146
2025-08-09 15:00,246.010
2025-08-09 16:00,122.131
2025-08-09 17:00,30.144
2025-08-09 18:00,0
2025-08-09 19:00,0
2025-08-09 20:00,0
2025-08-09 21:00,0
2025-08-09 22:00,0
2025-08-09 23:00,0
2025-08-10 00:00,0
2025-08-10 01:00,0
2025-08-10 02:00,0
2025-08-10 03:00,7.029
2025-08-10 04:00,44.330
2025-08-10 05:00,177.936
2025-08-10 06:00,333.113
2025-08-10 07:00,475.065
2025-08-10 08:00,587.329
2025-08-10 09:00,670.105
2025-08-10 10:00,703.586
2025-08-10 11:00,697.975
2025-08-10 12:00,654.005
2025-08-10 13:00,570.142
2025-08-10 14:00,443.217
2025-08-10 15:00,283.307
2025-08-10 16:00,127.006
2025-08-10 17:00,25.490
2025-08-10 18:00,0
2025-08-10 19:00,0
2025-08-10 20:00,0
2025-08-10 21:00,0
2025-08-10 22:00,0
2025-08-10 23:00,0
2025-08-11 00:00,0
2025-08-11 01:00,0
2025-08-11 02:00,0
2025-08-11 03:00,6.603
2025-08-11 04:00,46.066
2025-08-11 05:00,184.818
2025-08-11 06:00,306.153
2025-08-11 07:00,390.179
2025-08-11 08:00,365.552
2025-08-11 09:00,279.127
2025-08-11 10:00,272.472
2025-08-11 11:00,388.506
2025-08-11 12:00,512.297
2025-08-11 13:00,523.827
2025-08-11 14:00,371.721
2025-08-11 15:00,176.027
2025-08-11 16:00,81.358
2025-08-11 17:00,27.400
2025-08-11 18:00,0
2025-08-11 19:00,0
2025-08-11 20:00,0
2025-08-11 21:00,0
2025-08-11 22:00,0
2025-08-11 23:00,0
2025-08-12 00:00,0
2025-08-12 01:00,0
2025-08-12 02:00,0
2025-08-12 03:00,1.369
2025-08-12 04:00,44.690
2025-08-12 05:00,173.377
2025-08-12 06:00,338.278
2025-08-12 07:00,485.005
2025-08-12 08:00,593.646
2025-08-12 09:00,637.426
2025-08-12 10:00,685.577
2025-08-12 11:00,697.247
2025-08-12 12:00,650.844
2025-08-12 13:00,565.630
2025-08-12 14:00,443.808
2025-08-12 15:00,290.182
2025-08-12 16:00,129.226
2025-08-12 17:00,22.061
2025-08-12 18:00,0
2025-08-12 19:00,0
2025-08-12 20:00,0
2025-08-12 21:00,0
2025-08-12 22:00,0
2025-08-12 23:00,0
2025-08-13 00:00,0
2025-08-13 01:00,0
2025-08-13 02:00,0
2025-08-13 03:00,2.942
2025-08-13 04:00,44.635
2025-08-13 05:00,152.630
2025-08-13 06:00,285.662
2025-08-13 07:00,423.761
2025-08-13 08:00,540.597
2025-08-13 09:00,619.120
2025-08-13 10:00,625.167
2025-08-13 11:00,538.445
2025-08-13 12:00,471.257
2025-08-13 13:00,413.384
2025-08-13 14:00,279.411
2025-08-13 15:00,185.695
2025-08-13 16:00,93.446
2025-08-13 17:00,24.379
2025-08-13 18:00,0
2025-08-13 19:00,0
2025-08-13 20:00,0
2025-08-13 21:00,0
2025-08-13 22:00,0
2025-08-13 23:00,0
2025-08-14 00:00,0
2025-08-14 01:00,0
2025-08-14 02:00,0
2025-08-14 03:00,2.154
2025-08-14 04:00,39.380
2025-08-14 05:00,172.222
2025-08-14 06:00,328.395
2025-08-14 07:00,468.556
2025-08-14 08:00,574.906
2025-08-14 09:00,623.859
2025-08-14 10:00,663.586
2025-08-14 11:00,637.588
2025-08-14 12:00,572.203
2025-08-14 13:00,498.905
2025-08-14 14:00,388.912
2025-08-14 15:00,243.766
2025-08-14 16:00,78.116
2025-08-14 17:00,8.590
2025-08-14 18:00,0
2025-08-14 19:00,0
2025-08-14 20:00,0
2025-08-14 21:00,0
2025-08-14 22:00,0
2025-08-14 23:00,0
2025-08-15 00:00,0
2025-08-15 01:00,0
2025-08-15 02:00,0
2025-08-15 03:00,0.028
2025-08-15 04:00,37.382
2025-08-15 05:00,106.135
2025-08-15 06:00,142.802
2025-08-15 07:00,102.190
2025-08-15 08:00,233.006
2025-08-15 09:00,429.974
2025-08-15 10:00,288.305
2025-08-15 11:00,189.049
2025-08-15 12:00,172.027
2025-08-15 13:00,322.145
2025-08-15 14:00,329.448
2025-08-15 15:00,189.259
2025-08-15 16:00,87.081
2025-08-15 17:00,17.909
2025-08-15 18:00,0
2025-08-15 19:00,0
2025-08-15 20:00,0
2025-08-15 21:00,0
2025-08-15 22:00,0
2025-08-15 23:00,0
2025-08-16 00:00,0
2025-08-16 01:00,0
2025-08-16 02:00,0
2025-08-16 03:00,0.036
2025-08-16 04:00,32.347
2025-08-16 05:00,181.150
2025-08-16 06:00,352.404
2025-08-16 07:00,503.470
2025-08-16 08:00,615.181
2025-08-16 09:00,689.344
2025-08-16 10:00,719.571
2025-08-16 11:00,709.400
2025-08-16 12:00,639.995
2025-08-16 13:00,540.914
2025-08-16 14:00,407.702
2025-08-16 15:00,206.091
2025-08-16 16:00,89.712
2025-08-16 17:00,12.231
2025-08-16 18:00,0
2025-08-16 19:00,0
2025-08-16 20:00,0
2025-08-16 21:00,0
2025-08-16 22:00,0
2025-08-16 23:00,0
2025-08-17 00:00,0
2025-08-17 01:00,0
2025-08-17 02:00,0
2025-08-17 03:00,0
2025-08-17 04:00,36.577
2025-08-17 05:00,137.991
2025-08-17 06:00,293.445
2025-08-17 07:00,351.764
2025-08-17 08:00,368.779
2025-08-17 09:00,371.728
2025-08-17 10:00,429.649
2025-08-17 11:00,463.203
2025-08-17 12:00,481.362
2025-08-17 13:00,469.101
2025-08-17 14:00,387.026
2025-08-17 15:00,256.364
2025-08-17 16:00,114.662
2025-08-17 17:00,19.940
2025-08-17 18:00,0
2025-08-17 19:00,0
2025-08-17 20:00,0
2025-08-17 21:00,0
2025-08-17 22:00,0
2025-08-17 23:00,0
2025-08-18 00:00,0
2025-08-18 01:00,0
2025-08-18 02:00,0
2025-08-18 03:00,0
2025-08-18 04:00,32.005
2025-08-18 05:00,163.833
2025-08-18 06:00,331.549
2025-08-18 07:00,482.102
2025-08-18 08:00,591.207
2025-08-18 09:00,661.565
2025-08-18 10:00,689.365
2025-08-18 11:00,678.423
2025-08-18 12:00,629.661
2025-08-18 13:00,540.461
2025-08-18 14:00,411.836
2025-08-18 15:00,256.916
2025-08-18 16:00,102.490
2025-08-18 17:00,16.126
2025-08-18 18:00,0
2025-08-18 19:00,0
2025-08-18 20:00,0
2025-08-18 21:00,0
2025-08-18 22:00,0
2025-08-18 23:00,0
2025-08-19 00:00,0
2025-08-19 01:00,0
2025-08-19 02:00,0
2025-08-19 03:00,0
2025-08-19 04:00,26.026
2025-08-19 05:00,80.622
2025-08-19 06:00,146.709
2025-08-19 07:00,210.540
2025-08-19 08:00,238.220
2025-08-19 09:00,232.650
2025-08-19 10:00,192.038
2025-08-19 11:00,207.740
2025-08-19 12:00,235.249
2025-08-19 13:00,231.908
2025-08-19 14:00,157.920
2025-08-19 15:00,109.028
2025-08-19 16:00,61.172
2025-08-19 17:00,16.298
2025-08-19 18:00,0
2025-08-19 19:00,0
2025-08-19 20:00,0
2025-08-19 21:00,0
2025-08-19 22:00,0
2025-08-19 23:00,0
2025-08-20 00:00,0
2025-08-20 01:00,0
2025-08-20 02:00,0
2025-08-20 03:00,0
2025-08-20 04:00,29.542
2025-08-20 05:00,176.515
2025-08-20 06:00,349.810
2025-08-20 07:00,501.189
2025-08-20 08:00,603.973
2025-08-20 09:00,669.835
2025-08-20 10:00,692.487
2025-08-20 11:00,674.214
2025-08-20 12:00,615.610
2025-08-20 13:00,502.144
2025-08-20 14:00,357.169
2025-08-20 15:00,199.052
2025-08-20 16:00,70.525
2025-08-20 17:00,5.634
2025-08-20 18:00,0
2025-08-20 19:00,0
2025-08-20 20:00,0
2025-08-20 21:00,0
2025-08-20 22:00,0
2025-08-20 23:00,0
2025-08-21 00:00,0
2025-08-21 01:00,0
2025-08-21 02:00,0
2025-08-21 03:00,0
2025-08-21 04:00,26.161
2025-08-21 05:00,110.854
2025-08-21 06:00,206.661
2025-08-21 07:00,243.230
2025-08-21 08:00,274.490
2025-08-21 09:00,326.402
2025-08-21 10:00,403.740
2025-08-21 11:00,437.820
2025-08-21 12:00,405.912
2025-08-21 13:00,323.896
2025-08-21 14:00,234.983
2025-08-21 15:00,122.747
2025-08-21 16:00,60.728
2025-08-21 17:00,10.415
2025-08-21 18:00,0
2025-08-21 19:00,0
2025-08-21 20:00,0
2025-08-21 21:00,0
2025-08-21 22:00,0
2025-08-21 23:00,0
2025-08-22 00:00,0
2025-08-22 01:00,0
2025-08-22 02:00,0
2025-08-22 03:00,0
2025-08-22 04:00,22.204
2025-08-22 05:00,93.802
2025-08-22 06:00,188.789
2025-08-22 07:00,219.663
2025-08-22 08:00,198.661
2025-08-22 09:00,207.402
2025-08-22 10:00,177.539
2025-08-22 11:00,148.613
2025-08-22 12:00,127.727
2025-08-22 13:00,102.548
2025-08-22 14:00,70.812
2025-08-22 15:00,42.780
2025-08-22 16:00,15.446
2025-08-22 17:00,0
2025-08-22 18:00,0
2025-08-22 19:00,0
2025-08-22 20:00,0
2025-08-22 21:00,0
2025-08-22 22:00,0
2025-08-22 23:00,0
2025-08-23 00:00,0
2025-08-23 01:00,0
2025-08-23 02:00,0
2025-08-23 03:00,0
2025-08-23 04:00,5.696
2025-08-23 05:00,41.111
2025-08-23 06:00,112.432
2025-08-23 07:00,224.774
2025-08-23 08:00,386.839
2025-08-23 09:00,531.038
2025-08-23 10:00,622.511
2025-08-23 11:00,646.844
2025-08-23 12:00,609.172
2025-08-23 13:00,500.556
2025-08-23 14:00,297.193
2025-08-23 15:00,131.088
2025-08-23 16:00,49.616
2025-08-23 17:00,2.103
2025-08-23 18:00,0
2025-08-23 19:00,0
2025-08-23 20:00,0
2025-08-23 21:00,0
2025-08-23 22:00,0
2025-08-23 23:00,0
2025-08-24 00:00,0
2025-08-24 01:00,0
2025-08-24 02:00,0
2025-08-24 03:00,0
2025-08-24 04:00,17.373
2025-08-24 05:00,121.722
2025-08-24 06:00,313.685
2025-08-24 07:00,465.267
2025-08-24 08:00,587.043
2025-08-24 09:00,670.191
2025-08-24 10:00,672.772
2025-08-24 11:00,592.739
2025-08-24 12:00,436.309
2025-08-24 13:00,220.358
2025-08-24 14:00,196.681
2025-08-24 15:00,131.362
2025-08-24 16:00,68.005
2025-08-24 17:00,7.036
2025-08-24 18:00,0
2025-08-24 19:00,0
2025-08-24 20:00,0
2025-08-24 21:00,0
2025-08-24 22:00,0
2025-08-24 23:00,0
2025-08-25 00:00,0
2025-08-25 01:00,0
2025-08-25 02:00,0
2025-08-25 03:00,0
2025-08-25 04:00,24.779
2025-08-25 05:00,154.361
2025-08-25 06:00,315.199
2025-08-25 07:00,458.096
2025-08-25 08:00,534.631
2025-08-25 09:00,581.103
2025-08-25 10:00,578.205
2025-08-25 11:00,523.462
2025-08-25 12:00,373.868
2025-08-25 13:00,282.414
2025-08-25 14:00,264.288
2025-08-25 15:00,185.626
2025-08-25 16:00,76.824
2025-08-25 17:00,7.739
2025-08-25 18:00,0
2025-08-25 19:00,0
2025-08-25 20:00,0
2025-08-25 21:00,0
2025-08-25 22:00,0
2025-08-25 23:00,0
2025-08-26 00:00,0
2025-08-26 01:00,0
2025-08-26 02:00,0
2025-08-26 03:00,0
2025-08-26 04:00,21.015
2025-08-26 05:00,130.453
2025-08-26 06:00,285.907
2025-08-26 07:00,434.287
2025-08-26 08:00,542.981
2025-08-26 09:00,606.459
2025-08-26 10:00,635.582
2025-08-26 11:00,618.984
2025-08-26 12:00,574.485
2025-08-26 13:00,490.521
2025-08-26 14:00,370.648
2025-08-26 15:00,176.575
2025-08-26 16:00,82.045
2025-08-26 17:00,6.541
2025-08-26 18:00,0
2025-08-26 19:00,0
2025-08-26 20:00,0
2025-08-26 21:00,0
2025-08-26 22:00,0
2025-08-26 23:00,0
2025-08-27 00:00,0
2025-08-27 01:00,0
2025-08-27 02:00,0
2025-08-27 03:00,0
2025-08-27 04:00,18.032
2025-08-27 05:00,161.014
2025-08-27 06:00,336.025
2025-08-27 07:00,467.676
2025-08-27 08:00,530.579
2025-08-27 09:00,576.027
2025-08-27 10:00,603.582
2025-08-27 11:00,664.094
2025-08-27 12:00,627.973
2025-08-27 13:00,512.322
2025-08-27 14:00,359.645
2025-08-27 15:00,153.539
2025-08-27 16:00,62.638
2025-08-27 17:00,4.426
2025-08-27 18:00,0
2025-08-27 19:00,0
2025-08-27 20:00,0
2025-08-27 21:00,0
2025-08-27 22:00,0
2025-08-27 23:00,0
2025-08-28 00:00,0
2025-08-28 01:00,0
2025-08-28 02:00,0
2025-08-28 03:00,0
2025-08-28 04:00,17.765
2025-08-28 05:00,70.293
2025-08-28 06:00,106.728
2025-08-28 07:00,145.465
2025-08-28 08:00,175.125
2025-08-28 09:00,189.170
2025-08-28 10:00,195.729
2025-08-28 11:00,239.910
2025-08-28 12:00,230.816
2025-08-28 13:00,203.485
2025-08-28 14:00,159.747
2025-08-28 15:00,102.226
2025-08-28 16:00,36.419
2025-08-28 17:00,0
2025-08-28 18:00,0
2025-08-28 19:00,0
2025-08-28 20:00,0
2025-08-28 21:00,0
2025-08-28 22:00,0
2025-08-28 23:00,0
2025-08-29 00:00,0
2025-08-29 01:00,0
2025-08-29 02:00,0
2025-08-29 03:00,0
2025-08-29 04:00,0
2025-08-29 05:00,27.504
2025-08-29 06:00,78.386
2025-08-29 07:00,86.950
2025-08-29 08:00,109.006
2025-08-29 09:00,147.767
2025-08-29 10:00,131.275
2025-08-29 11:00,123.244
2025-08-29 12:00,102.931
2025-08-29 13:00,75.623
2025-08-29 14:00,48.794
2025-08-29 15:00,21.007
2025-08-29 16:00,3.352
2025-08-29 17:00,0
2025-08-29 18:00,0
2025-08-29 19:00,0
2025-08-29 20:00,0
2025-08-29 21:00,0
2025-08-29 22:00,0
2025-08-29 23:00,0
2025-08-30 00:00,0
2025-08-30 01:00,0
2025-08-30 02:00,0
2025-08-30 03:00,0
2025-08-30 04:00,18.002
2025-08-30 05:00,128.585
2025-08-30 06:00,276.504
2025-08-30 07:00,352.404
2025-08-30 08:00,364.924
2025-08-30 09:00,390.635
2025-08-30 10:00,389.189
2025-08-30 11:00,414.822
2025-08-30 12:00,276.702
2025-08-30 13:00,168.345
2025-08-30 14:00,113.241
2025-08-30 15:00,68.612
2025-08-30 16:00,23.572
2025-08-30 17:00,0
2025-08-30 18:00,0
2025-08-30 19:00,0
2025-08-30 20:00,0
2025-08-30 21:00,0
2025-08-30 22:00,0
2025-08-30 23:00,0
2025-08-31 00:00,0
2025-08-31 01:00,0
2025-08-31 02:00,0
2025-08-31 03:00,0
2025-08-31 04:00,8.495
2025-08-31 05:00,56.958
2025-08-31 06:00,131.732
2025-08-31 07:00,268.602
2025-08-31 08:00,415.350
2025-08-31 09:00,462.884
2025-08-31 10:00,458.483
2025-08-31 11:00,379.153
2025-08-31 12:00,240.814
2025-08-31 13:00,146.921
2025-08-31 14:00,123.181
2025-08-31 15:00,85.014
2025-08-31 16:00,36.678
2025-08-31 17:00,0
2025-08-31 18:00,0
2025-08-31 19:00,0
2025-08-31 20:00,0
2025-08-31 21:00,0
2025-08-31 22:00,0
2025-08-31 23:00,0
2025-09-01 00:00,0
2025-09-01 01:00,0
2025-09-01 02:00,0
2025-09-01 03:00,0
2025-09-01 04:00,13.474
2025-09-01 05:00,108.145
2025-09-01 06:00,224.530
2025-09-01 07:00,323.344
2025-09-01 08:00,340.836
2025-09-01 09:00,444.220
2025-09-01 10:00,445.899
2025-09-01 11:00,355.190
2025-09-01 12:00,224.437
2025-09-01 13:00,192.262
2025-09-01 14:00,226.773
2025-09-01 15:00,158.709
2025-09-01 16:00,53.235
2025-09-01 17:00,0
2025-09-01 18:00,0
2025-09-01 19:00,0
2025-09-01 20:00,0
2025-09-01 21:00,0
2025-09-01 22:00,0
2025-09-01 23:00,0
2025-09-02 00:00,0
2025-09-02 01:00,0
2025-09-02 02:00,0
2025-09-02 03:00,0
2025-09-02 04:00,11.854
2025-09-02 05:00,105.803
2025-09-02 06:00,220.725
2025-09-02 07:00,257.797
2025-09-02 08:00,256.231
2025-09-02 09:00,234.931
2025-09-02 10:00,215.802
2025-09-02 11:00,211.516
2025-09-02 12:00,202.700
2025-09-02 13:00,177.817
2025-09-02 14:00,110.327
2025-09-02 15:00,51.969
2025-09-02 16:00,12.451
2025-09-02 17:00,0
2025-09-02 18:00,0
2025-09-02 19:00,0
2025-09-02 20:00,0
2025-09-02 21:00,0
2025-09-02 22:00,0
2025-09-02 23:00,0
2025-09-03 00:00,0
2025-09-03 01:00,0
2025-09-03 02:00,0
2025-09-03 03:00,0
2025-09-03 04:00,1.179
2025-09-03 05:00,46.429
2025-09-03 06:00,155.073
2025-09-03 07:00,278.290
2025-09-03 08:00,348.680
2025-09-03 09:00,386.673
2025-09-03 10:00,456.275
2025-09-03 11:00,477.593
2025-09-03 12:00,473.681
2025-09-03 13:00,454.548
2025-09-03 14:00,365.636
2025-09-03 15:00,195.524
2025-09-03 16:00,56.143
2025-09-03 17:00,0
2025-09-03 18:00,0
2025-09-03 19:00,0
2025-09-03 20:00,0
2025-09-03 21:00,0
2025-09-03 22:00,0
2025-09-03 23:00,0
2025-09-04 00:00,0
2025-09-04 01:00,0
2025-09-04 02:00,0
2025-09-04 03:00,0
2025-09-04 04:00,0
2025-09-04 05:00,37.682
2025-09-04 06:00,129.783
2025-09-04 07:00,280.632
2025-09-04 08:00,461.506
2025-09-04 09:00,584.257
2025-09-04 10:00,637.739
2025-09-04 11:00,623.695
2025-09-04 12:00,557.266
2025-09-04 13:00,476.312
2025-09-04 14:00,350.042
2025-09-04 15:00,201.484
2025-09-04 16:00,56.688
2025-09-04 17:00,0
2025-09-04 18:00,0
2025-09-04 19:00,0
2025-09-04 20:00,0
2025-09-04 21:00,0
2025-09-04 22:00,0
2025-09-04 23:00,0
2025-09-05 00:00,0
2025-09-05 01:00,0
2025-09-05 02:00,0
2025-09-05 03:00,0
2025-09-05 04:00,4.418
2025-09-05 05:00,80.914
2025-09-05 06:00,227.198
2025-09-05 07:00,381.897
2025-09-05 08:00,454.509
2025-09-05 09:00,540.192
2025-09-05 10:00,624.034
2025-09-05 11:00,630.154
2025-09-05 12:00,571.384
2025-09-05 13:00,475.038
2025-09-05 14:00,338.674
2025-09-05 15:00,182.905
2025-09-05 16:00,44.811
2025-09-05 17:00,0
2025-09-05 18:00,0
2025-09-05 19:00,0
2025-09-05 20:00,0
2025-09-05 21:00,0
2025-09-05 22:00,0
2025-09-05 23:00,0
2025-09-06 00:00,0
2025-09-06 01:00,0
2025-09-06 02:00,0
2025-09-06 03:00,0
2025-09-06 04:00,5.346
2025-09-06 05:00,102.120
2025-09-06 06:00,246.209
2025-09-06 07:00,380.437
2025-09-06 08:00,479.090
2025-09-06 09:00,531.320
2025-09-06 10:00,548.810
2025-09-06 11:00,527.043
2025-09-06 12:00,351.946
2025-09-06 13:00,300.894
2025-09-06 14:00,194.812
2025-09-06 15:00,105.794
2025-09-06 16:00,28.896
2025-09-06 17:00,0
2025-09-06 18:00,0
2025-09-06 19:00,0
2025-09-06 20:00,0
2025-09-06 21:00,0
2025-09-06 22:00,0
2025-09-06 23:00,0
2025-09-07 00:00,0
2025-09-07 01:00,0
2025-09-07 02:00,0
2025-09-07 03:00,0
2025-09-07 04:00,2.347
2025-09-07 05:00,87.876
2025-09-07 06:00,240.216
2025-09-07 07:00,422.169
2025-09-07 08:00,538.196
2025-09-07 09:00,615.323
2025-09-07 10:00,645.350
2025-09-07 11:00,637.008
2025-09-07 12:00,579.257
2025-09-07 13:00,484.985
2025-09-07 14:00,352.307
2025-09-07 15:00,192.382
2025-09-07 16:00,48.532
2025-09-07 17:00,0
2025-09-07 18:00,0
2025-09-07 19:00,0
2025-09-07 20:00,0
2025-09-07 21:00,0
2025-09-07 22:00,0
2025-09-07 23:00,0
2025-09-08 00:00,0
2025-09-08 01:00,0
2025-09-08 02:00,0
2025-09-08 03:00,0
2025-09-08 04:00,0
2025-09-08 05:00,60.832
2025-09-08 06:00,183.464
2025-09-08 07:00,336.367
2025-09-08 08:00,474.482
2025-09-08 09:00,561.070
2025-09-08 10:00,582.254
2025-09-08 11:00,566.059
2025-09-08 12:00,504.026
2025-09-08 13:00,401.660
2025-09-08 14:00,282.504
2025-09-08 15:00,148.530
2025-09-08 16:00,36.057
2025-09-08 17:00,0
2025-09-08 18:00,0
2025-09-08 19:00,0
2025-09-08 20:00,0
2025-09-08 21:00,0
2025-09-08 22:00,0
2025-09-08 23:00,0
2025-09-09 00:00,0
2025-09-09 01:00,0
2025-09-09 02:00,0
2025-09-09 03:00,0
2025-09-09 04:00,0.355
2025-09-09 05:00,101.537
2025-09-09 06:00,270.992
2025-09-09 07:00,428.073
2025-09-09 08:00,545.875
2025-09-09 09:00,621.643
2025-09-09 10:00,652.652
2025-09-09 11:00,627.185
2025-09-09 12:00,569.243
2025-09-09 13:00,445.459
2025-09-09 14:00,292.093
2025-09-09 15:00,123.766
2025-09-09 16:00,35.894
2025-09-09 17:00,0
2025-09-09 18:00,0
2025-09-09 19:00,0
2025-09-09 20:00,0
2025-09-09 21:00,0
2025-09-09 22:00,0
2025-09-09 23:00,0
2025-09-10 00:00,0
2025-09-10 01:00,0
2025-09-10 02:00,0
2025-09-10 03:00,0
2025-09-10 04:00,0
2025-09-10 05:00,65.553
2025-09-10 06:00,196.368
2025-09-10 07:00,300.188
2025-09-10 08:00,485.378
2025-09-10 09:00,528.911
2025-09-10 10:00,629.573
2025-09-10 11:00,626.684
2025-09-10 12:00,565.726
2025-09-10 13:00,468.165
2025-09-10 14:00,286.160
2025-09-10 15:00,81.132
2025-09-10 16:00,9.580
2025-09-10 17:00,0
2025-09-10 18:00,0
2025-09-10 19:00,0
2025-09-10 20:00,0
2025-09-10 21:00,0
2025-09-10 22:00,0
2025-09-10 23:00,0
2025-09-11 00:00,0
2025-09-11 01:00,0
2025-09-11 02:00,0
2025-09-11 03:00,0
2025-09-11 04:00,0
2025-09-11 05:00,21.892
2025-09-11 06:00,27.916
2025-09-11 07:00,39.870
2025-09-11 08:00,57.196
2025-09-11 09:00,62.954
2025-09-11 10:00,59.374
2025-09-11 11:00,62.754
2025-09-11 12:00,53.920
2025-09-11 13:00,36.445
2025-09-11 14:00,19.472
2025-09-11 15:00,4.660
2025-09-11 16:00,0
2025-09-11 17:00,0
2025-09-11 18:00,0
2025-09-11 19:00,0
2025-09-11 20:00,0
2025-09-11 21:00,0
2025-09-11 22:00,0
2025-09-11 23:00,0
2025-09-12 00:00,0
2025-09-12 01:00,0
2025-09-12 02:00,0
2025-09-12 03:00,0
2025-09-12 04:00,0
2025-09-12 05:00,44.023
2025-09-12 06:00,85.418
2025-09-12 07:00,122.048
2025-09-12 08:00,174.385
2025-09-12 09:00,284.283
2025-09-12 10:00,337.172
2025-09-12 11:00,391.802
2025-09-12 12:00,394.082
2025-09-12 13:00,448.613
2025-09-12 14:00,335.315
2025-09-12 15:00,176.539
2025-09-12 16:00,33.707
2025-09-12 17:00,0
2025-09-12 18:00,0
2025-09-12 19:00,0
2025-09-12 20:00,0
2025-09-12 21:00,0
2025-09-12 22:00,0
2025-09-12 23:00,0
2025-09-13 00:00,0
2025-09-13 01:00,0
2025-09-13 02:00,0
2025-09-13 03:00,0
2025-09-13 04:00,0
2025-09-13 05:00,90.365
2025-09-13 06:00,260.144
2025-09-13 07:00,420.734
2025-09-13 08:00,542.116
2025-09-13 09:00,621.638
2025-09-13 10:00,654.964
2025-09-13 11:00,646.200
2025-09-13 12:00,593.736
2025-09-13 13:00,494.431
2025-09-13 14:00,350.961
2025-09-13 15:00,177.698
2025-09-13 16:00,29.319
2025-09-13 17:00,0
2025-09-13 18:00,0
2025-09-13 19:00,0
2025-09-13 20:00,0
2025-09-13 21:00,0
2025-09-13 22:00,0
2025-09-13 23:00,0
2025-09-14 00:00,0
2025-09-14 01:00,0
2025-09-14 02:00,0
2025-09-14 03:00,0
2025-09-14 04:00,0
2025-09-14 05:00,53.238
2025-09-14 06:00,171.947
2025-09-14 07:00,292.188
2025-09-14 08:00,385.802
2025-09-14 09:00,484.593
2025-09-14 10:00,551.679
2025-09-14 11:00,566.135
2025-09-14 12:00,482.400
2025-09-14 13:00,337.426
2025-09-14 14:00,182.132
2025-09-14 15:00,58.585
2025-09-14 16:00,3.422
2025-09-14 17:00,0
2025-09-14 18:00,0
2025-09-14 19:00,0
2025-09-14 20:00,0
2025-09-14 21:00,0
2025-09-14 22:00,0
2025-09-14 23:00,0
2025-09-15 00:00,0
2025-09-15 01:00,0
2025-09-15 02:00,0
2025-09-15 03:00,0
2025-09-15 04:00,0
2025-09-15 05:00,74.090
2025-09-15 06:00,239.154
2025-09-15 07:00,403.136
2025-09-15 08:00,532.263
2025-09-15 09:00,615.209
2025-09-15 10:00,592.904
2025-09-15 11:00,393.572
2025-09-15 12:00,207.744
2025-09-15 13:00,194.752
2025-09-15 14:00,226.080
2025-09-15 15:00,87.512
2025-09-15 16:00,4.197
2025-09-15 17:00,0
2025-09-15 18:00,0
2025-09-15 19:00,0
2025-09-15 20:00,0
2025-09-15 21:00,0
2025-09-15 22:00,0
2025-09-15 23:00,0
2025-09-16 00:00,0
2025-09-16 01:00,0
2025-09-16 02:00,0
2025-09-16 03:00,0
2025-09-16 04:00,0
2025-09-16 05:00,47.131
2025-09-16 06:00,150.322
2025-09-16 07:00,264.568
2025-09-16 08:00,368.901
2025-09-16 09:00,425.037
2025-09-16 10:00,389.401
2025-09-16 11:00,326.304
2025-09-16 12:00,311.401
2025-09-16 13:00,229.930
2025-09-16 14:00,118.224
2025-09-16 15:00,35.868
2025-09-16 16:00,0
2025-09-16 17:00,0
2025-09-16 18:00,0
2025-09-16 19:00,0
2025-09-16 20:00,0
2025-09-16 21:00,0
2025-09-16 22:00,0
2025-09-16 23:00,0
2025-09-17 00:00,0
2025-09-17 01:00,0
2025-09-17 02:00,0
2025-09-17 03:00,0
2025-09-17 04:00,0
2025-09-17 05:00,39.375
2025-09-17 06:00,137.477
2025-09-17 07:00,273.970
2025-09-17 08:00,345.267
2025-09-17 09:00,468.212
2025-09-17 10:00,524.925
2025-09-17 11:00,466.195
2025-09-17 12:00,330.599
2025-09-17 13:00,164.741
2025-09-17 14:00,121.883
2025-09-17 15:00,63.091
2025-09-17 16:00,1.523
2025-09-17 17:00,0
2025-09-17 18:00,0
2025-09-17 19:00,0
2025-09-17 20:00,0
2025-09-17 21:00,0
2025-09-17 22:00,0
2025-09-17 23:00,0
2025-09-18 00:00,0
2025-09-18 01:00,0
2025-09-18 02:00,0
2025-09-18 03:00,0
2025-09-18 04:00,0
2025-09-18 05:00,47.775
2025-09-18 06:00,191.189
2025-09-18 07:00,281.953
2025-09-18 08:00,412.160
2025-09-18 09:00,482.602
2025-09-18 10:00,579.275
2025-09-18 11:00,569.448
2025-09-18 12:00,435.277
2025-09-18 13:00,307.886
2025-09-18 14:00,132.667
2025-09-18 15:00,57.192
2025-09-18 16:00,4.664
2025-09-18 17:00,0
2025-09-18 18:00,0
2025-09-18 19:00,0
2025-09-18 20:00,0
2025-09-18 21:00,0
2025-09-18 22:00,0
2025-09-18 23:00,0
2025-09-19 00:00,0
2025-09-19 01:00,0
2025-09-19 02:00,0
2025-09-19 03:00,0
2025-09-19 04:00,0
2025-09-19 05:00,61.442
2025-09-19 06:00,227.034
2025-09-19 07:00,394.683
2025-09-19 08:00,515.021
2025-09-19 09:00,603.363
2025-09-19 10:00,637.598
2025-09-19 11:00,625.984
2025-09-19 12:00,533.184
2025-09-19 13:00,252.637
2025-09-19 14:00,83.207
2025-09-19 15:00,46.681
2025-09-19 16:00,3.695
2025-09-19 17:00,0
2025-09-19 18:00,0
2025-09-19 19:00,0
2025-09-19 20:00,0
2025-09-19 21:00,0
2025-09-19 22:00,0
2025-09-19 23:00,0
2025-09-20 00:00,0
2025-09-20 01:00,0
2025-09-20 02:00,0
2025-09-20 03:00,0
2025-09-20 04:00,0
2025-09-20 05:00,19.292
2025-09-20 06:00,88.544
2025-09-20 07:00,221.759
2025-09-20 08:00,348.619
2025-09-20 09:00,412.522
2025-09-20 10:00,379.281
2025-09-20 11:00,328.705
2025-09-20 12:00,348.811
2025-09-20 13:00,277.688
2025-09-20 14:00,188.963
2025-09-20 15:00,81.715
2025-09-20 16:00,5.458
2025-09-20 17:00,0
2025-09-20 18:00,0
2025-09-20 19:00,0
2025-09-20 20:00,0
2025-09-20 21:00,0
2025-09-20 22:00,0
2025-09-20 23:00,0
2025-09-21 00:00,0
2025-09-21 01:00,0
2025-09-21 02:00,0
2025-09-21 03:00,0
2025-09-21 04:00,0
2025-09-21 05:00,18.769
2025-09-21 06:00,114.781
2025-09-21 07:00,299.668
2025-09-21 08:00,399.359
2025-09-21 09:00,457.110
2025-09-21 10:00,341.377
2025-09-21 11:00,150.772
2025-09-21 12:00,113.999
2025-09-21 13:00,80.580
2025-09-21 14:00,40.724
2025-09-21 15:00,27.737
2025-09-21 16:00,0
2025-09-21 17:00,0
2025-09-21 18:00,0
2025-09-21 19:00,0
2025-09-21 20:00,0
2025-09-21 21:00,0
2025-09-21 22:00,0
2025-09-21 23:00,0
2025-09-22 00:00,0
2025-09-22 01:00,0
2025-09-22 02:00,0
2025-09-22 03:00,0
2025-09-22 04:00,0
2025-09-22 05:00,52.740
2025-09-22 06:00,237.154
2025-09-22 07:00,421.683
2025-09-22 08:00,552.640
2025-09-22 09:00,634.016
2025-09-22 10:00,670.334
2025-09-22 11:00,660.165
2025-09-22 12:00,598.691
2025-09-22 13:00,489.490
2025-09-22 14:00,336.833
2025-09-22 15:00,156.175
2025-09-22 16:00,8.055
2025-09-22 17:00,0
2025-09-22 18:00,0
2025-09-22 19:00,0
2025-09-22 20:00,0
2025-09-22 21:00,0
2025-09-22 22:00,0
2025-09-22 23:00,0
2025-09-23 00:00,0
2025-09-23 01:00,0
2025-09-23 02:00,0
2025-09-23 03:00,0
2025-09-23 04:00,0
2025-09-23 05:00,57.868
2025-09-23 06:00,251.263
2025-09-23 07:00,431.618
2025-09-23 08:00,566.075
2025-09-23 09:00,650.324
2025-09-23 10:00,685.232
2025-09-23 11:00,672.834
2025-09-23 12:00,613.399
2025-09-23 13:00,506.092
2025-09-23 14:00,352.059
2025-09-23 15:00,163.890
2025-09-23 16:00,8.502
2025-09-23 17:00,0
2025-09-23 18:00,0
2025-09-23 19:00,0
2025-09-23 20:00,0
2025-09-23 21:00,0
2025-09-23 22:00,0
2025-09-23 23:00,0
2025-09-24 00:00,0
2025-09-24 01:00,0
2025-09-24 02:00,0
2025-09-24 03:00,0
2025-09-24 04:00,0
2025-09-24 05:00,41.677
2025-09-24 06:00,190.676
2025-09-24 07:00,359.913
2025-09-24 08:00,508.240
2025-09-24 09:00,599.256
2025-09-24 10:00,640.958
2025-09-24 11:00,634.375
2025-09-24 12:00,581.208
2025-09-24 13:00,480.864
2025-09-24 14:00,322.727
2025-09-24 15:00,134.087
2025-09-24 16:00,3.998
2025-09-24 17:00,0
2025-09-24 18:00,0
2025-09-24 19:00,0
2025-09-24 20:00,0
2025-09-24 21:00,0
2025-09-24 22:00,0
2025-09-24 23:00,0
2025-09-25 00:00,0
2025-09-25 01:00,0
2025-09-25 02:00,0
2025-09-25 03:00,0
2025-09-25 04:00,0
2025-09-25 05:00,32.734
2025-09-25 06:00,182.389
2025-09-25 07:00,402.617
2025-09-25 08:00,534.060
2025-09-25 09:00,615.853
2025-09-25 10:00,649.594
2025-09-25 11:00,637.240
2025-09-25 12:00,578.613
2025-09-25 13:00,472.971
2025-09-25 14:00,321.979
2025-09-25 15:00,139.719
2025-09-25 16:00,2.943
2025-09-25 17:00,0
2025-09-25 18:00,0
2025-09-25 19:00,0
2025-09-25 20:00,0
2025-09-25 21:00,0
2025-09-25 22:00,0
2025-09-25 23:00,0
2025-09-26 00:00,0
2025-09-26 01:00,0
2025-09-26 02:00,0
2025-09-26 03:00,0
2025-09-26 04:00,0
2025-09-26 05:00,17.683
2025-09-26 06:00,161.135
2025-09-26 07:00,387.337
2025-09-26 08:00,525.732
2025-09-26 09:00,609.247
2025-09-26 10:00,641.158
2025-09-26 11:00,627.670
2025-09-26 12:00,569.744
2025-09-26 13:00,469.054
2025-09-26 14:00,317.953
2025-09-26 15:00,136.650
2025-09-26 16:00,1.346
2025-09-26 17:00,0
2025-09-26 18:00,0
2025-09-26 19:00,0
2025-09-26 20:00,0
2025-09-26 21:00,0
2025-09-26 22:00,0
2025-09-26 23:00,0
2025-09-27 00:00,0
2025-09-27 01:00,0
2025-09-27 02:00,0
2025-09-27 03:00,0
2025-09-27 04:00,0
2025-09-27 05:00,38.965
2025-09-27 06:00,200.603
2025-09-27 07:00,373.281
2025-09-27 08:00,481.381
2025-09-27 09:00,515.730
2025-09-27 10:00,501.550
2025-09-27 11:00,434.679
2025-09-27 12:00,347.680
2025-09-27 13:00,327.399
2025-09-27 14:00,258.605
2025-09-27 15:00,109.904
2025-09-27 16:00,0
2025-09-27 17:00,0
2025-09-27 18:00,0
2025-09-27 19:00,0
2025-09-27 20:00,0
2025-09-27 21:00,0
2025-09-27 22:00,0
2025-09-27 23:00,0
2025-09-28 00:00,0
2025-09-28 01:00,0
2025-09-28 02:00,0
2025-09-28 03:00,0
2025-09-28 04:00,0
2025-09-28 05:00,25.636
2025-09-28 06:00,189.532
2025-09-28 07:00,374.162
2025-09-28 08:00,510.495
2025-09-28 09:00,597.555
2025-09-28 10:00,634.919
2025-09-28 11:00,624.011
2025-09-28 12:00,567.960
2025-09-28 13:00,462.560
2025-09-28 14:00,308.571
2025-09-28 15:00,125.002
2025-09-28 16:00,0
2025-09-28 17:00,0
2025-09-28 18:00,0
2025-09-28 19:00,0
2025-09-28 20:00,0
2025-09-28 21:00,0
2025-09-28 22:00,0
2025-09-28 23:00,0
2025-09-29 00:00,0
2025-09-29 01:00,0
2025-09-29 02:00,0
2025-09-29 03:00,0
2025-09-29 04:00,0
2025-09-29 05:00,5.013
2025-09-29 06:00,79.672
2025-09-29 07:00,218.309
2025-09-29 08:00,284.769
2025-09-29 09:00,434.746
2025-09-29 10:00,517.032
2025-09-29 11:00,530.864
2025-09-29 12:00,460.750
2025-09-29 13:00,295.740
2025-09-29 14:00,152.762
2025-09-29 15:00,38.716
2025-09-29 16:00,0
2025-09-29 17:00,0
2025-09-29 18:00,0
2025-09-29 19:00,0
2025-09-29 20:00,0
2025-09-29 21:00,0
2025-09-29 22:00,0
2025-09-29 23:00,0
2025-09-30 00:00,0
2025-09-30 01:00,0
2025-09-30 02:00,0
2025-09-30 03:00,0
2025-09-30 04:00,0
2025-09-30 05:00,1.920
2025-09-30 06:00,70.754
2025-09-30 07:00,204.712
2025-09-30 08:00,308.045
2025-09-30 09:00,436.583
2025-09-30 10:00,403.747
2025-09-30 11:00,318.047
2025-09-30 12:00,329.845
2025-09-30 13:00,200.653
2025-09-30 14:00,163.501
2025-09-30 15:00,67.743
2025-09-30 16:00,0
2025-09-30 17:00,0
2025-09-30 18:00,0
2025-09-30 19:00,0
2025-09-30 20:00,0
2025-09-30 21:00,0
2025-09-30 22:00,0
2025-09-30 23:00,0
2025-10-01 00:00,0
2025-10-01 01:00,0
2025-10-01 02:00,0
2025-10-01 03:00,0
2025-10-01 04:00,0
2025-10-01 05:00,16.389
2025-10-01 06:00,160.008
2025-10-01 07:00,330.432
2025-10-01 08:00,443.832
2025-10-01 09:00,506.933
2025-10-01 10:00,489.064
2025-10-01 11:00,346.710
2025-10-01 12:00,260.660
2025-10-01 13:00,145.609
2025-10-01 14:00,64.691
2025-10-01 15:00,26.674
2025-10-01 16:00,0
2025-10-01 17:00,0
2025-10-01 18:00,0
2025-10-01 19:00,0
2025-10-01 20:00,0
2025-10-01 21:00,0
2025-10-01 22:00,0
2025-10-01 23:00,0
2025-10-02 00:00,0
2025-10-02 01:00,0
2025-10-02 02:00,0
2025-10-02 03:00,0
2025-10-02 04:00,0
2025-10-02 05:00,2.833
2025-10-02 06:00,81.771
2025-10-02 07:00,231.242
2025-10-02 08:00,363.005
2025-10-02 09:00,310.079
2025-10-02 10:00,368.683
2025-10-02 11:00,429.523
2025-10-02 12:00,325.431
2025-10-02 13:00,197.334
2025-10-02 14:00,176.140
2025-10-02 15:00,63.418
2025-10-02 16:00,0
2025-10-02 17:00,0
2025-10-02 18:00,0
2025-10-02 19:00,0
2025-10-02 20:00,0
2025-10-02 21:00,0
2025-10-02 22:00,0
2025-10-02 23:00,0
2025-10-03 00:00,0
2025-10-03 01:00,0
2025-10-03 02:00,0
2025-10-03 03:00,0
2025-10-03 04:00,0
2025-10-03 05:00,14.677
2025-10-03 06:00,166.051
2025-10-03 07:00,348.748
2025-10-03 08:00,487.139
2025-10-03 09:00,573.178
2025-10-03 10:00,588.308
2025-10-03 11:00,596.150
2025-10-03 12:00,528.418
2025-10-03 13:00,408.179
2025-10-03 14:00,162.935
2025-10-03 15:00,46.976
2025-10-03 16:00,0
2025-10-03 17:00,0
2025-10-03 18:00,0
2025-10-03 19:00,0
2025-10-03 20:00,0
2025-10-03 21:00,0
2025-10-03 22:00,0
2025-10-03 23:00,0
2025-10-04 00:00,0
2025-10-04 01:00,0
2025-10-04 02:00,0
2025-10-04 03:00,0
2025-10-04 04:00,0
2025-10-04 05:00,0
2025-10-04 06:00,12.699
2025-10-04 07:00,47.868
2025-10-04 08:00,115.948
2025-10-04 09:00,80.770
2025-10-04 10:00,36.624
2025-10-04 11:00,34.663
2025-10-04 12:00,45.679
2025-10-04 13:00,13.727
2025-10-04 14:00,4.216
2025-10-04 15:00,0
2025-10-04 16:00,0
2025-10-04 17:00,0
2025-10-04 18:00,0
2025-10-04 19:00,0
2025-10-04 20:00,0
2025-10-04 21:00,0
2025-10-04 22:00,0
2025-10-04 23:00,0
2025-10-05 00:00,0
2025-10-05 01:00,0
2025-10-05 02:00,0
2025-10-05 03:00,0
2025-10-05 04:00,0
2025-10-05 05:00,0
2025-10-05 06:00,65.505
2025-10-05 07:00,190.694
2025-10-05 08:00,372.799
2025-10-05 09:00,506.515
2025-10-05 10:00,549.105
2025-10-05 11:00,527.500
2025-10-05 12:00,437.805
2025-10-05 13:00,195.256
2025-10-05 14:00,155.308
2025-10-05 15:00,45.850
2025-10-05 16:00,0
2025-10-05 17:00,0
2025-10-05 18:00,0
2025-10-05 19:00,0
2025-10-05 20:00,0
2025-10-05 21:00,0
2025-10-05 22:00,0
2025-10-05 23:00,0
2025-10-06 00:00,0
2025-10-06 01:00,0
2025-10-06 02:00,0
2025-10-06 03:00,0
2025-10-06 04:00,0
2025-10-06 05:00,0
2025-10-06 06:00,56.690
2025-10-06 07:00,193.015
2025-10-06 08:00,345.543
2025-10-06 09:00,412.582
2025-10-06 10:00,453.139
2025-10-06 11:00,491.500
2025-10-06 12:00,427.991
2025-10-06 13:00,164.519
2025-10-06 14:00,96.007
2025-10-06 15:00,21.918
2025-10-06 16:00,0
2025-10-06 17:00,0
2025-10-06 18:00,0
2025-10-06 19:00,0
2025-10-06 20:00,0
2025-10-06 21:00,0
2025-10-06 22:00,0
2025-10-06 23:00,0
2025-10-07 00:00,0
2025-10-07 01:00,0
2025-10-07 02:00,0
2025-10-07 03:00,0
2025-10-07 04:00,0
2025-10-07 05:00,0
2025-10-07 06:00,33.789
2025-10-07 07:00,83.853
2025-10-07 08:00,163.075
2025-10-07 09:00,234.019
2025-10-07 10:00,298.993
2025-10-07 11:00,330.623
2025-10-07 12:00,245.976
2025-10-07 13:00,112.841
2025-10-07 14:00,35.708
2025-10-07 15:00,0
2025-10-07 16:00,0
2025-10-07 17:00,0
2025-10-07 18:00,0
2025-10-07 19:00,0
2025-10-07 20:00,0
2025-10-07 21:00,0
2025-10-07 22:00,0
2025-10-07 23:00,0
2025-10-08 00:00,0
2025-10-08 01:00,0
2025-10-08 02:00,0
2025-10-08 03:00,0
2025-10-08 04:00,0
2025-10-08 05:00,0
2025-10-08 06:00,13.829
2025-10-08 07:00,44.343
2025-10-08 08:00,72.951
2025-10-08 09:00,101.359
2025-10-08 10:00,130.430
2025-10-08 11:00,176.807
2025-10-08 12:00,206.512
2025-10-08 13:00,157.796
2025-10-08 14:00,74.509
2025-10-08 15:00,20.358
2025-10-08 16:00,0
2025-10-08 17:00,0
2025-10-08 18:00,0
2025-10-08 19:00,0
2025-10-08 20:00,0
2025-10-08 21:00,0
2025-10-08 22:00,0
2025-10-08 23:00,0
2025-10-09 00:00,0
2025-10-09 01:00,0
2025-10-09 02:00,0
2025-10-09 03:00,0
2025-10-09 04:00,0
2025-10-09 05:00,0
2025-10-09 06:00,35.076
2025-10-09 07:00,106.675
2025-10-09 08:00,394.086
2025-10-09 09:00,538.758
2025-10-09 10:00,583.182
2025-10-09 11:00,497.067
2025-10-09 12:00,219.864
2025-10-09 13:00,73.433
2025-10-09 14:00,11.485
2025-10-09 15:00,0
2025-10-09 16:00,0
2025-10-09 17:00,0
2025-10-09 18:00,0
2025-10-09 19:00,0
2025-10-09 20:00,0
2025-10-09 21:00,0
2025-10-09 22:00,0
2025-10-09 23:00,0
2025-10-10 00:00,0
2025-10-10 01:00,0
2025-10-10 02:00,0
2025-10-10 03:00,0
2025-10-10 04:00,0
2025-10-10 05:00,0
2025-10-10 06:00,47.262
2025-10-10 07:00,260.496
2025-10-10 08:00,360.091
2025-10-10 09:00,357.967
2025-10-10 10:00,493.088
2025-10-10 11:00,427.144
2025-10-10 12:00,136.247
2025-10-10 13:00,57.205
2025-10-10 14:00,37.731
2025-10-10 15:00,10.881
2025-10-10 16:00,0
2025-10-10 17:00,0
2025-10-10 18:00,0
2025-10-10 19:00,0
2025-10-10 20:00,0
2025-10-10 21:00,0
2025-10-10 22:00,0
2025-10-10 23:00,0
2025-10-11 00:00,0
2025-10-11 01:00,0
2025-10-11 02:00,0
2025-10-11 03:00,0
2025-10-11 04:00,0
2025-10-11 05:00,0
2025-10-11 06:00,125.270
2025-10-11 07:00,319.330
2025-10-11 08:00,467.237
2025-10-11 09:00,560.593
2025-10-11 10:00,601.148
2025-10-11 11:00,590.076
2025-10-11 12:00,528.238
2025-10-11 13:00,392.606
2025-10-11 14:00,253.342
2025-10-11 15:00,63.244
2025-10-11 16:00,0
2025-10-11 17:00,0
2025-10-11 18:00,0
2025-10-11 19:00,0
2025-10-11 20:00,0
2025-10-11 21:00,0
2025-10-11 22:00,0
2025-10-11 23:00,0
2025-10-12 00:00,0
2025-10-12 01:00,0
2025-10-12 02:00,0
2025-10-12 03:00,0
2025-10-12 04:00,0
2025-10-12 05:00,0
2025-10-12 06:00,123.823
2025-10-12 07:00,320.926
2025-10-12 08:00,470.396
2025-10-12 09:00,557.386
2025-10-12 10:00,594.363
2025-10-12 11:00,583.946
2025-10-12 12:00,520.991
2025-10-12 13:00,389.478
2025-10-12 14:00,135.560
2025-10-12 15:00,15.524
2025-10-12 16:00,0
2025-10-12 17:00,0
2025-10-12 18:00,0
2025-10-12 19:00,0
2025-10-12 20:00,0
2025-10-12 21:00,0
2025-10-12 22:00,0
2025-10-12 23:00,0
2025-10-13 00:00,0
2025-10-13 01:00,0
2025-10-13 02:00,0
2025-10-13 03:00,0
2025-10-13 04:00,0
2025-10-13 05:00,0
2025-10-13 06:00,15.034
2025-10-13 07:00,86.716
2025-10-13 08:00,210.419
2025-10-13 09:00,185.842
2025-10-13 10:00,140.625
2025-10-13 11:00,102.683
2025-10-13 12:00,86.497
2025-10-13 13:00,74.177
2025-10-13 14:00,46.349
2025-10-13 15:00,0
2025-10-13 16:00,0
2025-10-13 17:00,0
2025-10-13 18:00,0
2025-10-13 19:00,0
2025-10-13 20:00,0
2025-10-13 21:00,0
2025-10-13 22:00,0
2025-10-13 23:00,0
2025-10-14 00:00,0
2025-10-14 01:00,0
2025-10-14 02:00,0
2025-10-14 03:00,0
2025-10-14 04:00,0
2025-10-14 05:00,0
2025-10-14 06:00,24.720
2025-10-14 07:00,172.424
2025-10-14 08:00,355.269
2025-10-14 09:00,466.296
2025-10-14 10:00,513.864
2025-10-14 11:00,489.457
2025-10-14 12:00,390.251
2025-10-14 13:00,262.505
2025-10-14 14:00,112.386
2025-10-14 15:00,10.065
2025-10-14 16:00,0
2025-10-14 17:00,0
2025-10-14 18:00,0
2025-10-14 19:00,0
2025-10-14 20:00,0
2025-10-14 21:00,0
2025-10-14 22:00,0
2025-10-14 23:00,0
2025-10-15 00:00,0
2025-10-15 01:00,0
2025-10-15 02:00,0
2025-10-15 03:00,0
2025-10-15 04:00,0
2025-10-15 05:00,0
2025-10-15 06:00,12.437
2025-10-15 07:00,82.823
2025-10-15 08:00,253.754
2025-10-15 09:00,507.137
2025-10-15 10:00,557.075
2025-10-15 11:00,546.301
2025-10-15 12:00,484.405
2025-10-15 13:00,368.468
2025-10-15 14:00,197.865
2025-10-15 15:00,16.681
2025-10-15 16:00,0
2025-10-15 17:00,0
2025-10-15 18:00,0
2025-10-15 19:00,0
2025-10-15 20:00,0
2025-10-15 21:00,0
2025-10-15 22:00,0
2025-10-15 23:00,0
2025-10-16 00:00,0
2025-10-16 01:00,0
2025-10-16 02:00,0
2025-10-16 03:00,0
2025-10-16 04:00,0
2025-10-16 05:00,0
2025-10-16 06:00,3.914
2025-10-16 07:00,54.420
2025-10-16 08:00,279.389
2025-10-16 09:00,494.753
2025-10-16 10:00,567.724
2025-10-16 11:00,562.133
2025-10-16 12:00,501.056
2025-10-16 13:00,381.157
2025-10-16 14:00,207.685
2025-10-16 15:00,23.782
2025-10-16 16:00,0
2025-10-16 17:00,0
2025-10-16 18:00,0
2025-10-16 19:00,0
2025-10-16 20:00,0
2025-10-16 21:00,0
2025-10-16 22:00,0
2025-10-16 23:00,0
2025-10-17 00:00,0
2025-10-17 01:00,0
2025-10-17 02:00,0
2025-10-17 03:00,0
2025-10-17 04:00,0
2025-10-17 05:00,0
2025-10-17 06:00,30.295
2025-10-17 07:00,119.863
2025-10-17 08:00,195.633
2025-10-17 09:00,221.932
2025-10-17 10:00,168.238
2025-10-17 11:00,124.852
2025-10-17 12:00,100.095
2025-10-17 13:00,69.127
2025-10-17 14:00,29.037
2025-10-17 15:00,0
2025-10-17 16:00,0
2025-10-17 17:00,0
2025-10-17 18:00,0
2025-10-17 19:00,0
2025-10-17 20:00,0
2025-10-17 21:00,0
2025-10-17 22:00,0
2025-10-17 23:00,0
2025-10-18 00:00,0
2025-10-18 01:00,0
2025-10-18 02:00,0
2025-10-18 03:00,0
2025-10-18 04:00,0
2025-10-18 05:00,0
2025-10-18 06:00,21.629
2025-10-18 07:00,206.481
2025-10-18 08:00,390.677
2025-10-18 09:00,535.383
2025-10-18 10:00,586.313
2025-10-18 11:00,570.208
2025-10-18 12:00,512.606
2025-10-18 13:00,393.859
2025-10-18 14:00,220.078
2025-10-18 15:00,16.743
2025-10-18 16:00,0
2025-10-18 17:00,0
2025-10-18 18:00,0
2025-10-18 19:00,0
2025-10-18 20:00,0
2025-10-18 21:00,0
2025-10-18 22:00,0
2025-10-18 23:00,0
2025-10-19 00:00,0
2025-10-19 01:00,0
2025-10-19 02:00,0
2025-10-19 03:00,0
2025-10-19 04:00,0
2025-10-19 05:00,0
2025-10-19 06:00,0
2025-10-19 07:00,22.014
2025-10-19 08:00,34.999
2025-10-19 09:00,50.003
2025-10-19 10:00,76.138
2025-10-19 11:00,126.639
2025-10-19 12:00,302.469
2025-10-19 13:00,258.862
2025-10-19 14:00,110.806
2025-10-19 15:00,0
2025-10-19 16:00,0
2025-10-19 17:00,0
2025-10-19 18:00,0
2025-10-19 19:00,0
2025-10-19 20:00,0
2025-10-19 21:00,0
2025-10-19 22:00,0
2025-10-19 23:00,0
2025-10-20 00:00,0
2025-10-20 01:00,0
2025-10-20 02:00,0
2025-10-20 03:00,0
2025-10-20 04:00,0
2025-10-20 05:00,0
2025-10-20 06:00,20.216
2025-10-20 07:00,196.763
2025-10-20 08:00,382.397
2025-10-20 09:00,483.114
2025-10-20 10:00,534.028
2025-10-20 11:00,456.616
2025-10-20 12:00,328.806
2025-10-20 13:00,241.030
2025-10-20 14:00,120.781
2025-10-20 15:00,1.471
2025-10-20 16:00,0
2025-10-20 17:00,0
2025-10-20 18:00,0
2025-10-20 19:00,0
2025-10-20 20:00,0
2025-10-20 21:00,0
2025-10-20 22:00,0
2025-10-20 23:00,0
2025-10-21 00:00,0
2025-10-21 01:00,0
2025-10-21 02:00,0
2025-10-21 03:00,0
2025-10-21 04:00,0
2025-10-21 05:00,0
2025-10-21 06:00,11.986
2025-10-21 07:00,81.192
2025-10-21 08:00,167.152
2025-10-21 09:00,275.543
2025-10-21 10:00,433.066
2025-10-21 11:00,510.548
2025-10-21 12:00,446.860
2025-10-21 13:00,285.433
2025-10-21 14:00,97.498
2025-10-21 15:00,0
2025-10-21 16:00,0
2025-10-21 17:00,0
2025-10-21 18:00,0
2025-10-21 19:00,0
2025-10-21 20:00,0
2025-10-21 21:00,0
2025-10-21 22:00,0
2025-10-21 23:00,0
2025-10-22 00:00,0
2025-10-22 01:00,0
2025-10-22 02:00,0
2025-10-22 03:00,0
2025-10-22 04:00,0
2025-10-22 05:00,0
2025-10-22 06:00,0
2025-10-22 07:00,5.507
2025-10-22 08:00,22.273
2025-10-22 09:00,37.956
2025-10-22 10:00,56.918
2025-10-22 11:00,60.874
2025-10-22 12:00,43.079
2025-10-22 13:00,15.267
2025-10-22 14:00,0
2025-10-22 15:00,0
2025-10-22 16:00,0
2025-10-22 17:00,0
2025-10-22 18:00,0
2025-10-22 19:00,0
2025-10-22 20:00,0
2025-10-22 21:00,0
2025-10-22 22:00,0
2025-10-22 23:00,0
2025-10-23 00:00,0
2025-10-23 01:00,0
2025-10-23 02:00,0
2025-10-23 03:00,0
2025-10-23 04:00,0
2025-10-23 05:00,0
2025-10-23 06:00,0
2025-10-23 07:00,20.039
2025-10-23 08:00,49.494
2025-10-23 09:00,64.664
2025-10-23 10:00,71.285
2025-10-23 11:00,73.841
2025-10-23 12:00,81.305
2025-10-23 13:00,59.885
2025-10-23 14:00,18.134
2025-10-23 15:00,0
2025-10-23 16:00,0
2025-10-23 17:00,0
2025-10-23 18:00,0
2025-10-23 19:00,0
2025-10-23 20:00,0
2025-10-23 21:00,0
2025-10-23 22:00,0
2025-10-23 23:00,0
2025-10-24 00:00,0
2025-10-24 01:00,0
2025-10-24 02:00,0
2025-10-24 03:00,0
2025-10-24 04:00,0
2025-10-24 05:00,0
2025-10-24 06:00,0
2025-10-24 07:00,1.807
2025-10-24 08:00,10.804
2025-10-24 09:00,23.111
2025-10-24 10:00,39.036
2025-10-24 11:00,40.050
2025-10-24 12:00,23.540
2025-10-24 13:00,6.084
2025-10-24 14:00,0
2025-10-24 15:00,0
2025-10-24 16:00,0
2025-10-24 17:00,0
2025-10-24 18:00,0
2025-10-24 19:00,0
2025-10-24 20:00,0
2025-10-24 21:00,0
2025-10-24 22:00,0
2025-10-24 23:00,0
2025-10-25 00:00,0
2025-10-25 01:00,0
2025-10-25 02:00,0
2025-10-25 03:00,0
2025-10-25 04:00,0
2025-10-25 05:00,0
2025-10-25 06:00,0
2025-10-25 07:00,18.039
2025-10-25 08:00,30.768
2025-10-25 09:00,35.621
2025-10-25 10:00,46.414
2025-10-25 11:00,62.808
2025-10-25 12:00,53.100
2025-10-25 13:00,14.123
2025-10-25 14:00,0
2025-10-25 15:00,0
2025-10-25 16:00,0
2025-10-25 17:00,0
2025-10-25 18:00,0
2025-10-25 19:00,0
2025-10-25 20:00,0
2025-10-25 21:00,0
2025-10-25 22:00,0
2025-10-25 23:00,0
2025-10-26 00:00,0
2025-10-26 01:00,0
2025-10-26 02:00,0
2025-10-26 03:00,0
2025-10-26 04:00,0
2025-10-26 05:00,0
2025-10-26 06:00,2.278
2025-10-26 07:00,71.557
2025-10-26 08:00,172.557
2025-10-26 09:00,274.987
2025-10-26 10:00,299.828
2025-10-26 11:00,239.609
2025-10-26 12:00,221.202
2025-10-26 13:00,169.183
2025-10-26 14:00,65.996
2025-10-26 15:00,0
2025-10-26 16:00,0
2025-10-26 17:00,0
2025-10-26 18:00,0
2025-10-26 19:00,0
2025-10-26 20:00,0
2025-10-26 21:00,0
2025-10-26 22:00,0
2025-10-26 23:00,0
2025-10-27 00:00,0
2025-10-27 01:00,0
2025-10-27 02:00,0
2025-10-27 03:00,0
2025-10-27 04:00,0
2025-10-27 05:00,0
2025-10-27 06:00,0
2025-10-27 07:00,15.438
2025-10-27 08:00,49.081
2025-10-27 09:00,102.205
2025-10-27 10:00,254.761
2025-10-27 11:00,313.174
2025-10-27 12:00,264.437
2025-10-27 13:00,165.481
2025-10-27 14:00,53.696
2025-10-27 15:00,0
2025-10-27 16:00,0
2025-10-27 17:00,0
2025-10-27 18:00,0
2025-10-27 19:00,0
2025-10-27 20:00,0
2025-10-27 21:00,0
2025-10-27 22:00,0
2025-10-27 23:00,0
2025-10-28 00:00,0
2025-10-28 01:00,0
2025-10-28 02:00,0
2025-10-28 03:00,0
2025-10-28 04:00,0
2025-10-28 05:00,0
2025-10-28 06:00,0
2025-10-28 07:00,20.233
2025-10-28 08:00,40.971
2025-10-28 09:00,66.931
2025-10-28 10:00,94.817
2025-10-28 11:00,190.259
2025-10-28 12:00,182.486
2025-10-28 13:00,96.934
2025-10-28 14:00,26.885
2025-10-28 15:00,0
2025-10-28 16:00,0
2025-10-28 17:00,0
2025-10-28 18:00,0
2025-10-28 19:00,0
2025-10-28 20:00,0
2025-10-28 21:00,0
2025-10-28 22:00,0
2025-10-28 23:00,0
2025-10-29 00:00,0
2025-10-29 01:00,0
2025-10-29 02:00,0
2025-10-29 03:00,0
2025-10-29 04:00,0
2025-10-29 05:00,0
2025-10-29 06:00,0
2025-10-29 07:00,8.484
2025-10-29 08:00,27.077
2025-10-29 09:00,56.439
2025-10-29 10:00,69.604
2025-10-29 11:00,82.390
2025-10-29 12:00,68.433
2025-10-29 13:00,35.101
2025-10-29 14:00,6.621
2025-10-29 15:00,0
2025-10-29 16:00,0
2025-10-29 17:00,0
2025-10-29 18:00,0
2025-10-29 19:00,0
2025-10-29 20:00,0
2025-10-29 21:00,0
2025-10-29 22:00,0
2025-10-29 23:00,0
2025-10-30 00:00,0
2025-10-30 01:00,0
2025-10-30 02:00,0
2025-10-30 03:00,0
2025-10-30 04:00,0
2025-10-30 05:00,0
2025-10-30 06:00,0
2025-10-30 07:00,0
2025-10-30 08:00,4.171
2025-10-30 09:00,9.992
2025-10-30 10:00,14.484
2025-10-30 11:00,13.584
2025-10-30 12:00,8.498
2025-10-30 13:00,0.538
2025-10-30 14:00,0
2025-10-30 15:00,0
2025-10-30 16:00,0
2025-10-30 17:00,0
2025-10-30 18:00,0
2025-10-30 19:00,0
2025-10-30 20:00,0
2025-10-30 21:00,0
2025-10-30 22:00,0
2025-10-30 23:00,0
2025-10-31 00:00,0
2025-10-31 01:00,0
2025-10-31 02:00,0
2025-10-31 03:00,0
2025-10-31 04:00,0
2025-10-31 05:00,0
2025-10-31 06:00,0
2025-10-31 07:00,9.325
2025-10-31 08:00,34.792
2025-10-31 09:00,54.469
2025-10-31 10:00,59.623
2025-10-31 11:00,55.663
2025-10-31 12:00,41.389
2025-10-31 13:00,16.463
2025-10-31 14:00,0
2025-10-31 15:00,0
2025-10-31 16:00,0
2025-10-31 17:00,0
2025-10-31 18:00,0
2025-10-31 19:00,0
2025-10-31 20:00,0
2025-10-31 21:00,0
2025-10-31 22:00,0
2025-10-31 23:00,0
2025-11-01 00:00,0
2025-11-01 01:00,0
2025-11-01 02:00,0
2025-11-01 03:00,0
2025-11-01 04:00,0
2025-11-01 05:00,0
2025-11-01 06:00,0
2025-11-01 07:00,18.114
2025-11-01 08:00,38.673
2025-11-01 09:00,90.291
2025-11-01 10:00,356.314
2025-11-01 11:00,450.905
2025-11-01 12:00,362.713
2025-11-01 13:00,188.103
2025-11-01 14:00,37.163
2025-11-01 15:00,0
2025-11-01 16:00,0
2025-11-01 17:00,0
2025-11-01 18:00,0
2025-11-01 19:00,0
2025-11-01 20:00,0
2025-11-01 21:00,0
2025-11-01 22:00,0
2025-11-01 23:00,0
2025-11-02 00:00,0
2025-11-02 01:00,0
2025-11-02 02:00,0
2025-11-02 03:00,0
2025-11-02 04:00,0
2025-11-02 05:00,0
2025-11-02 06:00,0
2025-11-02 07:00,58.586
2025-11-02 08:00,132.551
2025-11-02 09:00,212.107
2025-11-02 10:00,275.547
2025-11-02 11:00,197.047
2025-11-02 12:00,115.450
2025-11-02 13:00,40.805
2025-11-02 14:00,1.640
2025-11-02 15:00,0
2025-11-02 16:00,0
2025-11-02 17:00,0
2025-11-02 18:00,0
2025-11-02 19:00,0
2025-11-02 20:00,0
2025-11-02 21:00,0
2025-11-02 22:00,0
2025-11-02 23:00,0
2025-11-03 00:00,0
2025-11-03 01:00,0
2025-11-03 02:00,0
2025-11-03 03:00,0
2025-11-03 04:00,0
2025-11-03 05:00,0
2025-11-03 06:00,0
2025-11-03 07:00,12.800
2025-11-03 08:00,46.645
2025-11-03 09:00,85.321
2025-11-03 10:00,131.580
2025-11-03 11:00,249.595
2025-11-03 12:00,210.210
2025-11-03 13:00,112.864
2025-11-03 14:00,9.843
2025-11-03 15:00,0
2025-11-03 16:00,0
2025-11-03 17:00,0
2025-11-03 18:00,0
2025-11-03 19:00,0
2025-11-03 20:00,0
2025-11-03 21:00,0
2025-11-03 22:00,0
2025-11-03 23:00,0
2025-11-04 00:00,0
2025-11-04 01:00,0
2025-11-04 02:00,0
2025-11-04 03:00,0
2025-11-04 04:00,0
2025-11-04 05:00,0
2025-11-04 06:00,0
2025-11-04 07:00,0
2025-11-04 08:00,5.502
2025-11-04 09:00,7.012
2025-11-04 10:00,15.299
2025-11-04 11:00,43.332
2025-11-04 12:00,95.006
2025-11-04 13:00,100.301
2025-11-04 14:00,12.160
2025-11-04 15:00,0
2025-11-04 16:00,0
2025-11-04 17:00,0
2025-11-04 18:00,0
2025-11-04 19:00,0
2025-11-04 20:00,0
2025-11-04 21:00,0
2025-11-04 22:00,0
2025-11-04 23:00,0
2025-11-05 00:00,0
2025-11-05 01:00,0
2025-11-05 02:00,0
2025-11-05 03:00,0
2025-11-05 04:00,0
2025-11-05 05:00,0
2025-11-05 06:00,0
2025-11-05 07:00,0
2025-11-05 08:00,13.593
2025-11-05 09:00,81.355
2025-11-05 10:00,235.708
2025-11-05 11:00,344.670
2025-11-05 12:00,196.033
2025-11-05 13:00,133.829
2025-11-05 14:00,10.867
2025-11-05 15:00,0
2025-11-05 16:00,0
2025-11-05 17:00,0
2025-11-05 18:00,0
2025-11-05 19:00,0
2025-11-05 20:00,0
2025-11-05 21:00,0
2025-11-05 22:00,0
2025-11-05 23:00,0
2025-11-06 00:00,0
2025-11-06 01:00,0
2025-11-06 02:00,0
2025-11-06 03:00,0
2025-11-06 04:00,0
2025-11-06 05:00,0
2025-11-06 06:00,0
2025-11-06 07:00,4.395
2025-11-06 08:00,28.590
2025-11-06 09:00,38.946
2025-11-06 10:00,33.942
2025-11-06 11:00,21.182
2025-11-06 12:00,16.607
2025-11-06 13:00,18.767
2025-11-06 14:00,1.301
2025-11-06 15:00,0
2025-11-06 16:00,0
2025-11-06 17:00,0
2025-11-06 18:00,0
2025-11-06 19:00,0
2025-11-06 20:00,0
2025-11-06 21:00,0
2025-11-06 22:00,0
2025-11-06 23:00,0
2025-11-07 00:00,0
2025-11-07 01:00,0
2025-11-07 02:00,0
2025-11-07 03:00,0
2025-11-07 04:00,0
2025-11-07 05:00,0
2025-11-07 06:00,0
2025-11-07 07:00,40.591
2025-11-07 08:00,134.559
2025-11-07 09:00,164.067
2025-11-07 10:00,157.676
2025-11-07 11:00,115.745
2025-11-07 12:00,99.911
2025-11-07 13:00,65.657
2025-11-07 14:00,6.825
2025-11-07 15:00,0
2025-11-07 16:00,0
2025-11-07 17:00,0
2025-11-07 18:00,0
2025-11-07 19:00,0
2025-11-07 20:00,0
2025-11-07 21:00,0
2025-11-07 22:00,0
2025-11-07 23:00,0
2025-11-08 00:00,0
2025-11-08 01:00,0
2025-11-08 02:00,0
2025-11-08 03:00,0
2025-11-08 04:00,0
2025-11-08 05:00,0
2025-11-08 06:00,0
2025-11-08 07:00,0
2025-11-08 08:00,8.952
2025-11-08 09:00,22.718
2025-11-08 10:00,29.039
2025-11-08 11:00,26.627
2025-11-08 12:00,19.784
2025-11-08 13:00,6.026
2025-11-08 14:00,0
2025-11-08 15:00,0
2025-11-08 16:00,0
2025-11-08 17:00,0
2025-11-08 18:00,0
2025-11-08 19:00,0
2025-11-08 20:00,0
2025-11-08 21:00,0
2025-11-08 22:00,0
2025-11-08 23:00,0
2025-11-09 00:00,0
2025-11-09 01:00,0
2025-11-09 02:00,0
2025-11-09 03:00,0
2025-11-09 04:00,0
2025-11-09 05:00,0
2025-11-09 06:00,0
2025-11-09 07:00,0
2025-11-09 08:00,24.229
2025-11-09 09:00,51.867
2025-11-09 10:00,74.247
2025-11-09 11:00,53.332
2025-11-09 12:00,29.931
2025-11-09 13:00,7.943
2025-11-09 14:00,0
2025-11-09 15:00,0
2025-11-09 16:00,0
2025-11-09 17:00,0
2025-11-09 18:00,0
2025-11-09 19:00,0
2025-11-09 20:00,0
2025-11-09 21:00,0
2025-11-09 22:00,0
2025-11-09 23:00,0
2025-11-10 00:00,0
2025-11-10 01:00,0
2025-11-10 02:00,0
2025-11-10 03:00,0
2025-11-10 04:00,0
2025-11-10 05:00,0
2025-11-10 06:00,0
2025-11-10 07:00,0.356
2025-11-10 08:00,20.868
2025-11-10 09:00,50.115
2025-11-10 10:00,71.475
2025-11-10 11:00,64.584
2025-11-10 12:00,43.292
2025-11-10 13:00,20.217
2025-11-10 14:00,0
2025-11-10 15:00,0
2025-11-10 16:00,0
2025-11-10 17:00,0
2025-11-10 18:00,0
2025-11-10 19:00,0
2025-11-10 20:00,0
2025-11-10 21:00,0
2025-11-10 22:00,0
2025-11-10 23:00,0
2025-11-11 00:00,0
2025-11-11 01:00,0
2025-11-11 02:00,0
2025-11-11 03:00,0
2025-11-11 04:00,0
2025-11-11 05:00,0
2025-11-11 06:00,0
2025-11-11 07:00,7.070
2025-11-11 08:00,54.632
2025-11-11 09:00,101.690
2025-11-11 10:00,120.920
2025-11-11 11:00,67.925
2025-11-11 12:00,28.879
2025-11-11 13:00,7.326
2025-11-11 14:00,0
2025-11-11 15:00,0
2025-11-11 16:00,0
2025-11-11 17:00,0
2025-11-11 18:00,0
2025-11-11 19:00,0
2025-11-11 20:00,0
2025-11-11 21:00,0
2025-11-11 22:00,0
2025-11-11 23:00,0
2025-11-12 00:00,0
2025-11-12 01:00,0
2025-11-12 02:00,0
2025-11-12 03:00,0
2025-11-12 04:00,0
2025-11-12 05:00,0
2025-11-12 06:00,0
2025-11-12 07:00,0
2025-11-12 08:00,10.913
2025-11-12 09:00,21.764
2025-11-12 10:00,15.817
2025-11-12 11:00,15.178
2025-11-12 12:00,11.062
2025-11-12 13:00,0
2025-11-12 14:00,0
2025-11-12 15:00,0
2025-11-12 16:00,0
2025-11-12 17:00,0
2025-11-12 18:00,0
2025-11-12 19:00,0
2025-11-12 20:00,0
2025-11-12 21:00,0
2025-11-12 22:00,0
2025-11-12 23:00,0
2025-11-13 00:00,0
2025-11-13 01:00,0
2025-11-13 02:00,0
2025-11-13 03:00,0
2025-11-13 04:00,0
2025-11-13 05:00,0
2025-11-13 06:00,0
2025-11-13 07:00,0
2025-11-13 08:00,11.827
2025-11-13 09:00,7.220
2025-11-13 10:00,8.989
2025-11-13 11:00,5.514
2025-11-13 12:00,3.835
2025-11-13 13:00,0
2025-11-13 14:00,0
2025-11-13 15:00,0
2025-11-13 16:00,0
2025-11-13 17:00,0
2025-11-13 18:00,0
2025-11-13 19:00,0
2025-11-13 20:00,0
2025-11-13 21:00,0
2025-11-13 22:00,0
2025-11-13 23:00,0
2025-11-14 00:00,0
2025-11-14 01:00,0
2025-11-14 02:00,0
2025-11-14 03:00,0
2025-11-14 04:00,0
2025-11-14 05:00,0
2025-11-14 06:00,0
2025-11-14 07:00,13.508
2025-11-14 08:00,171.740
2025-11-14 09:00,312.381
2025-11-14 10:00,373.905
2025-11-14 11:00,376.431
2025-11-14 12:00,309.880
2025-11-14 13:00,179.134
2025-11-14 14:00,4.607
2025-11-14 15:00,0
2025-11-14 16:00,0
2025-11-14 17:00,0
2025-11-14 18:00,0
2025-11-14 19:00,0
2025-11-14 20:00,0
2025-11-14 21:00,0
2025-11-14 22:00,0
2025-11-14 23:00,0
2025-11-15 00:00,0
2025-11-15 01:00,0
2025-11-15 02:00,0
2025-11-15 03:00,0
2025-11-15 04:00,0
2025-11-15 05:00,0
2025-11-15 06:00,0
2025-11-15 07:00,25.538
2025-11-15 08:00,202.061
2025-11-15 09:00,317.402
2025-11-15 10:00,377.452
2025-11-15 11:00,353.871
2025-11-15 12:00,192.451
2025-11-15 13:00,63.089
2025-11-15 14:00,0
2025-11-15 15:00,0
2025-11-15 16:00,0
2025-11-15 17:00,0
2025-11-15 18:00,0
2025-11-15 19:00,0
2025-11-15 20:00,0
2025-11-15 21:00,0
2025-11-15 22:00,0
2025-11-15 23:00,0
2025-11-16 00:00,0
2025-11-16 01:00,0
2025-11-16 02:00,0
2025-11-16 03:00,0
2025-11-16 04:00,0
2025-11-16 05:00,0
2025-11-16 06:00,0
2025-11-16 07:00,3.363
2025-11-16 08:00,49.881
2025-11-16 09:00,150.816
2025-11-16 10:00,186.089
2025-11-16 11:00,201.479
2025-11-16 12:00,118.611
2025-11-16 13:00,36.150
2025-11-16 14:00,0
2025-11-16 15:00,0
2025-11-16 16:00,0
2025-11-16 17:00,0
2025-11-16 18:00,0
2025-11-16 19:00,0
2025-11-16 20:00,0
2025-11-16 21:00,0
2025-11-16 22:00,0
2025-11-16 23:00,0
2025-11-17 00:00,0
2025-11-17 01:00,0
2025-11-17 02:00,0
2025-11-17 03:00,0
2025-11-17 04:00,0
2025-11-17 05:00,0
2025-11-17 06:00,0
2025-11-17 07:00,8.972
2025-11-17 08:00,81.195
2025-11-17 09:00,213.434
2025-11-17 10:00,308.282
2025-11-17 11:00,369.528
2025-11-17 12:00,299.381
2025-11-17 13:00,146.470
2025-11-17 14:00,0
2025-11-17 15:00,0
2025-11-17 16:00,0
2025-11-17 17:00,0
2025-11-17 18:00,0
2025-11-17 19:00,0
2025-11-17 20:00,0
2025-11-17 21:00,0
2025-11-17 22:00,0
2025-11-17 23:00,0
2025-11-18 00:00,0
2025-11-18 01:00,0
2025-11-18 02:00,0
2025-11-18 03:00,0
2025-11-18 04:00,0
2025-11-18 05:00,0
2025-11-18 06:00,0
2025-11-18 07:00,13.697
2025-11-18 08:00,118.752
2025-11-18 09:00,190.702
2025-11-18 10:00,214.680
2025-11-18 11:00,159.875
2025-11-18 12:00,86.687
2025-11-18 13:00,31.481
2025-11-18 14:00,0
2025-11-18 15:00,0
2025-11-18 16:00,0
2025-11-18 17:00,0
2025-11-18 18:00,0
2025-11-18 19:00,0
2025-11-18 20:00,0
2025-11-18 21:00,0
2025-11-18 22:00,0
2025-11-18 23:00,0
2025-11-19 00:00,0
2025-11-19 01:00,0
2025-11-19 02:00,0
2025-11-19 03:00,0
2025-11-19 04:00,0
2025-11-19 05:00,0
2025-11-19 06:00,0
2025-11-19 07:00,0
2025-11-19 08:00,56.669
2025-11-19 09:00,87.692
2025-11-19 10:00,49.643
2025-11-19 11:00,40.846
2025-11-19 12:00,29.607
2025-11-19 13:00,11.085
2025-11-19 14:00,0
2025-11-19 15:00,0
2025-11-19 16:00,0
2025-11-19 17:00,0
2025-11-19 18:00,0
2025-11-19 19:00,0
2025-11-19 20:00,0
2025-11-19 21:00,0
2025-11-19 22:00,0
2025-11-19 23:00,0
2025-11-20 00:00,0
2025-11-20 01:00,0
2025-11-20 02:00,0
2025-11-20 03:00,0
2025-11-20 04:00,0
2025-11-20 05:00,0
2025-11-20 06:00,0
2025-11-20 07:00,0
2025-11-20 08:00,15.452
2025-11-20 09:00,43.689
2025-11-20 10:00,74.254
2025-11-20 11:00,84.899
2025-11-20 12:00,58.631
2025-11-20 13:00,14.599
2025-11-20 14:00,0
2025-11-20 15:00,0
2025-11-20 16:00,0
2025-11-20 17:00,0
2025-11-20 18:00,0
2025-11-20 19:00,0
2025-11-20 20:00,0
2025-11-20 21:00,0
2025-11-20 22:00,0
2025-11-20 23:00,0
2025-11-21 00:00,0
2025-11-21 01:00,0
2025-11-21 02:00,0
2025-11-21 03:00,0
2025-11-21 04:00,0
2025-11-21 05:00,0
2025-11-21 06:00,0
2025-11-21 07:00,0
2025-11-21 08:00,28.765
2025-11-21 09:00,70.700
2025-11-21 10:00,103.905
2025-11-21 11:00,105.090
2025-11-21 12:00,82.718
2025-11-21 13:00,39.875
2025-11-21 14:00,0
2025-11-21 15:00,0
2025-11-21 16:00,0
2025-11-21 17:00,0
2025-11-21 18:00,0
2025-11-21 19:00,0
2025-11-21 20:00,0
2025-11-21 21:00,0
2025-11-21 22:00,0
2025-11-21 23:00,0
2025-11-22 00:00,0
2025-11-22 01:00,0
2025-11-22 02:00,0
2025-11-22 03:00,0
2025-11-22 04:00,0
2025-11-22 05:00,0
2025-11-22 06:00,0
2025-11-22 07:00,0
2025-11-22 08:00,47.984
2025-11-22 09:00,115.721
2025-11-22 10:00,130.810
2025-11-22 11:00,118.006
2025-11-22 12:00,53.082
2025-11-22 13:00,5.163
2025-11-22 14:00,0
2025-11-22 15:00,0
2025-11-22 16:00,0
2025-11-22 17:00,0
2025-11-22 18:00,0
2025-11-22 19:00,0
2025-11-22 20:00,0
2025-11-22 21:00,0
2025-11-22 22:00,0
2025-11-22 23:00,0
2025-11-23 00:00,0
2025-11-23 01:00,0
2025-11-23 02:00,0
2025-11-23 03:00,0
2025-11-23 04:00,0
2025-11-23 05:00,0
2025-11-23 06:00,0
2025-11-23 07:00,0
2025-11-23 08:00,10.813
2025-11-23 09:00,27.985
2025-11-23 10:00,36.511
2025-11-23 11:00,40.064
2025-11-23 12:00,39.248
2025-11-23 13:00,19.179
2025-11-23 14:00,0
2025-11-23 15:00,0
2025-11-23 16:00,0
2025-11-23 17:00,0
2025-11-23 18:00,0
2025-11-23 19:00,0
2025-11-23 20:00,0
2025-11-23 21:00,0
2025-11-23 22:00,0
2025-11-23 23:00,0
2025-11-24 00:00,0
2025-11-24 01:00,0
2025-11-24 02:00,0
2025-11-24 03:00,0
2025-11-24 04:00,0
2025-11-24 05:00,0
2025-11-24 06:00,0
2025-11-24 07:00,0
2025-11-24 08:00,13.111
2025-11-24 09:00,35.148
2025-11-24 10:00,57.807
2025-11-24 11:00,60.264
2025-11-24 12:00,34.137
2025-11-24 13:00,7.316
2025-11-24 14:00,0
2025-11-24 15:00,0
2025-11-24 16:00,0
2025-11-24 17:00,0
2025-11-24 18:00,0
2025-11-24 19:00,0
2025-11-24 20:00,0
2025-11-24 21:00,0
2025-11-24 22:00,0
2025-11-24 23:00,0
2025-11-25 00:00,0
2025-11-25 01:00,0
2025-11-25 02:00,0
2025-11-25 03:00,0
2025-11-25 04:00,0
2025-11-25 05:00,0
2025-11-25 06:00,0
2025-11-25 07:00,0
2025-11-25 08:00,27.972
2025-11-25 09:00,76.586
2025-11-25 10:00,103.729
2025-11-25 11:00,122.788
2025-11-25 12:00,73.341
2025-11-25 13:00,18.591
2025-11-25 14:00,0
2025-11-25 15:00,0
2025-11-25 16:00,0
2025-11-25 17:00,0
2025-11-25 18:00,0
2025-11-25 19:00,0
2025-11-25 20:00,0
2025-11-25 21:00,0
2025-11-25 22:00,0
2025-11-25 23:00,0
2025-11-26 00:00,0
2025-11-26 01:00,0
2025-11-26 02:00,0
2025-11-26 03:00,0
2025-11-26 04:00,0
2025-11-26 05:00,0
2025-11-26 06:00,0
2025-11-26 07:00,0
2025-11-26 08:00,42.595
2025-11-26 09:00,104.582
2025-11-26 10:00,146.609
2025-11-26 11:00,170.173
2025-11-26 12:00,145.710
2025-11-26 13:00,43.148
2025-11-26 14:00,0
2025-11-26 15:00,0
2025-11-26 16:00,0
2025-11-26 17:00,0
2025-11-26 18:00,0
2025-11-26 19:00,0
2025-11-26 20:00,0
2025-11-26 21:00,0
2025-11-26 22:00,0
2025-11-26 23:00,0
2025-11-27 00:00,0
2025-11-27 01:00,0
2025-11-27 02:00,0
2025-11-27 03:00,0
2025-11-27 04:00,0
2025-11-27 05:00,0
2025-11-27 06:00,0
2025-11-27 07:00,0
2025-11-27 08:00,6.484
2025-11-27 09:00,26.653
2025-11-27 10:00,20.686
2025-11-27 11:00,28.307
2025-11-27 12:00,15.148
2025-11-27 13:00,0
2025-11-27 14:00,0
2025-11-27 15:00,0
2025-11-27 16:00,0
2025-11-27 17:00,0
2025-11-27 18:00,0
2025-11-27 19:00,0
2025-11-27 20:00,0
2025-11-27 21:00,0
2025-11-27 22:00,0
2025-11-27 23:00,0
2025-11-28 00:00,0
2025-11-28 01:00,0
2025-11-28 02:00,0
2025-11-28 03:00,0
2025-11-28 04:00,0
2025-11-28 05:00,0
2025-11-28 06:00,0
2025-11-28 07:00,0
2025-11-28 08:00,0.749
2025-11-28 09:00,11.756
2025-11-28 10:00,22.716
2025-11-28 11:00,20.160
2025-11-28 12:00,10.400
2025-11-28 13:00,0
2025-11-28 14:00,0
2025-11-28 15:00,0
2025-11-28 16:00,0
2025-11-28 17:00,0
2025-11-28 18:00,0
2025-11-28 19:00,0
2025-11-28 20:00,0
2025-11-28 21:00,0
2025-11-28 22:00,0
2025-11-28 23:00,0
2025-11-29 00:00,0
2025-11-29 01:00,0
2025-11-29 02:00,0
2025-11-29 03:00,0
2025-11-29 04:00,0
2025-11-29 05:00,0
2025-11-29 06:00,0
2025-11-29 07:00,0
2025-11-29 08:00,60.353
2025-11-29 09:00,125.293
2025-11-29 10:00,172.991
2025-11-29 11:00,169.491
2025-11-29 12:00,88.767
2025-11-29 13:00,13.616
2025-11-29 14:00,0
2025-11-29 15:00,0
2025-11-29 16:00,0
2025-11-29 17:00,0
2025-11-29 18:00,0
2025-11-29 19:00,0
2025-11-29 20:00,0
2025-11-29 21:00,0
2025-11-29 22:00,0
2025-11-29 23:00,0
2025-11-30 00:00,0
2025-11-30 01:00,0
2025-11-30 02:00,0
2025-11-30 03:00,0
2025-11-30 04:00,0
2025-11-30 05:00,0
2025-11-30 06:00,0
2025-11-30 07:00,0
2025-11-30 08:00,0
2025-11-30 09:00,1.220
2025-11-30 10:00,5.466
2025-11-30 11:00,5.881
2025-11-30 12:00,0.525
2025-11-30 13:00,0
2025-11-30 14:00,0
2025-11-30 15:00,0
2025-11-30 16:00,0
2025-11-30 17:00,0
2025-11-30 18:00,0
2025-11-30 19:00,0
2025-11-30 20:00,0
2025-11-30 21:00,0
2025-11-30 22:00,0
2025-11-30 23:00,0
2025-12-01 00:00,0
2025-12-01 01:00,0
2025-12-01 02:00,0
2025-12-01 03:00,0
2025-12-01 04:00,0
2025-12-01 05:00,0
2025-12-01 06:00,0
2025-12-01 07:00,0
2025-12-01 08:00,0
2025-12-01 09:00,0
2025-12-01 10:00,13.807
2025-12-01 11:00,19.610
2025-12-01 12:00,8.974
2025-12-01 13:00,0
2025-12-01 14:00,0
2025-12-01 15:00,0
2025-12-01 16:00,0
2025-12-01 17:00,0
2025-12-01 18:00,0
2025-12-01 19:00,0
2025-12-01 20:00,0
2025-12-01 21:00,0
2025-12-01 22:00,0
2025-12-01 23:00,0
2025-12-02 00:00,0
2025-12-02 01:00,0
2025-12-02 02:00,0
2025-12-02 03:00,0
2025-12-02 04:00,0
2025-12-02 05:00,0
2025-12-02 06:00,0
2025-12-02 07:00,0
2025-12-02 08:00,0
2025-12-02 09:00,11.498
2025-12-02 10:00,17.102
2025-12-02 11:00,23.809
2025-12-02 12:00,20.788
2025-12-02 13:00,2.783
2025-12-02 14:00,0
2025-12-02 15:00,0
2025-12-02 16:00,0
2025-12-02 17:00,0
2025-12-02 18:00,0
2025-12-02 19:00,0
2025-12-02 20:00,0
2025-12-02 21:00,0
2025-12-02 22:00,0
2025-12-02 23:00,0
2025-12-03 00:00,0
2025-12-03 01:00,0
2025-12-03 02:00,0
2025-12-03 03:00,0
2025-12-03 04:00,0
2025-12-03 05:00,0
2025-12-03 06:00,0
2025-12-03 07:00,0
2025-12-03 08:00,0.238
2025-12-03 09:00,10.351
2025-12-03 10:00,14.832
2025-12-03 11:00,14.077
2025-12-03 12:00,8.095
2025-12-03 13:00,0
2025-12-03 14:00,0
2025-12-03 15:00,0
2025-12-03 16:00,0
2025-12-03 17:00,0
2025-12-03 18:00,0
2025-12-03 19:00,0
2025-12-03 20:00,0
2025-12-03 21:00,0
2025-12-03 22:00,0
2025-12-03 23:00,0
2025-12-04 00:00,0
2025-12-04 01:00,0
2025-12-04 02:00,0
2025-12-04 03:00,0
2025-12-04 04:00,0
2025-12-04 05:00,0
2025-12-04 06:00,0
2025-12-04 07:00,0
2025-12-04 08:00,5.836
2025-12-04 09:00,28.921
2025-12-04 10:00,42.339
2025-12-04 11:00,38.251
2025-12-04 12:00,15.847
2025-12-04 13:00,0
2025-12-04 14:00,0
2025-12-04 15:00,0
2025-12-04 16:00,0
2025-12-04 17:00,0
2025-12-04 18:00,0
2025-12-04 19:00,0
2025-12-04 20:00,0
2025-12-04 21:00,0
2025-12-04 22:00,0
2025-12-04 23:00,0
2025-12-05 00:00,0
2025-12-05 01:00,0
2025-12-05 02:00,0
2025-12-05 03:00,0
2025-12-05 04:00,0
2025-12-05 05:00,0
2025-12-05 06:00,0
2025-12-05 07:00,0
2025-12-05 08:00,0
2025-12-05 09:00,9.087
2025-12-05 10:00,14.860
2025-12-05 11:00,16.607
2025-12-05 12:00,8.876
2025-12-05 13:00,0
2025-12-05 14:00,0
2025-12-05 15:00,0
2025-12-05 16:00,0
2025-12-05 17:00,0
2025-12-05 18:00,0
2025-12-05 19:00,0
2025-12-05 20:00,0
2025-12-05 21:00,0
2025-12-05 22:00,0
2025-12-05 23:00,0
2025-12-06 00:00,0
2025-12-06 01:00,0
2025-12-06 02:00,0
2025-12-06 03:00,0
2025-12-06 04:00,0
2025-12-06 05:00,0
2025-12-06 06:00,0
2025-12-06 07:00,0
2025-12-06 08:00,0
2025-12-06 09:00,0
2025-12-06 10:00,0.705
2025-12-06 11:00,3.794
2025-12-06 12:00,0.514
2025-12-06 13:00,0
2025-12-06 14:00,0
2025-12-06 15:00,0
2025-12-06 16:00,0
2025-12-06 17:00,0
2025-12-06 18:00,0
2025-12-06 19:00,0
2025-12-06 20:00,0
2025-12-06 21:00,0
2025-12-06 22:00,0
2025-12-06 23:00,0
2025-12-07 00:00,0
2025-12-07 01:00,0
2025-12-07 02:00,0
2025-12-07 03:00,0
2025-12-07 04:00,0
2025-12-07 05:00,0
2025-12-07 06:00,0
2025-12-07 07:00,0
2025-12-07 08:00,0
2025-12-07 09:00,5.326
2025-12-07 10:00,9.183
2025-12-07 11:00,7.539
2025-12-07 12:00,1.896
2025-12-07 13:00,0
2025-12-07 14:00,0
2025-12-07 15:00,0
2025-12-07 16:00,0
2025-12-07 17:00,0
2025-12-07 18:00,0
2025-12-07 19:00,0
2025-12-07 20:00,0
2025-12-07 21:00,0
2025-12-07 22:00,0
2025-12-07 23:00,0
2025-12-08 00:00,0
2025-12-08 01:00,0
2025-12-08 02:00,0
2025-12-08 03:00,0
2025-12-08 04:00,0
2025-12-08 05:00,0
2025-12-08 06:00,0
2025-12-08 07:00,0
2025-12-08 08:00,0
2025-12-08 09:00,0
2025-12-08 10:00,0
2025-12-08 11:00,0
2025-12-08 12:00,0
2025-12-08 13:00,0
2025-12-08 14:00,0
2025-12-08 15:00,0
2025-12-08 16:00,0
2025-12-08 17:00,0
2025-12-08 18:00,0
2025-12-08 19:00,0
2025-12-08 20:00,0
2025-12-08 21:00,0
2025-12-08 22:00,0
2025-12-08 23:00,0
2025-12-09 00:00,0
2025-12-09 01:00,0
2025-12-09 02:00,0
2025-12-09 03:00,0
2025-12-09 04:00,0
2025-12-09 05:00,0
2025-12-09 06:00,0
2025-12-09 07:00,0
2025-12-09 08:00,0
2025-12-09 09:00,1.740
2025-12-09 10:00,9.760
2025-12-09 11:00,17.433
2025-12-09 12:00,7.820
2025-12-09 13:00,0
2025-12-09 14:00,0
2025-12-09 15:00,0
2025-12-09 16:00,0
2025-12-09 17:00,0
2025-12-09 18:00,0
2025-12-09 19:00,0
2025-12-09 20:00,0
2025-12-09 21:00,0
2025-12-09 22:00,0
2025-12-09 23:00,0
2025-12-10 00:00,0
2025-12-10 01:00,0
2025-12-10 02:00,0
2025-12-10 03:00,0
2025-12-10 04:00,0
2025-12-10 05:00,0
2025-12-10 06:00,0
2025-12-10 07:00,0
2025-12-10 08:00,0
2025-12-10 09:00,0
2025-12-10 10:00,0
2025-12-10 11:00,9.677
2025-12-10 12:00,13.638
2025-12-10 13:00,0
2025-12-10 14:00,0
2025-12-10 15:00,0
2025-12-10 16:00,0
2025-12-10 17:00,0
2025-12-10 18:00,0
2025-12-10 19:00,0
2025-12-10 20:00,0
2025-12-10 21:00,0
2025-12-10 22:00,0
2025-12-10 23:00,0
2025-12-11 00:00,0
2025-12-11 01:00,0
2025-12-11 02:00,0
2025-12-11 03:00,0
2025-12-11 04:00,0
2025-12-11 05:00,0
2025-12-11 06:00,0
2025-12-11 07:00,0
2025-12-11 08:00,0
2025-12-11 09:00,0
2025-12-11 10:00,2.816
2025-12-11 11:00,0.203
2025-12-11 12:00,0
2025-12-11 13:00,0
2025-12-11 14:00,0
2025-12-11 15:00,0
2025-12-11 16:00,0
2025-12-11 17:00,0
2025-12-11 18:00,0
2025-12-11 19:00,0
2025-12-11 20:00,0
2025-12-11 21:00,0
2025-12-11 22:00,0
2025-12-11 23:00,0
2025-12-12 00:00,0
2025-12-12 01:00,0
2025-12-12 02:00,0
2025-12-12 03:00,0
2025-12-12 04:00,0
2025-12-12 05:00,0
2025-12-12 06:00,0
2025-12-12 07:00,0
2025-12-12 08:00,0
2025-12-12 09:00,9.015
2025-12-12 10:00,53.264
2025-12-12 11:00,63.750
2025-12-12 12:00,43.002
2025-12-12 13:00,0.034
2025-12-12 14:00,0
2025-12-12 15:00,0
2025-12-12 16:00,0
2025-12-12 17:00,0
2025-12-12 18:00,0
2025-12-12 19:00,0
2025-12-12 20:00,0
2025-12-12 21:00,0
2025-12-12 22:00,0
2025-12-12 23:00,0
2025-12-13 00:00,0
2025-12-13 01:00,0
2025-12-13 02:00,0
2025-12-13 03:00,0
2025-12-13 04:00,0
2025-12-13 05:00,0
2025-12-13 06:00,0
2025-12-13 07:00,0
2025-12-13 08:00,0
2025-12-13 09:00,0
2025-12-13 10:00,0
2025-12-13 11:00,0
2025-12-13 12:00,0
2025-12-13 13:00,0
2025-12-13 14:00,0
2025-12-13 15:00,0
2025-12-13 16:00,0
2025-12-13 17:00,0
2025-12-13 18:00,0
2025-12-13 19:00,0
2025-12-13 20:00,0
2025-12-13 21:00,0
2025-12-13 22:00,0
2025-12-13 23:00,0
2025-12-14 00:00,0
2025-12-14 01:00,0
2025-12-14 02:00,0
2025-12-14 03:00,0
2025-12-14 04:00,0
2025-12-14 05:00,0
2025-12-14 06:00,0
2025-12-14 07:00,0
2025-12-14 08:00,0
2025-12-14 09:00,0.481
2025-12-14 10:00,0
2025-12-14 11:00,0
2025-12-14 12:00,0
2025-12-14 13:00,0
2025-12-14 14:00,0
2025-12-14 15:00,0
2025-12-14 16:00,0
2025-12-14 17:00,0
2025-12-14 18:00,0
2025-12-14 19:00,0
2025-12-14 20:00,0
2025-12-14 21:00,0
2025-12-14 22:00,0
2025-12-14 23:00,0
2025-12-15 00:00,0
2025-12-15 01:00,0
2025-12-15 02:00,0
2025-12-15 03:00,0
2025-12-15 04:00,0
2025-12-15 05:00,0
2025-12-15 06:00,0
2025-12-15 07:00,0
2025-12-15 08:00,1.711
2025-12-15 09:00,28.208
2025-12-15 10:00,32.130
2025-12-15 11:00,18.741
2025-12-15 12:00,2.230
2025-12-15 13:00,0
2025-12-15 14:00,0
2025-12-15 15:00,0
2025-12-15 16:00,0
2025-12-15 17:00,0
2025-12-15 18:00,0
2025-12-15 19:00,0
2025-12-15 20:00,0
2025-12-15 21:00,0
2025-12-15 22:00,0
2025-12-15 23:00,0
2025-12-16 00:00,0
2025-12-16 01:00,0
2025-12-16 02:00,0
2025-12-16 03:00,0
2025-12-16 04:00,0
2025-12-16 05:00,0
2025-12-16 06:00,0
2025-12-16 07:00,0
2025-12-16 08:00,1.160
2025-12-16 09:00,22.393
2025-12-16 10:00,33.008
2025-12-16 11:00,30.383
2025-12-16 12:00,4.299
2025-12-16 13:00,0
2025-12-16 14:00,0
2025-12-16 15:00,0
2025-12-16 16:00,0
2025-12-16 17:00,0
2025-12-16 18:00,0
2025-12-16 19:00,0
2025-12-16 20:00,0
2025-12-16 21:00,0
2025-12-16 22:00,0
2025-12-16 23:00,0
2025-12-17 00:00,0
2025-12-17 01:00,0
2025-12-17 02:00,0
2025-12-17 03:00,0
2025-12-17 04:00,0
2025-12-17 05:00,0
2025-12-17 06:00,0
2025-12-17 07:00,0
2025-12-17 08:00,0
2025-12-17 09:00,0
2025-12-17 10:00,0
2025-12-17 11:00,2.677
2025-12-17 12:00,2.082
2025-12-17 13:00,0
2025-12-17 14:00,0
2025-12-17 15:00,0
2025-12-17 16:00,0
2025-12-17 17:00,0
2025-12-17 18:00,0
2025-12-17 19:00,0
2025-12-17 20:00,0
2025-12-17 21:00,0
2025-12-17 22:00,0
2025-12-17 23:00,0
2025-12-18 00:00,0
2025-12-18 01:00,0
2025-12-18 02:00,0
2025-12-18 03:00,0
2025-12-18 04:00,0
2025-12-18 05:00,0
2025-12-18 06:00,0
2025-12-18 07:00,0
2025-12-18 08:00,0
2025-12-18 09:00,1.321
2025-12-18 10:00,1.147
2025-12-18 11:00,1.460
2025-12-18 12:00,0
2025-12-18 13:00,0
2025-12-18 14:00,0
2025-12-18 15:00,0
2025-12-18 16:00,0
2025-12-18 17:00,0
2025-12-18 18:00,0
2025-12-18 19:00,0
2025-12-18 20:00,0
2025-12-18 21:00,0
2025-12-18 22:00,0
2025-12-18 23:00,0
2025-12-19 00:00,0
2025-12-19 01:00,0
2025-12-19 02:00,0
2025-12-19 03:00,0
2025-12-19 04:00,0
2025-12-19 05:00,0
2025-12-19 06:00,0
2025-12-19 07:00,0
2025-12-19 08:00,0
2025-12-19 09:00,0
2025-12-19 10:00,3.660
2025-12-19 11:00,2.571
2025-12-19 12:00,0
2025-12-19 13:00,0
2025-12-19 14:00,0
2025-12-19 15:00,0
2025-12-19 16:00,0
2025-12-19 17:00,0
2025-12-19 18:00,0
2025-12-19 19:00,0
2025-12-19 20:00,0
2025-12-19 21:00,0
2025-12-19 22:00,0
2025-12-19 23:00,0
2025-12-20 00:00,0
2025-12-20 01:00,0
2025-12-20 02:00,0
2025-12-20 03:00,0
2025-12-20 04:00,0
2025-12-20 05:00,0
2025-12-20 06:00,0
2025-12-20 07:00,0
2025-12-20 08:00,0
2025-12-20 09:00,8.264
2025-12-20 10:00,10.296
2025-12-20 11:00,4.875
2025-12-20 12:00,0
2025-12-20 13:00,0
2025-12-20 14:00,0
2025-12-20 15:00,0
2025-12-20 16:00,0
2025-12-20 17:00,0
2025-12-20 18:00,0
2025-12-20 19:00,0
2025-12-20 20:00,0
2025-12-20 21:00,0
2025-12-20 22:00,0
2025-12-20 23:00,0
2025-12-21 00:00,0
2025-12-21 01:00,0
2025-12-21 02:00,0
2025-12-21 03:00,0
2025-12-21 04:00,0
2025-12-21 05:00,0
2025-12-21 06:00,0
2025-12-21 07:00,0
2025-12-21 08:00,0.181
2025-12-21 09:00,19.069
2025-12-21 10:00,29.043
2025-12-21 11:00,33.970
2025-12-21 12:00,26.346
2025-12-21 13:00,0
2025-12-21 14:00,0
2025-12-21 15:00,0
2025-12-21 16:00,0
2025-12-21 17:00,0
2025-12-21 18:00,0
2025-12-21 19:00,0
2025-12-21 20:00,0
2025-12-21 21:00,0
2025-12-21 22:00,0
2025-12-21 23:00,0
2025-12-22 00:00,0
2025-12-22 01:00,0
2025-12-22 02:00,0
2025-12-22 03:00,0
2025-12-22 04:00,0
2025-12-22 05:00,0
2025-12-22 06:00,0
2025-12-22 07:00,0
2025-12-22 08:00,0
2025-12-22 09:00,11.076
2025-12-22 10:00,20.475
2025-12-22 11:00,21.140
2025-12-22 12:00,8.650
2025-12-22 13:00,0
2025-12-22 14:00,0
2025-12-22 15:00,0
2025-12-22 16:00,0
2025-12-22 17:00,0
2025-12-22 18:00,0
2025-12-22 19:00,0
2025-12-22 20:00,0
2025-12-22 21:00,0
2025-12-22 22:00,0
2025-12-22 23:00,0
2025-12-23 00:00,0
2025-12-23 01:00,0
2025-12-23 02:00,0
2025-12-23 03:00,0
2025-12-23 04:00,0
2025-12-23 05:00,0
2025-12-23 06:00,0
2025-12-23 07:00,0
2025-12-23 08:00,9.164
2025-12-23 09:00,69.457
2025-12-23 10:00,125.981
2025-12-23 11:00,124.489
2025-12-23 12:00,70.976
2025-12-23 13:00,1.499
2025-12-23 14:00,0
2025-12-23 15:00,0
2025-12-23 16:00,0
2025-12-23 17:00,0
2025-12-23 18:00,0
2025-12-23 19:00,0
2025-12-23 20:00,0
2025-12-23 21:00,0
2025-12-23 22:00,0
2025-12-23 23:00,0
2025-12-24 00:00,0
2025-12-24 01:00,0
2025-12-24 02:00,0
2025-12-24 03:00,0
2025-12-24 04:00,0
2025-12-24 05:00,0
2025-12-24 06:00,0
2025-12-24 07:00,0
2025-12-24 08:00,6.662
2025-12-24 09:00,77.324
2025-12-24 10:00,205.242
2025-12-24 11:00,212.174
2025-12-24 12:00,144.352
2025-12-24 13:00,14.897
2025-12-24 14:00,0
2025-12-24 15:00,0
2025-12-24 16:00,0
2025-12-24 17:00,0
2025-12-24 18:00,0
2025-12-24 19:00,0
2025-12-24 20:00,0
2025-12-24 21:00,0
2025-12-24 22:00,0
2025-12-24 23:00,0
2025-12-25 00:00,0
2025-12-25 01:00,0
2025-12-25 02:00,0
2025-12-25 03:00,0
2025-12-25 04:00,0
2025-12-25 05:00,0
2025-12-25 06:00,0
2025-12-25 07:00,0
2025-12-25 08:00,16.945
2025-12-25 09:00,63.113
2025-12-25 10:00,88.455
2025-12-25 11:00,85.076
2025-12-25 12:00,42.705
2025-12-25 13:00,0
2025-12-25 14:00,0
2025-12-25 15:00,0
2025-12-25 16:00,0
2025-12-25 17:00,0
2025-12-25 18:00,0
2025-12-25 19:00,0
2025-12-25 20:00,0
2025-12-25 21:00,0
2025-12-25 22:00,0
2025-12-25 23:00,0
2025-12-26 00:00,0
2025-12-26 01:00,0
2025-12-26 02:00,0
2025-12-26 03:00,0
2025-12-26 04:00,0
2025-12-26 05:00,0
2025-12-26 06:00,0
2025-12-26 07:00,0
2025-12-26 08:00,1.287
2025-12-26 09:00,20.200
2025-12-26 10:00,39.875
2025-12-26 11:00,30.815
2025-12-26 12:00,6.339
2025-12-26 13:00,0
2025-12-26 14:00,0
2025-12-26 15:00,0
2025-12-26 16:00,0
2025-12-26 17:00,0
2025-12-26 18:00,0
2025-12-26 19:00,0
2025-12-26 20:00,0
2025-12-26 21:00,0
2025-12-26 22:00,0
2025-12-26 23:00,0
2025-12-27 00:00,0
2025-12-27 01:00,0
2025-12-27 02:00,0
2025-12-27 03:00,0
2025-12-27 04:00,0
2025-12-27 05:00,0
2025-12-27 06:00,0
2025-12-27 07:00,0
2025-12-27 08:00,48.520
2025-12-27 09:00,130.057
2025-12-27 10:00,183.238
2025-12-27 11:00,166.704
2025-12-27 12:00,87.359
2025-12-27 13:00,4.513
2025-12-27 14:00,0
2025-12-27 15:00,0
2025-12-27 16:00,0
2025-12-27 17:00,0
2025-12-27 18:00,0
2025-12-27 19:00,0
2025-12-27 20:00,0
2025-12-27 21:00,0
2025-12-27 22:00,0
2025-12-27 23:00,0
2025-12-28 00:00,0
2025-12-28 01:00,0
2025-12-28 02:00,0
2025-12-28 03:00,0
2025-12-28 04:00,0
2025-12-28 05:00,0
2025-12-28 06:00,0
2025-12-28 07:00,0
2025-12-28 08:00,50.819
2025-12-28 09:00,178.222
2025-12-28 10:00,209.566
2025-12-28 11:00,122.351
2025-12-28 12:00,57.528
2025-12-28 13:00,1.272
2025-12-28 14:00,0
2025-12-28 15:00,0
2025-12-28 16:00,0
2025-12-28 17:00,0
2025-12-28 18:00,0
2025-12-28 19:00,0
2025-12-28 20:00,0
2025-12-28 21:00,0
2025-12-28 22:00,0
2025-12-28 23:00,0
2025-12-29 00:00,0
2025-12-29 01:00,0
2025-12-29 02:00,0
2025-12-29 03:00,0
2025-12-29 04:00,0
2025-12-29 05:00,0
2025-12-29 06:00,0
2025-12-29 07:00,0
2025-12-29 08:00,20.016
2025-12-29 09:00,59.117
2025-12-29 10:00,75.235
2025-12-29 11:00,76.696
2025-12-29 12:00,31.554
2025-12-29 13:00,0
2025-12-29 14:00,0
2025-12-29 15:00,0
2025-12-29 16:00,0
2025-12-29 17:00,0
2025-12-29 18:00,0
2025-12-29 19:00,0
2025-12-29 20:00,0
2025-12-29 21:00,0
2025-12-29 22:00,0
2025-12-29 23:00,0
2025-12-30 00:00,0
2025-12-30 01:00,0
2025-12-30 02:00,0
2025-12-30 03:00,0
2025-12-30 04:00,0
2025-12-30 05:00,0
2025-12-30 06:00,0
2025-12-30 07:00,0
2025-12-30 08:00,10.174
2025-12-30 09:00,59.757
2025-12-30 10:00,72.531
2025-12-30 11:00,62.359
2025-12-30 12:00,24.832
2025-12-30 13:00,0
2025-12-30 14:00,0
2025-12-30 15:00,0
2025-12-30 16:00,0
2025-12-30 17:00,0
2025-12-30 18:00,0
2025-12-30 19:00,0
2025-12-30 20:00,0
2025-12-30 21:00,0
2025-12-30 22:00,0
2025-12-30 23:00,0
2025-12-31 00:00,0
2025-12-31 01:00,0
2025-12-31 02:00,0
2025-12-31 03:00,0
2025-12-31 04:00,0
2025-12-31 05:00,0
2025-12-31 06:00,0
2025-12-31 07:00,0
2025-12-31 08:00,9.444
2025-12-31 09:00,61.948
2025-12-31 10:00,104.787
2025-12-31 11:00,115.968
2025-12-31 12:00,64.552
2025-12-31 13:00,2.869
2025-12-31 14:00,0
2025-12-31 15:00,0
2025-12-31 16:00,0
2025-12-31 17:00,0
2025-12-31 18:00,0
2025-12-31 19:00,0
2025-12-31 20:00,0
2025-12-31 21:00,0
2025-12-31 22:00,0
2025-12-31 23:00,0
