# Renewables.ninja Weather (Point API) - 59.325, 18.071 - Version: 1.0 - License: https://science.nasa.gov/earth-science/earth-science-data/data-information-policy - Reference: https://www.renewables.ninja/
# Units: time in UTC, t2m in ºC, prectotland in mm/h, precsnoland in mm/h, snomas in kg/m², rhoa in kg/m³, swgdn in W/m², swtdn in W/m², cldtot in fraction
# {"units": {"time": "UTC", "t2m": "\u00baC", "prectotland": "mm/h", "precsnoland": "mm/h", "snomas": "kg/m\u00b2", "rhoa": "kg/m\u00b3", "swgdn": "W/m\u00b2", "swtdn": "W/m\u00b2", "cldtot": "fraction"}, "params": {"lat": "59.3251172", "lon": "18.0710935", "date_from": "2024-01-01", "date_to": "2024-12-31", "dataset": "merra2", "header": "true", "local_time": "false", "var_t2m": "true", "var_prectotland": "true", "var_precsnoland": "true", "var_snomas": "true", "var_rhoa": "true", "var_swgdn": "true", "var_swtdn": "true", "var_cldtot": "true"}}
time,t2m,prectotland,precsnoland,snomas,rhoa,swgdn,swtdn,cldtot
2024-01-01 00:00,-3.660,0.006,0.006,22.039,1.305,0,0,0.960
2024-01-01 01:00,-3.688,0.007,0.007,22.024,1.304,0,0,0.963
2024-01-01 02:00,-3.771,0.008,0.008,22.009,1.305,0,0,0.968
2024-01-01 03:00,-3.645,0.012,0.012,21.985,1.305,0,0,0.974
2024-01-01 04:00,-3.586,0.011,0.011,21.955,1.304,0,0,0.975
2024-01-01 05:00,-3.529,0.012,0.012,21.922,1.304,0,0,0.975
2024-01-01 06:00,-3.486,0.012,0.012,21.887,1.304,0,0,0.975
2024-01-01 07:00,-3.440,0.013,0.013,21.857,1.304,0.244,1.373,0.978
2024-01-01 08:00,-3.346,0.014,0.014,21.834,1.304,17.558,68.641,0.982
2024-01-01 09:00,-3.196,0.013,0.013,21.807,1.305,42.803,146.646,0.983
2024-01-01 10:00,-3.045,0.023,0.023,21.778,1.304,56.391,182.255,0.982
2024-01-01 11:00,-3.015,0.021,0.021,21.751,1.304,49.212,173.123,0.987
2024-01-01 12:00,-3.058,0.010,0.010,21.717,1.304,27.237,119.834,0.996
2024-01-01 13:00,-3.141,0.011,0.011,21.685,1.304,5.007,30.452,0.997
2024-01-01 14:00,-3.186,0.027,0.027,21.664,1.304,0,0,0.994
2024-01-01 15:00,-3.241,0.021,0.021,21.650,1.305,0,0,0.958
2024-01-01 16:00,-3.328,0.025,0.025,21.636,1.306,0,0,0.922
2024-01-01 17:00,-3.440,0.038,0.038,21.629,1.306,0,0,0.859
2024-01-01 18:00,-3.670,0.037,0.037,21.624,1.308,0,0,0.855
2024-01-01 19:00,-4.000,0.030,0.030,21.616,1.310,0,0,0.877
2024-01-01 20:00,-4.315,0.028,0.028,21.605,1.313,0,0,0.864
2024-01-01 21:00,-4.595,0.035,0.035,21.598,1.314,0,0,0.860
2024-01-01 22:00,-4.829,0.030,0.030,21.591,1.316,0,0,0.875
2024-01-01 23:00,-5.060,0.034,0.034,21.581,1.317,0,0,0.861
2024-01-02 00:00,-5.332,0.032,0.032,21.573,1.318,0,0,0.715
2024-01-02 01:00,-5.672,0.041,0.041,21.577,1.319,0,0,0.615
2024-01-02 02:00,-6.051,0.040,0.040,21.593,1.321,0,0,0.635
2024-01-02 03:00,-6.300,0.033,0.033,21.605,1.322,0,0,0.733
2024-01-02 04:00,-6.428,0.044,0.044,21.620,1.323,0,0,0.766
2024-01-02 05:00,-6.464,0.055,0.055,21.643,1.323,0,0,0.718
2024-01-02 06:00,-6.467,0.034,0.034,21.652,1.323,0,0,0.708
2024-01-02 07:00,-6.474,0.043,0.043,21.660,1.323,0.207,1.641,0.774
2024-01-02 08:00,-6.396,0.053,0.053,21.674,1.323,16.323,70.497,0.818
2024-01-02 09:00,-6.181,0.051,0.051,21.676,1.323,41.436,148.547,0.746
2024-01-02 10:00,-6.014,0.042,0.042,21.658,1.322,55.629,184.192,0.741
2024-01-02 11:00,-5.983,0.034,0.034,21.632,1.322,51.045,175.060,0.761
2024-01-02 12:00,-6.135,0.032,0.032,21.602,1.322,34.763,121.742,0.665
2024-01-02 13:00,-6.364,0.042,0.042,21.578,1.323,6.544,31.852,0.741
2024-01-02 14:00,-6.475,0.032,0.032,21.554,1.323,0,0,0.682
2024-01-02 15:00,-6.532,0.029,0.029,21.521,1.323,0,0,0.720
2024-01-02 16:00,-6.583,0.024,0.024,21.480,1.323,0,0,0.718
2024-01-02 17:00,-6.620,0.016,0.016,21.424,1.323,0,0,0.693
2024-01-02 18:00,-6.676,0.012,0.012,21.358,1.323,0,0,0.694
2024-01-02 19:00,-6.780,0.011,0.011,21.292,1.323,0,0,0.660
2024-01-02 20:00,-6.955,0.010,0.010,21.235,1.324,0,0,0.565
2024-01-02 21:00,-7.187,0.009,0.009,21.184,1.324,0,0,0.430
2024-01-02 22:00,-7.344,0.009,0.009,21.132,1.324,0,0,0.393
2024-01-02 23:00,-7.427,0.011,0.011,21.073,1.323,0,0,0.661
2024-01-03 00:00,-7.350,0.015,0.015,20.998,1.322,0,0,0.728
2024-01-03 01:00,-7.318,0.017,0.017,20.912,1.322,0,0,0.757
2024-01-03 02:00,-7.341,0.016,0.016,20.827,1.322,0,0,0.732
2024-01-03 03:00,-7.487,0.016,0.016,20.750,1.322,0,0,0.720
2024-01-03 04:00,-7.640,0.016,0.016,20.686,1.323,0,0,0.695
2024-01-03 05:00,-7.669,0.015,0.015,20.625,1.323,0,0,0.701
2024-01-03 06:00,-7.621,0.018,0.018,20.554,1.323,0,0,0.712
2024-01-03 07:00,-7.630,0.020,0.020,20.475,1.322,0.342,1.970,0.732
2024-01-03 08:00,-7.609,0.023,0.023,20.401,1.323,20.979,72.527,0.790
2024-01-03 09:00,-7.464,0.027,0.027,20.322,1.322,48.577,150.646,0.804
2024-01-03 10:00,-7.397,0.028,0.028,20.238,1.322,63.167,186.317,0.854
2024-01-03 11:00,-7.361,0.021,0.021,20.157,1.322,62.585,177.185,0.658
2024-01-03 12:00,-7.483,0.018,0.018,20.091,1.322,43.671,123.846,0.702
2024-01-03 13:00,-7.639,0.027,0.027,20.049,1.322,8.411,33.409,0.785
2024-01-03 14:00,-7.630,0.022,0.022,20.014,1.321,0,0,0.726
2024-01-03 15:00,-7.547,0.026,0.026,19.974,1.320,0,0,0.716
2024-01-03 16:00,-7.368,0.029,0.029,19.931,1.319,0,0,0.801
2024-01-03 17:00,-7.211,0.035,0.035,19.888,1.317,0,0,0.757
2024-01-03 18:00,-7.061,0.023,0.023,19.838,1.317,0,0,0.791
2024-01-03 19:00,-6.942,0.031,0.031,19.788,1.316,0,0,0.732
2024-01-03 20:00,-6.880,0.031,0.031,19.744,1.316,0,0,0.738
2024-01-03 21:00,-6.882,0.035,0.035,19.710,1.316,0,0,0.747
2024-01-03 22:00,-7.023,0.037,0.037,19.683,1.316,0,0,0.664
2024-01-03 23:00,-7.176,0.035,0.035,19.668,1.317,0,0,0.678
2024-01-04 00:00,-7.250,0.030,0.030,19.654,1.317,0,0,0.754
2024-01-04 01:00,-7.138,0.043,0.043,19.645,1.316,0,0,0.749
2024-01-04 02:00,-7.047,0.050,0.050,19.642,1.316,0,0,0.784
2024-01-04 03:00,-7.004,0.048,0.048,19.647,1.315,0,0,0.754
2024-01-04 04:00,-6.946,0.045,0.045,19.649,1.315,0,0,0.712
2024-01-04 05:00,-6.929,0.047,0.047,19.662,1.315,0,0,0.685
2024-01-04 06:00,-6.881,0.043,0.043,19.673,1.315,0,0,0.697
2024-01-04 07:00,-6.963,0.048,0.048,19.691,1.316,0.329,2.362,0.722
2024-01-04 08:00,-7.035,0.053,0.053,19.716,1.316,16.711,74.746,0.728
2024-01-04 09:00,-7.078,0.059,0.059,19.747,1.317,41.676,152.916,0.684
2024-01-04 10:00,-7.234,0.070,0.070,19.785,1.319,57.320,188.630,0.654
2024-01-04 11:00,-7.469,0.070,0.070,19.827,1.320,50.595,179.498,0.733
2024-01-04 12:00,-7.795,0.069,0.069,19.874,1.322,29.229,126.117,0.780
2024-01-04 13:00,-8.175,0.062,0.062,19.922,1.324,5.990,35.133,0.786
2024-01-04 14:00,-8.519,0.055,0.055,19.966,1.326,0,0,0.778
2024-01-04 15:00,-8.691,0.049,0.049,20.009,1.327,0,0,0.715
2024-01-04 16:00,-8.791,0.046,0.046,20.046,1.327,0,0,0.708
2024-01-04 17:00,-8.978,0.048,0.048,20.083,1.329,0,0,0.728
2024-01-04 18:00,-9.243,0.050,0.050,20.122,1.330,0,0,0.684
2024-01-04 19:00,-9.479,0.050,0.050,20.164,1.330,0,0,0.657
2024-01-04 20:00,-9.584,0.056,0.056,20.210,1.330,0,0,0.790
2024-01-04 21:00,-9.406,0.064,0.064,20.264,1.330,0,0,0.867
2024-01-04 22:00,-9.030,0.075,0.075,20.328,1.328,0,0,0.913
2024-01-04 23:00,-8.765,0.088,0.088,20.402,1.327,0,0,0.924
2024-01-05 00:00,-8.668,0.101,0.101,20.490,1.327,0,0,0.919
2024-01-05 01:00,-8.751,0.100,0.100,20.583,1.327,0,0,0.903
2024-01-05 02:00,-8.842,0.092,0.092,20.673,1.328,0,0,0.912
2024-01-05 03:00,-8.808,0.075,0.075,20.749,1.328,0,0,0.909
2024-01-05 04:00,-8.765,0.058,0.058,20.808,1.327,0,0,0.886
2024-01-05 05:00,-8.806,0.038,0.038,20.849,1.327,0,0,0.814
2024-01-05 06:00,-9.035,0.022,0.022,20.873,1.327,0,0,0.530
2024-01-05 07:00,-9.201,0.020,0.020,20.893,1.328,0.409,2.825,0.504
2024-01-05 08:00,-9.240,0.016,0.016,20.906,1.329,20.838,77.139,0.515
2024-01-05 09:00,-8.978,0.012,0.012,20.909,1.329,55.993,155.359,0.454
2024-01-05 10:00,-8.669,0.011,0.011,20.902,1.328,76.888,191.128,0.480
2024-01-05 11:00,-8.465,0.007,0.007,20.887,1.328,74.834,181.998,0.485
2024-01-05 12:00,-8.429,0.004,0.004,20.870,1.327,50.388,128.574,0.526
2024-01-05 13:00,-8.664,0.004,0.004,20.859,1.328,11.938,37.036,0.523
2024-01-05 14:00,-8.867,0.001,0.001,20.854,1.329,0,0,0.369
2024-01-05 15:00,-9.340,0.001,0.001,20.852,1.330,0,0,0.143
2024-01-05 16:00,-10.229,0.001,0.001,20.862,1.333,0,0,0.125
2024-01-05 17:00,-10.893,0.003,0.003,20.875,1.336,0,0,0.286
2024-01-05 18:00,-11.351,0.004,0.004,20.888,1.341,0,0,0.387
2024-01-05 19:00,-11.759,0.004,0.004,20.899,1.343,0,0,0.360
2024-01-05 20:00,-12.128,0.005,0.005,20.909,1.346,0,0,0.474
2024-01-05 21:00,-12.244,0.005,0.005,20.919,1.350,0,0,0.459
2024-01-05 22:00,-12.454,0.006,0.006,20.929,1.353,0,0,0.510
2024-01-05 23:00,-12.832,0.006,0.006,20.939,1.356,0,0,0.557
2024-01-06 00:00,-13.139,0.006,0.006,20.947,1.359,0,0,0.592
2024-01-06 01:00,-13.379,0.006,0.006,20.955,1.362,0,0,0.590
2024-01-06 02:00,-13.679,0.004,0.004,20.962,1.364,0,0,0.581
2024-01-06 03:00,-13.632,0.002,0.002,20.966,1.364,0,0,0.366
2024-01-06 04:00,-13.725,0.001,0.001,20.969,1.364,0,0,0.162
2024-01-06 05:00,-14.297,0.001,0.001,20.974,1.366,0,0,0.137
2024-01-06 06:00,-14.964,0.001,0.001,20.978,1.369,0,0,0.166
2024-01-06 07:00,-15.381,0.001,0.001,20.982,1.372,0.911,3.377,0.189
2024-01-06 08:00,-15.245,0.001,0.001,20.983,1.373,34.618,79.702,0.233
2024-01-06 09:00,-14.261,0,0,20.979,1.371,81.145,157.984,0.264
2024-01-06 10:00,-13.265,0,0,20.970,1.367,104.673,193.812,0.245
2024-01-06 11:00,-12.530,0.001,0.001,20.962,1.364,96.840,184.660,0.254
2024-01-06 12:00,-12.135,0.001,0.001,20.958,1.361,61.209,131.221,0.213
2024-01-06 13:00,-12.254,0,0,20.960,1.361,14.766,39.136,0.202
2024-01-06 14:00,-12.888,0,0,20.966,1.364,0,0,0.346
2024-01-06 15:00,-13.340,0.002,0.002,20.972,1.366,0,0,0.424
2024-01-06 16:00,-14.552,0.004,0.004,20.979,1.369,0,0,0.640
2024-01-06 17:00,-14.346,0.007,0.007,20.988,1.369,0,0,0.762
2024-01-06 18:00,-13.609,0.009,0.009,20.998,1.367,0,0,0.808
2024-01-06 19:00,-13.082,0.013,0.013,21.011,1.365,0,0,0.835
2024-01-06 20:00,-12.544,0.013,0.013,21.026,1.362,0,0,0.855
2024-01-06 21:00,-12.063,0.008,0.008,21.036,1.360,0,0,0.809
2024-01-06 22:00,-11.706,0.005,0.005,21.044,1.357,0,0,0.731
2024-01-06 23:00,-11.385,0.004,0.004,21.049,1.355,0,0,0.662
2024-01-07 00:00,-10.995,0.005,0.005,21.056,1.353,0,0,0.619
2024-01-07 01:00,-10.522,0.005,0.005,21.064,1.351,0,0,0.603
2024-01-07 02:00,-10.005,0.006,0.006,21.071,1.350,0,0,0.643
2024-01-07 03:00,-9.912,0.007,0.007,21.079,1.350,0,0,0.631
2024-01-07 04:00,-10.058,0.006,0.006,21.086,1.351,0,0,0.640
2024-01-07 05:00,-10.205,0.004,0.004,21.094,1.352,0,0,0.575
2024-01-07 06:00,-10.401,0.002,0.002,21.098,1.354,0,0,0.394
2024-01-07 07:00,-10.752,0.002,0.002,21.102,1.356,0.947,4.022,0.327
2024-01-07 08:00,-10.794,0.003,0.003,21.105,1.359,31.252,82.423,0.428
2024-01-07 09:00,-10.251,0.003,0.003,21.109,1.360,69.893,160.795,0.460
2024-01-07 10:00,-9.530,0.003,0.003,21.110,1.361,90.936,196.628,0.440
2024-01-07 11:00,-8.883,0.003,0.003,21.109,1.360,86.005,187.498,0.442
2024-01-07 12:00,-8.935,0.002,0.002,21.108,1.360,56.291,134.032,0.435
2024-01-07 13:00,-9.813,0.004,0.004,21.113,1.363,13.588,41.436,0.499
2024-01-07 14:00,-11.224,0.010,0.010,21.121,1.367,0,0,0.584
2024-01-07 15:00,-12.153,0.013,0.013,21.135,1.373,0,0,0.561
2024-01-07 16:00,-12.686,0.012,0.012,21.150,1.379,0,0,0.553
2024-01-07 17:00,-13.218,0.011,0.011,21.163,1.383,0,0,0.550
2024-01-07 18:00,-13.540,0.009,0.009,21.176,1.386,0,0,0.554
2024-01-07 19:00,-13.404,0.006,0.006,21.187,1.387,0,0,0.572
2024-01-07 20:00,-13.113,0.004,0.004,21.195,1.385,0,0,0.642
2024-01-07 21:00,-12.695,0.004,0.004,21.202,1.383,0,0,0.512
2024-01-07 22:00,-12.548,0.003,0.003,21.210,1.382,0,0,0.423
2024-01-07 23:00,-12.286,0.003,0.003,21.218,1.380,0,0,0.284
2024-01-08 00:00,-12.232,0.002,0.002,21.226,1.380,0,0,0.250
2024-01-08 01:00,-12.398,0.002,0.002,21.235,1.381,0,0,0.320
2024-01-08 02:00,-12.331,0.002,0.002,21.242,1.380,0,0,0.493
2024-01-08 03:00,-12.747,0.002,0.002,21.248,1.382,0,0,0.633
2024-01-08 04:00,-13.270,0.002,0.002,21.252,1.385,0,0,0.774
2024-01-08 05:00,-13.685,0.002,0.002,21.254,1.388,0,0,0.721
2024-01-08 06:00,-14.155,0.002,0.002,21.251,1.390,0,0,0.733
2024-01-08 07:00,-14.666,0.001,0.001,21.248,1.392,1.135,4.769,0.771
2024-01-08 08:00,-14.658,0.001,0.001,21.241,1.392,29.259,85.347,0.816
2024-01-08 09:00,-13.986,0,0,21.227,1.389,65.198,163.771,0.879
2024-01-08 10:00,-12.975,0,0,21.208,1.383,84.030,199.667,0.899
2024-01-08 11:00,-11.938,0,0,21.190,1.377,78.882,190.535,0.867
2024-01-08 12:00,-11.211,0,0,21.177,1.372,58.049,136.992,0.675
2024-01-08 13:00,-10.924,0,0,21.173,1.370,15.367,43.939,0.615
2024-01-08 14:00,-10.952,0,0,21.177,1.370,0,0,0.638
2024-01-08 15:00,-10.478,0.001,0.001,21.183,1.367,0,0,0.593
2024-01-08 16:00,-9.723,0.001,0.001,21.190,1.362,0,0,0.758
2024-01-08 17:00,-9.202,0,0,21.194,1.359,0,0,0.858
2024-01-08 18:00,-8.699,0,0,21.197,1.356,0,0,0.856
2024-01-08 19:00,-8.401,0,0,21.200,1.354,0,0,0.854
2024-01-08 20:00,-8.039,0,0,21.203,1.353,0,0,0.902
2024-01-08 21:00,-7.316,0,0,21.203,1.349,0,0,0.954
2024-01-08 22:00,-6.895,0.001,0.001,21.202,1.347,0,0,0.988
2024-01-08 23:00,-6.476,0.001,0.001,21.199,1.344,0,0,0.992
2024-01-09 00:00,-6.148,0.002,0.002,21.195,1.342,0,0,0.992
2024-01-09 01:00,-5.858,0.003,0.003,21.191,1.340,0,0,0.996
2024-01-09 02:00,-5.593,0.003,0.003,21.186,1.338,0,0,0.981
2024-01-09 03:00,-5.594,0.001,0.001,21.180,1.338,0,0,0.816
2024-01-09 04:00,-6.028,0.001,0.001,21.180,1.339,0,0,0.664
2024-01-09 05:00,-6.250,0.001,0.001,21.183,1.340,0,0,0.513
2024-01-09 06:00,-6.506,0.001,0.001,21.189,1.341,0,0,0.409
2024-01-09 07:00,-6.482,0.001,0.001,21.195,1.341,1.315,5.629,0.365
2024-01-09 08:00,-5.872,0.001,0.001,21.196,1.337,33.578,88.421,0.250
2024-01-09 09:00,-4.912,0,0,21.184,1.332,82.287,166.957,0.110
2024-01-09 10:00,-4.227,0,0,21.162,1.328,110.245,202.855,0.089
2024-01-09 11:00,-3.649,0,0,21.136,1.325,104.837,193.723,0.105
2024-01-09 12:00,-3.312,0,0,21.115,1.323,68.326,140.157,0.130
2024-01-09 13:00,-3.304,0,0,21.106,1.322,17.534,46.661,0.172
2024-01-09 14:00,-3.406,0,0,21.106,1.322,0,0.001,0.215
2024-01-09 15:00,-3.403,0,0,21.107,1.322,0,0,0.263
2024-01-09 16:00,-3.336,0.001,0.001,21.109,1.322,0,0,0.389
2024-01-09 17:00,-3.184,0.001,0.001,21.109,1.321,0,0,0.486
2024-01-09 18:00,-2.949,0.001,0.001,21.108,1.319,0,0,0.595
2024-01-09 19:00,-2.574,0,0,21.105,1.317,0,0,0.750
2024-01-09 20:00,-2.293,0.001,0.001,21.102,1.315,0,0,0.767
2024-01-09 21:00,-2.198,0.001,0.001,21.100,1.315,0,0,0.727
2024-01-09 22:00,-2.047,0.001,0.001,21.100,1.314,0,0,0.581
2024-01-09 23:00,-1.899,0.002,0.002,21.101,1.313,0,0,0.398
2024-01-10 00:00,-1.689,0.002,0.002,21.103,1.312,0,0,0.330
2024-01-10 01:00,-1.486,0.002,0.002,21.105,1.311,0,0,0.369
2024-01-10 02:00,-1.346,0.003,0.003,21.107,1.310,0,0,0.471
2024-01-10 03:00,-1.227,0.004,0.004,21.110,1.310,0,0,0.567
2024-01-10 04:00,-1.185,0.005,0.005,21.112,1.310,0,0,0.636
2024-01-10 05:00,-1.280,0.008,0.008,21.116,1.310,0,0,0.701
2024-01-10 06:00,-1.444,0.009,0.009,21.121,1.312,0,0,0.743
2024-01-10 07:00,-1.638,0.010,0.010,21.125,1.313,1.377,6.615,0.812
2024-01-10 08:00,-1.699,0.008,0.008,21.124,1.313,27.106,91.670,0.845
2024-01-10 09:00,-1.068,0.002,0.002,21.099,1.310,63.247,170.271,0.786
2024-01-10 10:00,-0.597,0.001,0.001,21.055,1.307,96.157,206.230,0.849
2024-01-10 11:00,-0.418,0.002,0.002,21.003,1.306,87.638,197.098,0.964
2024-01-10 12:00,-0.452,0.003,0.003,20.959,1.305,56.768,143.492,0.973
2024-01-10 13:00,-0.797,0.004,0.004,20.933,1.306,15.172,49.607,0.975
2024-01-10 14:00,-1.250,0.004,0.004,20.921,1.307,0.001,0.003,0.973
2024-01-10 15:00,-1.520,0.002,0.002,20.910,1.307,0,0,0.973
2024-01-10 16:00,-1.687,0.001,0.001,20.901,1.307,0,0,0.978
2024-01-10 17:00,-1.759,0,0,20.892,1.307,0,0,0.985
2024-01-10 18:00,-1.715,0,0,20.880,1.306,0,0,0.989
2024-01-10 19:00,-1.663,0,0,20.865,1.305,0,0,0.909
2024-01-10 20:00,-1.676,0,0,20.855,1.303,0,0,0.863
2024-01-10 21:00,-1.607,0,0,20.850,1.302,0,0,0.616
2024-01-10 22:00,-1.368,0,0,20.847,1.300,0,0,0.407
2024-01-10 23:00,-0.984,0,0,20.834,1.297,0,0,0.857
2024-01-11 00:00,-0.501,0,0,20.645,1.293,0,0,0.938
2024-01-11 01:00,-0.008,0.001,0,19.698,1.289,0,0,0.957
2024-01-11 02:00,0.288,0.003,0,18.784,1.288,0,0,0.611
2024-01-11 03:00,0.269,0.006,0,18.067,1.289,0,0,0.488
2024-01-11 04:00,0.183,0.003,0,17.531,1.290,0,0,0.333
2024-01-11 05:00,0.056,0.003,0,17.274,1.292,0,0,0.395
2024-01-11 06:00,-0.182,0.002,0.001,17.219,1.295,0,0,0.431
2024-01-11 07:00,-0.406,0.004,0.003,17.205,1.298,1.642,7.737,0.471
2024-01-11 08:00,-0.555,0.006,0.005,17.200,1.301,30.121,95.096,0.530
2024-01-11 09:00,-0.407,0.005,0.005,17.191,1.303,62.696,173.771,0.541
2024-01-11 10:00,-0.219,0.005,0.005,17.167,1.303,78.744,209.753,0.505
2024-01-11 11:00,-0.210,0.006,0.005,17.142,1.304,78.170,200.601,0.508
2024-01-11 12:00,-0.390,0.011,0.011,17.136,1.307,47.238,146.970,0.611
2024-01-11 13:00,-0.756,0.015,0.015,17.141,1.309,11.742,52.787,0.652
2024-01-11 14:00,-1.316,0.019,0.019,17.157,1.312,0.001,0.008,0.695
2024-01-11 15:00,-1.746,0.017,0.017,17.176,1.314,0,0,0.764
2024-01-11 16:00,-2.151,0.013,0.013,17.192,1.315,0,0,0.789
2024-01-11 17:00,-2.637,0.013,0.013,17.205,1.316,0,0,0.757
2024-01-11 18:00,-3.071,0.016,0.016,17.221,1.317,0,0,0.758
2024-01-11 19:00,-3.462,0.031,0.031,17.245,1.318,0,0,0.801
2024-01-11 20:00,-3.342,0.055,0.055,17.292,1.319,0,0,0.819
2024-01-11 21:00,-2.940,0.064,0.064,17.355,1.317,0,0,0.797
2024-01-11 22:00,-2.841,0.071,0.071,17.427,1.315,0,0,0.785
2024-01-11 23:00,-2.794,0.055,0.054,17.492,1.313,0,0,0.808
2024-01-12 00:00,-2.685,0.025,0.025,17.529,1.311,0,0,0.819
2024-01-12 01:00,-2.664,0.013,0.011,17.543,1.309,0,0,0.744
2024-01-12 02:00,-2.782,0.011,0.011,17.554,1.308,0,0,0.793
2024-01-12 03:00,-2.586,0.005,0.005,17.560,1.305,0,0,0.729
2024-01-12 04:00,-2.102,0.002,0.002,17.558,1.300,0,0,0.469
2024-01-12 05:00,-1.510,0.002,0.001,17.543,1.295,0,0,0.470
2024-01-12 06:00,-1.126,0.004,0.003,17.513,1.292,0,0,0.672
2024-01-12 07:00,-1.099,0.004,0.001,17.483,1.291,1.950,9.004,0.725
2024-01-12 08:00,-1.030,0.002,0.001,17.441,1.290,32.735,98.660,0.720
2024-01-12 09:00,-0.601,0.001,0.001,17.371,1.288,75.005,177.457,0.609
2024-01-12 10:00,-0.225,0.002,0.001,17.213,1.286,99.634,213.478,0.409
2024-01-12 11:00,0.083,0.003,0.002,17.001,1.285,89.419,204.348,0.353
2024-01-12 12:00,0.305,0.003,0.002,16.803,1.283,56.529,150.657,0.552
2024-01-12 13:00,0.341,0.005,0.001,16.633,1.283,13.764,56.194,0.972
2024-01-12 14:00,0.298,0.015,0.001,16.504,1.284,0.002,0.028,0.994
2024-01-12 15:00,0.267,0.022,0.007,16.417,1.286,0,0,0.995
2024-01-12 16:00,0.029,0.017,0.014,16.364,1.288,0,0,0.997
2024-01-12 17:00,-0.435,0.015,0.015,16.350,1.292,0,0,0.998
2024-01-12 18:00,-0.962,0.014,0.014,16.339,1.295,0,0,0.998
2024-01-12 19:00,-1.542,0.010,0.010,16.336,1.298,0,0,0.996
2024-01-12 20:00,-2.147,0.007,0.007,16.339,1.300,0,0,0.992
2024-01-12 21:00,-2.683,0.007,0.007,16.345,1.300,0,0,0.990
2024-01-12 22:00,-2.731,0.010,0.010,16.352,1.300,0,0,0.989
2024-01-12 23:00,-2.583,0.036,0.036,16.368,1.300,0,0,0.988
2024-01-13 00:00,-2.484,0.092,0.092,16.427,1.300,0,0,0.991
2024-01-13 01:00,-2.420,0.096,0.096,16.515,1.298,0,0,0.993
2024-01-13 02:00,-2.320,0.092,0.092,16.592,1.295,0,0,0.995
2024-01-13 03:00,-2.132,0.140,0.140,16.693,1.292,0,0,0.997
2024-01-13 04:00,-1.891,0.189,0.189,16.845,1.289,0,0,0.997
2024-01-13 05:00,-1.613,0.227,0.227,17.038,1.286,0,0,0.997
2024-01-13 06:00,-1.351,0.275,0.275,17.271,1.283,0,0,0.997
2024-01-13 07:00,-1.131,0.293,0.293,17.543,1.280,0.291,10.430,0.997
2024-01-13 08:00,-0.903,0.234,0.222,17.783,1.277,5.864,102.409,0.997
2024-01-13 09:00,-0.651,0.180,0.167,17.949,1.274,14.444,181.270,0.997
2024-01-13 10:00,-0.426,0.165,0.153,18.087,1.271,18.858,217.353,0.998
2024-01-13 11:00,-0.294,0.153,0.135,18.210,1.268,17.465,208.223,0.998
2024-01-13 12:00,-0.283,0.125,0.099,18.310,1.266,12.628,154.470,0.997
2024-01-13 13:00,-0.489,0.086,0.056,18.376,1.264,4.722,59.832,0.997
2024-01-13 14:00,-0.991,0.047,0.023,18.410,1.263,0.004,0.078,0.997
2024-01-13 15:00,-1.198,0.023,0.010,18.425,1.263,0,0,0.992
2024-01-13 16:00,-1.819,0.011,0.006,18.434,1.264,0,0,0.966
2024-01-13 17:00,-2.777,0.007,0.004,18.442,1.266,0,0,0.888
2024-01-13 18:00,-3.380,0.007,0.006,18.453,1.269,0,0,0.802
2024-01-13 19:00,-4.095,0.008,0.007,18.465,1.274,0,0,0.825
2024-01-13 20:00,-4.764,0.009,0.008,18.478,1.278,0,0,0.880
2024-01-13 21:00,-5.239,0.013,0.013,18.492,1.280,0,0,0.949
2024-01-13 22:00,-5.520,0.033,0.033,18.516,1.282,0,0,0.968
2024-01-13 23:00,-5.705,0.116,0.115,18.589,1.283,0,0,0.971
2024-01-14 00:00,-5.715,0.220,0.220,18.770,1.283,0,0,0.935
2024-01-14 01:00,-5.497,0.214,0.214,18.997,1.284,0,0,0.853
2024-01-14 02:00,-5.348,0.143,0.143,19.172,1.283,0,0,0.752
2024-01-14 03:00,-5.081,0.067,0.067,19.274,1.281,0,0,0.640
2024-01-14 04:00,-4.407,0.032,0.032,19.318,1.277,0,0,0.493
2024-01-14 05:00,-3.812,0.016,0.016,19.340,1.273,0,0,0.457
2024-01-14 06:00,-3.731,0.009,0.009,19.351,1.273,0,0,0.465
2024-01-14 07:00,-3.936,0.008,0.008,19.358,1.274,2.382,12.025,0.499
2024-01-14 08:00,-4.222,0.006,0.006,19.360,1.276,34.822,106.315,0.610
2024-01-14 09:00,-4.241,0.006,0.006,19.352,1.277,74.075,185.270,0.892
2024-01-14 10:00,-4.109,0.009,0.008,19.337,1.277,83.404,221.415,0.977
2024-01-14 11:00,-4.100,0.010,0.010,19.325,1.277,66.527,212.226,0.994
2024-01-14 12:00,-4.268,0.009,0.009,19.319,1.276,42.378,158.470,0.997
2024-01-14 13:00,-4.736,0.008,0.008,19.321,1.276,14.331,63.690,0.997
2024-01-14 14:00,-5.452,0.007,0.007,19.329,1.276,0.030,0.177,0.994
2024-01-14 15:00,-6.019,0.006,0.006,19.338,1.276,0,0,0.981
2024-01-14 16:00,-6.275,0.009,0.009,19.349,1.275,0,0,0.977
2024-01-14 17:00,-6.401,0.016,0.016,19.366,1.275,0,0,0.988
2024-01-14 18:00,-6.053,0.031,0.031,19.394,1.274,0,0,0.994
2024-01-14 19:00,-5.331,0.058,0.058,19.445,1.272,0,0,0.997
2024-01-14 20:00,-4.569,0.118,0.118,19.537,1.271,0,0,0.997
2024-01-14 21:00,-4.239,0.232,0.232,19.715,1.270,0,0,0.997
2024-01-14 22:00,-4.081,0.395,0.395,20.037,1.270,0,0,0.998
2024-01-14 23:00,-4.070,0.489,0.489,20.489,1.270,0,0,0.998
2024-01-15 00:00,-4.149,0.484,0.484,20.973,1.270,0,0,0.998
2024-01-15 01:00,-4.271,0.457,0.457,21.418,1.270,0,0,0.998
2024-01-15 02:00,-4.516,0.461,0.461,21.832,1.271,0,0,0.998
2024-01-15 03:00,-4.794,0.404,0.404,22.214,1.273,0,0,0.998
2024-01-15 04:00,-5.022,0.314,0.314,22.518,1.274,0,0,0.998
2024-01-15 05:00,-5.193,0.214,0.214,22.724,1.275,0,0,0.998
2024-01-15 06:00,-5.361,0.140,0.140,22.840,1.277,0,0,0.998
2024-01-15 07:00,-5.546,0.085,0.085,22.888,1.278,1.199,13.808,0.998
2024-01-15 08:00,-5.753,0.049,0.049,22.883,1.279,18.732,110.396,0.998
2024-01-15 09:00,-5.919,0.029,0.029,22.847,1.281,44.501,189.435,0.998
2024-01-15 10:00,-6.019,0.022,0.022,22.799,1.282,60.831,225.603,0.998
2024-01-15 11:00,-6.066,0.017,0.017,22.742,1.283,59.475,216.451,0.997
2024-01-15 12:00,-6.152,0.014,0.014,22.681,1.283,44.386,162.595,0.996
2024-01-15 13:00,-6.372,0.012,0.012,22.614,1.285,15.913,67.743,0.993
2024-01-15 14:00,-6.677,0.011,0.011,22.551,1.287,0.056,0.369,0.988
2024-01-15 15:00,-6.905,0.009,0.009,22.490,1.289,0,0,0.976
2024-01-15 16:00,-7.155,0.009,0.009,22.435,1.291,0,0,0.965
2024-01-15 17:00,-7.421,0.008,0.008,22.393,1.293,0,0,0.951
2024-01-15 18:00,-7.663,0.011,0.011,22.365,1.295,0,0,0.940
2024-01-15 19:00,-7.833,0.014,0.014,22.353,1.297,0,0,0.906
2024-01-15 20:00,-7.998,0.017,0.017,22.346,1.299,0,0,0.841
2024-01-15 21:00,-8.481,0.019,0.019,22.348,1.303,0,0,0.769
2024-01-15 22:00,-9.314,0.015,0.015,22.363,1.308,0,0,0.736
2024-01-15 23:00,-10.137,0.014,0.014,22.379,1.313,0,0,0.721
2024-01-16 00:00,-11.044,0.020,0.020,22.397,1.319,0,0,0.713
2024-01-16 01:00,-12.070,0.023,0.023,22.419,1.326,0,0,0.732
2024-01-16 02:00,-12.835,0.018,0.018,22.438,1.331,0,0,0.782
2024-01-16 03:00,-13.385,0.014,0.014,22.452,1.334,0,0,0.780
2024-01-16 04:00,-13.743,0.008,0.008,22.461,1.337,0,0,0.729
2024-01-16 05:00,-14.003,0.005,0.005,22.465,1.339,0,0,0.587
2024-01-16 06:00,-14.379,0.003,0.003,22.467,1.342,0,0,0.453
2024-01-16 07:00,-15.058,0.001,0.001,22.468,1.344,4.574,15.785,0.232
2024-01-16 08:00,-15.399,0.001,0.001,22.465,1.347,52.723,114.605,0.168
2024-01-16 09:00,-15.307,0,0,22.456,1.349,107.162,193.748,0.141
2024-01-16 10:00,-14.863,0,0,22.439,1.347,138.589,229.958,0.082
2024-01-16 11:00,-14.461,0,0,22.420,1.345,135.734,220.789,0.051
2024-01-16 12:00,-14.492,0,0,22.406,1.345,96.005,166.907,0.105
2024-01-16 13:00,-15.047,0,0,22.402,1.346,32.904,71.930,0.165
2024-01-16 14:00,-16.759,0.001,0.001,22.405,1.348,0.169,0.689,0.296
2024-01-16 15:00,-17.927,0.001,0.001,22.411,1.349,0,0,0.350
2024-01-16 16:00,-18.189,0.001,0.001,22.416,1.349,0,0,0.344
2024-01-16 17:00,-18.318,0.001,0.001,22.423,1.348,0,0,0.431
2024-01-16 18:00,-18.019,0.001,0.001,22.429,1.346,0,0,0.660
2024-01-16 19:00,-17.254,0.002,0.002,22.436,1.344,0,0,0.934
2024-01-16 20:00,-15.648,0.006,0.006,22.445,1.342,0,0,0.996
2024-01-16 21:00,-13.811,0.002,0.002,22.446,1.337,0,0,0.989
2024-01-16 22:00,-13.331,0.002,0.002,22.446,1.332,0,0,0.975
2024-01-16 23:00,-12.841,0.004,0.004,22.451,1.328,0,0,0.982
2024-01-17 00:00,-11.678,0.003,0.003,22.453,1.321,0,0,0.985
2024-01-17 01:00,-9.993,0.003,0.003,22.445,1.310,0,0,0.987
2024-01-17 02:00,-7.793,0.039,0.039,22.421,1.297,0,0,0.994
2024-01-17 03:00,-5.935,0.247,0.247,22.503,1.287,0,0,0.996
2024-01-17 04:00,-4.693,0.543,0.543,22.874,1.281,0,0,0.996
2024-01-17 05:00,-3.731,0.503,0.503,23.391,1.276,0,0,0.994
2024-01-17 06:00,-2.977,0.207,0.207,23.699,1.272,0,0,0.991
2024-01-17 07:00,-2.169,0.055,0.055,23.746,1.267,1.783,17.961,0.993
2024-01-17 08:00,-1.618,0.035,0.035,23.722,1.264,20.311,118.979,0.989
2024-01-17 09:00,-1.076,0.054,0.050,23.687,1.260,34.405,198.187,0.990
2024-01-17 10:00,-0.679,0.190,0.184,23.699,1.258,37.010,234.478,0.994
2024-01-17 11:00,-0.657,0.485,0.485,23.934,1.257,26.079,225.326,0.995
2024-01-17 12:00,-0.942,0.635,0.635,24.408,1.257,15.622,171.348,0.986
2024-01-17 13:00,-1.206,0.667,0.667,24.934,1.257,5.161,76.295,0.978
2024-01-17 14:00,-1.288,0.622,0.622,25.497,1.256,0.018,1.154,0.962
2024-01-17 15:00,-1.260,0.272,0.272,25.828,1.255,0,0,0.921
2024-01-17 16:00,-1.232,0.099,0.099,25.910,1.254,0,0,0.894
2024-01-17 17:00,-1.242,0.044,0.044,25.914,1.254,0,0,0.844
2024-01-17 18:00,-1.292,0.026,0.025,25.894,1.253,0,0,0.733
2024-01-17 19:00,-1.359,0.019,0.017,25.871,1.253,0,0,0.663
2024-01-17 20:00,-1.433,0.019,0.016,25.845,1.254,0,0,0.637
2024-01-17 21:00,-1.591,0.021,0.016,25.821,1.254,0,0,0.627
2024-01-17 22:00,-1.834,0.022,0.021,25.806,1.255,0,0,0.620
2024-01-17 23:00,-2.137,0.027,0.027,25.804,1.256,0,0,0.600
2024-01-18 00:00,-2.461,0.040,0.040,25.818,1.257,0,0,0.629
2024-01-18 01:00,-2.810,0.044,0.044,25.840,1.258,0,0,0.684
2024-01-18 02:00,-3.184,0.031,0.031,25.851,1.260,0,0,0.702
2024-01-18 03:00,-3.599,0.028,0.028,25.858,1.262,0,0,0.601
2024-01-18 04:00,-4.181,0.031,0.031,25.868,1.264,0,0,0.459
2024-01-18 05:00,-4.943,0.016,0.016,25.881,1.268,0,0,0.419
2024-01-18 06:00,-5.781,0.010,0.010,25.886,1.273,0,0,0.450
2024-01-18 07:00,-6.562,0.009,0.009,25.887,1.277,4.404,20.353,0.510
2024-01-18 08:00,-7.153,0.008,0.008,25.878,1.281,41.372,123.500,0.442
2024-01-18 09:00,-7.534,0.007,0.007,25.854,1.284,84.344,202.812,0.455
2024-01-18 10:00,-7.866,0.007,0.007,25.813,1.287,99.398,239.145,0.559
2024-01-18 11:00,-8.159,0.009,0.009,25.766,1.289,90.035,229.976,0.584
2024-01-18 12:00,-8.395,0.011,0.011,25.728,1.290,60.160,175.973,0.630
2024-01-18 13:00,-8.618,0.011,0.011,25.701,1.292,20.901,80.797,0.650
2024-01-18 14:00,-8.813,0.013,0.013,25.683,1.293,0.254,1.782,0.633
2024-01-18 15:00,-8.913,0.012,0.012,25.665,1.294,0,0,0.573
2024-01-18 16:00,-9.021,0.012,0.012,25.646,1.295,0,0,0.520
2024-01-18 17:00,-9.107,0.014,0.014,25.631,1.297,0,0,0.516
2024-01-18 18:00,-9.119,0.010,0.010,25.618,1.298,0,0,0.561
2024-01-18 19:00,-9.149,0.005,0.005,25.603,1.300,0,0,0.512
2024-01-18 20:00,-9.432,0.001,0.001,25.589,1.302,0,0,0.392
2024-01-18 21:00,-10.177,0,0,25.581,1.307,0,0,0.221
2024-01-18 22:00,-11.456,0,0,25.582,1.314,0,0,0.217
2024-01-18 23:00,-12.898,0.001,0.001,25.587,1.321,0,0,0.337
2024-01-19 00:00,-13.894,0.001,0.001,25.590,1.326,0,0,0.412
2024-01-19 01:00,-14.616,0.001,0.001,25.591,1.330,0,0,0.439
2024-01-19 02:00,-15.159,0.002,0.002,25.594,1.333,0,0,0.581
2024-01-19 03:00,-15.188,0.002,0.002,25.594,1.334,0,0,0.490
2024-01-19 04:00,-15.657,0.002,0.002,25.596,1.337,0,0,0.548
2024-01-19 05:00,-15.997,0.001,0.001,25.598,1.340,0,0,0.594
2024-01-19 06:00,-16.238,0.001,0.001,25.599,1.343,0,0,0.560
2024-01-19 07:00,-16.468,0.001,0.001,25.600,1.347,6.997,22.984,0.555
2024-01-19 08:00,-16.276,0.001,0.001,25.597,1.349,53.331,128.185,0.452
2024-01-19 09:00,-15.768,0.001,0.001,25.585,1.348,110.782,207.623,0.271
2024-01-19 10:00,-15.195,0,0,25.567,1.346,140.606,243.958,0.232
2024-01-19 11:00,-14.607,0,0,25.546,1.344,134.031,234.789,0.198
2024-01-19 12:00,-14.377,0,0,25.529,1.343,99.333,180.723,0.096
2024-01-19 13:00,-15.137,0,0,25.524,1.344,39.312,85.453,0.081
2024-01-19 14:00,-16.679,0,0,25.526,1.345,0.662,2.581,0.118
2024-01-19 15:00,-17.100,0,0,25.528,1.347,0,0,0.228
2024-01-19 16:00,-16.802,0,0,25.529,1.348,0,0,0.307
2024-01-19 17:00,-16.319,0.001,0.001,25.530,1.349,0,0,0.348
2024-01-19 18:00,-16.026,0.001,0.001,25.531,1.348,0,0,0.426
2024-01-19 19:00,-15.716,0.002,0.002,25.533,1.345,0,0,0.601
2024-01-19 20:00,-14.907,0.003,0.003,25.536,1.340,0,0,0.760
2024-01-19 21:00,-13.642,0.004,0.004,25.541,1.334,0,0,0.708
2024-01-19 22:00,-12.185,0.003,0.003,25.546,1.328,0,0,0.624
2024-01-19 23:00,-11.019,0.004,0.004,25.550,1.323,0,0,0.625
2024-01-20 00:00,-10.381,0.008,0.008,25.557,1.321,0,0,0.657
2024-01-20 01:00,-10.566,0.019,0.019,25.571,1.321,0,0,0.693
2024-01-20 02:00,-11.211,0.027,0.027,25.597,1.323,0,0,0.692
2024-01-20 03:00,-11.300,0.019,0.019,25.622,1.325,0,0,0.669
2024-01-20 04:00,-11.199,0.017,0.017,25.641,1.326,0,0,0.709
2024-01-20 05:00,-11.167,0.013,0.013,25.657,1.328,0,0,0.695
2024-01-20 06:00,-10.577,0.010,0.010,25.671,1.331,0,0,0.690
2024-01-20 07:00,-10.152,0.007,0.007,25.676,1.334,6.134,25.847,0.610
2024-01-20 08:00,-9.752,0.007,0.007,25.677,1.335,48.269,132.999,0.582
2024-01-20 09:00,-8.932,0.009,0.009,25.670,1.332,90.195,212.535,0.581
2024-01-20 10:00,-8.171,0.010,0.010,25.652,1.330,108.781,248.938,0.582
2024-01-20 11:00,-7.814,0.007,0.007,25.633,1.330,103.631,239.767,0.556
2024-01-20 12:00,-7.808,0.005,0.005,25.619,1.332,76.605,185.641,0.519
2024-01-20 13:00,-8.365,0.004,0.004,25.617,1.335,31.460,90.255,0.493
2024-01-20 14:00,-9.604,0.005,0.005,25.626,1.342,0.717,3.562,0.569
2024-01-20 15:00,-11.082,0.008,0.008,25.639,1.351,0,0,0.653
2024-01-20 16:00,-12.338,0.010,0.010,25.651,1.359,0,0,0.667
2024-01-20 17:00,-13.237,0.011,0.011,25.664,1.365,0,0,0.680
2024-01-20 18:00,-13.824,0.013,0.013,25.678,1.368,0,0,0.675
2024-01-20 19:00,-14.125,0.013,0.013,25.693,1.370,0,0,0.650
2024-01-20 20:00,-14.129,0.011,0.011,25.707,1.370,0,0,0.727
2024-01-20 21:00,-13.959,0.008,0.008,25.719,1.368,0,0,0.786
2024-01-20 22:00,-13.305,0.007,0.007,25.728,1.363,0,0,0.909
2024-01-20 23:00,-11.882,0.006,0.006,25.735,1.355,0,0,0.926
2024-01-21 00:00,-10.081,0.003,0.003,25.740,1.345,0,0,0.883
2024-01-21 01:00,-8.266,0.009,0.009,25.740,1.335,0,0,0.927
2024-01-21 02:00,-6.421,0.058,0.058,25.760,1.324,0,0,0.958
2024-01-21 03:00,-4.731,0.123,0.123,25.832,1.314,0,0,0.984
2024-01-21 04:00,-3.531,0.122,0.122,25.932,1.307,0,0,0.989
2024-01-21 05:00,-2.575,0.069,0.069,25.992,1.302,0,0,0.972
2024-01-21 06:00,-1.801,0.056,0.048,26.008,1.297,0,0,0.991
2024-01-21 07:00,-1.164,0.059,0.053,25.973,1.293,2.903,28.964,0.988
2024-01-21 08:00,-0.584,0.056,0.053,25.900,1.290,25.376,137.994,0.981
2024-01-21 09:00,-0.164,0.019,0.017,25.752,1.287,55.036,217.597,0.979
2024-01-21 10:00,0.023,0.004,0.004,25.557,1.286,84.178,254.059,0.977
2024-01-21 11:00,0.107,0.002,0.001,25.239,1.286,88.053,244.892,0.971
2024-01-21 12:00,0.079,0.001,0,25.059,1.285,50.985,190.701,0.974
2024-01-21 13:00,-0.006,0,0,24.962,1.285,18.776,95.214,0.989
2024-01-21 14:00,-0.242,0.001,0.001,24.884,1.285,0.250,4.747,0.993
2024-01-21 15:00,-0.254,0.001,0.001,24.782,1.283,0,0,0.994
2024-01-21 16:00,-0.159,0.002,0.002,24.669,1.281,0,0,0.995
2024-01-21 17:00,-0.010,0.028,0.012,24.590,1.279,0,0,0.996
2024-01-21 18:00,-0.130,0.085,0.059,24.536,1.279,0,0,0.994
2024-01-21 19:00,-0.468,0.071,0.053,24.543,1.280,0,0,0.845
2024-01-21 20:00,-0.700,0.021,0.016,24.543,1.280,0,0,0.549
2024-01-21 21:00,-0.966,0.013,0.012,24.539,1.281,0,0,0.520
2024-01-21 22:00,-1.170,0.010,0.009,24.538,1.282,0,0,0.558
2024-01-21 23:00,-1.290,0.006,0.006,24.533,1.281,0,0,0.777
2024-01-22 00:00,-1.252,0.004,0.004,24.524,1.280,0,0,0.963
2024-01-22 01:00,-0.957,0.028,0.027,24.515,1.277,0,0,0.993
2024-01-22 02:00,-0.376,0.226,0.210,24.574,1.272,0,0,0.994
2024-01-22 03:00,0.209,0.651,0.591,24.840,1.266,0,0,0.994
2024-01-22 04:00,0.394,0.675,0.450,24.927,1.262,0,0,0.994
2024-01-22 05:00,0.436,0.851,0.512,24.337,1.259,0,0,0.991
2024-01-22 06:00,0.451,0.730,0.235,23.133,1.256,0,0,0.993
2024-01-22 07:00,0.511,0.573,0.207,22.086,1.253,1.440,32.346,0.989
2024-01-22 08:00,0.566,0.786,0.384,21.210,1.250,12.399,143.099,0.984
2024-01-22 09:00,0.637,0.432,0.120,20.308,1.248,27.298,222.810,0.894
2024-01-22 10:00,0.785,0.051,0,18.973,1.245,47.048,259.309,0.695
2024-01-22 11:00,0.923,0.010,0,17.461,1.242,59.348,250.140,0.620
2024-01-22 12:00,1.073,0.005,0,15.877,1.240,51.413,195.891,0.534
2024-01-22 13:00,1.209,0.006,0,14.262,1.238,24.392,100.307,0.491
2024-01-22 14:00,1.440,0.007,0,12.584,1.236,0.889,6.134,0.399
2024-01-22 15:00,1.813,0.013,0,10.634,1.233,0,0,0.564
2024-01-22 16:00,2.130,0.015,0,8.734,1.232,0,0,0.503
2024-01-22 17:00,2.398,0.010,0,7.000,1.231,0,0,0.456
2024-01-22 18:00,2.670,0.005,0,5.591,1.231,0,0,0.414
2024-01-22 19:00,2.865,0.003,0,4.486,1.231,0,0,0.410
2024-01-22 20:00,2.961,0.006,0,3.592,1.232,0,0,0.496
2024-01-22 21:00,2.976,0.005,0,2.881,1.233,0,0,0.466
2024-01-22 22:00,2.848,0.005,0,2.336,1.235,0,0,0.387
2024-01-22 23:00,2.686,0.004,0,1.924,1.237,0,0,0.368
2024-01-23 00:00,2.573,0.005,0,1.608,1.238,0,0,0.394
2024-01-23 01:00,2.499,0.007,0,1.350,1.239,0,0,0.435
2024-01-23 02:00,2.475,0.011,0,1.132,1.239,0,0,0.483
2024-01-23 03:00,2.488,0.013,0,0.951,1.239,0,0,0.502
2024-01-23 04:00,2.513,0.016,0,0.803,1.240,0,0,0.524
2024-01-23 05:00,2.534,0.022,0,0.684,1.240,0,0,0.548
2024-01-23 06:00,2.585,0.029,0,0.586,1.240,0,0,0.613
2024-01-23 07:00,2.624,0.037,0,0.508,1.241,5.753,35.994,0.681
2024-01-23 08:00,2.751,0.032,0,0.444,1.241,27.363,148.349,0.732
2024-01-23 09:00,2.998,0.011,0,0.390,1.240,53.144,228.163,0.693
2024-01-23 10:00,3.342,0.002,0,0.347,1.239,86.585,264.728,0.831
2024-01-23 11:00,3.549,0.011,0,0.314,1.238,93.364,255.519,0.832
2024-01-23 12:00,3.416,0.072,0,0.294,1.240,56.009,201.244,0.896
2024-01-23 13:00,3.159,0.131,0,0.277,1.242,14.864,105.525,0.882
2024-01-23 14:00,2.628,0.054,0,0.262,1.247,0.654,7.748,0.698
2024-01-23 15:00,2.096,0.021,0,0.249,1.253,0,0,0.521
2024-01-23 16:00,1.804,0.007,0,0.239,1.256,0,0,0.391
2024-01-23 17:00,1.578,0,0,0.232,1.259,0,0,0.182
2024-01-23 18:00,0.890,0,0,0.229,1.263,0,0,0.167
2024-01-23 19:00,0.512,0,0,0.229,1.267,0,0,0.343
2024-01-23 20:00,0.065,0.003,0.003,0.230,1.271,0,0,0.823
2024-01-23 21:00,-0.198,0.007,0.007,0.236,1.274,0,0,0.978
2024-01-23 22:00,-0.321,0.010,0.010,0.245,1.275,0,0,0.990
2024-01-23 23:00,-0.276,0.008,0.008,0.254,1.274,0,0,0.997
2024-01-24 00:00,-0.171,0.008,0.007,0.261,1.272,0,0,0.997
2024-01-24 01:00,-0.052,0.011,0.011,0.270,1.269,0,0,0.996
2024-01-24 02:00,0.096,0.023,0.018,0.282,1.266,0,0,0.996
2024-01-24 03:00,0.250,0.246,0.158,0.359,1.264,0,0,0.996
2024-01-24 04:00,0.353,0.607,0.501,0.698,1.261,0,0,0.993
2024-01-24 05:00,0.450,0.988,0.801,1.391,1.257,0,0,0.993
2024-01-24 06:00,0.403,0.655,0.497,2.002,1.254,0,0,0.993
2024-01-24 07:00,0.576,0.565,0.274,2.284,1.251,2.550,39.943,0.932
2024-01-24 08:00,0.632,0.616,0.291,2.480,1.249,19.171,153.724,0.847
2024-01-24 09:00,0.679,0.376,0.139,2.589,1.247,32.151,233.660,0.853
2024-01-24 10:00,0.727,0.364,0.181,2.688,1.246,40.671,270.268,0.855
2024-01-24 11:00,0.737,0.394,0.195,2.820,1.246,32.620,261.096,0.878
2024-01-24 12:00,0.723,0.390,0.200,3.000,1.245,21.595,206.681,0.884
2024-01-24 13:00,0.650,0.199,0.087,3.116,1.245,10.480,110.872,0.878
2024-01-24 14:00,0.289,0.090,0.059,3.186,1.245,0.595,9.595,0.845
2024-01-24 15:00,0.234,0.040,0.026,3.214,1.247,0,0,0.855
2024-01-24 16:00,0.174,0.040,0.030,3.235,1.250,0,0,0.891
2024-01-24 17:00,-0.028,0.039,0.032,3.264,1.252,0,0,0.890
2024-01-24 18:00,-0.148,0.033,0.030,3.291,1.255,0,0,0.869
2024-01-24 19:00,-0.246,0.034,0.031,3.320,1.257,0,0,0.800
2024-01-24 20:00,-0.277,0.031,0.029,3.348,1.258,0,0,0.770
2024-01-24 21:00,-0.227,0.032,0.029,3.374,1.260,0,0,0.728
2024-01-24 22:00,-0.125,0.033,0.028,3.398,1.261,0,0,0.705
2024-01-24 23:00,-0.154,0.025,0.020,3.418,1.264,0,0,0.691
2024-01-25 00:00,-0.221,0.018,0.016,3.432,1.266,0,0,0.699
2024-01-25 01:00,-0.330,0.021,0.020,3.448,1.269,0,0,0.708
2024-01-25 02:00,-0.456,0.026,0.025,3.468,1.272,0,0,0.716
2024-01-25 03:00,-0.527,0.030,0.029,3.493,1.275,0,0,0.752
2024-01-25 04:00,-0.565,0.029,0.027,3.518,1.277,0,0,0.727
2024-01-25 05:00,-0.567,0.034,0.033,3.543,1.279,0,0,0.731
2024-01-25 06:00,-0.603,0.038,0.038,3.573,1.281,0,0,0.716
2024-01-25 07:00,-0.591,0.038,0.037,3.605,1.282,9.193,44.168,0.711
2024-01-25 08:00,-0.409,0.035,0.033,3.633,1.284,43.841,159.227,0.695
2024-01-25 09:00,-0.126,0.031,0.028,3.653,1.285,77.801,239.285,0.705
2024-01-25 10:00,0.140,0.028,0.022,3.662,1.286,93.802,275.900,0.692
2024-01-25 11:00,0.312,0.020,0.015,3.656,1.287,94.815,266.721,0.644
2024-01-25 12:00,0.283,0.014,0.011,3.645,1.288,76.536,212.306,0.616
2024-01-25 13:00,-0.059,0.014,0.012,3.646,1.290,37.397,116.361,0.631
2024-01-25 14:00,-0.600,0.020,0.018,3.658,1.294,2.326,11.685,0.671
2024-01-25 15:00,-0.955,0.023,0.023,3.678,1.297,0,0,0.706
2024-01-25 16:00,-1.224,0.025,0.024,3.701,1.299,0,0,0.703
2024-01-25 17:00,-1.475,0.025,0.025,3.726,1.301,0,0,0.693
2024-01-25 18:00,-1.757,0.022,0.022,3.750,1.302,0,0,0.678
2024-01-25 19:00,-2.024,0.019,0.019,3.771,1.303,0,0,0.670
2024-01-25 20:00,-2.144,0.022,0.022,3.792,1.304,0,0,0.687
2024-01-25 21:00,-2.163,0.025,0.025,3.815,1.305,0,0,0.700
2024-01-25 22:00,-2.105,0.024,0.024,3.840,1.305,0,0,0.725
2024-01-25 23:00,-2.060,0.024,0.024,3.865,1.306,0,0,0.726
2024-01-26 00:00,-2.206,0.022,0.022,3.888,1.307,0,0,0.729
2024-01-26 01:00,-2.448,0.022,0.022,3.910,1.308,0,0,0.728
2024-01-26 02:00,-2.728,0.022,0.022,3.932,1.309,0,0,0.720
2024-01-26 03:00,-2.999,0.023,0.023,3.954,1.310,0,0,0.723
2024-01-26 04:00,-3.213,0.022,0.022,3.977,1.310,0,0,0.786
2024-01-26 05:00,-3.301,0.020,0.020,3.999,1.309,0,0,0.813
2024-01-26 06:00,-3.235,0.018,0.018,4.018,1.308,0,0,0.813
2024-01-26 07:00,-3.030,0.018,0.018,4.037,1.306,13.018,48.710,0.903
2024-01-26 08:00,-2.443,0.015,0.015,4.051,1.304,50.172,164.890,0.979
2024-01-26 09:00,-1.869,0.010,0.010,4.051,1.300,80.873,245.033,0.987
2024-01-26 10:00,-1.316,0.012,0.012,4.046,1.295,90.420,281.728,0.985
2024-01-26 11:00,-0.891,0.027,0.027,4.048,1.292,101.782,272.518,0.986
2024-01-26 12:00,-0.694,0.026,0.026,4.057,1.288,64.725,218.056,0.991
2024-01-26 13:00,-0.606,0.031,0.031,4.071,1.285,22.356,121.986,0.998
2024-01-26 14:00,-0.452,0.038,0.035,4.093,1.282,1.368,14.034,0.998
2024-01-26 15:00,-0.135,0.136,0.133,4.158,1.279,0,0,0.997
2024-01-26 16:00,0.208,0.352,0.342,4.386,1.276,0,0,0.996
2024-01-26 17:00,0.418,0.656,0.616,4.840,1.273,0,0,0.996
2024-01-26 18:00,0.504,0.955,0.881,5.541,1.272,0,0,0.996
2024-01-26 19:00,0.505,1.120,1.031,6.393,1.272,0,0,0.997
2024-01-26 20:00,0.482,1.220,1.118,7.322,1.272,0,0,0.997
2024-01-26 21:00,0.393,1.348,1.258,8.385,1.272,0,0,0.997
2024-01-26 22:00,0.233,1.330,1.244,9.562,1.273,0,0,0.997
2024-01-26 23:00,0.001,1.102,1.027,10.684,1.275,0,0,0.996
2024-01-27 00:00,-0.200,0.627,0.506,11.438,1.277,0,0,0.996
2024-01-27 01:00,-0.399,0.261,0.194,11.761,1.279,0,0,0.997
2024-01-27 02:00,-0.495,0.152,0.119,11.906,1.282,0,0,0.997
2024-01-27 03:00,-0.664,0.057,0.037,11.980,1.286,0,0,0.997
2024-01-27 04:00,-0.810,0.017,0.008,11.992,1.290,0,0,0.982
2024-01-27 05:00,-1.190,0.010,0.009,11.993,1.295,0,0,0.923
2024-01-27 06:00,-1.755,0.007,0.006,11.991,1.300,0,0,0.700
2024-01-27 07:00,-2.561,0.006,0.006,11.992,1.304,16.428,53.573,0.747
2024-01-27 08:00,-2.625,0.005,0.005,11.993,1.306,68.264,170.660,0.762
2024-01-27 09:00,-2.097,0.002,0.002,11.981,1.305,124.088,250.891,0.633
2024-01-27 10:00,-1.493,0,0,11.956,1.303,170.477,287.650,0.541
2024-01-27 11:00,-0.984,0,0,11.926,1.301,179.903,278.471,0.526
2024-01-27 12:00,-0.754,0,0,11.905,1.298,136.508,223.909,0.673
2024-01-27 13:00,-1.374,0,0,11.900,1.298,65.874,127.738,0.699
2024-01-27 14:00,-2.500,0,0,11.905,1.298,5.624,16.650,0.791
2024-01-27 15:00,-2.570,0.002,0.002,11.913,1.299,0,0,0.974
2024-01-27 16:00,-1.479,0.017,0.015,11.923,1.298,0,0,0.998
2024-01-27 17:00,-0.385,0.036,0.027,11.890,1.295,0,0,0.999
2024-01-27 18:00,0.154,0.034,0.015,11.758,1.293,0,0,0.999
2024-01-27 19:00,0.436,0.042,0.001,11.406,1.291,0,0,0.997
2024-01-27 20:00,0.616,0.041,0,10.940,1.291,0,0,0.994
2024-01-27 21:00,0.681,0.028,0,10.474,1.291,0,0,0.994
2024-01-27 22:00,0.704,0.023,0,10.051,1.292,0,0,0.996
2024-01-27 23:00,0.750,0.027,0,9.664,1.292,0,0,0.994
2024-01-28 00:00,0.769,0.034,0,9.309,1.292,0,0,0.992
2024-01-28 01:00,0.760,0.035,0,8.996,1.293,0,0,0.992
2024-01-28 02:00,0.788,0.027,0,8.706,1.293,0,0,0.995
2024-01-28 03:00,0.956,0.031,0,8.409,1.293,0,0,0.996
2024-01-28 04:00,1.190,0.026,0,8.101,1.291,0,0,0.997
2024-01-28 05:00,1.375,0.023,0,7.768,1.290,0,0,0.999
2024-01-28 06:00,1.507,0.021,0,7.449,1.289,0,0.001,0.999
2024-01-28 07:00,1.620,0.020,0,7.142,1.288,4.662,58.750,0.999
2024-01-28 08:00,1.753,0.019,0,6.796,1.288,17.567,176.575,0.996
2024-01-28 09:00,1.958,0.015,0,6.405,1.287,38.751,256.891,0.978
2024-01-28 10:00,2.145,0.013,0,5.982,1.286,49.809,293.725,0.988
2024-01-28 11:00,2.308,0.008,0,5.544,1.285,67.531,284.478,0.990
2024-01-28 12:00,2.362,0.008,0,5.028,1.285,54.967,229.872,0.991
2024-01-28 13:00,2.256,0.010,0,4.562,1.286,22.964,133.611,0.992
2024-01-28 14:00,2.123,0.008,0,4.194,1.287,2.255,19.540,0.990
2024-01-28 15:00,1.958,0.002,0,3.856,1.288,0,0,0.994
2024-01-28 16:00,1.751,0,0,3.546,1.289,0,0,0.996
2024-01-28 17:00,1.614,0,0,3.264,1.290,0,0,0.995
2024-01-28 18:00,1.466,0,0,3.026,1.290,0,0,0.992
2024-01-28 19:00,1.269,0,0,2.838,1.290,0,0,0.933
2024-01-28 20:00,1.028,0,0,2.692,1.291,0,0,0.921
2024-01-28 21:00,0.794,0,0,2.598,1.292,0,0,0.972
2024-01-28 22:00,0.681,0,0,2.537,1.292,0,0,0.989
2024-01-28 23:00,0.707,0,0,2.483,1.291,0,0,0.992
2024-01-29 00:00,0.783,0,0,2.427,1.290,0,0,0.982
2024-01-29 01:00,0.775,0,0,2.378,1.289,0,0,0.965
2024-01-29 02:00,0.765,0,0,2.342,1.288,0,0,0.958
2024-01-29 03:00,0.796,0,0,2.303,1.287,0,0,0.962
2024-01-29 04:00,0.831,0,0,2.254,1.286,0,0,0.985
2024-01-29 05:00,0.910,0,0,2.192,1.285,0,0,0.989
2024-01-29 06:00,0.966,0,0,2.119,1.284,0.002,0.017,0.989
2024-01-29 07:00,0.987,0,0,2.047,1.284,11.455,64.255,0.986
2024-01-29 08:00,1.096,0,0,1.969,1.285,28.742,182.575,0.987
2024-01-29 09:00,1.315,0.001,0,1.883,1.285,40.190,263.013,0.992
2024-01-29 10:00,1.616,0.004,0,1.790,1.284,39.013,299.853,0.997
2024-01-29 11:00,1.829,0.007,0,1.700,1.284,29.112,290.718,0.998
2024-01-29 12:00,1.973,0.013,0,1.621,1.283,22.660,235.975,0.997
2024-01-29 13:00,2.036,0.032,0,1.559,1.283,14.821,139.609,0.993
2024-01-29 14:00,1.868,0.054,0,1.518,1.284,1.900,22.727,0.994
2024-01-29 15:00,1.637,0.075,0,1.494,1.286,0,0,0.993
2024-01-29 16:00,1.530,0.077,0,1.474,1.288,0,0,0.994
2024-01-29 17:00,1.445,0.022,0,1.456,1.289,0,0,0.993
2024-01-29 18:00,1.354,0.010,0,1.438,1.291,0,0,0.996
2024-01-29 19:00,1.216,0.011,0,1.423,1.293,0,0,0.998
2024-01-29 20:00,1.019,0.012,0.001,1.411,1.294,0,0,0.998
2024-01-29 21:00,0.698,0.016,0.010,1.406,1.297,0,0,0.997
2024-01-29 22:00,0.447,0.023,0.022,1.422,1.300,0,0,0.998
2024-01-29 23:00,0.262,0.016,0.013,1.435,1.301,0,0,0.998
2024-01-30 00:00,0.071,0.014,0.011,1.445,1.303,0,0,0.997
2024-01-30 01:00,-0.070,0.015,0.012,1.455,1.304,0,0,0.996
2024-01-30 02:00,-0.194,0.014,0.012,1.467,1.304,0,0,0.994
2024-01-30 03:00,-0.332,0.013,0.012,1.479,1.305,0,0,0.991
2024-01-30 04:00,-0.430,0.012,0.012,1.492,1.305,0,0,0.989
2024-01-30 05:00,-0.501,0.013,0.012,1.504,1.306,0,0,0.989
2024-01-30 06:00,-0.530,0.013,0.012,1.516,1.305,0.010,0.064,0.991
2024-01-30 07:00,-0.370,0.011,0.010,1.527,1.305,13.787,70.071,0.993
2024-01-30 08:00,0.002,0.009,0.008,1.534,1.303,42.203,188.700,0.993
2024-01-30 09:00,0.509,0.006,0.005,1.532,1.301,76.552,269.263,0.988
2024-01-30 10:00,1.020,0.004,0.002,1.501,1.297,93.732,306.225,0.989
2024-01-30 11:00,1.341,0.005,0,1.459,1.295,82.484,296.971,0.991
2024-01-30 12:00,1.449,0.010,0,1.423,1.292,57.335,242.222,0.993
2024-01-30 13:00,1.297,0.024,0.001,1.399,1.290,27.300,145.677,0.997
2024-01-30 14:00,1.074,0.055,0.001,1.386,1.288,2.862,26.202,0.998
2024-01-30 15:00,1.348,0.190,0.001,1.374,1.286,0,0,0.998
2024-01-30 16:00,1.658,0.366,0.002,1.356,1.284,0,0,0.996
2024-01-30 17:00,1.694,0.384,0.001,1.337,1.283,0,0,0.995
2024-01-30 18:00,1.631,0.326,0.001,1.319,1.282,0,0,0.996
2024-01-30 19:00,1.651,0.362,0.001,1.300,1.282,0,0,0.997
2024-01-30 20:00,1.630,0.572,0.001,1.281,1.282,0,0,0.997
2024-01-30 21:00,1.582,0.798,0,1.261,1.281,0,0,0.997
2024-01-30 22:00,1.622,0.695,0,1.240,1.280,0,0,0.998
2024-01-30 23:00,1.734,0.239,0,1.217,1.279,0,0,0.998
2024-01-31 00:00,2.039,0.060,0,1.191,1.276,0,0,0.959
2024-01-31 01:00,2.056,0.017,0,1.166,1.275,0,0,0.725
2024-01-31 02:00,1.816,0.014,0,1.149,1.276,0,0,0.694
2024-01-31 03:00,1.592,0.018,0,1.136,1.277,0,0,0.759
2024-01-31 04:00,1.424,0.019,0,1.125,1.278,0,0,0.837
2024-01-31 05:00,1.430,0.024,0.004,1.111,1.279,0,0,0.919
2024-01-31 06:00,1.384,0.021,0.004,1.097,1.280,0.007,0.231,0.953
2024-01-31 07:00,1.320,0.024,0.004,1.081,1.280,5.526,76.112,0.957
2024-01-31 08:00,1.181,0.031,0.005,1.066,1.281,26.822,194.987,0.947
2024-01-31 09:00,0.872,0.025,0.007,1.048,1.283,48.482,275.638,0.921
2024-01-31 10:00,0.430,0.013,0.009,1.043,1.285,74.038,312.600,0.520
2024-01-31 11:00,0.335,0.007,0.006,1.043,1.286,125.686,303.353,0.335
2024-01-31 12:00,0.261,0.005,0.005,1.041,1.285,127.380,248.540,0.711
2024-01-31 13:00,0.169,0.006,0.006,1.040,1.284,55.615,151.922,0.974
2024-01-31 14:00,0.144,0.013,0.011,1.043,1.282,6.248,29.999,0.974
2024-01-31 15:00,0.656,0.013,0.006,1.034,1.278,0,0,0.994
2024-01-31 16:00,1.440,0.011,0,0.970,1.271,0,0,0.995
2024-01-31 17:00,1.939,0.010,0,0.869,1.266,0,0,0.982
2024-01-31 18:00,2.111,0.006,0,0.762,1.263,0,0,0.987
2024-01-31 19:00,2.110,0.009,0,0.666,1.261,0,0,0.986
2024-01-31 20:00,2.061,0.016,0,0.586,1.258,0,0,0.982
2024-01-31 21:00,2.055,0.023,0,0.517,1.256,0,0,0.982
2024-01-31 22:00,2.117,0.056,0,0.455,1.254,0,0,0.991
2024-01-31 23:00,2.364,0.076,0,0.395,1.250,0,0,0.996
2024-02-01 00:00,2.690,0.077,0,0.339,1.247,0,0,0.996
2024-02-01 01:00,3.022,0.049,0,0.289,1.244,0,0,0.973
2024-02-01 02:00,3.093,0.015,0,0.253,1.243,0,0,0.705
2024-02-01 03:00,2.870,0.005,0,0.228,1.244,0,0,0.422
2024-02-01 04:00,2.443,0.001,0,0.211,1.246,0,0,0.074
2024-02-01 05:00,2.041,0,0,0.201,1.248,0,0,0.232
2024-02-01 06:00,1.852,0.001,0,0.193,1.250,0.112,0.602,0.567
2024-02-01 07:00,1.735,0,0,0.188,1.252,21.903,82.315,0.648
2024-02-01 08:00,1.822,0,0,0.183,1.252,75.943,201.360,0.663
2024-02-01 09:00,2.226,0,0,0.177,1.251,146.362,282.094,0.515
2024-02-01 10:00,2.668,0.001,0,0.169,1.249,166.922,319.100,0.512
2024-02-01 11:00,2.915,0.002,0,0.161,1.249,162.301,309.853,0.349
2024-02-01 12:00,2.917,0.010,0,0.155,1.250,137.909,254.993,0.299
2024-02-01 13:00,2.567,0.006,0,0.150,1.253,64.758,158.238,0.713
2024-02-01 14:00,2.047,0,0,0.148,1.258,6.445,34.104,0.780
2024-02-01 15:00,1.646,0,0,0.147,1.262,0,0,0.744
2024-02-01 16:00,1.200,0,0,0.146,1.266,0,0,0.176
2024-02-01 17:00,0.576,0,0,0.146,1.271,0,0,0.022
2024-02-01 18:00,-0.034,0,0,0.146,1.275,0,0,0.044
2024-02-01 19:00,-0.903,0,0,0.146,1.280,0,0,0.159
2024-02-01 20:00,-1.377,0,0,0.146,1.282,0,0,0.460
2024-02-01 21:00,-1.068,0,0,0.146,1.281,0,0,0.735
2024-02-01 22:00,-0.559,0,0,0.146,1.279,0,0,0.718
2024-02-01 23:00,-0.662,0,0,0.146,1.280,0,0,0.458
2024-02-02 00:00,-0.691,0,0,0.146,1.280,0,0,0.268
2024-02-02 01:00,-1.166,0,0,0.146,1.283,0,0,0.153
2024-02-02 02:00,-1.359,0,0,0.146,1.285,0,0,0.075
2024-02-02 03:00,-1.789,0,0,0.146,1.287,0,0,0.050
2024-02-02 04:00,-2.444,0,0,0.146,1.290,0,0,0.256
2024-02-02 05:00,-2.713,0,0,0.147,1.292,0,0,0.505
2024-02-02 06:00,-2.842,0.001,0.001,0.147,1.294,0.270,1.220,0.672
2024-02-02 07:00,-2.452,0.001,0.001,0.149,1.293,32.497,88.629,0.928
2024-02-02 08:00,-1.684,0,0,0.149,1.289,95.944,207.803,0.943
2024-02-02 09:00,-0.864,0,0,0.149,1.284,130.290,288.719,0.944
2024-02-02 10:00,-0.158,0.002,0.001,0.149,1.279,125.168,325.725,0.971
2024-02-02 11:00,0.262,0.021,0.011,0.154,1.275,83.469,316.478,0.995
2024-02-02 12:00,0.396,0.222,0.116,0.205,1.271,30.947,261.573,0.995
2024-02-02 13:00,0.482,0.679,0.452,0.482,1.268,11.768,164.712,0.995
2024-02-02 14:00,0.525,1.037,0.785,1.112,1.266,2.407,38.538,0.994
2024-02-02 15:00,0.510,1.262,0.965,1.973,1.263,0,0,0.990
2024-02-02 16:00,0.479,0.980,0.743,2.780,1.261,0,0,0.992
2024-02-02 17:00,0.594,0.246,0.132,3.080,1.258,0,0,0.998
2024-02-02 18:00,1.014,0.042,0.011,3.030,1.254,0,0,0.998
2024-02-02 19:00,1.583,0.014,0,2.912,1.249,0,0,0.942
2024-02-02 20:00,2.383,0.011,0,2.739,1.243,0,0,0.854
2024-02-02 21:00,3.123,0.008,0,2.477,1.238,0,0,0.813
2024-02-02 22:00,3.430,0.007,0,2.221,1.235,0,0,0.756
2024-02-02 23:00,3.639,0.004,0,1.988,1.233,0,0,0.710
2024-02-03 00:00,3.704,0.004,0,1.775,1.233,0,0,0.694
2024-02-03 01:00,3.625,0.003,0,1.589,1.234,0,0,0.650
2024-02-03 02:00,3.482,0.002,0,1.429,1.235,0,0,0.603
2024-02-03 03:00,3.347,0.002,0,1.281,1.237,0,0,0.516
2024-02-03 04:00,3.198,0.002,0,1.151,1.238,0,0,0.576
2024-02-03 05:00,2.994,0.002,0,1.042,1.239,0,0,0.815
2024-02-03 06:00,2.805,0.002,0,0.950,1.241,0.343,2.111,0.951
2024-02-03 07:00,2.710,0.001,0,0.860,1.243,22.719,95.054,0.972
2024-02-03 08:00,2.825,0,0,0.783,1.243,73.821,214.403,0.963
2024-02-03 09:00,3.213,0,0,0.717,1.241,137.899,295.344,0.954
2024-02-03 10:00,3.724,0,0,0.663,1.239,180.972,332.475,0.948
2024-02-03 11:00,4.170,0,0,0.614,1.236,173.951,323.185,0.897
2024-02-03 12:00,4.485,0,0,0.571,1.233,150.930,268.202,0.617
2024-02-03 13:00,4.558,0.001,0,0.535,1.231,87.865,171.218,0.186
2024-02-03 14:00,4.295,0.003,0,0.501,1.233,16.508,43.310,0.114
2024-02-03 15:00,3.869,0,0,0.463,1.236,0,0,0.148
2024-02-03 16:00,3.461,0,0,0.428,1.238,0,0,0.254
2024-02-03 17:00,3.224,0,0,0.397,1.240,0,0,0.260
2024-02-03 18:00,3.113,0,0,0.368,1.240,0,0,0.324
2024-02-03 19:00,3.013,0,0,0.341,1.241,0,0,0.423
2024-02-03 20:00,2.893,0,0,0.319,1.242,0,0,0.471
2024-02-03 21:00,2.668,0,0,0.301,1.243,0,0,0.489
2024-02-03 22:00,2.453,0.001,0,0.288,1.243,0,0,0.449
2024-02-03 23:00,2.344,0.003,0,0.275,1.243,0,0,0.227
2024-02-04 00:00,2.191,0.002,0,0.265,1.244,0,0,0.127
2024-02-04 01:00,1.940,0,0,0.258,1.245,0,0,0.113
2024-02-04 02:00,1.517,0,0,0.254,1.247,0,0,0.130
2024-02-04 03:00,1.051,0,0,0.251,1.249,0,0,0.118
2024-02-04 04:00,0.652,0,0,0.249,1.251,0,0,0.069
2024-02-04 05:00,0.239,0,0,0.247,1.253,0,0,0.029
2024-02-04 06:00,-0.173,0,0,0.245,1.255,0.858,3.267,0.050
2024-02-04 07:00,-0.337,0,0,0.244,1.256,49.371,101.574,0.122
2024-02-04 08:00,0.086,0,0,0.242,1.254,131.917,221.089,0.165
2024-02-04 09:00,0.793,0,0,0.240,1.251,195.573,302.094,0.180
2024-02-04 10:00,1.414,0,0,0.237,1.248,225.818,339.306,0.197
2024-02-04 11:00,1.822,0,0,0.233,1.246,217.485,330.053,0.215
2024-02-04 12:00,1.815,0,0,0.229,1.245,172.727,274.959,0.224
2024-02-04 13:00,1.251,0,0,0.227,1.247,99.214,177.884,0.221
2024-02-04 14:00,-0.062,0,0,0.227,1.251,20.171,48.422,0.267
2024-02-04 15:00,-1.767,0,0,0.227,1.256,0,0,0.317
2024-02-04 16:00,-2.033,0,0,0.227,1.259,0,0,0.362
2024-02-04 17:00,-2.122,0.001,0.001,0.227,1.261,0,0,0.474
2024-02-04 18:00,-2.119,0.001,0.001,0.228,1.261,0,0,0.534
2024-02-04 19:00,-2.038,0,0,0.229,1.260,0,0,0.729
2024-02-04 20:00,-1.716,0.001,0.001,0.229,1.259,0,0,0.809
2024-02-04 21:00,-1.492,0.006,0.006,0.232,1.258,0,0,0.849
2024-02-04 22:00,-1.412,0.022,0.019,0.244,1.258,0,0,0.877
2024-02-04 23:00,-1.217,0.058,0.050,0.277,1.258,0,0,0.905
2024-02-05 00:00,-1.070,0.085,0.082,0.347,1.257,0,0,0.927
2024-02-05 01:00,-1.087,0.068,0.065,0.420,1.257,0,0,0.909
2024-02-05 02:00,-1.237,0.049,0.049,0.473,1.259,0,0,0.867
2024-02-05 03:00,-1.500,0.025,0.025,0.508,1.261,0,0,0.754
2024-02-05 04:00,-1.750,0.009,0.009,0.521,1.263,0,0,0.616
2024-02-05 05:00,-2.067,0.005,0.005,0.527,1.265,0,0,0.423
2024-02-05 06:00,-2.557,0.003,0.003,0.531,1.268,1.092,4.725,0.321
2024-02-05 07:00,-2.785,0,0,0.532,1.271,48.242,108.218,0.167
2024-02-05 08:00,-2.217,0,0,0.531,1.270,133.838,227.842,0.058
2024-02-05 09:00,-1.383,0,0,0.530,1.268,201.792,309.044,0.045
2024-02-05 10:00,-0.654,0,0,0.527,1.265,233.433,346.225,0.037
2024-02-05 11:00,-0.224,0,0,0.524,1.264,226.781,336.935,0.031
2024-02-05 12:00,-0.193,0,0,0.521,1.264,182.356,281.830,0.020
2024-02-05 13:00,-0.663,0,0,0.519,1.266,107.266,184.634,0.017
2024-02-05 14:00,-1.740,0,0,0.519,1.270,23.838,53.882,0.017
2024-02-05 15:00,-3.012,0,0,0.519,1.274,0,0,0.012
2024-02-05 16:00,-3.482,0,0,0.519,1.278,0,0,0.014
2024-02-05 17:00,-3.630,0,0,0.520,1.280,0,0,0.012
2024-02-05 18:00,-4.025,0,0,0.520,1.282,0,0,0.013
2024-02-05 19:00,-4.245,0,0,0.520,1.284,0,0,0.020
2024-02-05 20:00,-4.450,0,0,0.520,1.285,0,0,0.053
2024-02-05 21:00,-4.608,0,0,0.520,1.287,0,0,0.106
2024-02-05 22:00,-4.603,0,0,0.520,1.288,0,0,0.066
2024-02-05 23:00,-4.748,0,0,0.521,1.288,0,0,0.071
2024-02-06 00:00,-4.768,0,0,0.521,1.289,0,0,0.068
2024-02-06 01:00,-4.810,0,0,0.521,1.290,0,0,0.070
2024-02-06 02:00,-4.826,0,0,0.521,1.291,0,0,0.263
2024-02-06 03:00,-4.814,0,0,0.521,1.291,0,0,0.454
2024-02-06 04:00,-4.752,0,0,0.521,1.291,0,0,0.559
2024-02-06 05:00,-4.687,0,0,0.522,1.291,0,0,0.849
2024-02-06 06:00,-4.691,0,0,0.522,1.291,1.796,6.478,0.918
2024-02-06 07:00,-4.235,0,0,0.522,1.290,54.729,114.937,0.338
2024-02-06 08:00,-3.293,0.001,0.001,0.522,1.286,141.325,234.717,0.126
2024-02-06 09:00,-2.586,0.001,0.001,0.520,1.283,197.140,315.969,0.264
2024-02-06 10:00,-2.090,0.001,0.001,0.517,1.280,204.960,353.306,0.804
2024-02-06 11:00,-1.787,0.002,0.002,0.515,1.278,148.183,343.935,0.977
2024-02-06 12:00,-1.820,0.004,0.004,0.515,1.277,82.907,288.783,0.990
2024-02-06 13:00,-2.113,0.004,0.004,0.518,1.277,36.534,191.446,0.979
2024-02-06 14:00,-2.527,0.003,0.003,0.521,1.276,8.933,59.711,0.972
2024-02-06 15:00,-2.894,0.004,0.004,0.524,1.276,0,0,0.933
2024-02-06 16:00,-3.074,0.008,0.008,0.529,1.276,0,0,0.929
2024-02-06 17:00,-3.143,0.020,0.020,0.541,1.275,0,0,0.931
2024-02-06 18:00,-3.157,0.051,0.051,0.573,1.274,0,0,0.952
2024-02-06 19:00,-3.149,0.091,0.091,0.641,1.273,0,0,0.979
2024-02-06 20:00,-3.150,0.125,0.125,0.752,1.273,0,0,0.978
2024-02-06 21:00,-3.103,0.139,0.139,0.884,1.272,0,0,0.981
2024-02-06 22:00,-3.079,0.131,0.131,1.016,1.271,0,0,0.986
2024-02-06 23:00,-3.139,0.109,0.109,1.131,1.271,0,0,0.990
2024-02-07 00:00,-3.263,0.074,0.074,1.217,1.272,0,0,0.994
2024-02-07 01:00,-3.456,0.041,0.041,1.267,1.274,0,0,0.995
2024-02-07 02:00,-3.713,0.020,0.020,1.290,1.276,0,0,0.995
2024-02-07 03:00,-4.029,0.012,0.012,1.300,1.278,0,0,0.994
2024-02-07 04:00,-4.421,0.009,0.009,1.307,1.280,0,0,0.974
2024-02-07 05:00,-4.905,0.005,0.005,1.311,1.283,0,0,0.910
2024-02-07 06:00,-5.547,0.003,0.003,1.313,1.286,2.076,8.528,0.880
2024-02-07 07:00,-5.625,0.002,0.002,1.314,1.288,47.463,121.767,0.922
2024-02-07 08:00,-4.999,0.002,0.002,1.314,1.288,114.002,241.692,0.949
2024-02-07 09:00,-4.358,0.003,0.003,1.311,1.286,159.557,323.051,0.912
2024-02-07 10:00,-3.852,0.013,0.013,1.312,1.285,166.512,360.387,0.878
2024-02-07 11:00,-3.653,0.024,0.024,1.325,1.285,130.995,351.060,0.901
2024-02-07 12:00,-3.678,0.024,0.024,1.342,1.285,91.023,295.790,0.875
2024-02-07 13:00,-3.827,0.017,0.017,1.357,1.286,57.866,198.384,0.822
2024-02-07 14:00,-4.257,0.012,0.012,1.370,1.287,15.716,65.899,0.836
2024-02-07 15:00,-4.750,0.008,0.008,1.380,1.289,0,0.002,0.851
2024-02-07 16:00,-5.084,0.007,0.007,1.387,1.290,0,0,0.844
2024-02-07 17:00,-5.311,0.010,0.010,1.396,1.291,0,0,0.898
2024-02-07 18:00,-5.395,0.008,0.008,1.405,1.291,0,0,0.866
2024-02-07 19:00,-5.610,0.007,0.007,1.412,1.292,0,0,0.775
2024-02-07 20:00,-5.840,0.008,0.008,1.419,1.292,0,0,0.667
2024-02-07 21:00,-5.995,0.015,0.015,1.431,1.293,0,0,0.712
2024-02-07 22:00,-6.054,0.020,0.020,1.449,1.293,0,0,0.751
2024-02-07 23:00,-6.069,0.018,0.018,1.468,1.294,0,0,0.767
2024-02-08 00:00,-6.048,0.016,0.016,1.484,1.295,0,0,0.760
2024-02-08 01:00,-6.037,0.017,0.017,1.500,1.295,0,0,0.769
2024-02-08 02:00,-6.007,0.014,0.014,1.514,1.296,0,0,0.758
2024-02-08 03:00,-6.022,0.013,0.013,1.527,1.296,0,0,0.721
2024-02-08 04:00,-5.887,0.009,0.009,1.538,1.296,0,0,0.753
2024-02-08 05:00,-5.609,0.009,0.009,1.547,1.295,0,0,0.753
2024-02-08 06:00,-5.518,0.013,0.013,1.557,1.295,2.249,10.900,0.789
2024-02-08 07:00,-5.279,0.011,0.011,1.570,1.295,36.866,128.663,0.756
2024-02-08 08:00,-4.697,0.009,0.009,1.576,1.294,98.515,248.734,0.692
2024-02-08 09:00,-3.839,0.010,0.010,1.577,1.291,145.690,330.215,0.648
2024-02-08 10:00,-3.344,0.016,0.016,1.579,1.290,145.799,367.556,0.771
2024-02-08 11:00,-3.117,0.018,0.018,1.585,1.289,117.610,358.259,0.762
2024-02-08 12:00,-3.055,0.014,0.014,1.589,1.289,105.838,302.915,0.776
2024-02-08 13:00,-3.318,0.009,0.009,1.592,1.289,61.625,205.424,0.783
2024-02-08 14:00,-4.154,0.008,0.008,1.599,1.290,19.973,72.423,0.749
2024-02-08 15:00,-4.919,0.008,0.008,1.607,1.291,0.002,0.016,0.811
2024-02-08 16:00,-5.205,0.006,0.006,1.613,1.292,0,0,0.852
2024-02-08 17:00,-5.451,0.006,0.006,1.619,1.293,0,0,0.829
2024-02-08 18:00,-5.731,0.006,0.006,1.625,1.293,0,0,0.701
2024-02-08 19:00,-6.086,0.009,0.009,1.632,1.294,0,0,0.599
2024-02-08 20:00,-6.379,0.006,0.006,1.640,1.295,0,0,0.514
2024-02-08 21:00,-6.770,0.003,0.003,1.644,1.296,0,0,0.405
2024-02-08 22:00,-7.298,0.003,0.003,1.647,1.297,0,0,0.321
2024-02-08 23:00,-7.667,0.007,0.007,1.652,1.299,0,0,0.349
2024-02-09 00:00,-7.799,0.012,0.012,1.662,1.300,0,0,0.440
2024-02-09 01:00,-7.678,0.015,0.015,1.677,1.301,0,0,0.556
2024-02-09 02:00,-7.281,0.016,0.016,1.692,1.301,0,0,0.643
2024-02-09 03:00,-6.713,0.031,0.031,1.716,1.302,0,0,0.647
2024-02-09 04:00,-6.267,0.047,0.047,1.756,1.302,0,0,0.665
2024-02-09 05:00,-5.859,0.065,0.065,1.816,1.302,0,0,0.640
2024-02-09 06:00,-5.546,0.057,0.057,1.876,1.302,2.162,13.596,0.622
2024-02-09 07:00,-5.010,0.048,0.048,1.925,1.302,34.816,135.680,0.610
2024-02-09 08:00,-4.361,0.040,0.040,1.965,1.301,78.157,255.877,0.598
2024-02-09 09:00,-3.819,0.029,0.029,1.992,1.299,114.487,337.426,0.620
2024-02-09 10:00,-3.426,0.026,0.026,2.008,1.298,130.637,374.813,0.641
2024-02-09 11:00,-3.172,0.023,0.023,2.022,1.298,133.635,365.516,0.605
2024-02-09 12:00,-3.085,0.016,0.016,2.030,1.297,118.074,310.165,0.576
2024-02-09 13:00,-3.285,0.009,0.009,2.034,1.298,75.221,212.529,0.496
2024-02-09 14:00,-4.090,0.005,0.005,2.037,1.299,25.441,79.276,0.409
2024-02-09 15:00,-5.258,0.004,0.004,2.040,1.301,0.018,0.104,0.380
2024-02-09 16:00,-5.683,0.003,0.003,2.042,1.302,0,0,0.345
2024-02-09 17:00,-6.017,0.004,0.004,2.044,1.303,0,0,0.367
2024-02-09 18:00,-6.222,0.003,0.003,2.046,1.304,0,0,0.430
2024-02-09 19:00,-6.165,0.006,0.006,2.049,1.305,0,0,0.484
2024-02-09 20:00,-6.038,0.007,0.007,2.054,1.306,0,0,0.468
2024-02-09 21:00,-5.785,0.010,0.010,2.060,1.307,0,0,0.534
2024-02-09 22:00,-5.766,0.005,0.005,2.066,1.308,0,0,0.696
2024-02-09 23:00,-5.807,0.006,0.006,2.071,1.308,0,0,0.869
2024-02-10 00:00,-5.781,0.005,0.005,2.075,1.308,0,0,0.969
2024-02-10 01:00,-5.725,0.004,0.004,2.076,1.308,0,0,0.983
2024-02-10 02:00,-5.662,0.005,0.005,2.078,1.308,0,0,0.984
2024-02-10 03:00,-5.764,0.005,0.005,2.078,1.308,0,0,0.980
2024-02-10 04:00,-5.928,0.005,0.005,2.079,1.308,0,0,0.962
2024-02-10 05:00,-6.009,0.006,0.006,2.081,1.308,0,0,0.859
2024-02-10 06:00,-6.121,0.008,0.008,2.085,1.308,4.460,16.617,0.802
2024-02-10 07:00,-5.572,0.008,0.008,2.089,1.306,56.359,142.744,0.838
2024-02-10 08:00,-4.639,0.008,0.008,2.089,1.304,124.447,263.087,0.927
2024-02-10 09:00,-3.784,0.009,0.009,2.085,1.300,170.508,344.797,0.976
2024-02-10 10:00,-3.114,0.014,0.014,2.081,1.297,165.126,382.181,0.987
2024-02-10 11:00,-2.708,0.017,0.017,2.082,1.295,135.874,372.891,0.990
2024-02-10 12:00,-2.531,0.011,0.011,2.080,1.295,111.332,317.415,0.987
2024-02-10 13:00,-2.609,0.004,0.004,2.075,1.295,75.263,219.715,0.978
2024-02-10 14:00,-3.017,0.001,0.001,2.068,1.296,27.829,86.309,0.976
2024-02-10 15:00,-3.485,0.002,0.002,2.065,1.297,0.072,0.392,0.985
2024-02-10 16:00,-3.503,0.003,0.003,2.062,1.297,0,0,0.986
2024-02-10 17:00,-3.337,0.002,0.002,2.058,1.296,0,0,0.840
2024-02-10 18:00,-3.326,0.001,0.001,2.053,1.295,0,0,0.549
2024-02-10 19:00,-3.407,0.002,0.002,2.049,1.295,0,0,0.593
2024-02-10 20:00,-3.468,0.001,0.001,2.044,1.296,0,0,0.748
2024-02-10 21:00,-3.449,0.001,0.001,2.039,1.295,0,0,0.712
2024-02-10 22:00,-3.455,0.001,0.001,2.033,1.295,0,0,0.484
2024-02-10 23:00,-3.649,0.002,0.002,2.029,1.296,0,0,0.221
2024-02-11 00:00,-3.916,0.005,0.005,2.028,1.297,0,0,0.374
2024-02-11 01:00,-4.107,0.010,0.010,2.031,1.298,0,0,0.526
2024-02-11 02:00,-4.098,0.018,0.018,2.041,1.299,0,0,0.706
2024-02-11 03:00,-4.086,0.025,0.025,2.058,1.300,0,0,0.783
2024-02-11 04:00,-4.161,0.027,0.027,2.080,1.301,0,0,0.799
2024-02-11 05:00,-4.274,0.027,0.027,2.103,1.302,0,0,0.832
2024-02-11 06:00,-4.365,0.027,0.027,2.127,1.302,3.897,19.965,0.895
2024-02-11 07:00,-4.174,0.028,0.028,2.149,1.302,43.811,149.912,0.958
2024-02-11 08:00,-3.672,0.031,0.031,2.172,1.301,92.277,270.377,0.982
2024-02-11 09:00,-3.050,0.042,0.042,2.198,1.298,121.344,352.172,0.988
2024-02-11 10:00,-2.553,0.047,0.047,2.232,1.296,127.415,389.637,0.991
2024-02-11 11:00,-2.270,0.046,0.046,2.265,1.295,121.558,380.266,0.990
2024-02-11 12:00,-2.217,0.044,0.044,2.297,1.295,94.360,324.790,0.992
2024-02-11 13:00,-2.391,0.043,0.043,2.331,1.295,55.817,226.968,0.997
2024-02-11 14:00,-2.777,0.033,0.033,2.361,1.296,17.571,93.443,0.998
2024-02-11 15:00,-3.215,0.028,0.028,2.387,1.298,0.107,0.974,0.998
2024-02-11 16:00,-3.485,0.025,0.025,2.409,1.299,0,0,0.998
2024-02-11 17:00,-3.660,0.024,0.024,2.430,1.300,0,0,0.997
2024-02-11 18:00,-3.781,0.029,0.029,2.453,1.300,0,0,0.982
2024-02-11 19:00,-3.855,0.035,0.035,2.481,1.300,0,0,0.963
2024-02-11 20:00,-3.889,0.041,0.041,2.516,1.300,0,0,0.940
2024-02-11 21:00,-3.851,0.037,0.037,2.553,1.300,0,0,0.886
2024-02-11 22:00,-3.767,0.030,0.030,2.582,1.299,0,0,0.821
2024-02-11 23:00,-3.703,0.024,0.024,2.604,1.298,0,0,0.798
2024-02-12 00:00,-3.651,0.023,0.023,2.623,1.297,0,0,0.808
2024-02-12 01:00,-3.609,0.027,0.027,2.642,1.297,0,0,0.878
2024-02-12 02:00,-3.569,0.033,0.033,2.668,1.296,0,0,0.951
2024-02-12 03:00,-3.621,0.038,0.038,2.699,1.297,0,0,0.991
2024-02-12 04:00,-3.741,0.046,0.046,2.737,1.298,0,0,0.995
2024-02-12 05:00,-3.841,0.051,0.051,2.782,1.298,0,0,0.994
2024-02-12 06:00,-3.888,0.057,0.057,2.832,1.299,3.667,23.678,0.993
2024-02-12 07:00,-3.682,0.057,0.057,2.884,1.298,34.146,157.160,0.991
2024-02-12 08:00,-3.167,0.053,0.053,2.931,1.296,75.117,277.712,0.990
2024-02-12 09:00,-2.510,0.051,0.051,2.971,1.294,108.700,359.625,0.969
2024-02-12 10:00,-1.922,0.054,0.054,3.009,1.291,120.828,397.137,0.918
2024-02-12 11:00,-1.569,0.064,0.064,3.052,1.289,114.419,387.766,0.931
2024-02-12 12:00,-1.443,0.079,0.079,3.110,1.288,81.652,332.247,0.967
2024-02-12 13:00,-1.522,0.089,0.089,3.181,1.288,50.564,234.320,0.981
2024-02-12 14:00,-1.730,0.106,0.106,3.269,1.288,15.168,100.631,0.985
2024-02-12 15:00,-1.796,0.125,0.125,3.374,1.288,0.100,1.868,0.990
2024-02-12 16:00,-1.619,0.153,0.153,3.503,1.287,0,0,0.988
2024-02-12 17:00,-1.412,0.197,0.197,3.668,1.286,0,0,0.990
2024-02-12 18:00,-1.215,0.244,0.244,3.880,1.285,0,0,0.978
2024-02-12 19:00,-1.116,0.245,0.245,4.111,1.285,0,0,0.952
2024-02-12 20:00,-1.094,0.261,0.261,4.345,1.284,0,0,0.934
2024-02-12 21:00,-1.043,0.317,0.317,4.621,1.284,0,0,0.911
2024-02-12 22:00,-0.967,0.346,0.345,4.940,1.283,0,0,0.900
2024-02-12 23:00,-0.908,0.345,0.344,5.268,1.283,0,0,0.900
2024-02-13 00:00,-0.868,0.337,0.336,5.591,1.282,0,0,0.898
2024-02-13 01:00,-0.816,0.334,0.327,5.906,1.281,0,0,0.915
2024-02-13 02:00,-0.738,0.344,0.310,6.204,1.281,0,0,0.927
2024-02-13 03:00,-0.673,0.394,0.354,6.511,1.280,0,0,0.972
2024-02-13 04:00,-0.598,0.461,0.414,6.867,1.280,0,0,0.986
2024-02-13 05:00,-0.517,0.518,0.470,7.273,1.279,0,0,0.994
2024-02-13 06:00,-0.491,0.583,0.537,7.740,1.279,1.032,27.728,0.993
2024-02-13 07:00,-0.414,0.632,0.593,8.266,1.279,11.829,164.453,0.985
2024-02-13 08:00,-0.248,0.712,0.670,8.853,1.279,28.264,285.209,0.978
2024-02-13 09:00,-0.048,0.853,0.818,9.544,1.278,40.741,367.132,0.979
2024-02-13 10:00,0.113,1.038,1.002,10.387,1.277,46.025,404.718,0.984
2024-02-13 11:00,0.192,1.094,1.077,11.341,1.277,43.461,395.387,0.984
2024-02-13 12:00,0.183,1.016,0.984,12.284,1.277,35.815,339.747,0.986
2024-02-13 13:00,0.074,0.854,0.824,13.122,1.277,22.373,241.698,0.993
2024-02-13 14:00,-0.215,0.679,0.641,13.830,1.278,7.769,107.904,0.996
2024-02-13 15:00,-0.582,0.475,0.428,14.338,1.279,0.095,3.089,0.990
2024-02-13 16:00,-0.876,0.295,0.263,14.643,1.281,0,0,0.974
2024-02-13 17:00,-1.123,0.148,0.136,14.802,1.283,0,0,0.933
2024-02-13 18:00,-1.253,0.056,0.050,14.878,1.287,0,0,0.877
2024-02-13 19:00,-1.718,0.014,0.011,14.895,1.291,0,0,0.814
2024-02-13 20:00,-2.412,0.006,0.004,14.898,1.296,0,0,0.695
2024-02-13 21:00,-3.310,0.002,0.002,14.899,1.300,0,0,0.512
2024-02-13 22:00,-4.286,0.003,0.003,14.907,1.304,0,0,0.429
2024-02-13 23:00,-4.716,0.004,0.004,14.916,1.307,0,0,0.360
2024-02-14 00:00,-5.056,0.005,0.005,14.926,1.308,0,0,0.427
2024-02-14 01:00,-5.680,0.008,0.008,14.938,1.308,0,0,0.485
2024-02-14 02:00,-5.822,0.011,0.011,14.952,1.308,0,0,0.531
2024-02-14 03:00,-5.805,0.012,0.012,14.966,1.308,0,0,0.555
2024-02-14 04:00,-5.684,0.012,0.012,14.980,1.308,0,0,0.715
2024-02-14 05:00,-5.480,0.017,0.016,14.993,1.307,0,0,0.925
2024-02-14 06:00,-5.064,0.021,0.020,15.002,1.307,4.650,32.132,0.922
2024-02-14 07:00,-4.210,0.021,0.020,14.999,1.305,36.469,171.828,0.860
2024-02-14 08:00,-2.741,0.022,0.021,14.973,1.303,76.497,292.709,0.821
2024-02-14 09:00,-1.704,0.021,0.019,14.918,1.299,108.230,374.753,0.743
2024-02-14 10:00,-0.786,0.019,0.017,14.810,1.295,127.329,412.343,0.688
2024-02-14 11:00,-0.099,0.015,0.013,14.617,1.292,129.080,402.972,0.620
2024-02-14 12:00,0.211,0.012,0.007,14.300,1.290,119.634,347.372,0.601
2024-02-14 13:00,0.229,0.011,0.008,14.023,1.289,75.405,249.196,0.660
2024-02-14 14:00,0.049,0.014,0.011,13.931,1.290,25.551,115.256,0.745
2024-02-14 15:00,-0.220,0.017,0.013,13.936,1.292,0.486,4.635,0.780
2024-02-14 16:00,-0.380,0.022,0.017,13.951,1.293,0,0,0.800
2024-02-14 17:00,-0.552,0.025,0.021,13.969,1.294,0,0,0.808
2024-02-14 18:00,-0.665,0.025,0.018,13.983,1.295,0,0,0.781
2024-02-14 19:00,-0.636,0.027,0.017,13.992,1.294,0,0,0.745
2024-02-14 20:00,-0.505,0.030,0.021,14.004,1.293,0,0,0.759
2024-02-14 21:00,-0.452,0.029,0.015,14.017,1.291,0,0,0.770
2024-02-14 22:00,-0.520,0.028,0.004,14.030,1.288,0,0,0.780
2024-02-14 23:00,-0.375,0.027,0.003,14.041,1.286,0,0,0.757
2024-02-15 00:00,-0.191,0.034,0.001,14.051,1.284,0,0,0.749
2024-02-15 01:00,-0.114,0.060,0.001,14.064,1.283,0,0,0.747
2024-02-15 02:00,-0.102,0.112,0,14.085,1.282,0,0,0.734
2024-02-15 03:00,0.034,0.156,0,14.119,1.281,0,0,0.745
2024-02-15 04:00,0.068,0.220,0,14.148,1.282,0,0,0.711
2024-02-15 05:00,0.101,0.229,0,14.206,1.283,0,0,0.736
2024-02-15 06:00,0.134,0.184,0,14.249,1.284,4.688,36.896,0.807
2024-02-15 07:00,0.432,0.147,0,14.126,1.285,29.958,179.300,0.875
2024-02-15 08:00,0.705,0.070,0.001,13.811,1.286,58.110,300.294,0.916
2024-02-15 09:00,0.890,0.036,0,13.353,1.287,84.187,382.382,0.925
2024-02-15 10:00,0.971,0.036,0,12.807,1.287,103.098,420.019,0.922
2024-02-15 11:00,0.950,0.035,0,12.255,1.288,106.751,410.715,0.938
2024-02-15 12:00,0.921,0.035,0,11.768,1.288,92.279,354.997,0.961
2024-02-15 13:00,0.830,0.040,0,11.414,1.288,60.957,256.737,0.983
2024-02-15 14:00,0.679,0.039,0,11.225,1.288,24.301,122.665,0.993
2024-02-15 15:00,0.455,0.034,0,11.178,1.288,0.845,6.515,0.995
2024-02-15 16:00,0.499,0.031,0,11.146,1.288,0,0,0.996
2024-02-15 17:00,0.554,0.028,0,11.099,1.288,0,0,0.998
2024-02-15 18:00,0.583,0.026,0.001,11.047,1.288,0,0,0.999
2024-02-15 19:00,0.632,0.019,0.002,10.980,1.287,0,0,0.999
2024-02-15 20:00,0.685,0.016,0.003,10.902,1.287,0,0,0.999
2024-02-15 21:00,0.812,0.020,0.002,10.799,1.285,0,0,0.999
2024-02-15 22:00,0.941,0.034,0.004,10.642,1.284,0,0,0.999
2024-02-15 23:00,1.028,0.074,0.009,10.436,1.283,0,0,0.999
2024-02-16 00:00,1.070,0.179,0.007,10.180,1.282,0,0,0.998
2024-02-16 01:00,1.072,0.362,0.007,9.858,1.281,0,0,0.997
2024-02-16 02:00,1.039,0.538,0.037,9.518,1.281,0,0,0.997
2024-02-16 03:00,1.012,0.607,0.057,9.156,1.280,0,0,0.997
2024-02-16 04:00,0.979,0.838,0.090,8.782,1.279,0,0,0.997
2024-02-16 05:00,0.983,1.316,0.084,8.410,1.278,0,0,0.997
2024-02-16 06:00,1.074,1.919,0.019,7.958,1.276,1.757,42.019,0.996
2024-02-16 07:00,1.263,2.560,0.002,7.443,1.273,10.428,186.804,0.996
2024-02-16 08:00,1.506,2.168,0.001,6.949,1.270,19.391,307.915,0.996
2024-02-16 09:00,1.904,0.625,0,6.492,1.266,29.385,390.128,0.998
2024-02-16 10:00,2.482,0.350,0,6.011,1.261,36.469,427.843,0.999
2024-02-16 11:00,2.575,1.095,0,5.572,1.259,27.164,418.465,0.997
2024-02-16 12:00,2.599,2.558,0,5.282,1.258,20.430,362.696,0.996
2024-02-16 13:00,2.721,1.898,0,5.016,1.256,18.891,264.362,0.995
2024-02-16 14:00,2.673,0.545,0,4.780,1.256,11.215,130.153,0.990
2024-02-16 15:00,2.553,0.299,0,4.596,1.255,0.549,8.736,0.987
2024-02-16 16:00,2.653,0.146,0,4.409,1.254,0,0,0.978
2024-02-16 17:00,2.738,0.288,0,4.212,1.253,0,0,0.984
2024-02-16 18:00,2.716,0.449,0,4.006,1.253,0,0,0.995
2024-02-16 19:00,2.523,1.260,0.003,3.826,1.253,0,0,0.996
2024-02-16 20:00,2.262,1.583,0.003,3.696,1.254,0,0,0.995
2024-02-16 21:00,2.143,0.162,0.001,3.591,1.254,0,0,0.993
2024-02-16 22:00,2.239,0.026,0.002,3.484,1.254,0,0,0.982
2024-02-16 23:00,2.122,0.048,0.003,3.375,1.255,0,0,0.970
2024-02-17 00:00,1.858,0.083,0.002,3.261,1.258,0,0,0.934
2024-02-17 01:00,1.410,0.081,0.002,3.128,1.263,0,0,0.665
2024-02-17 02:00,0.898,0.063,0.002,3.034,1.268,0,0,0.598
2024-02-17 03:00,0.588,0.082,0.018,2.987,1.272,0,0,0.641
2024-02-17 04:00,0.381,0.039,0.010,2.965,1.276,0,0,0.791
2024-02-17 05:00,0.215,0.009,0.005,2.954,1.279,0,0,0.854
2024-02-17 06:00,0.023,0.005,0.005,2.953,1.282,10.289,47.526,0.668
2024-02-17 07:00,0.025,0.002,0.001,2.950,1.285,84.338,194.403,0.195
2024-02-17 08:00,0.389,0,0,2.921,1.286,189.731,315.658,0.051
2024-02-17 09:00,0.929,0,0,2.798,1.285,267.528,397.878,0.020
2024-02-17 10:00,1.382,0,0,2.584,1.284,299.132,435.593,0.023
2024-02-17 11:00,1.641,0,0,2.349,1.284,287.835,426.222,0.042
2024-02-17 12:00,1.633,0,0,2.158,1.286,239.072,370.453,0.052
2024-02-17 13:00,1.316,0,0,2.047,1.289,163.140,271.987,0.053
2024-02-17 14:00,0.699,0.001,0,2.014,1.293,69.217,137.695,0.073
2024-02-17 15:00,-0.128,0.001,0,2.005,1.299,3.508,11.303,0.087
2024-02-17 16:00,-0.739,0,0,2.000,1.304,0,0,0.083
2024-02-17 17:00,-1.146,0,0,1.998,1.307,0,0,0.064
2024-02-17 18:00,-1.597,0,0,1.998,1.310,0,0,0.062
2024-02-17 19:00,-2.095,0,0,1.999,1.313,0,0,0.071
2024-02-17 20:00,-1.937,0,0,2.001,1.313,0,0,0.067
2024-02-17 21:00,-2.124,0,0,2.002,1.315,0,0,0.051
2024-02-17 22:00,-2.551,0,0,2.003,1.317,0,0,0.036
2024-02-17 23:00,-2.945,0,0,2.004,1.320,0,0,0.022
2024-02-18 00:00,-3.178,0,0,2.005,1.321,0,0,0.012
2024-02-18 01:00,-3.569,0,0,2.005,1.322,0,0,0.007
2024-02-18 02:00,-3.856,0,0,2.006,1.323,0,0,0.019
2024-02-18 03:00,-4.073,0,0,2.006,1.325,0,0,0.048
2024-02-18 04:00,-4.232,0,0,2.007,1.326,0,0,0.052
2024-02-18 05:00,-4.449,0,0,2.008,1.328,0,0,0.187
2024-02-18 06:00,-4.335,0,0,2.008,1.328,23.661,53.398,0.562
2024-02-18 07:00,-3.205,0,0,2.008,1.326,115.200,202.028,0.734
2024-02-18 08:00,-1.743,0,0,2.001,1.320,210.289,323.368,0.717
2024-02-18 09:00,-0.171,0,0,1.983,1.312,274.266,405.713,0.780
2024-02-18 10:00,0.749,0,0,1.912,1.306,272.579,443.468,0.827
2024-02-18 11:00,1.100,0,0,1.820,1.302,251.000,434.097,0.924
2024-02-18 12:00,1.180,0,0,1.734,1.300,204.782,378.203,0.975
2024-02-18 13:00,0.884,0,0,1.677,1.300,136.840,279.697,0.976
2024-02-18 14:00,0.057,0,0,1.663,1.301,56.015,145.298,0.978
2024-02-18 15:00,-0.769,0,0,1.663,1.302,3.357,14.222,0.984
2024-02-18 16:00,-0.984,0,0,1.664,1.304,0,0,0.992
2024-02-18 17:00,-1.050,0,0,1.664,1.304,0,0,0.994
2024-02-18 18:00,-1.054,0,0,1.665,1.303,0,0,0.988
2024-02-18 19:00,-1.177,0,0,1.665,1.302,0,0,0.980
2024-02-18 20:00,-1.100,0.002,0.002,1.667,1.301,0,0,0.983
2024-02-18 21:00,-0.953,0.015,0.013,1.674,1.300,0,0,0.984
2024-02-18 22:00,-0.748,0.076,0.074,1.717,1.299,0,0,0.990
2024-02-18 23:00,-0.519,0.174,0.161,1.835,1.297,0,0,0.992
2024-02-19 00:00,-0.367,0.312,0.277,2.054,1.295,0,0,0.994
2024-02-19 01:00,-0.268,0.442,0.389,2.387,1.294,0,0,0.994
2024-02-19 02:00,-0.195,0.593,0.529,2.839,1.293,0,0,0.997
2024-02-19 03:00,-0.102,0.702,0.635,3.427,1.291,0,0,0.997
2024-02-19 04:00,-0.018,0.762,0.692,4.085,1.290,0,0,0.997
2024-02-19 05:00,0.020,0.769,0.696,4.761,1.289,0,0,0.997
2024-02-19 06:00,0.056,0.735,0.663,5.405,1.289,3.392,59.640,0.996
2024-02-19 07:00,0.156,0.696,0.621,5.984,1.288,17.147,209.716,0.997
2024-02-19 08:00,0.276,0.629,0.540,6.463,1.287,32.199,331.165,0.998
2024-02-19 09:00,0.388,0.572,0.485,6.815,1.287,45.787,413.584,0.998
2024-02-19 10:00,0.481,0.546,0.415,7.086,1.286,52.591,451.343,0.998
2024-02-19 11:00,0.507,0.528,0.429,7.299,1.285,50.532,441.972,0.998
2024-02-19 12:00,0.497,0.532,0.447,7.561,1.285,39.669,386.078,0.998
2024-02-19 13:00,0.429,0.544,0.483,7.893,1.284,25.755,287.447,0.998
2024-02-19 14:00,0.319,0.543,0.486,8.293,1.284,11.351,152.927,0.998
2024-02-19 15:00,0.168,0.498,0.443,8.728,1.285,0.822,17.496,0.998
2024-02-19 16:00,0.066,0.405,0.356,9.117,1.285,0,0,0.998
2024-02-19 17:00,-0.003,0.279,0.235,9.397,1.285,0,0,0.998
2024-02-19 18:00,-0.052,0.176,0.147,9.572,1.285,0,0,0.997
2024-02-19 19:00,-0.113,0.127,0.110,9.687,1.285,0,0,0.994
2024-02-19 20:00,-0.174,0.102,0.090,9.780,1.285,0,0,0.992
2024-02-19 21:00,-0.295,0.074,0.064,9.852,1.285,0,0,0.984
2024-02-19 22:00,-0.475,0.063,0.054,9.908,1.285,0,0,0.951
2024-02-19 23:00,-0.696,0.065,0.057,9.963,1.286,0,0,0.868
2024-02-20 00:00,-0.965,0.060,0.054,10.019,1.287,0,0,0.752
2024-02-20 01:00,-1.170,0.043,0.037,10.065,1.287,0,0,0.730
2024-02-20 02:00,-1.361,0.029,0.025,10.095,1.288,0,0,0.732
2024-02-20 03:00,-1.582,0.037,0.032,10.125,1.290,0,0,0.747
2024-02-20 04:00,-1.824,0.030,0.025,10.155,1.291,0,0,0.727
2024-02-20 05:00,-2.055,0.017,0.013,10.175,1.293,0,0,0.692
2024-02-20 06:00,-2.306,0.019,0.014,10.189,1.294,13.968,66.281,0.687
2024-02-20 07:00,-1.798,0.021,0.015,10.202,1.295,59.787,217.485,0.662
2024-02-20 08:00,-1.006,0.022,0.017,10.200,1.293,118.380,338.996,0.581
2024-02-20 09:00,-0.192,0.018,0.017,10.161,1.289,161.535,421.459,0.573
2024-02-20 10:00,0.220,0.014,0.012,9.948,1.287,187.982,459.300,0.567
2024-02-20 11:00,0.499,0.011,0.009,9.555,1.285,188.832,449.928,0.557
2024-02-20 12:00,0.617,0.009,0.001,9.141,1.284,157.237,393.953,0.531
2024-02-20 13:00,0.595,0.005,0.001,8.842,1.283,118.428,295.318,0.490
2024-02-20 14:00,0.340,0.005,0.002,8.727,1.284,56.322,160.651,0.471
2024-02-20 15:00,-0.686,0.006,0.004,8.725,1.285,4.870,21.131,0.508
2024-02-20 16:00,-1.117,0.008,0.007,8.734,1.287,0,0,0.636
2024-02-20 17:00,-1.178,0.011,0.011,8.746,1.288,0,0,0.784
2024-02-20 18:00,-1.200,0.017,0.016,8.762,1.289,0,0,0.850
2024-02-20 19:00,-1.207,0.025,0.025,8.786,1.290,0,0,0.940
2024-02-20 20:00,-1.176,0.025,0.025,8.813,1.290,0,0,0.981
2024-02-20 21:00,-1.174,0.018,0.018,8.835,1.290,0,0,0.991
2024-02-20 22:00,-1.318,0.012,0.012,8.849,1.290,0,0,0.987
2024-02-20 23:00,-1.286,0.024,0.022,8.865,1.289,0,0,0.990
2024-02-21 00:00,-1.045,0.102,0.100,8.921,1.287,0,0,0.998
2024-02-21 01:00,-0.774,0.213,0.201,9.073,1.284,0,0,0.998
2024-02-21 02:00,-0.452,0.211,0.182,9.229,1.281,0,0,0.997
2024-02-21 03:00,0.004,0.108,0.086,9.271,1.277,0,0,0.998
2024-02-21 04:00,0.327,0.087,0.032,9.173,1.274,0,0,0.999
2024-02-21 05:00,0.561,0.156,0.058,8.896,1.272,0,0,1.000
2024-02-21 06:00,0.704,0.303,0.081,8.571,1.271,1.797,73.279,1.000
2024-02-21 07:00,0.771,0.452,0.077,8.291,1.270,8.000,225.255,0.999
2024-02-21 08:00,0.885,0.393,0.046,8.062,1.269,17.677,346.871,0.999
2024-02-21 09:00,1.060,0.256,0.005,7.829,1.267,26.685,429.459,0.998
2024-02-21 10:00,1.245,0.145,0,7.625,1.265,39.543,467.300,0.993
2024-02-21 11:00,1.375,0.106,0,7.414,1.263,46.364,457.928,0.981
2024-02-21 12:00,1.473,0.080,0,7.205,1.261,43.924,401.909,0.978
2024-02-21 13:00,1.443,0.073,0,7.038,1.260,31.613,303.153,0.968
2024-02-21 14:00,1.351,0.056,0,6.934,1.260,14.193,168.405,0.886
2024-02-21 15:00,1.093,0.026,0,6.897,1.260,2.555,25.123,0.720
2024-02-21 16:00,0.735,0.014,0,6.896,1.261,0,0,0.638
2024-02-21 17:00,0.523,0.007,0,6.899,1.262,0,0,0.568
2024-02-21 18:00,0.541,0.003,0,6.901,1.262,0,0,0.575
2024-02-21 19:00,0.445,0.005,0,6.902,1.263,0,0,0.731
2024-02-21 20:00,0.005,0.016,0.001,6.904,1.265,0,0,0.919
2024-02-21 21:00,0.203,0.026,0.003,6.906,1.267,0,0,0.972
2024-02-21 22:00,0.217,0.013,0.002,6.906,1.268,0,0,0.982
2024-02-21 23:00,-0.263,0.007,0.006,6.910,1.269,0,0,0.986
2024-02-22 00:00,-0.500,0.009,0.009,6.918,1.271,0,0,0.995
2024-02-22 01:00,-0.432,0.018,0.016,6.931,1.271,0,0,0.999
2024-02-22 02:00,-0.172,0.033,0.029,6.954,1.271,0,0,0.999
2024-02-22 03:00,0.087,0.020,0.017,6.976,1.269,0,0,0.998
2024-02-22 04:00,0.243,0.006,0.004,6.965,1.267,0,0,0.998
2024-02-22 05:00,0.337,0.004,0.002,6.908,1.266,0.001,0.019,0.999
2024-02-22 06:00,0.420,0.006,0.004,6.813,1.265,9.365,80.659,0.999
2024-02-22 07:00,0.590,0.007,0.002,6.646,1.265,33.438,233.108,1.000
2024-02-22 08:00,0.811,0.009,0,6.385,1.264,54.783,354.820,1.000
2024-02-22 09:00,1.052,0.010,0,6.070,1.262,61.977,437.419,1.000
2024-02-22 10:00,1.290,0.012,0,5.731,1.259,68.192,475.300,1.000
2024-02-22 11:00,1.511,0.023,0,5.379,1.257,47.585,465.928,1.000
2024-02-22 12:00,1.729,0.041,0,4.992,1.254,45.340,409.909,0.999
2024-02-22 13:00,1.825,0.064,0,4.669,1.252,32.915,311.028,0.999
2024-02-22 14:00,1.844,0.090,0,4.390,1.251,16.079,176.217,0.999
2024-02-22 15:00,1.784,0.136,0,4.135,1.251,1.778,29.490,0.999
2024-02-22 16:00,1.702,0.179,0,3.882,1.251,0,0,1.000
2024-02-22 17:00,1.609,0.176,0,3.629,1.251,0,0,1.000
2024-02-22 18:00,1.545,0.167,0,3.388,1.251,0,0,0.999
2024-02-22 19:00,1.576,0.179,0,3.165,1.249,0,0,1.000
2024-02-22 20:00,1.672,0.198,0,2.955,1.248,0,0,0.999
2024-02-22 21:00,1.767,0.219,0,2.759,1.246,0,0,0.995
2024-02-22 22:00,1.812,0.239,0,2.582,1.245,0,0,0.979
2024-02-22 23:00,1.841,0.207,0,2.418,1.244,0,0,0.963
2024-02-23 00:00,1.862,0.145,0,2.250,1.243,0,0,0.979
2024-02-23 01:00,1.906,0.100,0,2.077,1.241,0,0,0.994
2024-02-23 02:00,2.005,0.087,0,1.907,1.239,0,0,0.996
2024-02-23 03:00,2.170,0.133,0,1.744,1.237,0,0,0.997
2024-02-23 04:00,2.285,0.247,0,1.596,1.236,0,0,0.995
2024-02-23 05:00,2.394,0.168,0,1.449,1.234,0,0.129,0.997
2024-02-23 06:00,2.647,0.289,0,1.285,1.232,3.041,88.337,0.999
2024-02-23 07:00,2.901,0.529,0,1.102,1.230,9.988,240.963,0.997
2024-02-23 08:00,3.035,0.455,0,0.930,1.229,24.669,362.820,0.994
2024-02-23 09:00,3.118,0.115,0,0.797,1.229,35.552,445.419,0.993
2024-02-23 10:00,3.411,0.020,0,0.697,1.229,61.858,483.381,0.964
2024-02-23 11:00,3.827,0.007,0,0.607,1.228,130.686,474.003,0.791
2024-02-23 12:00,4.106,0.006,0,0.516,1.228,165.443,417.909,0.507
2024-02-23 13:00,4.154,0.003,0,0.441,1.229,135.545,319.028,0.230
2024-02-23 14:00,3.938,0.002,0,0.390,1.232,90.450,184.071,0.087
2024-02-23 15:00,3.493,0.003,0,0.352,1.236,10.880,34.235,0.169
2024-02-23 16:00,3.225,0.004,0,0.319,1.239,0,0,0.172
2024-02-23 17:00,3.042,0.003,0,0.292,1.242,0,0,0.105
2024-02-23 18:00,2.834,0.002,0,0.273,1.244,0,0,0.065
2024-02-23 19:00,2.438,0.001,0,0.260,1.248,0,0,0.061
2024-02-23 20:00,1.848,0.001,0,0.253,1.253,0,0,0.214
2024-02-23 21:00,1.562,0.001,0,0.247,1.257,0,0,0.354
2024-02-23 22:00,1.328,0.002,0,0.242,1.260,0,0,0.537
2024-02-23 23:00,1.120,0.003,0,0.237,1.263,0,0,0.709
2024-02-24 00:00,0.863,0.007,0.005,0.235,1.265,0,0,0.775
2024-02-24 01:00,0.596,0.013,0.013,0.243,1.267,0,0,0.811
2024-02-24 02:00,0.371,0.012,0.012,0.255,1.269,0,0,0.856
2024-02-24 03:00,0.566,0.003,0.003,0.261,1.269,0,0,0.932
2024-02-24 04:00,0.691,0.002,0.002,0.261,1.267,0,0,0.938
2024-02-24 05:00,0.871,0.002,0.002,0.260,1.266,0.064,0.504,0.984
2024-02-24 06:00,1.247,0.001,0.001,0.258,1.264,20.139,96.114,0.993
2024-02-24 07:00,1.591,0,0,0.255,1.264,61.880,248.898,0.995
2024-02-24 08:00,2.128,0,0,0.250,1.261,94.727,370.820,0.994
2024-02-24 09:00,2.562,0,0,0.243,1.259,113.772,453.534,0.993
2024-02-24 10:00,2.874,0.001,0,0.237,1.257,118.313,491.506,0.993
2024-02-24 11:00,2.944,0.004,0,0.231,1.256,104.970,482.010,0.993
2024-02-24 12:00,2.678,0.015,0,0.226,1.255,80.300,425.983,0.994
2024-02-24 13:00,2.203,0.037,0,0.222,1.255,52.212,326.985,0.995
2024-02-24 14:00,1.616,0.056,0,0.220,1.255,24.249,191.983,0.995
2024-02-24 15:00,1.151,0.052,0,0.220,1.256,3.527,39.340,0.997
2024-02-24 16:00,1.158,0.031,0,0.219,1.257,0,0,0.998
2024-02-24 17:00,1.319,0.015,0.001,0.219,1.258,0,0,0.999
2024-02-24 18:00,1.671,0.007,0,0.217,1.259,0,0,0.998
2024-02-24 19:00,1.643,0.005,0,0.216,1.261,0,0,0.994
2024-02-24 20:00,1.411,0.005,0,0.215,1.263,0,0,0.966
2024-02-24 21:00,1.158,0.008,0.001,0.215,1.267,0,0,0.943
2024-02-24 22:00,0.977,0.010,0.001,0.215,1.270,0,0,0.921
2024-02-24 23:00,0.996,0.007,0.002,0.215,1.270,0,0,0.925
2024-02-25 00:00,0.952,0.008,0.004,0.217,1.271,0,0,0.960
2024-02-25 01:00,0.907,0.012,0.004,0.219,1.272,0,0,0.997
2024-02-25 02:00,0.681,0.026,0.007,0.224,1.274,0,0,0.999
2024-02-25 03:00,0.725,0.036,0.009,0.230,1.274,0,0,0.999
2024-02-25 04:00,0.771,0.067,0.022,0.244,1.273,0,0,0.997
2024-02-25 05:00,0.738,0.073,0.020,0.265,1.274,0.049,1.212,0.994
2024-02-25 06:00,0.734,0.040,0.006,0.274,1.274,8.603,103.976,0.992
2024-02-25 07:00,0.951,0.023,0,0.272,1.273,28.477,256.873,0.990
2024-02-25 08:00,1.385,0.024,0,0.265,1.271,43.649,378.827,0.986
2024-02-25 09:00,1.812,0.023,0,0.257,1.269,47.891,461.615,0.977
2024-02-25 10:00,2.123,0.017,0,0.247,1.268,67.566,499.513,0.922
2024-02-25 11:00,2.450,0.009,0,0.236,1.267,108.868,490.135,0.832
2024-02-25 12:00,2.803,0.006,0,0.226,1.265,122.189,433.990,0.756
2024-02-25 13:00,2.980,0.005,0,0.217,1.264,99.041,334.985,0.681
2024-02-25 14:00,2.884,0.004,0,0.211,1.264,56.408,199.898,0.698
2024-02-25 15:00,2.503,0.003,0,0.208,1.265,9.433,44.824,0.795
2024-02-25 16:00,2.119,0.002,0,0.206,1.267,0,0,0.969
2024-02-25 17:00,1.754,0.001,0,0.205,1.269,0,0,0.976
2024-02-25 18:00,1.250,0.002,0,0.205,1.270,0,0,0.965
2024-02-25 19:00,1.480,0.006,0,0.204,1.271,0,0,0.970
2024-02-25 20:00,1.713,0.007,0.001,0.203,1.270,0,0,0.996
2024-02-25 21:00,1.722,0.011,0.001,0.203,1.270,0,0,0.999
2024-02-25 22:00,1.454,0.011,0.003,0.204,1.270,0,0,0.997
2024-02-25 23:00,1.274,0.014,0.004,0.208,1.269,0,0,0.993
2024-02-26 00:00,1.251,0.023,0.005,0.212,1.269,0,0,0.987
2024-02-26 01:00,1.172,0.027,0.003,0.214,1.269,0,0,0.980
2024-02-26 02:00,1.070,0.028,0.003,0.217,1.269,0,0,0.989
2024-02-26 03:00,1.068,0.024,0.004,0.219,1.269,0,0,0.994
2024-02-26 04:00,1.211,0.016,0.004,0.223,1.269,0,0,0.998
2024-02-26 05:00,1.328,0.018,0.006,0.226,1.269,0.176,2.272,0.990
2024-02-26 06:00,1.639,0.031,0.011,0.233,1.270,17.256,111.870,0.958
2024-02-26 07:00,2.001,0.051,0.013,0.241,1.272,51.322,264.836,0.959
2024-02-26 08:00,2.144,0.072,0.004,0.243,1.273,81.590,386.902,0.960
2024-02-26 09:00,2.461,0.080,0,0.238,1.272,104.025,469.740,0.949
2024-02-26 10:00,3.031,0.075,0,0.229,1.270,135.461,507.716,0.890
2024-02-26 11:00,3.417,0.078,0,0.221,1.268,137.933,498.260,0.914
2024-02-26 12:00,3.609,0.096,0,0.213,1.267,116.131,442.115,0.911
2024-02-26 13:00,3.551,0.130,0,0.207,1.267,80.863,342.992,0.900
2024-02-26 14:00,3.106,0.175,0,0.203,1.267,40.444,207.839,0.918
2024-02-26 15:00,2.471,0.210,0,0.202,1.268,6.692,50.677,0.908
2024-02-26 16:00,2.166,0.220,0,0.201,1.270,0,0,0.915
2024-02-26 17:00,2.056,0.227,0.004,0.203,1.272,0,0,0.931
2024-02-26 18:00,2.090,0.230,0.002,0.205,1.273,0,0,0.927
2024-02-26 19:00,2.155,0.232,0.001,0.207,1.274,0,0,0.913
2024-02-26 20:00,1.980,0.232,0.001,0.207,1.276,0,0,0.895
2024-02-26 21:00,1.641,0.170,0,0.208,1.277,0,0,0.824
2024-02-26 22:00,1.433,0.112,0,0.209,1.279,0,0,0.789
2024-02-26 23:00,1.324,0.058,0,0.209,1.279,0,0,0.791
2024-02-27 00:00,1.321,0.024,0,0.210,1.280,0,0,0.756
2024-02-27 01:00,1.394,0.019,0,0.210,1.281,0,0,0.750
2024-02-27 02:00,1.422,0.019,0.001,0.210,1.281,0,0,0.716
2024-02-27 03:00,1.341,0.025,0.001,0.211,1.282,0,0,0.691
2024-02-27 04:00,1.133,0.029,0.003,0.213,1.284,0,0,0.673
2024-02-27 05:00,0.876,0.029,0.003,0.216,1.286,0.606,3.683,0.773
2024-02-27 06:00,0.793,0.029,0.004,0.218,1.288,30.251,119.797,0.789
2024-02-27 07:00,0.792,0.039,0.023,0.226,1.291,79.347,272.796,0.785
2024-02-27 08:00,0.640,0.043,0.034,0.255,1.293,129.510,394.952,0.817
2024-02-27 09:00,1.054,0.031,0.021,0.272,1.291,162.874,477.865,0.855
2024-02-27 10:00,1.563,0.027,0.001,0.266,1.288,186.204,515.877,0.817
2024-02-27 11:00,2.033,0.025,0.001,0.253,1.285,195.340,506.455,0.662
2024-02-27 12:00,2.416,0.023,0.001,0.241,1.283,206.150,450.200,0.774
2024-02-27 13:00,2.437,0.022,0.001,0.232,1.282,125.192,351.110,0.796
2024-02-27 14:00,2.195,0.024,0.002,0.227,1.282,63.794,215.839,0.800
2024-02-27 15:00,1.327,0.022,0.001,0.226,1.282,13.183,56.926,0.769
2024-02-27 16:00,0.674,0.022,0.001,0.227,1.283,0,0,0.748
2024-02-27 17:00,0.551,0.022,0.001,0.227,1.284,0,0,0.741
2024-02-27 18:00,0.419,0.022,0.001,0.228,1.285,0,0,0.727
2024-02-27 19:00,0.364,0.019,0.001,0.229,1.286,0,0,0.678
2024-02-27 20:00,0.299,0.015,0.001,0.230,1.287,0,0,0.624
2024-02-27 21:00,0.225,0.014,0.003,0.231,1.289,0,0,0.582
2024-02-27 22:00,0.098,0.015,0.008,0.237,1.290,0,0,0.601
2024-02-27 23:00,0.048,0.017,0.012,0.247,1.291,0,0,0.657
2024-02-28 00:00,0.025,0.020,0.018,0.262,1.291,0,0,0.693
2024-02-28 01:00,-0.027,0.021,0.019,0.280,1.292,0,0,0.757
2024-02-28 02:00,-0.054,0.022,0.020,0.300,1.292,0,0,0.834
2024-02-28 03:00,-0.032,0.020,0.019,0.319,1.291,0,0,0.881
2024-02-28 04:00,-0,0.020,0.017,0.336,1.291,0,0,0.905
2024-02-28 05:00,0,0.018,0.015,0.352,1.291,0.752,5.449,0.901
2024-02-28 06:00,0.167,0.015,0.012,0.365,1.290,31.720,127.763,0.885
2024-02-28 07:00,0.687,0.010,0.005,0.370,1.288,92.854,280.917,0.899
2024-02-28 08:00,1.298,0.007,0,0.359,1.285,156.832,403.034,0.851
2024-02-28 09:00,1.780,0.011,0,0.340,1.283,219.657,485.997,0.952
2024-02-28 10:00,1.944,0.014,0,0.320,1.282,203.300,524.040,0.989
2024-02-28 11:00,2.066,0.010,0,0.301,1.281,186.436,514.551,0.907
2024-02-28 12:00,2.206,0.010,0,0.284,1.280,189.696,458.325,0.677
2024-02-28 13:00,2.179,0.013,0,0.272,1.279,145.372,359.191,0.490
2024-02-28 14:00,1.887,0.018,0,0.264,1.279,86.969,223.876,0.445
2024-02-28 15:00,1.355,0.012,0,0.262,1.281,15.644,63.551,0.459
2024-02-28 16:00,1.145,0.004,0,0.260,1.282,0,0,0.385
2024-02-28 17:00,1.250,0.001,0,0.257,1.281,0,0,0.280
2024-02-28 18:00,1.083,0.002,0,0.255,1.281,0,0,0.332
2024-02-28 19:00,0.958,0.004,0,0.253,1.283,0,0,0.773
2024-02-28 20:00,0.916,0.007,0.002,0.252,1.284,0,0,0.935
2024-02-28 21:00,0.860,0.013,0.009,0.257,1.286,0,0,0.903
2024-02-28 22:00,1.038,0.007,0.001,0.256,1.285,0,0,0.886
2024-02-28 23:00,1.094,0.008,0.001,0.252,1.285,0,0,0.904
2024-02-29 00:00,1.144,0.009,0,0.249,1.285,0,0,0.968
2024-02-29 01:00,1.156,0.009,0.001,0.245,1.285,0,0,0.973
2024-02-29 02:00,1.081,0.012,0,0.243,1.285,0,0,0.977
2024-02-29 03:00,1.060,0.017,0,0.240,1.285,0,0,0.994
2024-02-29 04:00,1.074,0.022,0,0.237,1.285,0,0,0.993
2024-02-29 05:00,1.127,0.023,0,0.233,1.284,0.588,7.579,0.992
2024-02-29 06:00,1.350,0.014,0,0.228,1.283,21.674,135.761,0.989
2024-02-29 07:00,1.845,0.006,0,0.220,1.281,75.837,288.992,0.980
2024-02-29 08:00,2.405,0.004,0,0.209,1.278,152.561,411.159,0.981
2024-02-29 09:00,3.058,0.003,0,0.194,1.275,220.256,494.122,0.972
2024-02-29 10:00,3.689,0.001,0,0.175,1.272,279.871,532.134,0.972
2024-02-29 11:00,4.084,0.001,0,0.158,1.269,274.197,522.719,0.971
2024-02-29 12:00,4.132,0.007,0,0.144,1.268,208.175,466.450,0.977
2024-02-29 13:00,3.825,0.011,0,0.134,1.269,123.747,367.316,0.984
2024-02-29 14:00,3.344,0.006,0,0.126,1.270,70.500,231.917,0.982
2024-02-29 15:00,2.643,0.001,0,0.122,1.274,19.405,70.551,0.972
2024-02-29 16:00,1.833,0,0,0.119,1.278,0,0,0.971
2024-02-29 17:00,1.427,0.002,0,0.117,1.280,0,0,0.969
2024-02-29 18:00,1.241,0.003,0,0.115,1.282,0,0,0.975
2024-02-29 19:00,1.140,0.006,0,0.114,1.282,0,0,0.977
2024-02-29 20:00,1.082,0.012,0,0.113,1.283,0,0,0.982
2024-02-29 21:00,1.076,0.017,0,0.112,1.283,0,0,0.987
2024-02-29 22:00,1.115,0.021,0,0.111,1.283,0,0,0.988
2024-02-29 23:00,1.190,0.018,0,0.110,1.282,0,0,0.988
2024-03-01 00:00,1.371,0.013,0.001,0.110,1.281,0,0,0.981
2024-03-01 01:00,1.559,0.009,0,0.109,1.279,0,0,0.980
2024-03-01 02:00,1.688,0.004,0,0.109,1.279,0,0,0.986
2024-03-01 03:00,1.612,0.014,0.001,0.108,1.279,0,0,0.978
2024-03-01 04:00,1.543,0.022,0.001,0.108,1.281,0,0,0.977
2024-03-01 05:00,1.505,0.032,0.001,0.108,1.281,0.793,10.076,0.959
2024-03-01 06:00,1.741,0.058,0.001,0.109,1.280,15.591,143.765,0.958
2024-03-01 07:00,2.238,0.087,0,0.108,1.277,37.694,296.999,0.939
2024-03-01 08:00,2.537,0.120,0,0.107,1.276,50.449,419.284,0.925
2024-03-01 09:00,2.679,0.106,0,0.105,1.275,57.516,502.321,0.937
2024-03-01 10:00,2.721,0.094,0,0.103,1.275,58.742,540.304,0.948
2024-03-01 11:00,2.711,0.063,0,0.101,1.275,54.107,530.955,0.948
2024-03-01 12:00,2.670,0.047,0,0.099,1.275,52.109,474.657,0.952
2024-03-01 13:00,2.621,0.026,0,0.095,1.274,47.005,375.437,0.887
2024-03-01 14:00,2.607,0.017,0,0.094,1.274,36.350,239.963,0.827
2024-03-01 15:00,2.600,0.025,0,0.093,1.273,8.618,77.922,0.922
2024-03-01 16:00,2.652,0.036,0,0.092,1.273,0,0.002,0.947
2024-03-01 17:00,2.663,0.026,0,0.088,1.273,0,0,0.875
2024-03-01 18:00,2.720,0.015,0,0.085,1.272,0,0,0.879
2024-03-01 19:00,2.857,0.011,0,0.084,1.271,0,0,0.952
2024-03-01 20:00,3.081,0.009,0,0.084,1.269,0,0,0.949
2024-03-01 21:00,3.022,0.008,0,0.084,1.270,0,0,0.853
2024-03-01 22:00,2.942,0.010,0,0.083,1.271,0,0,0.870
2024-03-01 23:00,2.797,0.017,0,0.083,1.272,0,0,0.938
2024-03-02 00:00,2.619,0.020,0,0.083,1.274,0,0,0.983
2024-03-02 01:00,2.350,0.032,0,0.082,1.276,0,0,0.988
2024-03-02 02:00,2.066,0.046,0,0.082,1.278,0,0,0.992
2024-03-02 03:00,1.906,0.053,0,0.082,1.279,0,0,0.999
2024-03-02 04:00,1.911,0.053,0,0.081,1.279,0,0,0.999
2024-03-02 05:00,1.975,0.054,0,0.081,1.279,0.372,12.935,1.000
2024-03-02 06:00,2.120,0.049,0,0.081,1.278,7.378,151.807,1.000
2024-03-02 07:00,2.337,0.047,0,0.080,1.278,19.040,305.124,1.000
2024-03-02 08:00,2.551,0.076,0,0.080,1.277,28.182,427.483,1.000
2024-03-02 09:00,2.726,0.181,0,0.079,1.276,37.701,510.457,0.999
2024-03-02 10:00,2.855,0.238,0,0.078,1.275,53.142,548.554,0.990
2024-03-02 11:00,2.953,0.117,0,0.076,1.275,71.593,539.125,0.970
2024-03-02 12:00,2.880,0.052,0,0.075,1.276,58.285,482.822,0.969
2024-03-02 13:00,2.673,0.042,0,0.074,1.277,35.656,383.522,0.994
2024-03-02 14:00,2.497,0.046,0,0.074,1.278,18.068,248.026,0.998
2024-03-02 15:00,2.365,0.058,0,0.073,1.278,4.784,85.662,0.997
2024-03-02 16:00,2.295,0.047,0,0.073,1.279,0,0.025,0.975
2024-03-02 17:00,2.290,0.047,0,0.073,1.279,0,0,0.989
2024-03-02 18:00,2.367,0.052,0,0.073,1.279,0,0,0.998
2024-03-02 19:00,2.456,0.048,0,0.073,1.278,0,0,0.998
2024-03-02 20:00,2.478,0.045,0,0.072,1.279,0,0,0.998
2024-03-02 21:00,2.438,0.043,0,0.072,1.279,0,0,0.998
2024-03-02 22:00,2.431,0.039,0,0.072,1.279,0,0,0.999
2024-03-02 23:00,2.358,0.035,0,0.072,1.280,0,0,0.999
2024-03-03 00:00,2.250,0.038,0,0.072,1.281,0,0,0.999
2024-03-03 01:00,2.157,0.055,0,0.071,1.282,0,0,0.999
2024-03-03 02:00,2.076,0.085,0,0.071,1.282,0,0,1.000
2024-03-03 03:00,1.895,0.097,0,0.071,1.284,0,0,0.999
2024-03-03 04:00,1.723,0.077,0,0.071,1.285,0,0,0.999
2024-03-03 05:00,1.459,0.041,0,0.071,1.287,1.251,16.157,0.999
2024-03-03 06:00,1.388,0.023,0,0.070,1.288,19.262,159.905,0.998
2024-03-03 07:00,1.691,0.028,0,0.070,1.287,46.681,313.249,0.998
2024-03-03 08:00,1.988,0.031,0,0.069,1.285,73.499,435.608,0.998
2024-03-03 09:00,2.277,0.022,0,0.068,1.284,91.943,518.699,0.996
2024-03-03 10:00,2.673,0.016,0,0.067,1.282,109.590,556.783,0.995
2024-03-03 11:00,3.034,0.009,0,0.066,1.280,122.057,547.368,0.994
2024-03-03 12:00,3.350,0.005,0,0.065,1.279,128.635,491.028,0.981
2024-03-03 13:00,3.501,0.003,0,0.063,1.277,113.978,391.647,0.963
2024-03-03 14:00,3.358,0.003,0,0.063,1.277,75.323,256.143,0.944
2024-03-03 15:00,2.785,0.001,0,0.062,1.279,23.693,93.657,0.923
2024-03-03 16:00,2.062,0.001,0,0.062,1.283,0.023,0.180,0.938
2024-03-03 17:00,1.754,0.003,0,0.062,1.286,0,0,0.899
2024-03-03 18:00,1.517,0.008,0,0.062,1.288,0,0,0.912
2024-03-03 19:00,1.300,0.010,0,0.062,1.289,0,0,0.930
2024-03-03 20:00,1.123,0.016,0,0.062,1.291,0,0,0.942
2024-03-03 21:00,1.036,0.016,0,0.062,1.291,0,0,0.956
2024-03-03 22:00,0.996,0.013,0,0.062,1.292,0,0,0.954
2024-03-03 23:00,0.913,0.014,0,0.062,1.292,0,0,0.935
2024-03-04 00:00,0.860,0.013,0,0.063,1.292,0,0,0.926
2024-03-04 01:00,0.821,0.012,0.003,0.063,1.293,0,0,0.927
2024-03-04 02:00,0.798,0.014,0.005,0.064,1.293,0,0,0.954
2024-03-04 03:00,0.727,0.021,0.006,0.065,1.295,0,0,0.967
2024-03-04 04:00,0.616,0.032,0.017,0.067,1.296,0,0,0.956
2024-03-04 05:00,0.526,0.036,0.026,0.069,1.297,2.586,19.744,0.950
2024-03-04 06:00,0.593,0.036,0.026,0.070,1.298,33.299,167.948,0.934
2024-03-04 07:00,0.780,0.029,0.007,0.068,1.298,86.304,321.330,0.869
2024-03-04 08:00,1.203,0.022,0.003,0.067,1.298,144.459,443.740,0.880
2024-03-04 09:00,1.764,0.008,0.002,0.066,1.296,189.449,526.855,0.583
2024-03-04 10:00,2.734,0.001,0,0.063,1.292,334.070,564.953,0.211
2024-03-04 11:00,3.643,0,0,0.060,1.288,377.615,555.469,0.225
2024-03-04 12:00,3.956,0,0,0.058,1.286,340.668,499.153,0.140
2024-03-04 13:00,3.755,0,0,0.056,1.285,257.043,399.779,0.254
2024-03-04 14:00,2.938,0,0,0.055,1.288,143.444,264.266,0.537
2024-03-04 15:00,1.384,0,0,0.055,1.294,38.535,101.709,0.793
2024-03-04 16:00,0.017,0.003,0.003,0.056,1.301,0.127,0.638,0.934
2024-03-04 17:00,-0.383,0.009,0.008,0.056,1.306,0,0,0.941
2024-03-04 18:00,-0.844,0.012,0.012,0.057,1.310,0,0,0.805
2024-03-04 19:00,-1.043,0.017,0.017,0.057,1.311,0,0,0.660
2024-03-04 20:00,-1.068,0.023,0.023,0.058,1.312,0,0,0.633
2024-03-04 21:00,-0.979,0.023,0.023,0.059,1.311,0,0,0.650
2024-03-04 22:00,-0.712,0.020,0.019,0.059,1.310,0,0,0.623
2024-03-04 23:00,-0.263,0.017,0.017,0.059,1.308,0,0,0.613
2024-03-05 00:00,0.031,0.017,0.017,0.060,1.306,0,0,0.638
2024-03-05 01:00,0.213,0.023,0.023,0.061,1.306,0,0,0.748
2024-03-05 02:00,0.271,0.035,0.035,0.063,1.306,0,0,0.807
2024-03-05 03:00,0.286,0.035,0.035,0.064,1.306,0,0,0.803
2024-03-05 04:00,0.248,0.039,0.038,0.065,1.306,0,0,0.768
2024-03-05 05:00,0.172,0.043,0.042,0.066,1.307,4.287,23.706,0.685
2024-03-05 06:00,0.247,0.040,0.039,0.066,1.308,52.983,176.071,0.667
2024-03-05 07:00,0.410,0.029,0.028,0.066,1.308,119.801,329.455,0.714
2024-03-05 08:00,0.735,0.020,0.017,0.064,1.308,186.160,451.939,0.568
2024-03-05 09:00,1.317,0.007,0.003,0.061,1.306,276.822,534.949,0.245
2024-03-05 10:00,2.000,0.005,0,0.058,1.304,360.883,573.054,0.217
2024-03-05 11:00,2.467,0,0,0.055,1.302,381.109,563.639,0.112
2024-03-05 12:00,2.671,0,0,0.052,1.300,352.029,507.359,0.037
2024-03-05 13:00,2.548,0.001,0,0.050,1.299,273.619,407.979,0.132
2024-03-05 14:00,2.065,0.006,0,0.050,1.300,148.574,272.398,0.324
2024-03-05 15:00,1.397,0.012,0,0.049,1.302,41.087,109.812,0.507
2024-03-05 16:00,0.850,0.015,0,0.049,1.305,0.235,1.451,0.581
2024-03-05 17:00,0.598,0.009,0.002,0.050,1.307,0,0,0.528
2024-03-05 18:00,0.335,0.003,0.002,0.050,1.308,0,0,0.321
2024-03-05 19:00,-0.301,0,0,0.049,1.311,0,0,0.166
2024-03-05 20:00,-0.812,0.002,0.002,0.050,1.313,0,0,0.337
2024-03-05 21:00,-1.046,0.009,0.009,0.050,1.317,0,0,0.558
2024-03-05 22:00,-1.066,0.007,0.007,0.050,1.318,0,0,0.354
2024-03-05 23:00,-1.610,0.006,0.006,0.051,1.318,0,0,0.471
2024-03-06 00:00,-1.480,0.009,0.009,0.051,1.319,0,0,0.514
2024-03-06 01:00,-1.507,0.009,0.009,0.051,1.320,0,0,0.538
2024-03-06 02:00,-1.619,0.011,0.011,0.052,1.321,0,0,0.574
2024-03-06 03:00,-1.597,0.011,0.011,0.052,1.321,0,0,0.546
2024-03-06 04:00,-1.508,0.011,0.011,0.052,1.320,0,0,0.567
2024-03-06 05:00,-1.377,0.012,0.012,0.053,1.320,7.684,28.035,0.604
2024-03-06 06:00,-0.926,0.007,0.007,0.052,1.319,72.047,184.174,0.444
2024-03-06 07:00,-0.078,0.001,0.001,0.052,1.316,189.776,337.654,0.135
2024-03-06 08:00,1.169,0,0,0.051,1.312,318.916,460.071,0.016
2024-03-06 09:00,2.197,0,0,0.050,1.308,394.125,543.119,0.001
2024-03-06 10:00,2.916,0,0,0.048,1.304,427.916,581.297,0
2024-03-06 11:00,3.414,0,0,0.045,1.301,420.242,571.868,0
2024-03-06 12:00,3.608,0,0,0.042,1.300,372.490,515.528,0
2024-03-06 13:00,3.469,0,0,0.040,1.299,288.763,416.104,0
2024-03-06 14:00,2.779,0,0,0.039,1.299,178.576,280.523,0
2024-03-06 15:00,1.291,0,0,0.039,1.301,61.027,117.905,0
2024-03-06 16:00,0.167,0,0,0.039,1.302,0.711,2.628,0
2024-03-06 17:00,-0.257,0,0,0.039,1.304,0,0,0
2024-03-06 18:00,-0.290,0,0,0.039,1.306,0,0,0
2024-03-06 19:00,-0.029,0,0,0.039,1.308,0,0,0
2024-03-06 20:00,0.202,0,0,0.039,1.309,0,0,0
2024-03-06 21:00,0.008,0,0,0.039,1.310,0,0,0
2024-03-06 22:00,-0.565,0,0,0.039,1.312,0,0,0
2024-03-06 23:00,-1.262,0,0,0.039,1.314,0,0,0.001
2024-03-07 00:00,-1.885,0,0,0.039,1.316,0,0,0.004
2024-03-07 01:00,-2.334,0,0,0.039,1.317,0,0,0.006
2024-03-07 02:00,-2.602,0,0,0.039,1.318,0,0,0.036
2024-03-07 03:00,-2.605,0,0,0.039,1.319,0,0,0.127
2024-03-07 04:00,-2.539,0,0,0.039,1.319,0,0,0.204
2024-03-07 05:00,-2.185,0.001,0.001,0.039,1.319,12.551,32.738,0.304
2024-03-07 06:00,-0.931,0,0,0.039,1.317,92.572,192.279,0.110
2024-03-07 07:00,0.278,0,0,0.039,1.312,232.416,345.786,0
2024-03-07 08:00,2.099,0,0,0.039,1.302,335.414,468.271,0
2024-03-07 09:00,3.388,0,0,0.038,1.295,408.036,551.369,0
2024-03-07 10:00,4.600,0,0,0.035,1.288,440.970,589.453,0
2024-03-07 11:00,5.361,0,0,0.032,1.283,432.446,580.038,0
2024-03-07 12:00,5.682,0,0,0.030,1.280,383.790,523.691,0
2024-03-07 13:00,5.544,0,0,0.027,1.278,298.682,424.236,0
2024-03-07 14:00,4.543,0,0,0.027,1.278,187.057,288.648,0
2024-03-07 15:00,2.923,0,0,0.027,1.278,67.253,126.029,0
2024-03-07 16:00,1.617,0,0,0.027,1.278,1.257,4.173,0
2024-03-07 17:00,0.773,0,0,0.027,1.280,0,0,0
2024-03-07 18:00,0.103,0,0,0.027,1.282,0,0,0
2024-03-07 19:00,-0.307,0,0,0.027,1.286,0,0,0
2024-03-07 20:00,-0.545,0,0,0.027,1.290,0,0,0
2024-03-07 21:00,-0.886,0,0,0.027,1.295,0,0,0
2024-03-07 22:00,-1.242,0,0,0.027,1.299,0,0,0.002
2024-03-07 23:00,-1.435,0,0,0.027,1.302,0,0,0.012
2024-03-08 00:00,-1.582,0,0,0.027,1.304,0,0,0.062
2024-03-08 01:00,-1.711,0.001,0.001,0.027,1.307,0,0,0.261
2024-03-08 02:00,-1.421,0.007,0.007,0.028,1.309,0,0,0.579
2024-03-08 03:00,-1.115,0.016,0.016,0.029,1.310,0,0,0.725
2024-03-08 04:00,-1.022,0.025,0.025,0.030,1.309,0,0,0.706
2024-03-08 05:00,-0.992,0.020,0.020,0.030,1.309,10.436,37.800,0.712
2024-03-08 06:00,-0.843,0.015,0.015,0.030,1.309,73.566,200.402,0.667
2024-03-08 07:00,-0.201,0.007,0.007,0.029,1.307,160.790,353.911,0.476
2024-03-08 08:00,1.173,0.001,0,0.028,1.301,302.860,476.396,0.206
2024-03-08 09:00,2.486,0,0,0.026,1.295,404.914,559.598,0.051
2024-03-08 10:00,3.280,0,0,0.023,1.290,440.141,597.695,0.072
2024-03-08 11:00,3.734,0,0,0.021,1.287,431.372,588.132,0.222
2024-03-08 12:00,3.890,0,0,0.019,1.285,381.433,531.778,0.287
2024-03-08 13:00,3.669,0,0,0.017,1.285,296.132,432.435,0.286
2024-03-08 14:00,2.926,0,0,0.016,1.286,183.447,296.769,0.392
2024-03-08 15:00,0.989,0,0,0.016,1.289,63.777,134.124,0.648
2024-03-08 16:00,-0.745,0.002,0.001,0.016,1.294,1.677,6.087,0.873
2024-03-08 17:00,-0.837,0.009,0.009,0.017,1.300,0,0,0.965
2024-03-08 18:00,-1.085,0.018,0.017,0.018,1.304,0,0,0.976
2024-03-08 19:00,-1.336,0.031,0.031,0.020,1.308,0,0,0.987
2024-03-08 20:00,-1.587,0.044,0.044,0.022,1.311,0,0,0.988
2024-03-08 21:00,-1.760,0.044,0.044,0.022,1.311,0,0,0.988
2024-03-08 22:00,-1.843,0.042,0.042,0.023,1.312,0,0,0.987
2024-03-08 23:00,-1.951,0.036,0.036,0.023,1.312,0,0,0.982
2024-03-09 00:00,-2.077,0.029,0.029,0.022,1.312,0,0,0.980
2024-03-09 01:00,-2.169,0.025,0.025,0.022,1.312,0,0,0.979
2024-03-09 02:00,-2.237,0.030,0.030,0.023,1.313,0,0,0.974
2024-03-09 03:00,-2.564,0.024,0.024,0.023,1.313,0,0,0.968
2024-03-09 04:00,-2.651,0.015,0.015,0.022,1.313,0,0,0.969
2024-03-09 05:00,-2.405,0.013,0.013,0.023,1.313,10.821,43.230,0.969
2024-03-09 06:00,-1.797,0.015,0.015,0.023,1.311,71.922,208.568,0.971
2024-03-09 07:00,-1.112,0.036,0.036,0.027,1.309,141.083,362.036,0.957
2024-03-09 08:00,-0.411,0.047,0.047,0.028,1.306,205.384,484.521,0.894
2024-03-09 09:00,0.143,0.061,0.061,0.030,1.304,246.229,567.619,0.764
2024-03-09 10:00,0.577,0.069,0.069,0.031,1.302,286.679,605.717,0.756
2024-03-09 11:00,0.784,0.081,0.079,0.031,1.300,264.761,596.288,0.812
2024-03-09 12:00,0.777,0.070,0.061,0.028,1.300,231.776,539.941,0.876
2024-03-09 13:00,0.554,0.057,0.051,0.026,1.300,175.905,440.560,0.947
2024-03-09 14:00,0.117,0.036,0.036,0.024,1.301,102.025,304.894,0.971
2024-03-09 15:00,-0.427,0.024,0.024,0.022,1.303,33.566,142.286,0.977
2024-03-09 16:00,-0.969,0.018,0.018,0.022,1.305,1.452,8.362,0.973
2024-03-09 17:00,-1.236,0.012,0.012,0.022,1.307,0,0,0.971
2024-03-09 18:00,-1.442,0.011,0.011,0.022,1.308,0,0,0.966
2024-03-09 19:00,-1.725,0.011,0.011,0.022,1.310,0,0,0.964
2024-03-09 20:00,-1.888,0.011,0.011,0.022,1.311,0,0,0.963
2024-03-09 21:00,-1.870,0.012,0.012,0.023,1.311,0,0,0.965
2024-03-09 22:00,-1.729,0.015,0.015,0.023,1.310,0,0,0.955
2024-03-09 23:00,-1.542,0.015,0.015,0.024,1.309,0,0,0.954
2024-03-10 00:00,-1.473,0.010,0.010,0.024,1.309,0,0,0.965
2024-03-10 01:00,-1.422,0.011,0.011,0.024,1.308,0,0,0.972
2024-03-10 02:00,-1.278,0.025,0.025,0.026,1.308,0,0,0.974
2024-03-10 03:00,-1.215,0.018,0.018,0.026,1.308,0,0,0.976
2024-03-10 04:00,-1.151,0.010,0.010,0.025,1.308,0,0,0.980
2024-03-10 05:00,-1.030,0.013,0.013,0.026,1.307,12.595,49.045,0.972
2024-03-10 06:00,-0.611,0.011,0.011,0.026,1.307,75.059,216.673,0.953
2024-03-10 07:00,-0.016,0.007,0.007,0.025,1.305,154.504,370.161,0.952
2024-03-10 08:00,0.553,0.007,0.007,0.025,1.304,246.000,492.653,0.957
2024-03-10 09:00,0.930,0.009,0.009,0.025,1.303,300.478,575.768,0.969
2024-03-10 10:00,1.155,0.005,0.004,0.023,1.302,330.847,613.945,0.964
2024-03-10 11:00,1.266,0.002,0.001,0.022,1.301,351.662,604.382,0.959
2024-03-10 12:00,1.133,0.002,0.002,0.020,1.301,313.934,548.111,0.959
2024-03-10 13:00,0.802,0.002,0.002,0.020,1.302,239.927,448.685,0.959
2024-03-10 14:00,0.320,0.002,0.001,0.019,1.303,147.904,312.979,0.968
2024-03-10 15:00,-0.236,0.002,0.002,0.019,1.304,50.454,150.415,0.973
2024-03-10 16:00,-0.813,0.001,0.001,0.019,1.305,2.646,11.002,0.967
2024-03-10 17:00,-1.180,0,0,0.019,1.307,0,0,0.956
2024-03-10 18:00,-1.545,0,0,0.019,1.307,0,0,0.957
2024-03-10 19:00,-1.388,0.002,0.002,0.019,1.307,0,0,0.965
2024-03-10 20:00,-1.014,0.001,0.001,0.019,1.306,0,0,0.966
2024-03-10 21:00,-0.978,0.001,0.001,0.019,1.304,0,0,0.962
2024-03-10 22:00,-1.161,0,0,0.019,1.304,0,0,0.953
2024-03-10 23:00,-1.519,0,0,0.019,1.303,0,0,0.950
2024-03-11 00:00,-1.587,0,0,0.019,1.303,0,0,0.946
2024-03-11 01:00,-1.727,0,0,0.019,1.302,0,0,0.948
2024-03-11 02:00,-1.922,0,0,0.019,1.302,0,0,0.951
2024-03-11 03:00,-1.908,0,0,0.019,1.302,0,0,0.946
2024-03-11 04:00,-1.910,0.001,0.001,0.020,1.302,0,0,0.957
2024-03-11 05:00,-1.746,0.001,0.001,0.020,1.302,18.039,55.214,0.957
2024-03-11 06:00,-0.631,0,0,0.019,1.302,99.578,224.796,0.941
2024-03-11 07:00,0.616,0,0,0.019,1.298,213.178,378.317,0.874
2024-03-11 08:00,1.812,0,0,0.018,1.293,331.002,500.734,0.835
2024-03-11 09:00,2.644,0,0,0.017,1.290,415.035,583.862,0.831
2024-03-11 10:00,3.229,0,0,0.014,1.287,453.541,621.959,0.809
2024-03-11 11:00,3.535,0,0,0.012,1.285,448.146,612.530,0.786
2024-03-11 12:00,3.522,0,0,0.011,1.284,402.640,556.191,0.793
2024-03-11 13:00,3.152,0,0,0.009,1.284,318.116,456.766,0.832
2024-03-11 14:00,2.402,0,0,0.009,1.286,205.921,321.104,0.871
2024-03-11 15:00,1.018,0,0,0.008,1.290,83.938,158.518,0.906
2024-03-11 16:00,-0.762,0,0,0.008,1.293,4.692,14.010,0.907
2024-03-11 17:00,-1.045,0,0,0.008,1.295,0,0,0.900
2024-03-11 18:00,-1.287,0,0,0.008,1.297,0,0,0.864
2024-03-11 19:00,-1.371,0,0,0.008,1.297,0,0,0.703
2024-03-11 20:00,-1.332,0,0,0.008,1.297,0,0,0.784
2024-03-11 21:00,-1.133,0,0,0.008,1.297,0,0,0.788
2024-03-11 22:00,-0.985,0.001,0.001,0.009,1.297,0,0,0.729
2024-03-11 23:00,-0.884,0.003,0.003,0.009,1.297,0,0,0.780
2024-03-12 00:00,-0.773,0.002,0.002,0.009,1.297,0,0,0.821
2024-03-12 01:00,-0.542,0.005,0.005,0.009,1.297,0,0,0.912
2024-03-12 02:00,-0.364,0.007,0.007,0.010,1.297,0,0,0.965
2024-03-12 03:00,-0.540,0.006,0.006,0.009,1.297,0,0,0.984
2024-03-12 04:00,-0.498,0.009,0.009,0.010,1.298,0,0,0.983
2024-03-12 05:00,-0.464,0.007,0.007,0.010,1.297,18.979,61.743,0.958
2024-03-12 06:00,0.118,0.003,0.003,0.009,1.296,103.827,232.901,0.740
2024-03-12 07:00,1.227,0,0,0.009,1.291,254.507,386.367,0.286
2024-03-12 08:00,2.549,0,0,0.008,1.285,364.487,508.852,0.085
2024-03-12 09:00,3.626,0,0,0.007,1.279,432.521,592.010,0.130
2024-03-12 10:00,4.419,0,0,0.006,1.275,442.375,630.115,0.286
2024-03-12 11:00,4.857,0.001,0,0.005,1.272,412.043,620.552,0.496
2024-03-12 12:00,4.916,0.001,0,0.005,1.270,333.832,564.191,0.628
2024-03-12 13:00,4.595,0.001,0,0.004,1.270,246.614,464.891,0.642
2024-03-12 14:00,3.782,0,0,0.004,1.271,165.046,329.225,0.759
2024-03-12 15:00,2.109,0,0,0.004,1.274,73.870,166.680,0.925
2024-03-12 16:00,0.374,0,0,0.004,1.278,5.272,17.382,0.960
2024-03-12 17:00,-0.378,0,0,0.004,1.282,0,0,0.955
2024-03-12 18:00,-0.696,0,0,0.004,1.285,0,0,0.952
2024-03-12 19:00,-0.307,0.003,0.003,0.004,1.287,0,0,0.918
2024-03-12 20:00,-0.032,0.016,0.016,0.006,1.290,0,0,0.902
2024-03-12 21:00,-0.113,0.020,0.019,0.007,1.291,0,0,0.903
2024-03-12 22:00,-0.215,0.025,0.024,0.007,1.292,0,0,0.883
2024-03-12 23:00,-0.301,0.030,0.026,0.008,1.292,0,0,0.857
2024-03-13 00:00,-0.325,0.033,0.028,0.009,1.291,0,0,0.864
2024-03-13 01:00,-0.280,0.032,0.026,0.009,1.290,0,0,0.940
2024-03-13 02:00,-0.201,0.036,0.020,0.009,1.289,0,0,0.989
2024-03-13 03:00,-0.168,0.040,0.018,0.009,1.288,0,0,0.987
2024-03-13 04:00,-0.198,0.042,0.021,0.010,1.287,0,0,0.985
2024-03-13 05:00,0.010,0.050,0.016,0.010,1.287,12.921,68.632,0.985
2024-03-13 06:00,0.652,0.060,0.022,0.012,1.286,61.029,241.028,0.986
2024-03-13 07:00,1.076,0.063,0.013,0.011,1.285,107.331,394.449,0.985
2024-03-13 08:00,1.563,0.045,0,0.009,1.283,169.039,516.937,0.985
2024-03-13 09:00,2.063,0.036,0,0.008,1.280,208.528,600.032,0.984
2024-03-13 10:00,2.374,0.039,0,0.008,1.278,197.066,638.115,0.984
2024-03-13 11:00,2.601,0.034,0,0.007,1.276,187.259,628.700,0.984
2024-03-13 12:00,2.778,0.025,0,0.007,1.274,173.451,572.353,0.983
2024-03-13 13:00,2.851,0.015,0,0.006,1.273,147.061,472.898,0.982
2024-03-13 14:00,2.700,0.008,0,0.006,1.273,105.404,337.310,0.979
2024-03-13 15:00,2.155,0.006,0,0.005,1.273,47.565,174.785,0.979
2024-03-13 16:00,1.481,0.009,0,0.005,1.274,4.018,21.123,0.978
2024-03-13 17:00,1.562,0.012,0,0.005,1.275,0,0,0.981
2024-03-13 18:00,1.644,0.008,0,0.005,1.275,0,0,0.985
2024-03-13 19:00,1.842,0.005,0,0.005,1.274,0,0,0.989
2024-03-13 20:00,2.049,0.009,0,0.005,1.272,0,0,0.989
2024-03-13 21:00,2.123,0.010,0,0.005,1.271,0,0,0.992
2024-03-13 22:00,2.132,0.010,0,0.005,1.271,0,0,0.995
2024-03-13 23:00,2.096,0.008,0,0.005,1.270,0,0,0.992
2024-03-14 00:00,2.007,0.008,0,0.004,1.270,0,0,0.994
2024-03-14 01:00,1.988,0.013,0,0.004,1.269,0,0,0.996
2024-03-14 02:00,1.879,0.033,0,0.004,1.269,0,0,0.998
2024-03-14 03:00,1.808,0.038,0,0.004,1.268,0,0,0.998
2024-03-14 04:00,2.020,0.019,0,0.003,1.266,0,0,0.999
2024-03-14 05:00,2.099,0.017,0,0.003,1.264,5.430,75.895,0.999
2024-03-14 06:00,2.201,0.026,0,0.003,1.264,26.810,249.133,0.997
2024-03-14 07:00,2.440,0.034,0,0.003,1.262,46.370,402.574,0.997
2024-03-14 08:00,2.845,0.042,0,0.003,1.260,66.933,524.944,0.996
2024-03-14 09:00,3.493,0.052,0,0.002,1.255,80.609,608.032,0.997
2024-03-14 10:00,4.324,0.039,0,0.002,1.250,99.437,646.115,0.997
2024-03-14 11:00,5.291,0.022,0,0.002,1.245,135.894,636.700,0.996
2024-03-14 12:00,6.043,0.017,0,0.002,1.241,152.755,580.353,0.995
2024-03-14 13:00,6.334,0.045,0,0.002,1.238,118.706,480.972,0.995
2024-03-14 14:00,6.279,0.188,0,0.001,1.237,59.657,345.431,0.995
2024-03-14 15:00,6.179,0.289,0,0.001,1.237,20.962,182.912,0.995
2024-03-14 16:00,6.074,0.205,0,0.001,1.238,2.140,25.228,0.995
2024-03-14 17:00,6.002,0.128,0,0.001,1.238,0,0,0.996
2024-03-14 18:00,5.933,0.134,0,0.001,1.239,0,0,0.996
2024-03-14 19:00,5.925,0.183,0,0.001,1.239,0,0,0.995
2024-03-14 20:00,5.953,0.260,0,0.001,1.239,0,0,0.994
2024-03-14 21:00,5.915,0.239,0,0.001,1.239,0,0,0.994
2024-03-14 22:00,5.839,0.200,0,0.001,1.240,0,0,0.996
2024-03-14 23:00,5.762,0.179,0,0.001,1.240,0,0,0.996
2024-03-15 00:00,5.681,0.174,0,0.001,1.240,0,0,0.994
2024-03-15 01:00,5.605,0.189,0,0.001,1.241,0,0,0.990
2024-03-15 02:00,5.585,0.219,0,0.001,1.241,0,0,0.995
2024-03-15 03:00,5.606,0.155,0,0.001,1.241,0,0,0.997
2024-03-15 04:00,5.555,0.089,0,0.001,1.242,0,0.001,0.995
2024-03-15 05:00,5.449,0.045,0,0.001,1.243,8.506,83.512,0.991
2024-03-15 06:00,5.623,0.028,0,0.001,1.242,43.479,257.269,0.988
2024-03-15 07:00,5.993,0.019,0,0.001,1.241,99.877,410.648,0.985
2024-03-15 08:00,6.472,0.020,0,0,1.240,168.234,532.944,0.977
2024-03-15 09:00,7.141,0.023,0,0,1.237,235.551,616.024,0.972
2024-03-15 10:00,8.095,0.049,0,0,1.233,321.255,654.108,0.976
2024-03-15 11:00,8.581,0.082,0,0,1.230,269.561,644.700,0.991
2024-03-15 12:00,8.156,0.056,0,0,1.230,168.136,588.353,0.989
2024-03-15 13:00,7.904,0.015,0,0,1.231,193.659,488.979,0.966
2024-03-15 14:00,7.740,0.021,0,0,1.231,177.862,353.516,0.957
2024-03-15 15:00,7.065,0.051,0,0,1.232,75.109,191.011,0.962
2024-03-15 16:00,6.240,0.053,0,0,1.236,6.823,29.690,0.984
2024-03-15 17:00,5.776,0.078,0,0,1.238,0,0,0.994
2024-03-15 18:00,5.506,0.133,0,0,1.240,0,0,0.997
2024-03-15 19:00,5.190,0.150,0,0,1.242,0,0,0.997
2024-03-15 20:00,4.929,0.109,0,0,1.243,0,0,0.988
2024-03-15 21:00,5.100,0.046,0,0,1.242,0,0,0.947
2024-03-15 22:00,5.322,0.021,0,0,1.241,0,0,0.844
2024-03-15 23:00,4.984,0.033,0,0,1.244,0,0,0.959
2024-03-16 00:00,4.609,0.045,0,0,1.246,0,0,0.957
2024-03-16 01:00,4.378,0.103,0,0,1.248,0,0,0.982
2024-03-16 02:00,4.316,0.483,0,0,1.248,0,0,0.993
2024-03-16 03:00,3.988,0.657,0,0,1.249,0,0,0.961
2024-03-16 04:00,3.611,0.457,0,0,1.251,0,0.043,0.901
2024-03-16 05:00,3.346,0.388,0,0,1.253,7.237,91.462,0.903
2024-03-16 06:00,3.227,0.485,0,0,1.254,27.230,265.275,0.914
2024-03-16 07:00,3.343,0.637,0.001,0,1.254,47.267,418.655,0.936
2024-03-16 08:00,3.669,0.720,0.002,0,1.252,70.962,540.936,0.949
2024-03-16 09:00,4.303,0.603,0.002,0,1.248,107.695,624.024,0.875
2024-03-16 10:00,5.095,0.276,0.003,0.001,1.244,136.305,662.108,0.851
2024-03-16 11:00,5.462,0.135,0.005,0.002,1.243,115.598,652.693,0.912
2024-03-16 12:00,5.554,0.166,0.004,0.002,1.242,77.275,596.353,0.929
2024-03-16 13:00,5.432,0.281,0.003,0.003,1.243,59.053,496.979,0.922
2024-03-16 14:00,4.724,0.461,0.024,0.011,1.246,32.376,361.516,0.910
2024-03-16 15:00,3.759,0.295,0.045,0.045,1.252,20.130,199.114,0.852
2024-03-16 16:00,2.099,0.242,0.090,0.095,1.263,2.140,34.514,0.854
2024-03-16 17:00,1.025,0.213,0.176,0.239,1.270,0,0,0.757
2024-03-16 18:00,0.474,0.191,0.186,0.408,1.274,0,0,0.701
2024-03-16 19:00,0.168,0.196,0.190,0.574,1.277,0,0,0.714
2024-03-16 20:00,0.038,0.244,0.244,0.784,1.279,0,0,0.708
2024-03-16 21:00,-0.029,0.315,0.293,1.043,1.280,0,0,0.742
2024-03-16 22:00,-0.134,0.367,0.339,1.361,1.282,0,0,0.787
2024-03-16 23:00,-0.290,0.375,0.351,1.699,1.284,0,0,0.827
2024-03-17 00:00,-0.504,0.300,0.299,2.009,1.286,0,0,0.785
2024-03-17 01:00,-0.696,0.249,0.249,2.260,1.288,0,0,0.821
2024-03-17 02:00,-0.794,0.223,0.222,2.472,1.290,0,0,0.876
2024-03-17 03:00,-0.877,0.203,0.203,2.659,1.292,0,0,0.894
2024-03-17 04:00,-0.964,0.158,0.158,2.813,1.294,0.010,0.282,0.923
2024-03-17 05:00,-1.036,0.093,0.093,2.903,1.296,12.735,99.545,0.930
2024-03-17 06:00,-0.990,0.045,0.045,2.927,1.298,59.787,273.396,0.865
2024-03-17 07:00,-0.761,0.022,0.022,2.909,1.299,164.676,426.655,0.610
2024-03-17 08:00,-0.356,0.008,0.008,2.864,1.300,295.429,548.936,0.499
2024-03-17 09:00,0.004,0.002,0.002,2.800,1.300,402.111,631.945,0.347
2024-03-17 10:00,0.280,0,0,2.727,1.301,478.851,670.028,0.130
2024-03-17 11:00,0.438,0,0,2.649,1.301,491.653,660.464,0.042
2024-03-17 12:00,0.354,0,0,2.573,1.302,450.659,604.266,0.008
2024-03-17 13:00,0.088,0,0,2.509,1.304,367.305,504.979,0
2024-03-17 14:00,-0.375,0,0,2.457,1.306,253.146,369.591,0
2024-03-17 15:00,-1.056,0,0,2.421,1.309,123.743,207.217,0
2024-03-17 16:00,-2.013,0,0,2.401,1.313,16.972,39.695,0
2024-03-17 17:00,-2.779,0,0,2.392,1.317,0,0,0.092
2024-03-17 18:00,-3.544,0,0,2.389,1.320,0,0,0.126
2024-03-17 19:00,-3.982,0,0,2.387,1.322,0,0,0.205
2024-03-17 20:00,-4.272,0,0,2.385,1.324,0,0,0.341
2024-03-17 21:00,-4.375,0,0,2.384,1.324,0,0,0.423
2024-03-17 22:00,-4.421,0,0,2.383,1.325,0,0,0.426
2024-03-17 23:00,-4.441,0,0,2.382,1.325,0,0,0.667
2024-03-18 00:00,-4.398,0,0,2.382,1.325,0,0,0.835
2024-03-18 01:00,-4.349,0,0,2.381,1.324,0,0,0.896
2024-03-18 02:00,-4.258,0,0,2.381,1.324,0,0,0.947
2024-03-18 03:00,-4.218,0,0,2.381,1.324,0,0,0.936
2024-03-18 04:00,-4.225,0,0,2.381,1.324,0.195,0.847,0.902
2024-03-18 05:00,-3.868,0,0,2.381,1.323,45.098,107.646,0.870
2024-03-18 06:00,-2.590,0,0,2.378,1.319,163.157,281.403,0.780
2024-03-18 07:00,-1.544,0,0,2.360,1.316,297.966,434.611,0.536
2024-03-18 08:00,-0.699,0,0,2.327,1.313,413.158,556.856,0.420
2024-03-18 09:00,0.152,0,0,2.290,1.309,486.591,639.774,0.483
2024-03-18 10:00,0.871,0,0,2.245,1.305,514.084,677.792,0.598
2024-03-18 11:00,1.280,0,0,2.154,1.302,488.946,668.443,0.729
2024-03-18 12:00,1.335,0,0,2.027,1.300,405.180,612.103,0.830
2024-03-18 13:00,1.123,0,0,1.934,1.299,286.493,512.972,0.863
2024-03-18 14:00,0.760,0,0,1.895,1.300,178.509,377.587,0.852
2024-03-18 15:00,0.076,0,0,1.880,1.301,86.110,215.280,0.822
2024-03-18 16:00,-1.336,0,0,1.879,1.303,14.419,45.238,0.718
2024-03-18 17:00,-2.020,0.001,0.001,1.879,1.304,0,0,0.605
2024-03-18 18:00,-2.152,0.001,0.001,1.881,1.305,0,0,0.489
2024-03-18 19:00,-2.180,0.002,0.002,1.883,1.305,0,0,0.386
2024-03-18 20:00,-2.102,0.002,0.001,1.885,1.305,0,0,0.360
2024-03-18 21:00,-2.026,0.002,0.001,1.886,1.305,0,0,0.290
2024-03-18 22:00,-2.067,0.001,0.001,1.888,1.307,0,0,0.184
2024-03-18 23:00,-2.138,0.001,0.001,1.889,1.308,0,0,0.130
2024-03-19 00:00,-2.204,0.001,0.001,1.891,1.309,0,0,0.121
2024-03-19 01:00,-2.274,0.002,0.002,1.892,1.309,0,0,0.135
2024-03-19 02:00,-2.337,0.002,0.002,1.894,1.310,0,0,0.212
2024-03-19 03:00,-2.413,0.003,0.003,1.897,1.311,0,0,0.275
2024-03-19 04:00,-2.451,0.003,0.003,1.901,1.311,0.370,1.776,0.413
2024-03-19 05:00,-1.950,0.003,0.002,1.903,1.311,49.157,115.759,0.699
2024-03-19 06:00,-0.775,0.002,0.002,1.903,1.308,153.961,289.477,0.798
2024-03-19 07:00,0.308,0.002,0.002,1.893,1.304,265.717,442.604,0.732
2024-03-19 08:00,1.235,0.001,0.001,1.813,1.299,371.730,564.835,0.550
2024-03-19 09:00,1.951,0.001,0.001,1.619,1.296,451.283,647.687,0.422
2024-03-19 10:00,2.506,0.002,0.001,1.403,1.292,467.697,685.622,0.538
2024-03-19 11:00,2.828,0.003,0.001,1.210,1.290,428.239,676.207,0.703
2024-03-19 12:00,2.931,0.003,0.001,1.057,1.288,368.460,620.016,0.673
2024-03-19 13:00,2.833,0.002,0.001,0.948,1.287,289.312,520.878,0.600
2024-03-19 14:00,2.490,0.002,0,0.879,1.287,202.450,385.473,0.503
2024-03-19 15:00,1.637,0,0,0.847,1.289,106.920,223.321,0.249
2024-03-19 16:00,-0.032,0,0,0.842,1.292,19.953,51.146,0.134
2024-03-19 17:00,-0.693,0,0,0.842,1.296,0,0,0.078
2024-03-19 18:00,-0.946,0,0,0.843,1.299,0,0,0.038
2024-03-19 19:00,-1.235,0,0,0.844,1.301,0,0,0.149
2024-03-19 20:00,-1.291,0.001,0.001,0.845,1.302,0,0,0.303
2024-03-19 21:00,-1.242,0.004,0.004,0.847,1.303,0,0,0.478
2024-03-19 22:00,-0.958,0.003,0.003,0.851,1.302,0,0,0.363
2024-03-19 23:00,-1.033,0.005,0.004,0.854,1.302,0,0,0.558
2024-03-20 00:00,-0.996,0.008,0.007,0.858,1.301,0,0,0.662
2024-03-20 01:00,-0.879,0.008,0.007,0.863,1.300,0,0,0.672
2024-03-20 02:00,-0.860,0.009,0.009,0.868,1.300,0,0,0.714
2024-03-20 03:00,-0.782,0.013,0.013,0.877,1.299,0,0,0.727
2024-03-20 04:00,-0.616,0.033,0.033,0.898,1.298,0.398,3.067,0.830
2024-03-20 05:00,-0.277,0.100,0.099,0.965,1.297,22.819,123.834,0.936
2024-03-20 06:00,0.217,0.202,0.189,1.104,1.294,54.725,297.437,0.920
2024-03-20 07:00,0.714,0.327,0.258,1.330,1.292,80.555,450.486,0.924
2024-03-20 08:00,0.995,0.386,0.068,1.438,1.290,107.472,572.599,0.892
2024-03-20 09:00,1.242,0.301,0.028,1.404,1.289,130.768,655.445,0.830
2024-03-20 10:00,1.655,0.163,0,1.312,1.287,153.785,693.520,0.812
2024-03-20 11:00,1.970,0.093,0,1.225,1.284,138.179,683.957,0.809
2024-03-20 12:00,2.051,0.057,0,1.158,1.282,99.048,627.766,0.819
2024-03-20 13:00,2.105,0.031,0,1.104,1.281,92.138,528.642,0.814
2024-03-20 14:00,2.108,0.023,0,1.060,1.281,75.987,393.429,0.810
2024-03-20 15:00,1.724,0.025,0,1.032,1.281,42.220,231.321,0.776
2024-03-20 16:00,1.055,0.028,0,1.023,1.281,8.242,57.385,0.792
2024-03-20 17:00,0.716,0.030,0,1.023,1.282,0,0,0.873
2024-03-20 18:00,0.561,0.037,0,1.023,1.283,0,0,0.975
2024-03-20 19:00,0.483,0.038,0,1.023,1.283,0,0,0.992
2024-03-20 20:00,0.427,0.038,0,1.024,1.284,0,0,0.989
2024-03-20 21:00,0.394,0.040,0,1.025,1.285,0,0,0.986
2024-03-20 22:00,0.386,0.049,0,1.027,1.285,0,0,0.988
2024-03-20 23:00,0.338,0.052,0,1.029,1.286,0,0,0.991
2024-03-21 00:00,0.357,0.046,0,1.031,1.286,0,0,0.996
2024-03-21 01:00,0.432,0.040,0.001,1.032,1.286,0,0,0.999
2024-03-21 02:00,0.468,0.051,0.006,1.036,1.287,0,0,0.999
2024-03-21 03:00,0.462,0.120,0.037,1.061,1.286,0,0,0.999
2024-03-21 04:00,0.463,0.230,0.002,1.083,1.286,0.128,4.711,0.998
2024-03-21 05:00,0.562,0.272,0.069,1.112,1.287,9.233,131.886,0.997
2024-03-21 06:00,0.737,0.204,0.059,1.189,1.287,32.016,305.433,0.995
2024-03-21 07:00,0.997,0.138,0.002,1.185,1.287,72.931,458.361,0.967
2024-03-21 08:00,1.528,0.079,0.002,1.142,1.285,130.574,580.356,0.900
2024-03-21 09:00,2.296,0.023,0,1.068,1.281,211.405,663.187,0.823
2024-03-21 10:00,3.112,0.005,0,0.968,1.278,287.737,701.190,0.667
2024-03-21 11:00,4.057,0.002,0,0.855,1.273,354.464,691.707,0.396
2024-03-21 12:00,4.812,0.006,0,0.747,1.268,351.279,635.516,0.466
2024-03-21 13:00,5.049,0.013,0,0.664,1.265,266.874,536.620,0.742
2024-03-21 14:00,5.034,0.010,0,0.610,1.264,163.946,401.304,0.970
2024-03-21 15:00,4.765,0.005,0,0.581,1.263,87.637,239.339,0.941
2024-03-21 16:00,3.699,0.004,0,0.573,1.264,17.602,63.982,0.821
2024-03-21 17:00,1.967,0.004,0,0.572,1.266,0,0,0.822
2024-03-21 18:00,0.964,0.004,0,0.572,1.269,0,0,0.929
2024-03-21 19:00,1.140,0.005,0,0.571,1.271,0,0,0.976
2024-03-21 20:00,1.572,0.005,0,0.566,1.274,0,0,0.985
2024-03-21 21:00,1.495,0.007,0,0.560,1.276,0,0,0.995
2024-03-21 22:00,1.390,0.021,0,0.553,1.277,0,0,0.997
2024-03-21 23:00,1.280,0.046,0,0.545,1.277,0,0,0.999
2024-03-22 00:00,1.170,0.092,0,0.537,1.277,0,0,1.000
2024-03-22 01:00,1.067,0.050,0,0.527,1.277,0,0,0.999
2024-03-22 02:00,1.013,0.064,0.001,0.516,1.276,0,0,0.999
2024-03-22 03:00,1.058,0.071,0,0.503,1.274,0,0,0.999
2024-03-22 04:00,1.176,0.092,0,0.486,1.271,0.149,6.710,0.999
2024-03-22 05:00,1.322,0.121,0,0.466,1.269,5.195,139.948,0.999
2024-03-22 06:00,1.591,0.068,0,0.443,1.266,13.641,313.319,0.998
2024-03-22 07:00,1.938,0.076,0,0.413,1.263,31.483,466.192,0.977
2024-03-22 08:00,2.270,0.091,0,0.387,1.260,60.157,588.106,0.923
2024-03-22 09:00,2.657,0.068,0,0.363,1.257,67.388,670.937,0.922
2024-03-22 10:00,3.113,0.042,0,0.341,1.253,79.167,708.792,0.906
2024-03-22 11:00,3.612,0.022,0,0.319,1.249,96.225,699.377,0.849
2024-03-22 12:00,4.233,0.008,0,0.295,1.244,143.277,643.266,0.720
2024-03-22 13:00,4.884,0.006,0,0.268,1.239,185.331,544.370,0.696
2024-03-22 14:00,5.042,0.015,0,0.245,1.236,100.771,409.253,0.917
2024-03-22 15:00,4.769,0.020,0,0.228,1.236,29.772,247.279,0.926
2024-03-22 16:00,4.472,0.020,0,0.215,1.237,5.820,70.924,0.906
2024-03-22 17:00,4.248,0.020,0,0.203,1.238,0,0,0.874
2024-03-22 18:00,4.125,0.017,0,0.193,1.239,0,0,0.854
2024-03-22 19:00,4.090,0.006,0,0.184,1.239,0,0,0.704
2024-03-22 20:00,3.834,0.008,0,0.177,1.240,0,0,0.418
2024-03-22 21:00,3.551,0.001,0,0.171,1.242,0,0,0.340
2024-03-22 22:00,3.108,0.002,0,0.163,1.246,0,0,0.443
2024-03-22 23:00,2.461,0.006,0,0.158,1.250,0,0,0.676
2024-03-23 00:00,2.055,0.007,0,0.151,1.253,0,0,0.751
2024-03-23 01:00,1.743,0.007,0,0.143,1.255,0,0,0.746
2024-03-23 02:00,1.518,0.021,0,0.137,1.256,0,0,0.780
2024-03-23 03:00,1.366,0.022,0,0.132,1.257,0,0,0.791
2024-03-23 04:00,1.308,0.019,0.001,0.128,1.257,0.943,9.065,0.881
2024-03-23 05:00,1.368,0.020,0,0.125,1.257,22.780,147.969,0.921
2024-03-23 06:00,1.645,0.021,0,0.120,1.257,59.485,321.269,0.867
2024-03-23 07:00,2.131,0.014,0,0.112,1.255,129.126,474.024,0.810
2024-03-23 08:00,2.808,0.007,0,0.103,1.253,211.004,595.849,0.480
2024-03-23 09:00,3.981,0.003,0,0.091,1.248,424.365,678.607,0.152
2024-03-23 10:00,5.088,0.002,0,0.076,1.242,507.315,716.455,0.159
2024-03-23 11:00,5.742,0.002,0,0.063,1.238,482.531,707.105,0.405
2024-03-23 12:00,5.910,0.006,0,0.054,1.236,358.316,650.936,0.607
2024-03-23 13:00,5.862,0.005,0,0.047,1.234,249.273,552.040,0.648
2024-03-23 14:00,5.643,0.006,0,0.043,1.234,157.100,417.050,0.713
2024-03-23 15:00,5.106,0.005,0,0.041,1.235,83.957,255.255,0.771
2024-03-23 16:00,3.733,0.003,0,0.039,1.236,19.864,78.212,0.811
2024-03-23 17:00,2.717,0.002,0,0.039,1.238,0,0,0.769
2024-03-23 18:00,2.200,0.004,0,0.039,1.240,0,0,0.681
2024-03-23 19:00,1.923,0.018,0,0.039,1.243,0,0,0.597
2024-03-23 20:00,1.469,0.033,0,0.039,1.246,0,0,0.548
2024-03-23 21:00,1.275,0.027,0,0.039,1.248,0,0,0.603
2024-03-23 22:00,1.002,0.042,0,0.039,1.250,0,0,0.606
2024-03-23 23:00,0.648,0.019,0,0.039,1.252,0,0,0.593
2024-03-24 00:00,0.371,0.013,0,0.039,1.254,0,0,0.654
2024-03-24 01:00,0.212,0.036,0,0.039,1.256,0,0,0.771
2024-03-24 02:00,0.316,0.018,0.003,0.040,1.258,0,0,0.847
2024-03-24 03:00,0.360,0.030,0.014,0.047,1.261,0,0,0.880
2024-03-24 04:00,0.250,0.063,0.058,0.091,1.263,1.395,11.780,0.932
2024-03-24 05:00,0.089,0.040,0.038,0.135,1.265,27.512,155.967,0.983
2024-03-24 06:00,0.265,0.030,0.028,0.168,1.265,73.936,329.140,0.973
2024-03-24 07:00,1.093,0.029,0.010,0.182,1.262,134.690,481.774,0.974
2024-03-24 08:00,1.742,0.030,0.004,0.174,1.260,195.647,603.519,0.971
2024-03-24 09:00,2.532,0.031,0.002,0.160,1.257,241.524,686.107,0.942
2024-03-24 10:00,3.441,0.045,0.001,0.145,1.253,295.931,724.034,0.939
2024-03-24 11:00,3.784,0.063,0,0.129,1.252,296.801,714.620,0.980
2024-03-24 12:00,3.567,0.074,0,0.117,1.252,224.079,658.664,0.994
2024-03-24 13:00,3.192,0.075,0,0.108,1.254,179.749,559.790,0.996
2024-03-24 14:00,2.655,0.054,0.001,0.103,1.256,123.825,424.874,0.997
2024-03-24 15:00,1.931,0.033,0.006,0.103,1.260,63.711,263.130,0.997
2024-03-24 16:00,1.095,0.017,0.007,0.108,1.264,16.935,85.819,0.996
2024-03-24 17:00,0.283,0.014,0.009,0.116,1.268,0.001,0.009,0.995
2024-03-24 18:00,-0.342,0.014,0.009,0.125,1.271,0,0,0.973
2024-03-24 19:00,-0.987,0.010,0.006,0.133,1.273,0,0,0.918
2024-03-24 20:00,-1.420,0.005,0.004,0.137,1.275,0,0,0.829
2024-03-24 21:00,-1.744,0.004,0.002,0.140,1.276,0,0,0.735
2024-03-24 22:00,-1.975,0.003,0.002,0.142,1.277,0,0,0.686
2024-03-24 23:00,-2.127,0.004,0.002,0.144,1.278,0,0,0.710
2024-03-25 00:00,-2.170,0.005,0.003,0.146,1.279,0,0,0.752
2024-03-25 01:00,-2.101,0.006,0.006,0.150,1.279,0,0,0.768
2024-03-25 02:00,-1.996,0.005,0.005,0.154,1.279,0,0,0.754
2024-03-25 03:00,-1.954,0.004,0.004,0.157,1.280,0,0,0.713
2024-03-25 04:00,-1.967,0.003,0.003,0.160,1.281,3.636,14.841,0.647
2024-03-25 05:00,-1.314,0.003,0.003,0.163,1.281,69.930,163.945,0.533
2024-03-25 06:00,-0.373,0.003,0.003,0.165,1.279,188.134,336.901,0.401
2024-03-25 07:00,0.701,0.004,0.003,0.167,1.276,316.924,489.524,0.326
2024-03-25 08:00,1.775,0.005,0.003,0.159,1.272,407.143,611.247,0.338
2024-03-25 09:00,2.692,0.006,0.003,0.141,1.268,468.232,693.756,0.376
2024-03-25 10:00,3.378,0.012,0.004,0.124,1.265,476.341,731.683,0.544
2024-03-25 11:00,3.662,0.029,0.005,0.111,1.263,404.326,722.268,0.837
2024-03-25 12:00,3.444,0.068,0.006,0.103,1.263,284.397,666.178,0.941
2024-03-25 13:00,2.795,0.132,0.011,0.101,1.264,158.329,567.305,0.975
2024-03-25 14:00,1.902,0.250,0.140,0.162,1.267,86.801,432.592,0.992
2024-03-25 15:00,0.965,0.393,0.209,0.345,1.271,37.276,271.001,0.996
2024-03-25 16:00,0.074,0.523,0.428,0.651,1.275,7.728,93.683,0.994
2024-03-25 17:00,-0.325,0.593,0.591,1.198,1.277,0.001,0.091,0.979
2024-03-25 18:00,-0.424,0.596,0.594,1.796,1.278,0,0,0.967
2024-03-25 19:00,-0.553,0.525,0.524,2.356,1.279,0,0,0.961
2024-03-25 20:00,-0.668,0.416,0.415,2.820,1.279,0,0,0.953
2024-03-25 21:00,-0.803,0.308,0.307,3.172,1.280,0,0,0.943
2024-03-25 22:00,-0.891,0.217,0.205,3.422,1.281,0,0,0.929
2024-03-25 23:00,-0.935,0.141,0.123,3.578,1.282,0,0,0.859
2024-03-26 00:00,-1.078,0.077,0.064,3.661,1.282,0,0,0.680
2024-03-26 01:00,-1.234,0.072,0.060,3.721,1.282,0,0,0.598
2024-03-26 02:00,-1.263,0.067,0.056,3.775,1.282,0,0,0.626
2024-03-26 03:00,-1.169,0.074,0.065,3.831,1.282,0,0,0.691
2024-03-26 04:00,-0.964,0.088,0.079,3.896,1.282,2.653,18.245,0.682
2024-03-26 05:00,-0.361,0.095,0.084,3.963,1.281,38.832,171.863,0.698
2024-03-26 06:00,0.273,0.115,0.092,4.007,1.279,92.603,344.725,0.727
2024-03-26 07:00,0.777,0.165,0.068,3.967,1.277,146.368,497.149,0.799
2024-03-26 08:00,1.065,0.235,0.033,3.797,1.276,165.809,618.761,0.829
2024-03-26 09:00,1.262,0.330,0.013,3.568,1.275,181.303,701.270,0.945
2024-03-26 10:00,1.354,0.382,0.003,3.319,1.274,157.685,739.103,0.988
2024-03-26 11:00,1.492,0.316,0.003,3.096,1.273,156.756,729.620,0.995
2024-03-26 12:00,1.595,0.197,0.001,2.907,1.271,129.839,673.678,0.996
2024-03-26 13:00,1.671,0.126,0.002,2.760,1.270,100.200,575.040,0.997
2024-03-26 14:00,1.682,0.086,0.002,2.656,1.269,62.633,440.331,0.998
2024-03-26 15:00,1.620,0.079,0.002,2.590,1.268,30.317,278.836,0.998
2024-03-26 16:00,1.417,0.095,0.001,2.547,1.268,7.864,101.651,0.999
2024-03-26 17:00,1.316,0.119,0.001,2.514,1.268,0.008,0.397,0.999
2024-03-26 18:00,1.311,0.128,0.002,2.475,1.268,0,0,0.994
2024-03-26 19:00,1.336,0.110,0.002,2.432,1.268,0,0,0.992
2024-03-26 20:00,1.321,0.087,0.001,2.388,1.269,0,0,0.991
2024-03-26 21:00,1.300,0.056,0.001,2.340,1.269,0,0,0.989
2024-03-26 22:00,1.286,0.055,0,2.294,1.269,0,0,0.990
2024-03-26 23:00,1.280,0.057,0,2.251,1.269,0,0,0.997
2024-03-27 00:00,1.320,0.036,0,2.209,1.268,0,0,0.999
2024-03-27 01:00,1.417,0.015,0,2.166,1.267,0,0,0.998
2024-03-27 02:00,1.564,0.008,0,2.120,1.265,0,0,0.996
2024-03-27 03:00,1.635,0.005,0,2.077,1.264,0,0,0.994
2024-03-27 04:00,1.635,0.004,0,2.036,1.264,2.784,21.995,0.994
2024-03-27 05:00,1.722,0.007,0,1.979,1.263,31.879,179.778,0.998
2024-03-27 06:00,2.198,0.004,0,1.886,1.261,85.255,352.482,0.995
2024-03-27 07:00,2.742,0.004,0,1.759,1.258,153.381,504.734,0.973
2024-03-27 08:00,3.584,0.001,0,1.590,1.254,246.845,626.261,0.871
2024-03-27 09:00,4.501,0,0,1.375,1.249,374.774,708.756,0.796
2024-03-27 10:00,5.390,0,0,1.148,1.245,446.811,746.447,0.931
2024-03-27 11:00,5.914,0,0,0.956,1.242,409.382,737.040,0.954
2024-03-27 12:00,6.252,0,0,0.799,1.240,391.616,681.178,0.702
2024-03-27 13:00,6.498,0,0,0.674,1.238,378.249,582.540,0.247
2024-03-27 14:00,6.306,0,0,0.585,1.237,285.381,447.963,0.290
2024-03-27 15:00,5.445,0,0,0.535,1.241,160.608,286.661,0.580
2024-03-27 16:00,4.037,0,0,0.516,1.246,44.683,109.609,0.927
2024-03-27 17:00,2.853,0,0,0.510,1.251,0.230,1.058,0.777
2024-03-27 18:00,2.523,0.001,0,0.507,1.255,0,0,0.541
2024-03-27 19:00,2.214,0.003,0,0.503,1.257,0,0,0.708
2024-03-27 20:00,2.375,0.004,0,0.496,1.257,0,0,0.663
2024-03-27 21:00,2.318,0.002,0,0.490,1.255,0,0,0.722
2024-03-27 22:00,2.243,0.005,0,0.485,1.256,0,0,0.884
2024-03-27 23:00,2.305,0.006,0,0.479,1.255,0,0,0.888
2024-03-28 00:00,2.232,0.009,0,0.472,1.255,0,0,0.872
2024-03-28 01:00,2.163,0.011,0,0.465,1.255,0,0,0.866
2024-03-28 02:00,2.106,0.013,0,0.457,1.255,0,0,0.901
2024-03-28 03:00,2.075,0.011,0,0.448,1.255,0,0,0.969
2024-03-28 04:00,2.038,0.014,0,0.440,1.254,3.968,26.090,0.991
2024-03-28 05:00,2.438,0.009,0,0.428,1.252,40.270,187.651,0.987
2024-03-28 06:00,3.007,0.005,0,0.409,1.250,101.515,360.221,0.989
2024-03-28 07:00,3.604,0.005,0,0.378,1.248,165.165,512.355,0.982
2024-03-28 08:00,4.600,0.002,0,0.337,1.243,253.396,633.682,0.961
2024-03-28 09:00,5.789,0.001,0,0.288,1.237,378.556,716.020,0.961
2024-03-28 10:00,6.353,0.001,0,0.242,1.233,320.242,753.853,0.962
2024-03-28 11:00,6.490,0.002,0,0.206,1.232,297.341,744.438,0.941
2024-03-28 12:00,6.637,0.001,0,0.175,1.230,305.171,688.591,0.939
2024-03-28 13:00,6.738,0.006,0,0.149,1.229,278.271,590.033,0.978
2024-03-28 14:00,6.367,0.059,0,0.132,1.229,159.221,455.588,0.995
2024-03-28 15:00,5.373,0.279,0,0.123,1.233,56.606,294.411,0.994
2024-03-28 16:00,4.544,0.486,0,0.117,1.235,12.367,117.522,0.971
2024-03-28 17:00,4.055,0.293,0,0.114,1.236,0.108,2.070,0.904
2024-03-28 18:00,3.850,0.050,0,0.111,1.236,0,0,0.888
2024-03-28 19:00,3.692,0.035,0,0.108,1.236,0,0,0.957
2024-03-28 20:00,3.727,0.065,0,0.105,1.236,0,0,0.989
2024-03-28 21:00,4.067,0.100,0,0.102,1.233,0,0,0.992
2024-03-28 22:00,4.532,0.222,0,0.098,1.230,0,0,0.996
2024-03-28 23:00,4.491,0.613,0,0.094,1.230,0,0,0.998
2024-03-29 00:00,4.368,1.462,0,0.091,1.230,0,0,0.996
2024-03-29 01:00,4.292,1.822,0,0.088,1.231,0,0,0.995
2024-03-29 02:00,4.356,1.004,0,0.086,1.231,0,0,0.994
2024-03-29 03:00,4.437,0.165,0,0.083,1.232,0,0,0.992
2024-03-29 04:00,4.468,0.020,0,0.080,1.233,3.178,30.521,0.989
2024-03-29 05:00,4.611,0.012,0,0.076,1.233,30.164,195.467,0.990
2024-03-29 06:00,4.921,0.011,0,0.072,1.233,61.943,367.857,0.993
2024-03-29 07:00,5.245,0.010,0,0.068,1.232,78.747,519.940,0.997
2024-03-29 08:00,5.456,0.012,0,0.063,1.232,87.757,641.182,0.995
2024-03-29 09:00,5.784,0.017,0,0.058,1.231,130.437,723.498,0.992
2024-03-29 10:00,6.320,0.019,0,0.052,1.230,200.449,761.103,0.988
2024-03-29 11:00,7.045,0.018,0,0.045,1.228,258.719,751.688,0.959
2024-03-29 12:00,7.580,0.010,0,0.038,1.225,228.323,695.841,0.898
2024-03-29 13:00,7.993,0.003,0,0.033,1.223,214.631,597.453,0.657
2024-03-29 14:00,8.340,0.002,0,0.029,1.221,189.898,463.162,0.591
2024-03-29 15:00,8.210,0.001,0,0.026,1.220,111.473,302.157,0.454
2024-03-29 16:00,7.074,0.001,0,0.025,1.221,45.635,125.417,0.251
2024-03-29 17:00,5.403,0.001,0,0.024,1.223,0.683,3.428,0.259
2024-03-29 18:00,4.938,0.001,0,0.023,1.227,0,0,0.553
2024-03-29 19:00,4.693,0.003,0,0.022,1.230,0,0,0.934
2024-03-29 20:00,4.802,0.052,0,0.022,1.233,0,0,0.987
2024-03-29 21:00,4.884,0.195,0,0.021,1.236,0,0,0.995
2024-03-29 22:00,4.805,0.428,0,0.021,1.238,0,0,0.996
2024-03-29 23:00,4.716,0.556,0,0.020,1.240,0,0,0.996
2024-03-30 00:00,4.648,0.587,0,0.019,1.241,0,0,0.996
2024-03-30 01:00,4.643,0.472,0,0.019,1.242,0,0,0.979
2024-03-30 02:00,4.690,0.295,0,0.018,1.244,0,0,0.931
2024-03-30 03:00,4.634,0.141,0,0.018,1.245,0,0,0.859
2024-03-30 04:00,4.548,0.046,0,0.017,1.247,2.878,35.283,0.825
2024-03-30 05:00,4.578,0.017,0,0.017,1.249,32.207,203.260,0.848
2024-03-30 06:00,4.833,0.014,0,0.016,1.249,78.404,375.438,0.897
2024-03-30 07:00,5.248,0.013,0,0.015,1.249,123.274,527.433,0.816
2024-03-30 08:00,5.883,0.008,0,0.013,1.247,224.314,648.432,0.626
2024-03-30 09:00,7.155,0.003,0,0.011,1.243,369.891,730.668,0.385
2024-03-30 10:00,8.611,0.001,0,0.004,1.238,479.927,768.346,0.231
2024-03-30 11:00,9.675,0,0,0.001,1.233,541.803,758.938,0.185
2024-03-30 12:00,10.130,0,0,0,1.230,495.024,703.091,0.290
2024-03-30 13:00,10.257,0,0,0,1.229,426.966,604.797,0.498
2024-03-30 14:00,10.040,0,0,0,1.228,299.574,470.662,0.837
2024-03-30 15:00,9.089,0,0,0,1.230,143.052,309.789,0.964
2024-03-30 16:00,7.213,0,0,0,1.233,34.305,133.260,0.992
2024-03-30 17:00,6.059,0,0,0,1.238,0.516,5.132,0.993
2024-03-30 18:00,5.589,0,0,0,1.243,0,0,0.994
2024-03-30 19:00,5.179,0,0,0,1.248,0,0,0.994
2024-03-30 20:00,4.773,0.001,0,0,1.253,0,0,0.996
2024-03-30 21:00,4.320,0.002,0,0,1.257,0,0,0.997
2024-03-30 22:00,4.069,0.002,0,0,1.259,0,0,0.992
2024-03-30 23:00,3.817,0.005,0,0,1.260,0,0,0.959
2024-03-31 00:00,3.661,0.007,0,0,1.261,0,0,0.971
2024-03-31 01:00,3.460,0.007,0,0,1.262,0,0,0.990
2024-03-31 02:00,3.197,0.010,0,0,1.263,0,0,0.992
2024-03-31 03:00,3.049,0.012,0,0,1.264,0,0,0.991
2024-03-31 04:00,2.909,0.012,0,0,1.264,5.807,40.377,0.994
2024-03-31 05:00,3.068,0.010,0,0,1.263,36.865,210.988,0.993
2024-03-31 06:00,3.393,0.007,0,0,1.262,88.133,383.063,0.992
2024-03-31 07:00,4.030,0.004,0,0,1.260,155.164,534.690,0.983
2024-03-31 08:00,4.828,0.002,0,0,1.256,231.448,655.682,0.973
2024-03-31 09:00,5.980,0.001,0,0,1.250,356.844,737.770,0.962
2024-03-31 10:00,6.972,0.001,0,0,1.245,402.010,775.516,0.963
2024-03-31 11:00,7.778,0.001,0,0,1.240,416.528,766.181,0.947
2024-03-31 12:00,8.239,0.002,0,0,1.236,394.685,710.341,0.879
2024-03-31 13:00,8.235,0.002,0,0,1.234,313.850,612.195,0.758
2024-03-31 14:00,7.799,0.003,0,0,1.234,215.407,478.118,0.834
2024-03-31 15:00,6.760,0.004,0,0,1.238,105.472,317.414,0.928
2024-03-31 16:00,5.481,0.006,0,0,1.243,33.457,141.071,0.974
2024-03-31 17:00,4.406,0.011,0,0,1.247,0.957,7.182,0.979
2024-03-31 18:00,4.055,0.023,0,0,1.249,0,0,0.990
2024-03-31 19:00,4.015,0.038,0,0,1.249,0,0,0.995
2024-03-31 20:00,4.003,0.043,0,0,1.249,0,0,0.995
2024-03-31 21:00,4.028,0.031,0,0,1.248,0,0,0.997
2024-03-31 22:00,4.194,0.018,0,0,1.246,0,0,0.999
2024-03-31 23:00,4.419,0.011,0,0,1.245,0,0,0.999
2024-04-01 00:00,4.469,0.010,0,0,1.244,0,0,0.999
2024-04-01 01:00,4.384,0.012,0,0,1.244,0,0,0.999
2024-04-01 02:00,4.211,0.013,0,0,1.245,0,0,0.997
2024-04-01 03:00,3.953,0.015,0,0,1.247,0,0,0.990
2024-04-01 04:00,3.669,0.015,0,0,1.249,2.933,45.786,0.957
2024-04-01 05:00,3.500,0.015,0,0,1.250,26.326,218.716,0.941
2024-04-01 06:00,3.589,0.013,0,0,1.251,65.700,390.563,0.987
2024-04-01 07:00,3.879,0.013,0,0,1.252,101.942,542.103,0.995
2024-04-01 08:00,4.257,0.012,0,0,1.251,135.894,662.932,0.998
2024-04-01 09:00,4.660,0.010,0,0,1.250,161.750,744.932,0.999
2024-04-01 10:00,5.070,0.006,0,0,1.249,195.124,782.596,0.995
2024-04-01 11:00,5.677,0.003,0,0,1.247,270.612,773.181,0.954
2024-04-01 12:00,6.371,0.002,0,0,1.244,371.647,717.591,0.672
2024-04-01 13:00,6.601,0.002,0,0,1.243,360.274,619.445,0.403
2024-04-01 14:00,6.110,0.003,0,0,1.245,267.933,485.493,0.403
2024-04-01 15:00,5.212,0.009,0,0,1.249,137.228,324.988,0.733
2024-04-01 16:00,4.076,0.010,0,0,1.254,42.685,148.821,0.957
2024-04-01 17:00,2.953,0.004,0,0,1.261,1.509,9.575,0.960
2024-04-01 18:00,2.117,0.006,0,0,1.266,0,0,0.967
2024-04-01 19:00,1.567,0.006,0,0,1.270,0,0,0.978
2024-04-01 20:00,1.145,0.005,0.001,0,1.272,0,0,0.980
2024-04-01 21:00,0.811,0.006,0.003,0,1.273,0,0,0.880
2024-04-01 22:00,0.593,0.010,0.009,0.001,1.273,0,0,0.962
2024-04-01 23:00,0.481,0.024,0.017,0.002,1.274,0,0,0.991
2024-04-02 00:00,0.380,0.051,0.043,0.010,1.274,0,0,0.995
2024-04-02 01:00,0.282,0.106,0.078,0.048,1.274,0,0,0.996
2024-04-02 02:00,0.139,0.270,0.199,0.159,1.275,0,0,0.996
2024-04-02 03:00,0.078,0.237,0.193,0.363,1.275,0,0,0.996
2024-04-02 04:00,0.023,0.169,0.130,0.496,1.275,2.739,51.528,0.997
2024-04-02 05:00,0.057,0.239,0.211,0.660,1.274,18.789,226.384,0.997
2024-04-02 06:00,0.151,0.346,0.345,0.937,1.274,38.040,398.019,0.995
2024-04-02 07:00,0.270,0.462,0.461,1.323,1.273,59.701,549.353,0.994
2024-04-02 08:00,0.393,0.693,0.693,1.884,1.272,82.272,670.094,0.994
2024-04-02 09:00,0.472,1.038,1.037,2.734,1.272,95.372,752.012,0.992
2024-04-02 10:00,0.460,1.173,1.173,3.814,1.271,96.146,789.530,0.989
2024-04-02 11:00,0.375,1.105,1.104,4.881,1.271,89.461,780.181,0.989
2024-04-02 12:00,0.228,1.044,1.043,5.864,1.271,80.342,724.591,0.990
2024-04-02 13:00,0.040,1.060,1.059,6.831,1.271,67.130,626.616,0.991
2024-04-02 14:00,-0.143,1.177,1.177,7.871,1.271,49.004,492.825,0.990
2024-04-02 15:00,-0.269,1.333,1.332,9.057,1.271,28.537,332.495,0.988
2024-04-02 16:00,-0.275,1.376,1.373,10.331,1.271,10.448,156.545,0.987
2024-04-02 17:00,-0.190,1.368,1.366,11.599,1.270,0.428,12.302,0.987
2024-04-02 18:00,-0.097,1.328,1.326,12.857,1.270,0,0,0.987
2024-04-02 19:00,-0.059,1.182,1.181,14.015,1.269,0,0,0.987
2024-04-02 20:00,-0.106,0.980,0.980,14.983,1.270,0,0,0.986
2024-04-02 21:00,-0.220,0.791,0.790,15.756,1.270,0,0,0.988
2024-04-02 22:00,-0.349,0.506,0.506,16.291,1.271,0,0,0.991
2024-04-02 23:00,-0.469,0.200,0.200,16.503,1.272,0,0,0.994
2024-04-03 00:00,-0.603,0.087,0.087,16.501,1.273,0,0,0.996
2024-04-03 01:00,-0.749,0.073,0.073,16.452,1.274,0,0,0.997
2024-04-03 02:00,-0.893,0.050,0.050,16.387,1.276,0,0,0.996
2024-04-03 03:00,-1.088,0.037,0.037,16.318,1.278,0,0,0.996
2024-04-03 04:00,-1.309,0.022,0.022,16.236,1.280,6.054,57.586,0.997
2024-04-03 05:00,-1.500,0.017,0.017,16.139,1.282,33.996,234.007,0.997
2024-04-03 06:00,-1.604,0.016,0.016,16.026,1.283,79.038,405.469,0.997
2024-04-03 07:00,-1.558,0.009,0.009,15.887,1.284,147.158,556.603,0.997
2024-04-03 08:00,-1.428,0.005,0.005,15.711,1.285,250.609,677.174,0.996
2024-04-03 09:00,-1.184,0.001,0.001,15.490,1.286,338.175,758.932,0.995
2024-04-03 10:00,-0.918,0,0,15.229,1.286,407.833,796.516,0.994
2024-04-03 11:00,-0.847,0,0,14.948,1.286,429.705,787.181,0.994
2024-04-03 12:00,-1.018,0,0,14.664,1.288,403.232,731.591,0.994
2024-04-03 13:00,-1.349,0,0,14.395,1.290,333.616,633.695,0.994
2024-04-03 14:00,-1.742,0,0,14.158,1.293,230.587,500.075,0.995
2024-04-03 15:00,-2.171,0,0,13.969,1.295,131.003,339.948,0.983
2024-04-03 16:00,-2.654,0,0,13.830,1.298,56.041,164.211,0.891
2024-04-03 17:00,-3.214,0,0,13.736,1.301,4.148,15.356,0.685
2024-04-03 18:00,-3.549,0,0,13.673,1.303,0,0,0.585
2024-04-03 19:00,-3.723,0,0,13.628,1.304,0,0,0.622
2024-04-03 20:00,-3.946,0,0,13.597,1.305,0,0,0.665
2024-04-03 21:00,-4.456,0,0,13.576,1.305,0,0,0.645
2024-04-03 22:00,-4.395,0,0,13.562,1.305,0,0,0.719
2024-04-03 23:00,-4.104,0,0,13.550,1.304,0,0,0.799
2024-04-04 00:00,-4.010,0,0,13.543,1.304,0,0,0.815
2024-04-04 01:00,-3.981,0,0,13.541,1.303,0,0,0.760
2024-04-04 02:00,-3.913,0,0,13.542,1.302,0,0,0.719
2024-04-04 03:00,-3.897,0,0,13.543,1.302,0,0,0.864
2024-04-04 04:00,-3.678,0,0,13.545,1.302,16.278,63.952,0.963
2024-04-04 05:00,-2.524,0,0,13.542,1.300,79.495,241.549,0.930
2024-04-04 06:00,-1.314,0,0,13.504,1.297,136.255,412.769,0.923
2024-04-04 07:00,-0.905,0,0,13.419,1.296,177.826,563.853,0.945
2024-04-04 08:00,-0.595,0,0,13.298,1.296,238.927,684.094,0.951
2024-04-04 09:00,-0.307,0,0,13.143,1.295,298.317,765.932,0.944
2024-04-04 10:00,-0.074,0,0,12.956,1.294,354.856,803.280,0.975
2024-04-04 11:00,0.115,0,0,12.740,1.293,393.245,794.093,0.980
2024-04-04 12:00,0.177,0.001,0.001,12.506,1.292,368.595,738.503,0.980
2024-04-04 13:00,0.056,0.002,0.002,12.314,1.292,281.465,640.710,0.964
2024-04-04 14:00,-0.176,0.011,0.011,12.172,1.291,189.399,507.321,0.927
2024-04-04 15:00,-0.497,0.062,0.062,12.098,1.292,91.408,347.330,0.962
2024-04-04 16:00,-0.876,0.166,0.166,12.139,1.293,23.832,171.836,0.979
2024-04-04 17:00,-1.120,0.245,0.235,12.294,1.293,1.573,18.740,0.977
2024-04-04 18:00,-1.148,0.241,0.226,12.484,1.293,0,0,0.983
2024-04-04 19:00,-1.061,0.190,0.171,12.641,1.291,0,0,0.983
2024-04-04 20:00,-0.905,0.145,0.121,12.745,1.290,0,0,0.989
2024-04-04 21:00,-0.661,0.142,0.135,12.833,1.288,0,0,0.997
2024-04-04 22:00,-0.445,0.183,0.179,12.946,1.286,0,0,0.997
2024-04-04 23:00,-0.289,0.291,0.269,13.125,1.284,0,0,0.997
2024-04-05 00:00,-0.164,0.400,0.369,13.394,1.283,0,0,0.997
2024-04-05 01:00,-0.046,0.497,0.466,13.717,1.281,0,0,0.996
2024-04-05 02:00,0.073,0.540,0.506,14.076,1.280,0,0,0.995
2024-04-05 03:00,0.176,0.514,0.482,14.399,1.278,0,0,0.997
2024-04-05 04:00,0.266,0.442,0.421,14.645,1.277,3.952,70.602,0.992
2024-04-05 05:00,0.400,0.415,0.402,14.777,1.275,22.720,249.047,0.967
2024-04-05 06:00,0.527,0.400,0.385,14.790,1.274,51.856,420.101,0.937
2024-04-05 07:00,0.656,0.309,0.269,14.584,1.273,80.424,570.853,0.937
2024-04-05 08:00,0.745,0.273,0.097,14.176,1.273,94.985,691.094,0.925
2024-04-05 09:00,0.851,0.240,0.006,13.603,1.272,122.413,772.682,0.909
2024-04-05 10:00,1.059,0.193,0,13.019,1.271,125.137,810.178,0.880
2024-04-05 11:00,1.261,0.149,0,12.463,1.271,130.308,800.843,0.863
2024-04-05 12:00,1.486,0.080,0,11.878,1.270,151.586,745.489,0.803
2024-04-05 13:00,1.646,0.041,0,11.271,1.270,161.036,647.710,0.814
2024-04-05 14:00,1.666,0.029,0,10.719,1.270,139.028,514.524,0.840
2024-04-05 15:00,1.655,0.019,0,10.317,1.270,93.005,354.701,0.817
2024-04-05 16:00,1.555,0.016,0,10.108,1.270,44.243,179.437,0.826
2024-04-05 17:00,1.155,0.019,0,10.060,1.271,3.660,22.455,0.972
2024-04-05 18:00,0.711,0.011,0,10.048,1.272,0,0,0.995
2024-04-05 19:00,0.475,0.003,0,10.035,1.272,0,0,0.996
2024-04-05 20:00,0.237,0.005,0,10.028,1.272,0,0,0.992
2024-04-05 21:00,0.139,0.083,0.001,10.005,1.272,0,0,0.994
2024-04-05 22:00,0.364,0.296,0.013,9.980,1.272,0,0,0.996
2024-04-05 23:00,0.630,0.570,0.332,10.030,1.272,0,0,0.995
2024-04-06 00:00,0.635,0.891,0.615,10.344,1.272,0,0,0.950
2024-04-06 01:00,0.593,0.918,0.699,10.807,1.272,0,0,0.976
2024-04-06 02:00,0.542,0.621,0.492,11.183,1.273,0,0,0.978
2024-04-06 03:00,0.480,0.295,0.237,11.316,1.274,0,0,0.954
2024-04-06 04:00,0.429,0.185,0.154,11.329,1.276,8.487,77.581,0.816
2024-04-06 05:00,0.517,0.111,0.095,11.231,1.277,46.484,256.505,0.747
2024-04-06 06:00,0.716,0.042,0.015,10.867,1.278,105.177,427.311,0.712
2024-04-06 07:00,0.985,0.011,0,10.205,1.277,181.950,577.867,0.654
2024-04-06 08:00,1.427,0.017,0,9.287,1.276,300.022,698.087,0.779
2024-04-06 09:00,1.873,0.026,0,8.289,1.275,327.553,779.595,0.986
2024-04-06 10:00,2.322,0.022,0,7.327,1.274,348.748,816.928,0.984
2024-04-06 11:00,2.866,0.019,0,6.430,1.273,355.314,807.593,0.969
2024-04-06 12:00,3.509,0.019,0,5.639,1.272,352.683,752.253,0.844
2024-04-06 13:00,3.854,0.019,0,5.014,1.272,282.633,654.616,0.925
2024-04-06 14:00,3.737,0.016,0,4.584,1.272,192.442,521.538,0.991
2024-04-06 15:00,3.215,0.008,0,4.324,1.273,105.480,362.026,0.986
2024-04-06 16:00,2.226,0.005,0,4.187,1.276,52.779,186.937,0.870
2024-04-06 17:00,1.399,0.007,0,4.135,1.280,5.501,26.483,0.746
2024-04-06 18:00,1.077,0.008,0,4.100,1.284,0,0,0.958
2024-04-06 19:00,0.829,0.007,0.001,4.054,1.286,0,0,0.902
2024-04-06 20:00,0.673,0.007,0.003,4.022,1.287,0,0,0.943
2024-04-06 21:00,0.669,0.005,0.001,3.983,1.286,0,0,0.954
2024-04-06 22:00,0.783,0.007,0,3.919,1.285,0,0,0.958
2024-04-06 23:00,1.011,0.013,0,3.817,1.283,0,0,0.993
2024-04-07 00:00,1.298,0.011,0,3.672,1.280,0,0,0.970
2024-04-07 01:00,1.587,0.003,0,3.485,1.277,0,0,0.987
2024-04-07 02:00,1.820,0.002,0,3.260,1.274,0,0,0.994
2024-04-07 03:00,2.012,0.002,0,3.014,1.272,0,0.003,0.992
2024-04-07 04:00,2.241,0.007,0,2.761,1.269,10.730,84.843,0.990
2024-04-07 05:00,2.629,0.004,0,2.512,1.266,41.784,263.882,0.990
2024-04-07 06:00,3.138,0.005,0,2.292,1.263,78.921,434.436,0.994
2024-04-07 07:00,3.679,0.007,0,2.095,1.259,122.222,584.867,0.995
2024-04-07 08:00,4.251,0.037,0,1.906,1.256,150.902,704.837,0.998
2024-04-07 09:00,4.744,0.329,0,1.738,1.253,111.727,786.175,0.996
2024-04-07 10:00,5.290,0.383,0,1.597,1.250,127.821,823.522,0.994
2024-04-07 11:00,6.153,0.090,0,1.447,1.244,160.065,814.115,0.936
2024-04-07 12:00,7.940,0.010,0,1.236,1.235,344.629,758.916,0.546
2024-04-07 13:00,9.564,0.003,0,1.002,1.226,375.039,661.528,0.177
2024-04-07 14:00,10.407,0.026,0,0.801,1.220,322.979,528.538,0.289
2024-04-07 15:00,10.355,0.042,0,0.651,1.219,184.893,369.276,0.234
2024-04-07 16:00,9.742,0.003,0,0.555,1.221,93.724,194.415,0.046
2024-04-07 17:00,8.720,0,0,0.500,1.226,11.219,30.818,0.006
2024-04-07 18:00,7.861,0,0,0.464,1.232,0,0,0.123
2024-04-07 19:00,7.316,0,0,0.434,1.237,0,0,0.044
2024-04-07 20:00,7.013,0,0,0.407,1.239,0,0,0.008
2024-04-07 21:00,6.703,0,0,0.383,1.242,0,0,0.440
2024-04-07 22:00,6.329,0,0,0.366,1.244,0,0,0.900
2024-04-07 23:00,6.211,0,0,0.349,1.246,0,0,0.947
2024-04-08 00:00,5.737,0,0,0.335,1.248,0,0,0.950
2024-04-08 01:00,5.580,0,0,0.321,1.250,0,0,0.955
2024-04-08 02:00,5.566,0.001,0,0.307,1.250,0,0,0.963
2024-04-08 03:00,5.491,0.001,0,0.293,1.251,0.010,0.084,0.961
2024-04-08 04:00,5.397,0.001,0,0.281,1.251,28.587,92.312,0.939
2024-04-08 05:00,5.789,0,0,0.265,1.251,119.104,271.254,0.641
2024-04-08 06:00,6.863,0,0,0.241,1.247,283.281,441.557,0.125
2024-04-08 07:00,8.481,0,0,0.207,1.240,416.933,591.765,0.124
2024-04-08 08:00,10.054,0.001,0,0.166,1.233,512.488,711.507,0.397
2024-04-08 09:00,11.260,0.010,0,0.127,1.227,528.637,792.845,0.406
2024-04-08 10:00,12.098,0.001,0,0.094,1.222,538.772,830.171,0.783
2024-04-08 11:00,12.092,0,0,0.072,1.220,373.770,820.763,0.972
2024-04-08 12:00,12.318,0,0,0.058,1.219,367.706,765.652,0.947
2024-04-08 13:00,12.611,0,0,0.047,1.217,370.429,668.278,0.938
2024-04-08 14:00,12.547,0,0,0.039,1.216,281.374,535.538,0.933
2024-04-08 15:00,11.835,0,0,0.034,1.218,145.992,376.401,0.957
2024-04-08 16:00,10.488,0,0,0.031,1.220,52.825,201.827,0.977
2024-04-08 17:00,9.154,0,0,0.029,1.222,5.829,35.463,0.974
2024-04-08 18:00,8.480,0,0,0.028,1.225,0,0,0.964
2024-04-08 19:00,7.983,0,0,0.027,1.228,0,0,0.964
2024-04-08 20:00,7.532,0,0,0.026,1.231,0,0,0.950
2024-04-08 21:00,7.255,0.001,0,0.026,1.234,0,0,0.956
2024-04-08 22:00,7.629,0.001,0,0.025,1.236,0,0,0.985
2024-04-08 23:00,8.149,0.001,0,0.025,1.237,0,0,0.992
2024-04-09 00:00,8.297,0.003,0,0.024,1.238,0,0,0.989
2024-04-09 01:00,8.107,0.026,0,0.024,1.239,0,0,0.981
2024-04-09 02:00,7.402,0.068,0,0.023,1.241,0,0,0.928
2024-04-09 03:00,6.432,0.017,0,0.023,1.243,0.023,0.392,0.455
2024-04-09 04:00,6.188,0.004,0,0.022,1.245,39.408,99.825,0.218
2024-04-09 05:00,7.296,0.005,0,0.022,1.247,140.188,278.511,0.302
2024-04-09 06:00,8.451,0.003,0,0.020,1.245,254.783,448.642,0.190
2024-04-09 07:00,10.588,0.003,0,0.017,1.236,392.057,598.529,0.055
2024-04-09 08:00,12.811,0.001,0,0.012,1.226,517.496,718.257,0.056
2024-04-09 09:00,14.070,0,0,0.005,1.221,589.708,799.345,0.639
2024-04-09 10:00,14.782,0,0,0.002,1.217,574.328,836.442,0.934
2024-04-09 11:00,14.849,0,0,0.001,1.216,507.826,827.263,0.940
2024-04-09 12:00,14.217,0,0,0.001,1.217,360.165,772.166,0.948
2024-04-09 13:00,13.276,0,0,0,1.220,226.354,675.021,0.972
2024-04-09 14:00,12.175,0,0,0,1.224,150.598,542.436,0.975
2024-04-09 15:00,11.071,0.001,0,0,1.227,153.795,383.522,0.947
2024-04-09 16:00,9.676,0.001,0,0,1.233,98.761,209.181,0.934
2024-04-09 17:00,7.905,0.003,0,0,1.241,11.205,40.413,0.946
2024-04-09 18:00,6.950,0.055,0,0,1.248,0,0,0.961
2024-04-09 19:00,6.345,0.102,0,0,1.251,0,0,0.983
2024-04-09 20:00,6.037,0.011,0,0,1.252,0,0,0.986
2024-04-09 21:00,5.792,0.005,0,0,1.253,0,0,0.994
2024-04-09 22:00,6.154,0.004,0,0,1.249,0,0,0.990
2024-04-09 23:00,6.050,0.005,0,0,1.248,0,0,0.979
2024-04-10 00:00,6.095,0.006,0,0,1.247,0,0,0.983
2024-04-10 01:00,6.213,0.009,0,0,1.245,0,0,0.981
2024-04-10 02:00,6.057,0.009,0,0,1.245,0,0,0.988
2024-04-10 03:00,6.236,0.002,0,0,1.244,0.064,1.023,0.983
2024-04-10 04:00,6.546,0.002,0,0,1.242,25.030,107.303,0.965
2024-04-10 05:00,7.044,0.002,0,0,1.242,96.453,285.721,0.962
2024-04-10 06:00,7.937,0,0,0,1.239,238.669,455.638,0.938
2024-04-10 07:00,9.016,0,0,0,1.234,326.531,605.279,0.884
2024-04-10 08:00,9.552,0.003,0,0,1.232,344.840,724.757,0.948
2024-04-10 09:00,9.743,0.013,0,0,1.233,474.138,805.837,0.919
2024-04-10 10:00,9.468,0.022,0,0,1.234,370.056,842.935,0.893
2024-04-10 11:00,9.181,0.033,0,0,1.235,314.598,833.756,0.828
2024-04-10 12:00,9.198,0.019,0,0,1.234,291.870,778.666,0.514
2024-04-10 13:00,9.326,0.022,0,0,1.233,281.370,681.528,0.530
2024-04-10 14:00,9.275,0.041,0,0,1.232,192.824,549.186,0.633
2024-04-10 15:00,9.035,0.039,0,0,1.234,103.151,390.603,0.481
2024-04-10 16:00,8.821,0.037,0,0,1.235,90.518,216.471,0.209
2024-04-10 17:00,8.384,0.026,0,0,1.239,13.557,45.667,0.276
2024-04-10 18:00,7.844,0.004,0,0,1.243,0,0,0.266
2024-04-10 19:00,7.315,0,0,0,1.248,0,0,0.098
2024-04-10 20:00,6.835,0,0,0,1.252,0,0,0.010
2024-04-10 21:00,6.291,0,0,0,1.256,0,0,0.002
2024-04-10 22:00,5.825,0,0,0,1.259,0,0,0.037
2024-04-10 23:00,5.454,0,0,0,1.263,0,0,0.580
2024-04-11 00:00,5.156,0,0,0,1.266,0,0,0.937
2024-04-11 01:00,4.864,0,0,0,1.268,0,0,0.946
2024-04-11 02:00,4.608,0,0,0,1.269,0,0,0.953
2024-04-11 03:00,4.493,0,0,0,1.270,0.351,1.982,0.968
2024-04-11 04:00,4.680,0,0,0,1.270,25.568,114.729,0.987
2024-04-11 05:00,5.078,0.006,0,0,1.268,60.508,292.846,0.993
2024-04-11 06:00,5.388,0.016,0,0,1.267,79.195,462.513,0.993
2024-04-11 07:00,5.623,0.039,0,0,1.266,122.184,612.015,0.995
2024-04-11 08:00,5.836,0.090,0,0,1.265,206.876,731.257,0.990
2024-04-11 09:00,5.948,0.174,0,0,1.263,269.953,812.257,0.970
2024-04-11 10:00,5.685,0.579,0,0,1.263,183.784,849.185,0.993
2024-04-11 11:00,5.345,0.456,0,0,1.262,98.772,840.006,0.979
2024-04-11 12:00,6.120,0.064,0,0,1.256,183.759,785.064,0.836
2024-04-11 13:00,7.400,0.030,0,0,1.247,169.370,688.042,0.697
2024-04-11 14:00,8.585,0.024,0,0,1.239,161.595,555.936,0.658
2024-04-11 15:00,9.299,0.022,0,0,1.234,108.854,397.563,0.755
2024-04-11 16:00,9.615,0.016,0,0,1.232,37.546,223.721,0.819
2024-04-11 17:00,9.781,0.005,0,0,1.231,8.029,51.196,0.613
2024-04-11 18:00,9.751,0,0,0,1.231,0,0,0.074
2024-04-11 19:00,9.656,0,0,0,1.231,0,0,0
2024-04-11 20:00,9.574,0,0,0,1.233,0,0,0
2024-04-11 21:00,9.436,0,0,0,1.234,0,0,0.003
2024-04-11 22:00,9.215,0,0,0,1.237,0,0,0.005
2024-04-11 23:00,8.888,0,0,0,1.239,0,0,0.014
2024-04-12 00:00,8.345,0.003,0,0,1.243,0,0,0.113
2024-04-12 01:00,7.868,0.007,0,0,1.247,0,0,0.160
2024-04-12 02:00,7.538,0.008,0,0,1.250,0,0,0.187
2024-04-12 03:00,7.124,0.008,0,0,1.253,0.731,3.254,0.289
2024-04-12 04:00,6.904,0.007,0,0,1.256,46.507,122.083,0.733
2024-04-12 05:00,7.106,0.003,0,0,1.257,98.020,299.971,0.962
2024-04-12 06:00,7.540,0,0,0,1.256,174.244,469.348,0.977
2024-04-12 07:00,7.998,0,0,0,1.254,197.447,618.678,0.992
2024-04-12 08:00,8.424,0,0,0,1.252,229.096,737.669,0.990
2024-04-12 09:00,9.056,0,0,0,1.249,307.693,818.507,0.966
2024-04-12 10:00,9.538,0,0,0,1.246,301.028,855.435,0.974
2024-04-12 11:00,9.710,0,0,0,1.243,238.798,846.256,0.992
2024-04-12 12:00,9.820,0.001,0,0,1.242,213.959,791.328,0.990
2024-04-12 13:00,9.653,0.010,0,0,1.241,156.113,694.542,0.990
2024-04-12 14:00,9.453,0.049,0,0,1.240,116.768,562.679,0.993
2024-04-12 15:00,9.064,0.078,0,0,1.240,63.963,404.438,0.995
2024-04-12 16:00,8.712,0.047,0,0,1.241,26.945,230.883,0.994
2024-04-12 17:00,8.495,0.019,0,0,1.241,6.313,57.006,0.951
2024-04-12 18:00,8.269,0.017,0,0,1.242,0,0,0.753
2024-04-12 19:00,8.154,0.012,0,0,1.242,0,0,0.623
2024-04-12 20:00,7.716,0.009,0,0,1.242,0,0,0.393
2024-04-12 21:00,7.310,0.011,0,0,1.243,0,0,0.321
2024-04-12 22:00,7.114,0.013,0,0,1.245,0,0,0.383
2024-04-12 23:00,7.189,0.013,0,0,1.246,0,0,0.499
2024-04-13 00:00,7.077,0.011,0,0,1.248,0,0,0.451
2024-04-13 01:00,6.734,0.013,0,0,1.250,0,0,0.501
2024-04-13 02:00,6.536,0.013,0,0,1.252,0,0,0.723
2024-04-13 03:00,6.447,0.027,0,0,1.253,0.564,4.834,0.906
2024-04-13 04:00,6.566,0.033,0,0,1.252,18.441,129.395,0.948
2024-04-13 05:00,6.927,0.034,0,0,1.250,46.238,306.971,0.960
2024-04-13 06:00,7.255,0.029,0,0,1.248,79.038,476.098,0.973
2024-04-13 07:00,7.644,0.013,0,0,1.246,151.692,625.178,0.988
2024-04-13 08:00,8.436,0.007,0,0,1.242,257.275,744.013,0.954
2024-04-13 09:00,9.636,0.019,0,0,1.236,376.574,824.757,0.841
2024-04-13 10:00,10.224,0.058,0,0,1.231,313.505,861.605,0.857
2024-04-13 11:00,10.398,0.026,0,0,1.228,256.667,852.418,0.885
2024-04-13 12:00,10.713,0.010,0,0,1.225,256.189,797.578,0.831
2024-04-13 13:00,11.149,0.003,0,0,1.223,320.349,701.021,0.547
2024-04-13 14:00,11.364,0,0,0,1.221,315.244,569.200,0.190
2024-04-13 15:00,11.285,0,0,0,1.221,267.222,411.309,0.145
2024-04-13 16:00,10.683,0,0,0,1.222,135.013,237.986,0.132
2024-04-13 17:00,9.603,0,0,0,1.225,25.490,63.107,0.729
2024-04-13 18:00,8.695,0,0,0,1.230,0,0,0.572
2024-04-13 19:00,7.992,0,0,0,1.234,0,0,0.829
2024-04-13 20:00,7.600,0,0,0,1.236,0,0,0.986
2024-04-13 21:00,7.395,0.001,0,0,1.237,0,0,0.992
2024-04-13 22:00,7.185,0.001,0,0,1.237,0,0,0.992
2024-04-13 23:00,7.000,0.008,0,0,1.238,0,0,0.990
2024-04-14 00:00,6.849,0.113,0,0,1.237,0,0,0.987
2024-04-14 01:00,6.708,0.484,0,0,1.237,0,0,0.973
2024-04-14 02:00,6.571,0.626,0,0,1.235,0,0,0.854
2024-04-14 03:00,6.463,0.552,0,0,1.233,0.415,6.738,0.851
2024-04-14 04:00,6.608,0.620,0,0,1.230,9.020,136.625,0.834
2024-04-14 05:00,6.995,0.287,0,0,1.227,47.146,313.927,0.686
2024-04-14 06:00,7.771,0.172,0,0,1.222,156.022,482.730,0.595
2024-04-14 07:00,7.810,0.106,0,0,1.223,251.032,631.678,0.672
2024-04-14 08:00,7.418,0.070,0,0,1.225,263.604,750.183,0.665
2024-04-14 09:00,7.264,0.062,0,0,1.226,258.700,830.757,0.706
2024-04-14 10:00,7.452,0.061,0,0,1.225,281.685,867.605,0.750
2024-04-14 11:00,8.088,0.126,0,0,1.221,312.485,858.426,0.765
2024-04-14 12:00,8.472,0.346,0,0,1.218,294.477,803.807,0.819
2024-04-14 13:00,7.984,0.651,0,0,1.219,169.475,707.271,0.851
2024-04-14 14:00,7.450,0.566,0,0,1.221,108.762,575.700,0.828
2024-04-14 15:00,7.204,0.407,0,0,1.223,88.775,418.059,0.616
2024-04-14 16:00,6.880,0.265,0,0,1.225,71.682,245.010,0.579
2024-04-14 17:00,6.315,0.293,0,0,1.229,11.699,69.474,0.808
2024-04-14 18:00,5.748,0.524,0,0,1.234,0,0,0.910
2024-04-14 19:00,5.239,0.533,0,0,1.238,0,0,0.977
2024-04-14 20:00,4.864,0.481,0,0,1.242,0,0,0.987
2024-04-14 21:00,4.444,0.686,0,0,1.246,0,0,0.992
2024-04-14 22:00,3.885,0.875,0,0,1.250,0,0,0.992
2024-04-14 23:00,3.345,0.875,0,0,1.254,0,0,0.987
2024-04-15 00:00,2.978,0.679,0,0,1.257,0,0,0.968
2024-04-15 01:00,2.682,0.531,0,0,1.259,0,0,0.955
2024-04-15 02:00,2.471,0.453,0,0,1.260,0,0,0.948
2024-04-15 03:00,2.324,0.334,0,0,1.262,0.521,8.943,0.923
2024-04-15 04:00,2.253,0.191,0,0,1.263,18.698,143.791,0.850
2024-04-15 05:00,2.484,0.076,0,0,1.263,89.530,320.802,0.580
2024-04-15 06:00,3.175,0.018,0,0,1.261,232.475,489.355,0.361
2024-04-15 07:00,4.356,0.002,0,0,1.257,390.379,637.942,0.191
2024-04-15 08:00,5.713,0,0,0,1.252,552.429,756.419,0.023
2024-04-15 09:00,6.746,0.001,0,0,1.247,638.870,836.920,0.015
2024-04-15 10:00,7.492,0.001,0,0,1.243,664.135,873.605,0.090
2024-04-15 11:00,7.953,0.001,0,0,1.240,637.703,864.418,0.116
2024-04-15 12:00,8.214,0.001,0,0,1.238,586.515,809.828,0.103
2024-04-15 13:00,8.351,0,0,0,1.236,528.627,713.441,0.047
2024-04-15 14:00,8.287,0,0,0,1.236,424.784,582.179,0.019
2024-04-15 15:00,8.026,0,0,0,1.235,286.625,424.759,0.092
2024-04-15 16:00,7.593,0,0,0,1.236,127.713,251.985,0.396
2024-04-15 17:00,6.708,0,0,0,1.237,28.157,76.108,0.310
2024-04-15 18:00,5.881,0,0,0,1.239,0,0,0.339
2024-04-15 19:00,4.739,0,0,0,1.241,0,0,0.496
2024-04-15 20:00,3.597,0,0,0,1.244,0,0,0.738
2024-04-15 21:00,2.765,0,0,0,1.247,0,0,0.896
2024-04-15 22:00,2.046,0,0,0,1.251,0,0,0.964
2024-04-15 23:00,1.337,0,0,0,1.254,0,0,0.978
2024-04-16 00:00,0.812,0,0,0,1.258,0,0,0.992
2024-04-16 01:00,0.850,0,0,0,1.261,0,0,0.996
2024-04-16 02:00,1.272,0.001,0,0,1.264,0,0,0.998
2024-04-16 03:00,1.211,0.001,0.001,0,1.266,1.773,11.439,0.998
2024-04-16 04:00,1.366,0.003,0.001,0,1.266,29.786,150.858,0.996
2024-04-16 05:00,1.906,0.003,0,0,1.264,99.952,327.633,0.988
2024-04-16 06:00,2.871,0.003,0,0,1.260,208.240,495.937,0.978
2024-04-16 07:00,3.906,0.010,0,0,1.256,308.463,644.192,0.977
2024-04-16 08:00,4.660,0.038,0,0,1.253,361.055,762.582,0.977
2024-04-16 09:00,4.982,0.073,0,0,1.250,345.248,842.757,0.983
2024-04-16 10:00,5.192,0.110,0,0,1.249,344.044,879.517,0.992
2024-04-16 11:00,5.114,0.142,0,0,1.249,263.336,870.418,0.994
2024-04-16 12:00,4.917,0.172,0,0,1.250,213.230,815.821,0.989
2024-04-16 13:00,4.697,0.152,0,0,1.251,183.963,719.683,0.979
2024-04-16 14:00,4.476,0.108,0,0,1.252,162.957,588.591,0.963
2024-04-16 15:00,4.267,0.061,0,0,1.253,126.491,431.384,0.962
2024-04-16 16:00,3.972,0.026,0,0,1.254,81.978,258.877,0.972
2024-04-16 17:00,3.368,0.009,0,0,1.257,22.869,82.948,0.966
2024-04-16 18:00,2.675,0.003,0,0,1.260,0.004,0.024,0.939
2024-04-16 19:00,2.164,0.001,0,0,1.263,0,0,0.895
2024-04-16 20:00,1.795,0.001,0,0,1.266,0,0,0.839
2024-04-16 21:00,1.476,0.001,0,0,1.267,0,0,0.786
2024-04-16 22:00,1.234,0.001,0,0,1.269,0,0,0.798
2024-04-16 23:00,1.063,0.001,0,0,1.270,0,0,0.823
2024-04-17 00:00,0.912,0.001,0,0,1.271,0,0,0.875
2024-04-17 01:00,0.795,0.002,0,0,1.272,0,0,0.929
2024-04-17 02:00,0.661,0.002,0,0,1.273,0,0,0.958
2024-04-17 03:00,0.586,0.002,0.001,0,1.274,3.384,14.225,0.898
2024-04-17 04:00,0.790,0.002,0,0,1.274,60.389,157.919,0.841
2024-04-17 05:00,1.724,0.001,0,0,1.272,172.933,334.383,0.791
2024-04-17 06:00,3.081,0.001,0,0,1.266,303.654,502.312,0.705
2024-04-17 07:00,4.287,0.001,0,0,1.262,441.336,650.442,0.587
2024-04-17 08:00,5.246,0.001,0,0,1.258,543.125,768.582,0.467
2024-04-17 09:00,5.884,0.004,0,0,1.256,589.310,848.670,0.368
2024-04-17 10:00,6.248,0.005,0,0,1.255,588.227,885.267,0.341
2024-04-17 11:00,6.435,0.004,0,0,1.254,557.101,876.168,0.331
2024-04-17 12:00,6.504,0.002,0,0,1.254,527.222,821.727,0.254
2024-04-17 13:00,6.384,0.001,0,0,1.254,480.837,725.683,0.167
2024-04-17 14:00,6.037,0,0,0,1.256,407.680,594.841,0.164
2024-04-17 15:00,5.401,0,0,0,1.258,277.636,437.884,0.192
2024-04-17 16:00,4.523,0,0,0,1.262,149.965,265.674,0.088
2024-04-17 17:00,2.968,0,0,0,1.266,41.078,89.983,0.044
2024-04-17 18:00,1.182,0,0,0,1.272,0.023,0.129,0.070
2024-04-17 19:00,0.500,0,0,0,1.276,0,0,0.096
2024-04-17 20:00,-0.070,0.001,0,0,1.280,0,0,0.160
2024-04-17 21:00,-0.108,0.002,0.002,0,1.284,0,0,0.316
2024-04-17 22:00,-0.129,0.005,0.005,0.001,1.286,0,0,0.456
2024-04-17 23:00,-0.306,0.008,0.007,0.001,1.288,0,0,0.536
2024-04-18 00:00,-0.563,0.009,0.008,0.001,1.290,0,0,0.582
2024-04-18 01:00,-0.795,0.009,0.006,0.001,1.291,0,0,0.595
2024-04-18 02:00,-0.976,0.009,0.008,0.002,1.293,0,0,0.662
2024-04-18 03:00,-1.123,0.010,0.009,0.005,1.294,3.716,17.309,0.759
2024-04-18 04:00,-0.792,0.009,0.009,0.006,1.294,48.875,164.897,0.843
2024-04-18 05:00,0.019,0.006,0.006,0.007,1.291,119.042,341.015,0.911
2024-04-18 06:00,1.077,0.010,0.003,0.006,1.286,179.038,508.694,0.939
2024-04-18 07:00,2.009,0.022,0.001,0.006,1.282,229.744,656.590,0.928
2024-04-18 08:00,2.789,0.035,0,0.006,1.279,263.505,774.433,0.900
2024-04-18 09:00,3.507,0.044,0,0.005,1.275,323.415,854.420,0.874
2024-04-18 10:00,4.210,0.039,0,0.004,1.273,389.634,891.017,0.817
2024-04-18 11:00,4.643,0.056,0,0.004,1.271,402.684,881.838,0.800
2024-04-18 12:00,4.735,0.080,0,0.003,1.270,388.898,827.477,0.748
2024-04-18 13:00,4.535,0.085,0,0.003,1.270,335.312,731.683,0.702
2024-04-18 14:00,4.070,0.077,0,0.003,1.271,248.050,601.012,0.700
2024-04-18 15:00,3.487,0.069,0,0.002,1.273,156.005,444.340,0.698
2024-04-18 16:00,2.827,0.063,0,0.002,1.275,79.652,272.458,0.797
2024-04-18 17:00,2.030,0.059,0,0.002,1.278,20.011,97.022,0.901
2024-04-18 18:00,1.310,0.058,0,0.002,1.280,0.047,0.469,0.916
2024-04-18 19:00,0.976,0.066,0.001,0.003,1.282,0,0,0.907
2024-04-18 20:00,0.673,0.066,0.003,0.003,1.283,0,0,0.898
2024-04-18 21:00,0.441,0.072,0.008,0.004,1.284,0,0,0.902
2024-04-18 22:00,0.305,0.054,0.017,0.005,1.284,0,0,0.920
2024-04-18 23:00,0.204,0.046,0.044,0.019,1.285,0,0,0.922
2024-04-19 00:00,0.153,0.047,0.046,0.039,1.285,0,0,0.914
2024-04-19 01:00,0.087,0.055,0.054,0.058,1.284,0,0,0.925
2024-04-19 02:00,0.020,0.064,0.063,0.076,1.285,0,0,0.940
2024-04-19 03:00,0.010,0.062,0.061,0.090,1.284,2.191,20.659,0.945
2024-04-19 04:00,0.157,0.056,0.055,0.099,1.284,28.462,171.756,0.931
2024-04-19 05:00,0.458,0.049,0.048,0.107,1.283,78.043,347.593,0.924
2024-04-19 06:00,0.853,0.064,0.033,0.113,1.281,136.777,514.978,0.940
2024-04-19 07:00,1.246,0.055,0.011,0.108,1.279,190.151,662.604,0.966
2024-04-19 08:00,1.669,0.072,0.009,0.101,1.278,227.552,780.332,0.990
2024-04-19 09:00,2.222,0.081,0.001,0.091,1.276,318.677,860.170,0.957
2024-04-19 10:00,2.872,0.097,0,0.080,1.273,396.695,896.746,0.922
2024-04-19 11:00,3.310,0.096,0,0.070,1.271,406.192,887.581,0.918
2024-04-19 12:00,3.525,0.067,0,0.061,1.269,393.695,833.227,0.939
2024-04-19 13:00,3.283,0.049,0,0.054,1.269,288.493,737.596,0.957
2024-04-19 14:00,2.913,0.031,0,0.049,1.270,219.802,607.091,0.959
2024-04-19 15:00,2.493,0.018,0,0.046,1.271,131.605,450.715,0.958
2024-04-19 16:00,2.061,0.009,0,0.044,1.272,84.946,279.123,0.940
2024-04-19 17:00,1.310,0.006,0,0.044,1.275,28.462,103.980,0.902
2024-04-19 18:00,0.445,0.006,0.001,0.044,1.278,0.173,1.095,0.873
2024-04-19 19:00,-0.104,0.008,0.006,0.045,1.281,0,0,0.875
2024-04-19 20:00,-0.466,0.023,0.022,0.047,1.284,0,0,0.884
2024-04-19 21:00,-0.815,0.060,0.060,0.062,1.286,0,0,0.904
2024-04-19 22:00,-1.156,0.085,0.085,0.127,1.288,0,0,0.925
2024-04-19 23:00,-1.388,0.099,0.098,0.214,1.289,0,0,0.930
2024-04-20 00:00,-1.551,0.086,0.085,0.302,1.290,0,0,0.929
2024-04-20 01:00,-1.681,0.071,0.071,0.377,1.291,0,0,0.926
2024-04-20 02:00,-1.736,0.069,0.069,0.444,1.292,0,0,0.922
2024-04-20 03:00,-1.757,0.076,0.076,0.515,1.292,2.436,24.279,0.926
2024-04-20 04:00,-1.645,0.098,0.098,0.600,1.292,26.172,178.568,0.931
2024-04-20 05:00,-1.332,0.121,0.121,0.707,1.292,61.285,354.100,0.939
2024-04-20 06:00,-0.859,0.127,0.127,0.825,1.291,104.293,521.217,0.958
2024-04-20 07:00,-0.380,0.117,0.117,0.934,1.289,143.085,668.590,0.972
2024-04-20 08:00,0.115,0.098,0.098,1.028,1.288,181.008,786.082,0.987
2024-04-20 09:00,0.645,0.070,0.069,1.096,1.286,202.536,865.670,0.992
2024-04-20 10:00,1.077,0.044,0.024,1.126,1.285,214.784,902.260,0.994
2024-04-20 11:00,1.479,0.017,0.001,1.113,1.284,238.320,893.081,0.991
2024-04-20 12:00,1.770,0.010,0,1.092,1.284,236.823,838.890,0.989
2024-04-20 13:00,1.836,0.005,0,1.069,1.284,205.992,743.346,0.985
2024-04-20 14:00,1.733,0.003,0,1.048,1.285,172.775,613.091,0.977
2024-04-20 15:00,1.410,0.002,0,1.031,1.287,123.451,457.046,0.973
2024-04-20 16:00,0.885,0.002,0.001,1.021,1.290,64.980,285.704,0.976
2024-04-20 17:00,0.216,0.001,0.001,1.017,1.293,18.272,110.875,0.980
2024-04-20 18:00,-0.363,0.001,0,1.015,1.296,0.175,2.020,0.982
2024-04-20 19:00,-0.649,0,0,1.014,1.299,0,0,0.975
2024-04-20 20:00,-0.825,0,0,1.012,1.300,0,0,0.961
2024-04-20 21:00,-0.941,0.001,0,1.011,1.302,0,0,0.958
2024-04-20 22:00,-1.183,0.001,0.001,1.010,1.304,0,0,0.958
2024-04-20 23:00,-1.270,0.002,0.002,1.011,1.306,0,0,0.949
2024-04-21 00:00,-1.336,0.002,0.002,1.012,1.307,0,0,0.897
2024-04-21 01:00,-1.503,0.003,0.003,1.013,1.309,0,0,0.791
2024-04-21 02:00,-1.578,0.004,0.004,1.016,1.310,0,0,0.801
2024-04-21 03:00,-1.573,0.006,0.006,1.019,1.311,5.294,28.167,0.828
2024-04-21 04:00,-1.241,0.014,0.014,1.027,1.312,49.890,185.318,0.873
2024-04-21 05:00,-0.840,0.018,0.018,1.040,1.312,114.611,360.550,0.848
2024-04-21 06:00,-0.337,0.019,0.019,1.048,1.311,215.073,527.319,0.794
2024-04-21 07:00,0.227,0.060,0.060,1.068,1.310,300.123,674.354,0.765
2024-04-21 08:00,0.864,0.109,0.102,1.132,1.309,433.856,791.596,0.761
2024-04-21 09:00,1.197,0.101,0.074,1.190,1.307,439.386,871.184,0.637
2024-04-21 10:00,1.370,0.085,0.048,1.211,1.307,445.219,907.666,0.604
2024-04-21 11:00,1.345,0.078,0.045,1.219,1.307,419.794,898.501,0.548
2024-04-21 12:00,1.328,0.074,0.046,1.231,1.307,430.880,844.390,0.518
2024-04-21 13:00,1.112,0.067,0.041,1.244,1.308,352.472,749.096,0.512
2024-04-21 14:00,0.803,0.057,0.044,1.262,1.309,278.985,619.012,0.537
2024-04-21 15:00,0.446,0.048,0.041,1.286,1.310,196.665,463.211,0.503
2024-04-21 16:00,0.039,0.028,0.027,1.307,1.311,108.255,292.204,0.524
2024-04-21 17:00,-0.514,0.022,0.021,1.322,1.313,32.206,117.706,0.436
2024-04-21 18:00,-1.139,0.013,0.013,1.334,1.316,0.476,3.239,0.415
2024-04-21 19:00,-1.405,0.010,0.010,1.342,1.317,0,0,0.492
2024-04-21 20:00,-1.508,0.008,0.008,1.350,1.317,0,0,0.529
2024-04-21 21:00,-1.466,0.005,0.004,1.354,1.316,0,0,0.513
2024-04-21 22:00,-1.330,0.003,0.002,1.354,1.315,0,0,0.495
2024-04-21 23:00,-1.150,0.002,0.001,1.353,1.313,0,0,0.554
2024-04-22 00:00,-1.032,0.002,0.001,1.351,1.312,0,0,0.599
2024-04-22 01:00,-0.934,0.001,0.001,1.348,1.311,0,0,0.391
2024-04-22 02:00,-0.964,0.001,0.001,1.345,1.311,0,0,0.312
2024-04-22 03:00,-1.064,0.001,0.001,1.343,1.311,9.575,32.313,0.256
2024-04-22 04:00,-0.872,0.002,0.002,1.340,1.311,87.772,191.984,0.149
2024-04-22 05:00,-0.269,0.002,0.002,1.333,1.309,217.400,366.925,0.193
2024-04-22 06:00,0.343,0.003,0.003,1.318,1.307,341.763,533.467,0.541
2024-04-22 07:00,0.822,0.009,0.009,1.298,1.305,430.199,680.104,0.790
2024-04-22 08:00,1.159,0.021,0.019,1.281,1.303,479.747,797.244,0.880
2024-04-22 09:00,1.318,0.018,0.014,1.262,1.301,479.233,876.583,0.902
2024-04-22 10:00,1.403,0.012,0.005,1.233,1.299,456.101,912.930,0.945
2024-04-22 11:00,1.476,0.008,0.003,1.201,1.298,416.435,903.831,0.954
2024-04-22 12:00,1.501,0.004,0.002,1.167,1.296,401.828,849.890,0.912
2024-04-22 13:00,1.404,0.002,0.001,1.134,1.296,375.060,754.744,0.923
2024-04-22 14:00,1.086,0.002,0.001,1.108,1.296,280.003,625.004,0.975
2024-04-22 15:00,0.526,0.003,0.002,1.090,1.297,147.224,469.371,0.991
2024-04-22 16:00,-0.023,0.003,0.002,1.079,1.298,66.869,298.660,0.995
2024-04-22 17:00,-0.539,0.001,0.001,1.072,1.300,19.178,124.444,0.995
2024-04-22 18:00,-0.972,0.001,0.001,1.067,1.301,0.446,4.739,0.994
2024-04-22 19:00,-1.269,0.001,0.001,1.063,1.302,0,0,0.993
2024-04-22 20:00,-1.452,0.001,0.001,1.060,1.303,0,0,0.990
2024-04-22 21:00,-1.504,0.001,0.001,1.057,1.302,0,0,0.988
2024-04-22 22:00,-1.461,0.001,0.001,1.054,1.301,0,0,0.983
2024-04-22 23:00,-1.409,0.001,0.001,1.052,1.299,0,0,0.952
2024-04-23 00:00,-1.361,0.001,0.001,1.051,1.298,0,0,0.918
2024-04-23 01:00,-1.295,0.001,0.001,1.049,1.297,0,0,0.909
2024-04-23 02:00,-1.211,0,0,1.048,1.296,0,0,0.903
2024-04-23 03:00,-1.169,0,0,1.047,1.296,5.106,36.704,0.905
2024-04-23 04:00,-0.917,0,0,1.046,1.295,43.725,198.587,0.911
2024-04-23 05:00,-0.320,0,0,1.042,1.292,111.667,373.182,0.918
2024-04-23 06:00,0.591,0,0,1.034,1.289,223.429,539.387,0.852
2024-04-23 07:00,1.701,0,0,0.999,1.284,376.130,685.854,0.739
2024-04-23 08:00,2.734,0,0,0.888,1.279,519.002,802.744,0.642
2024-04-23 09:00,3.740,0.001,0,0.739,1.274,594.033,881.995,0.616
2024-04-23 10:00,4.639,0,0,0.598,1.270,615.489,918.180,0.669
2024-04-23 11:00,5.324,0.001,0,0.481,1.266,581.372,909.095,0.834
2024-04-23 12:00,5.994,0,0,0.388,1.262,558.355,855.154,0.874
2024-04-23 13:00,6.104,0,0,0.325,1.260,384.436,760.244,0.875
2024-04-23 14:00,6.155,0.001,0,0.285,1.259,300.174,630.754,0.888
2024-04-23 15:00,5.886,0.001,0,0.259,1.258,174.076,475.418,0.859
2024-04-23 16:00,5.341,0,0,0.244,1.259,110.162,305.028,0.743
2024-04-23 17:00,3.802,0,0,0.236,1.262,45.379,131.148,0.604
2024-04-23 18:00,2.380,0,0,0.234,1.265,1.409,6.512,0.522
2024-04-23 19:00,2.217,0,0,0.233,1.270,0,0,0.577
2024-04-23 20:00,1.974,0,0,0.232,1.273,0,0,0.672
2024-04-23 21:00,1.742,0.001,0,0.231,1.274,0,0,0.719
2024-04-23 22:00,1.644,0.002,0,0.230,1.275,0,0,0.793
2024-04-23 23:00,1.658,0.007,0,0.229,1.275,0,0,0.801
2024-04-24 00:00,1.500,0.006,0,0.228,1.275,0,0,0.820
2024-04-24 01:00,1.458,0.009,0,0.227,1.276,0,0,0.841
2024-04-24 02:00,1.565,0.010,0,0.225,1.276,0,0,0.782
2024-04-24 03:00,1.394,0.037,0,0.225,1.275,8.795,41.330,0.675
2024-04-24 04:00,2.039,0.010,0,0.222,1.274,68.589,205.067,0.640
2024-04-24 05:00,2.981,0.014,0,0.213,1.271,149.623,379.307,0.649
2024-04-24 06:00,4.004,0.010,0,0.197,1.267,245.651,545.231,0.599
2024-04-24 07:00,5.087,0.019,0,0.175,1.262,357.359,691.517,0.498
2024-04-24 08:00,6.207,0.020,0,0.146,1.258,506.936,808.016,0.270
2024-04-24 09:00,6.942,0.029,0,0.116,1.255,585.983,887.245,0.327
2024-04-24 10:00,7.048,0.048,0,0.093,1.254,535.437,923.422,0.374
2024-04-24 11:00,7.173,0.042,0,0.074,1.254,554.865,914.251,0.358
2024-04-24 12:00,7.045,0.025,0,0.060,1.254,491.998,860.404,0.391
2024-04-24 13:00,6.810,0.021,0,0.050,1.254,428.791,765.744,0.417
2024-04-24 14:00,6.427,0.011,0,0.042,1.254,316.956,636.403,0.389
2024-04-24 15:00,6.028,0.005,0,0.036,1.256,281.304,481.367,0.134
2024-04-24 16:00,5.236,0.001,0,0.033,1.258,174.387,311.285,0.146
2024-04-24 17:00,3.947,0.001,0,0.032,1.262,61.668,137.711,0.168
2024-04-24 18:00,1.891,0,0,0.032,1.267,2.243,8.556,0.300
2024-04-24 19:00,1.222,0,0,0.032,1.269,0,0,0.424
2024-04-24 20:00,0.885,0,0,0.032,1.271,0,0,0.621
2024-04-24 21:00,1.115,0.001,0,0.032,1.272,0,0,0.755
2024-04-24 22:00,1.524,0.004,0,0.032,1.273,0,0,0.887
2024-04-24 23:00,1.746,0.016,0,0.032,1.274,0,0,0.934
2024-04-25 00:00,1.520,0.045,0,0.032,1.274,0,0,0.973
2024-04-25 01:00,1.466,0.113,0.001,0.032,1.275,0,0,0.987
2024-04-25 02:00,1.347,0.219,0.016,0.037,1.275,0,0,0.985
2024-04-25 03:00,1.205,0.424,0.108,0.090,1.276,2.932,46.201,0.988
2024-04-25 04:00,1.135,0.636,0.382,0.339,1.276,18.171,211.505,0.983
2024-04-25 05:00,1.212,0.772,0.355,0.704,1.275,44.418,385.432,0.980
2024-04-25 06:00,1.331,0.826,0.143,0.939,1.275,71.173,550.981,0.975
2024-04-25 07:00,1.459,0.760,0.063,0.996,1.274,99.047,697.017,0.964
2024-04-25 08:00,1.713,0.632,0.001,0.937,1.273,128.849,813.414,0.958
2024-04-25 09:00,2.132,0.462,0,0.868,1.271,149.986,892.333,0.950
2024-04-25 10:00,2.675,0.357,0,0.799,1.268,173.942,928.430,0.906
2024-04-25 11:00,3.206,0.314,0,0.728,1.266,207.654,919.493,0.884
2024-04-25 12:00,3.572,0.305,0,0.661,1.264,194.397,865.654,0.881
2024-04-25 13:00,3.718,0.291,0,0.605,1.262,163.941,771.008,0.887
2024-04-25 14:00,3.679,0.261,0,0.560,1.262,129.837,642.004,0.880
2024-04-25 15:00,3.523,0.208,0,0.527,1.263,99.272,487.242,0.818
2024-04-25 16:00,3.270,0.157,0,0.504,1.264,65.013,317.485,0.801
2024-04-25 17:00,2.832,0.128,0,0.491,1.265,27.083,144.191,0.855
2024-04-25 18:00,2.318,0.129,0,0.487,1.268,1.286,10.864,0.935
2024-04-25 19:00,2.053,0.181,0,0.485,1.270,0,0,0.977
2024-04-25 20:00,1.785,0.273,0,0.484,1.272,0,0,0.993
2024-04-25 21:00,1.431,0.411,0.005,0.486,1.274,0,0,0.997
2024-04-25 22:00,1.040,0.531,0.146,0.533,1.276,0,0,0.998
2024-04-25 23:00,0.866,0.576,0.353,0.810,1.277,0,0,0.998
2024-04-26 00:00,0.787,0.698,0.388,1.186,1.277,0,0,0.998
2024-04-26 01:00,0.731,0.720,0.424,1.622,1.277,0,0,0.997
2024-04-26 02:00,0.676,0.731,0.498,2.097,1.277,0,0,0.997
2024-04-26 03:00,0.660,0.719,0.513,2.611,1.277,2.666,51.284,0.997
2024-04-26 04:00,0.771,0.646,0.416,3.073,1.277,17.975,217.821,0.997
2024-04-26 05:00,0.905,0.534,0.214,3.346,1.277,42.527,391.392,0.997
2024-04-26 06:00,1.117,0.414,0.012,3.361,1.277,74.935,556.651,0.995
2024-04-26 07:00,1.471,0.324,0.001,3.252,1.275,110.056,702.274,0.993
2024-04-26 08:00,1.950,0.284,0,3.096,1.274,148.548,818.508,0.981
2024-04-26 09:00,2.516,0.250,0,2.903,1.272,186.168,897.346,0.952
2024-04-26 10:00,3.138,0.213,0,2.686,1.269,213.868,933.422,0.932
2024-04-26 11:00,3.698,0.174,0,2.455,1.267,244.063,924.413,0.902
2024-04-26 12:00,4.187,0.154,0,2.225,1.265,260.829,870.802,0.817
2024-04-26 13:00,4.546,0.158,0,2.015,1.263,248.610,776.258,0.770
2024-04-26 14:00,4.683,0.161,0,1.848,1.263,198.629,647.417,0.760
2024-04-26 15:00,4.577,0.121,0,1.728,1.263,140.876,492.999,0.652
2024-04-26 16:00,4.340,0.070,0,1.649,1.264,99.509,323.532,0.590
2024-04-26 17:00,3.828,0.041,0,1.611,1.265,36.912,150.627,0.531
2024-04-26 18:00,3.163,0.012,0,1.604,1.266,2.465,13.421,0.362
2024-04-26 19:00,2.597,0.004,0,1.604,1.268,0,0,0.258
2024-04-26 20:00,2.129,0.002,0,1.604,1.269,0,0,0.212
2024-04-26 21:00,1.825,0.001,0,1.605,1.270,0,0,0.212
2024-04-26 22:00,1.710,0.001,0,1.605,1.271,0,0,0.302
2024-04-26 23:00,1.595,0.001,0,1.606,1.273,0,0,0.422
2024-04-27 00:00,1.216,0.002,0,1.606,1.275,0,0,0.647
2024-04-27 01:00,0.770,0.007,0,1.607,1.277,0,0,0.797
2024-04-27 02:00,0.847,0.038,0,1.607,1.279,0,0,0.902
2024-04-27 03:00,1.148,0.188,0.001,1.598,1.281,8.774,56.580,0.941
2024-04-27 04:00,1.520,0.585,0.001,1.574,1.281,35.027,224.051,0.968
2024-04-27 05:00,1.572,0.962,0.030,1.550,1.281,52.721,397.388,0.953
2024-04-27 06:00,1.598,0.988,0,1.520,1.282,83.256,562.380,0.912
2024-04-27 07:00,1.974,0.653,0,1.451,1.280,138.604,707.767,0.875
2024-04-27 08:00,2.784,0.308,0,1.356,1.276,192.212,823.664,0.871
2024-04-27 09:00,3.467,0.149,0,1.254,1.272,185.420,902.267,0.898
2024-04-27 10:00,4.093,0.073,0,1.159,1.270,183.985,938.342,0.948
2024-04-27 11:00,4.607,0.036,0,1.068,1.268,180.958,929.243,0.937
2024-04-27 12:00,4.960,0.022,0,0.986,1.266,173.897,875.802,0.940
2024-04-27 13:00,5.287,0.015,0,0.909,1.265,171.508,781.508,0.895
2024-04-27 14:00,5.564,0.012,0,0.838,1.264,169.729,652.903,0.845
2024-04-27 15:00,5.618,0.011,0,0.780,1.263,130.829,498.698,0.826
2024-04-27 16:00,5.403,0.010,0,0.739,1.264,76.601,329.606,0.778
2024-04-27 17:00,4.748,0.009,0,0.714,1.266,31.708,156.976,0.697
2024-04-27 18:00,4.042,0.008,0,0.703,1.268,2.509,16.219,0.578
2024-04-27 19:00,3.639,0.005,0,0.698,1.270,0,0,0.460
2024-04-27 20:00,3.257,0.004,0,0.695,1.272,0,0,0.394
2024-04-27 21:00,2.888,0.003,0,0.694,1.274,0,0,0.291
2024-04-27 22:00,2.345,0.003,0,0.695,1.276,0,0,0.196
2024-04-27 23:00,1.768,0.003,0,0.695,1.277,0,0,0.545
2024-04-28 00:00,1.406,0.005,0,0.695,1.279,0,0,0.751
2024-04-28 01:00,1.300,0.005,0,0.695,1.282,0,0,0.755
2024-04-28 02:00,1.139,0.007,0.001,0.696,1.285,0,0,0.835
2024-04-28 03:00,1.368,0.009,0.001,0.694,1.288,13.798,62.089,0.932
2024-04-28 04:00,2.162,0.008,0,0.679,1.289,54.491,230.236,0.966
2024-04-28 05:00,2.946,0.005,0,0.648,1.286,131.431,403.149,0.739
2024-04-28 06:00,4.212,0.002,0,0.588,1.281,333.113,567.894,0.428
2024-04-28 07:00,5.522,0.003,0,0.501,1.275,462.613,712.937,0.616
2024-04-28 08:00,6.482,0.005,0,0.408,1.271,483.987,828.678,0.933
2024-04-28 09:00,7.044,0.004,0,0.326,1.268,485.887,907.245,0.965
2024-04-28 10:00,7.405,0.005,0,0.257,1.266,513.042,943.092,0.983
2024-04-28 11:00,7.325,0.014,0,0.205,1.266,392.895,934.156,0.989
2024-04-28 12:00,6.862,0.027,0,0.172,1.266,270.891,880.646,0.901
2024-04-28 13:00,6.660,0.031,0,0.151,1.266,238.155,786.508,0.787
2024-04-28 14:00,7.054,0.005,0,0.135,1.263,253.002,658.167,0.471
2024-04-28 15:00,7.899,0.001,0,0.120,1.258,282.887,504.323,0.264
2024-04-28 16:00,8.090,0,0,0.108,1.255,199.534,335.481,0.392
2024-04-28 17:00,6.838,0,0,0.102,1.257,78.644,163.224,0.842
2024-04-28 18:00,5.069,0,0,0.100,1.260,5.638,19.266,0.937
2024-04-28 19:00,5.066,0,0,0.098,1.261,0,0,0.946
2024-04-28 20:00,5.981,0,0,0.094,1.261,0,0,0.945
2024-04-28 21:00,6.194,0.001,0,0.091,1.260,0,0,0.923
2024-04-28 22:00,6.235,0.001,0,0.087,1.260,0,0,0.633
2024-04-28 23:00,6.221,0,0,0.084,1.260,0,0,0.108
2024-04-29 00:00,6.270,0,0,0.081,1.259,0,0,0.137
2024-04-29 01:00,6.430,0,0,0.077,1.258,0,0,0.698
2024-04-29 02:00,6.586,0.001,0,0.074,1.257,0,0,0.984
2024-04-29 03:00,6.725,0.007,0,0.070,1.257,7.394,67.792,0.995
2024-04-29 04:00,6.836,0.009,0,0.065,1.257,24.011,236.282,0.994
2024-04-29 05:00,7.092,0.014,0,0.061,1.256,60.239,408.895,0.994
2024-04-29 06:00,7.564,0.027,0,0.056,1.254,117.427,573.151,0.993
2024-04-29 07:00,8.130,0.056,0,0.050,1.251,162.530,718.187,0.993
2024-04-29 08:00,8.761,0.180,0,0.044,1.248,189.291,833.657,0.994
2024-04-29 09:00,9.583,0.147,0,0.039,1.245,196.976,911.995,0.990
2024-04-29 10:00,10.985,0.005,0,0.034,1.239,319.938,947.835,0.913
2024-04-29 11:00,12.659,0.001,0,0.027,1.231,495.718,938.757,0.916
2024-04-29 12:00,12.929,0,0,0.021,1.229,344.109,885.545,0.945
2024-04-29 13:00,12.841,0,0,0.014,1.229,308.062,791.508,0.982
2024-04-29 14:00,12.673,0.001,0,0.011,1.230,277.817,663.417,0.972
2024-04-29 15:00,12.091,0.001,0,0.010,1.233,190.150,509.830,0.901
2024-04-29 16:00,11.306,0.001,0,0.008,1.237,131.412,341.356,0.566
2024-04-29 17:00,10.221,0,0,0.007,1.241,73.199,169.386,0.157
2024-04-29 18:00,8.265,0,0,0.005,1.247,7.339,22.524,0.131
2024-04-29 19:00,7.313,0,0,0.003,1.252,0,0,0.133
2024-04-29 20:00,6.679,0,0,0.003,1.257,0,0,0.134
2024-04-29 21:00,5.999,0,0,0.002,1.261,0,0,0.130
2024-04-29 22:00,5.373,0,0,0.001,1.264,0,0,0.125
2024-04-29 23:00,4.844,0,0,0,1.267,0,0,0.121
2024-04-30 00:00,4.433,0,0,0,1.268,0,0,0.120
2024-04-30 01:00,4.154,0,0,0,1.270,0,0,0.121
2024-04-30 02:00,3.932,0,0,0,1.271,0,0.002,0.126
2024-04-30 03:00,4.150,0,0,0,1.273,30.172,73.682,0.149
2024-04-30 04:00,5.956,0,0,0,1.274,133.866,242.282,0.147
2024-04-30 05:00,7.525,0,0,0,1.272,267.962,414.598,0.191
2024-04-30 06:00,9.569,0,0,0,1.265,405.035,578.564,0.309
2024-04-30 07:00,11.856,0,0,0,1.255,527.194,723.187,0.625
2024-04-30 08:00,13.100,0,0,0,1.251,631.506,838.421,0.679
2024-04-30 09:00,14.017,0,0,0,1.248,691.216,916.658,0.652
2024-04-30 10:00,14.614,0,0,0,1.245,686.505,952.491,0.708
2024-04-30 11:00,14.886,0,0,0,1.243,645.503,943.406,0.731
2024-04-30 12:00,14.832,0,0,0,1.242,579.638,890.215,0.802
2024-04-30 13:00,14.325,0,0,0,1.242,449.233,796.407,0.760
2024-04-30 14:00,13.667,0,0,0,1.243,376.173,668.565,0.564
2024-04-30 15:00,12.906,0,0,0,1.245,305.392,515.194,0.568
2024-04-30 16:00,11.905,0,0,0,1.248,182.177,347.062,0.662
2024-04-30 17:00,10.151,0,0,0,1.252,76.045,175.449,0.528
2024-04-30 18:00,8.574,0,0,0,1.255,7.983,26.010,0.538
2024-04-30 19:00,7.973,0,0,0,1.257,0,0,0.657
2024-04-30 20:00,7.802,0,0,0,1.260,0,0,0.525
2024-04-30 21:00,7.426,0,0,0,1.261,0,0,0.353
2024-04-30 22:00,6.662,0,0,0,1.264,0,0,0.300
2024-04-30 23:00,5.719,0,0,0,1.266,0,0,0.189
2024-05-01 00:00,4.716,0,0,0,1.269,0,0,0.050
2024-05-01 01:00,4.108,0,0,0,1.272,0,0,0.046
2024-05-01 02:00,3.908,0,0,0,1.276,0.005,0.028,0.116
2024-05-01 03:00,4.241,0,0,0,1.279,30.707,79.711,0.120
2024-05-01 04:00,5.232,0,0,0,1.280,133.026,248.157,0.059
2024-05-01 05:00,6.448,0,0,0,1.277,265.294,420.105,0.004
2024-05-01 06:00,8.270,0,0,0,1.269,400.249,583.814,0
2024-05-01 07:00,10.142,0,0,0,1.260,523.559,728.187,0
2024-05-01 08:00,11.424,0,0,0,1.254,623.727,843.171,0.001
2024-05-01 09:00,12.400,0,0,0,1.249,694.433,921.165,0.004
2024-05-01 10:00,13.066,0,0,0,1.246,725.825,956.991,0.001
2024-05-01 11:00,13.387,0,0,0,1.244,717.370,947.906,0.001
2024-05-01 12:00,13.407,0,0,0,1.243,665.706,894.795,0.010
2024-05-01 13:00,13.169,0,0,0,1.243,583.091,801.171,0.088
2024-05-01 14:00,12.701,0,0,0,1.243,472.931,673.565,0.196
2024-05-01 15:00,11.861,0,0,0,1.246,343.142,520.614,0.242
2024-05-01 16:00,10.645,0,0,0,1.251,208.705,352.687,0.333
2024-05-01 17:00,9.004,0,0,0,1.258,87.357,181.427,0.557
2024-05-01 18:00,7.218,0,0,0,1.264,9.537,29.708,0.730
2024-05-01 19:00,6.189,0,0,0,1.270,0,0,0.852
2024-05-01 20:00,5.525,0,0,0,1.274,0,0,0.930
2024-05-01 21:00,5.057,0,0,0,1.275,0,0,0.946
2024-05-01 22:00,4.764,0,0,0,1.277,0,0,0.947
2024-05-01 23:00,4.570,0,0,0,1.277,0,0,0.947
2024-05-02 00:00,4.590,0,0,0,1.277,0,0,0.946
2024-05-02 01:00,4.591,0,0,0,1.277,0,0,0.945
2024-05-02 02:00,4.499,0,0,0,1.277,0.026,0.185,0.944
2024-05-02 03:00,4.597,0,0,0,1.277,23.957,85.782,0.943
2024-05-02 04:00,5.238,0,0,0,1.276,95.636,253.950,0.942
2024-05-02 05:00,6.393,0,0,0,1.271,205.967,425.605,0.942
2024-05-02 06:00,8.098,0,0,0,1.264,344.371,588.915,0.941
2024-05-02 07:00,9.948,0,0,0,1.256,476.670,732.937,0.942
2024-05-02 08:00,11.044,0,0,0,1.251,582.171,847.827,0.942
2024-05-02 09:00,11.812,0,0,0,1.247,655.151,925.672,0.943
2024-05-02 10:00,12.279,0,0,0,1.244,685.321,961.335,0.942
2024-05-02 11:00,12.475,0,0,0,1.243,672.121,952.326,0.942
2024-05-02 12:00,12.444,0,0,0,1.242,615.094,899.295,0.942
2024-05-02 13:00,12.242,0,0,0,1.242,519.900,805.907,0.942
2024-05-02 14:00,11.853,0,0,0,1.242,389.297,678.565,0.944
2024-05-02 15:00,11.197,0,0,0,1.244,261.675,525.857,0.949
2024-05-02 16:00,10.209,0,0,0,1.247,150.485,358.301,0.951
2024-05-02 17:00,8.810,0,0,0,1.251,63.227,187.302,0.951
2024-05-02 18:00,7.223,0,0,0,1.255,8.669,33.593,0.950
2024-05-02 19:00,6.408,0,0,0,1.258,0,0,0.947
2024-05-02 20:00,5.919,0,0,0,1.262,0,0,0.946
2024-05-02 21:00,5.440,0,0,0,1.264,0,0,0.945
2024-05-02 22:00,5.018,0,0,0,1.267,0,0,0.945
2024-05-02 23:00,4.649,0,0,0,1.268,0,0,0.947
2024-05-03 00:00,4.347,0,0,0,1.270,0,0,0.948
2024-05-03 01:00,4.039,0,0,0,1.270,0,0,0.888
2024-05-03 02:00,3.744,0,0,0,1.271,0.112,0.543,0.711
2024-05-03 03:00,4.130,0,0,0,1.271,35.407,91.801,0.459
2024-05-03 04:00,5.527,0,0,0,1.270,139.697,259.678,0.314
2024-05-03 05:00,6.912,0,0,0,1.265,272.411,430.936,0.308
2024-05-03 06:00,8.900,0,0,0,1.257,408.892,594.064,0.297
2024-05-03 07:00,11.293,0,0,0,1.246,534.844,737.701,0.277
2024-05-03 08:00,12.536,0,0,0,1.240,639.284,852.341,0.230
2024-05-03 09:00,13.345,0,0,0,1.236,711.903,930.158,0.286
2024-05-03 10:00,13.935,0,0,0,1.233,744.481,965.733,0.389
2024-05-03 11:00,14.227,0,0,0,1.232,737.868,956.656,0.437
2024-05-03 12:00,14.269,0,0,0,1.231,691.919,903.715,0.449
2024-05-03 13:00,14.146,0,0,0,1.231,610.677,810.569,0.463
2024-05-03 14:00,13.833,0,0,0,1.231,500.717,683.315,0.498
2024-05-03 15:00,13.217,0,0,0,1.232,371.001,530.944,0.543
2024-05-03 16:00,12.242,0,0,0,1.235,233.748,363.687,0.580
2024-05-03 17:00,10.639,0,0,0,1.238,104.605,193.089,0.580
2024-05-03 18:00,8.311,0,0,0,1.241,14.155,37.678,0.542
2024-05-03 19:00,7.170,0,0,0,1.244,0,0,0.470
2024-05-03 20:00,6.609,0,0,0,1.246,0,0,0.396
2024-05-03 21:00,6.049,0,0,0,1.248,0,0,0.282
2024-05-03 22:00,5.514,0,0,0,1.250,0,0,0.180
2024-05-03 23:00,5.101,0,0,0,1.252,0,0,0.128
2024-05-04 00:00,4.829,0,0,0,1.254,0,0,0.077
2024-05-04 01:00,4.626,0,0,0,1.255,0,0,0.034
2024-05-04 02:00,4.464,0,0,0,1.256,0.255,1.147,0.014
2024-05-04 03:00,4.875,0,0,0,1.257,43.953,97.737,0.007
2024-05-04 04:00,6.733,0,0,0,1.257,156.502,265.301,0.003
2024-05-04 05:00,8.265,0,0,0,1.254,290.443,436.190,0.005
2024-05-04 06:00,10.238,0,0,0,1.246,424.415,599.064,0.006
2024-05-04 07:00,12.811,0,0,0,1.234,545.391,742.437,0.006
2024-05-04 08:00,14.334,0,0,0,1.227,642.794,856.841,0.005
2024-05-04 09:00,15.694,0,0,0,1.220,712.029,934.408,0.003
2024-05-04 10:00,16.997,0,0,0,1.213,742.263,969.904,0.001
2024-05-04 11:00,18.044,0,0,0,1.208,732.989,960.906,0.002
2024-05-04 12:00,18.767,0,0,0,1.203,685.423,908.059,0.002
2024-05-04 13:00,19.109,0,0,0,1.200,602.839,815.069,0.002
2024-05-04 14:00,19.295,0,0,0,1.198,492.230,688.079,0.002
2024-05-04 15:00,20.440,0,0,0,1.198,363.209,536.093,0.004
2024-05-04 16:00,19.067,0,0,0,1.199,227.281,369.062,0.005
2024-05-04 17:00,15.530,0,0,0,1.204,101.414,198.775,0.020
2024-05-04 18:00,12.234,0,0,0,1.213,14.593,41.939,0.102
2024-05-04 19:00,10.464,0,0,0,1.224,0,0,0.224
2024-05-04 20:00,9.262,0,0,0,1.233,0,0,0.311
2024-05-04 21:00,8.221,0,0,0,1.239,0,0,0.350
2024-05-04 22:00,7.453,0,0,0,1.243,0,0,0.370
2024-05-04 23:00,6.791,0.001,0,0,1.246,0,0,0.389
2024-05-05 00:00,6.351,0.003,0,0,1.249,0,0,0.662
2024-05-05 01:00,6.163,0.007,0,0,1.251,0,0,0.907
2024-05-05 02:00,6.138,0.009,0,0,1.252,0.364,1.980,0.955
2024-05-05 03:00,6.344,0.013,0,0,1.252,27.439,103.572,0.942
2024-05-05 04:00,6.790,0.031,0,0,1.252,90.610,270.801,0.949
2024-05-05 05:00,7.551,0.050,0,0,1.250,161.333,441.436,0.980
2024-05-05 06:00,8.450,0.060,0,0,1.246,199.336,603.814,0.983
2024-05-05 07:00,9.063,0.059,0,0,1.244,239.815,746.951,0.988
2024-05-05 08:00,9.506,0.075,0,0,1.242,270.783,861.091,0.991
2024-05-05 09:00,9.642,0.134,0,0,1.241,286.305,938.578,0.993
2024-05-05 10:00,9.532,0.202,0,0,1.242,268.366,973.997,0.994
2024-05-05 11:00,9.214,0.291,0,0,1.243,224.332,965.068,0.994
2024-05-05 12:00,8.819,0.377,0,0,1.244,182.638,912.377,0.994
2024-05-05 13:00,8.451,0.422,0,0,1.245,149.296,819.413,0.994
2024-05-05 14:00,8.100,0.425,0,0,1.246,115.260,692.808,0.994
2024-05-05 15:00,7.751,0.396,0,0,1.247,81.524,540.864,0.995
2024-05-05 16:00,7.419,0.347,0,0,1.248,52.493,374.383,0.979
2024-05-05 17:00,7.059,0.285,0,0,1.249,28.116,204.341,0.927
2024-05-05 18:00,6.655,0.213,0,0,1.251,5.342,46.361,0.848
2024-05-05 19:00,6.363,0.154,0,0,1.253,0,0,0.803
2024-05-05 20:00,6.178,0.141,0,0,1.254,0,0,0.752
2024-05-05 21:00,6.005,0.125,0,0,1.254,0,0,0.722
2024-05-05 22:00,5.784,0.125,0,0,1.255,0,0,0.765
2024-05-05 23:00,5.516,0.133,0,0,1.257,0,0,0.853
2024-05-06 00:00,5.196,0.137,0,0,1.258,0,0,0.916
2024-05-06 01:00,4.955,0.130,0,0,1.259,0,0,0.955
2024-05-06 02:00,4.712,0.108,0,0,1.260,0.427,3.033,0.972
2024-05-06 03:00,4.906,0.075,0,0,1.260,22.301,109.312,0.969
2024-05-06 04:00,5.339,0.044,0,0,1.258,84.860,276.187,0.965
2024-05-06 05:00,6.130,0.020,0,0,1.256,163.554,446.443,0.968
2024-05-06 06:00,7.200,0.006,0,0,1.252,257.375,608.564,0.967
2024-05-06 07:00,8.131,0.002,0,0,1.248,353.320,751.451,0.953
2024-05-06 08:00,8.899,0.001,0,0,1.246,465.143,865.341,0.943
2024-05-06 09:00,9.476,0.001,0,0,1.244,572.547,942.672,0.941
2024-05-06 10:00,9.928,0.001,0,0,1.243,644.438,978.005,0.906
2024-05-06 11:00,10.238,0,0,0,1.242,677.667,969.068,0.820
2024-05-06 12:00,10.346,0,0,0,1.242,666.812,916.457,0.668
2024-05-06 13:00,10.227,0,0,0,1.242,604.533,823.819,0.502
2024-05-06 14:00,9.779,0,0,0,1.244,503.644,697.315,0.259
2024-05-06 15:00,8.948,0.001,0,0,1.247,369.590,545.843,0.262
2024-05-06 16:00,7.752,0.001,0,0,1.253,218.675,379.508,0.262
2024-05-06 17:00,6.432,0.001,0,0,1.259,101.642,209.841,0.217
2024-05-06 18:00,5.076,0,0,0,1.266,18.651,50.960,0.078
2024-05-06 19:00,3.886,0,0,0,1.273,0,0,0.028
2024-05-06 20:00,2.932,0,0,0,1.278,0,0,0.001
2024-05-06 21:00,2.220,0,0,0,1.282,0,0,0.001
2024-05-06 22:00,1.553,0,0,0,1.286,0,0,0
2024-05-06 23:00,0.984,0,0,0,1.289,0,0,0
2024-05-07 00:00,0.531,0,0,0,1.292,0,0,0.049
2024-05-07 01:00,0.256,0,0,0,1.294,0,0,0.198
2024-05-07 02:00,0.231,0,0,0,1.295,1.018,4.305,0.177
2024-05-07 03:00,0.458,0,0,0,1.295,52.317,114.957,0.055
2024-05-07 04:00,1.494,0,0,0,1.292,175.246,281.511,0.001
2024-05-07 05:00,3.245,0,0,0,1.285,315.372,451.443,0
2024-05-07 06:00,4.990,0,0,0,1.279,455.212,613.234,0
2024-05-07 07:00,6.321,0,0,0,1.274,581.380,755.850,0
2024-05-07 08:00,7.301,0,0,0,1.270,682.807,869.583,0
2024-05-07 09:00,8.183,0,0,0,1.267,752.045,946.672,0
2024-05-07 10:00,9.016,0,0,0,1.263,782.679,981.997,0
2024-05-07 11:00,9.708,0,0,0,1.259,773.381,973.068,0
2024-05-07 12:00,10.248,0,0,0,1.256,724.962,920.457,0
2024-05-07 13:00,10.603,0,0,0,1.254,640.828,828.062,0
2024-05-07 14:00,10.732,0,0,0,1.252,527.904,701.808,0.048
2024-05-07 15:00,10.437,0,0,0,1.252,382.163,550.607,0.172
2024-05-07 16:00,9.445,0,0,0,1.255,233.648,384.633,0.258
2024-05-07 17:00,7.763,0,0,0,1.261,109.704,215.251,0.287
2024-05-07 18:00,6.010,0,0,0,1.269,19.044,55.695,0.337
2024-05-07 19:00,4.915,0,0,0,1.276,0,0,0.390
2024-05-07 20:00,4.479,0.001,0,0,1.279,0,0,0.421
2024-05-07 21:00,4.163,0.001,0,0,1.281,0,0,0.438
2024-05-07 22:00,3.953,0.002,0,0,1.282,0,0,0.453
2024-05-07 23:00,3.790,0.003,0,0,1.283,0,0,0.481
2024-05-08 00:00,3.683,0.006,0,0,1.283,0,0,0.523
2024-05-08 01:00,3.540,0.010,0,0,1.283,0,0,0.581
2024-05-08 02:00,3.556,0.015,0,0,1.283,0.804,5.775,0.714
2024-05-08 03:00,3.958,0.072,0,0,1.283,25.305,120.490,0.888
2024-05-08 04:00,4.261,0.374,0,0,1.283,49.594,286.761,0.974
2024-05-08 05:00,4.201,1.110,0,0,1.284,61.675,456.392,0.993
2024-05-08 06:00,3.632,1.970,0.046,0.011,1.288,86.260,617.828,0.995
2024-05-08 07:00,2.859,2.482,0.203,0.145,1.294,116.415,760.114,0.997
2024-05-08 08:00,2.528,2.303,0.135,0.271,1.297,142.277,873.591,0.998
2024-05-08 09:00,2.684,1.672,0.180,0.404,1.296,159.666,950.592,0.986
2024-05-08 10:00,3.090,1.110,0.106,0.482,1.294,197.790,985.896,0.976
2024-05-08 11:00,3.384,0.728,0.031,0.480,1.293,200.435,976.981,0.988
2024-05-08 12:00,3.430,0.457,0.004,0.436,1.293,155.502,924.457,0.982
2024-05-08 13:00,3.477,0.220,0,0.386,1.292,144.049,832.069,0.951
2024-05-08 14:00,3.744,0.111,0,0.335,1.291,166.838,706.228,0.873
2024-05-08 15:00,3.833,0.091,0,0.291,1.290,129.914,555.255,0.904
2024-05-08 16:00,3.711,0.077,0,0.258,1.290,78.528,389.589,0.854
2024-05-08 17:00,3.493,0.053,0,0.236,1.290,41.435,220.503,0.800
2024-05-08 18:00,3.220,0.037,0,0.222,1.290,8.111,60.569,0.888
2024-05-08 19:00,3.052,0.029,0,0.212,1.291,0,0,0.947
2024-05-08 20:00,3.036,0.026,0,0.205,1.290,0,0,0.979
2024-05-08 21:00,3.021,0.021,0,0.199,1.290,0,0,0.985
2024-05-08 22:00,2.968,0.016,0,0.194,1.289,0,0,0.969
2024-05-08 23:00,2.970,0.011,0,0.190,1.288,0,0,0.957
2024-05-09 00:00,3.098,0.008,0,0.186,1.286,0,0,0.984
2024-05-09 01:00,3.230,0.007,0,0.182,1.285,0,0,0.987
2024-05-09 02:00,3.322,0.007,0,0.178,1.284,0.572,7.448,0.976
2024-05-09 03:00,3.739,0.008,0,0.174,1.283,17.871,125.936,0.967
2024-05-09 04:00,4.199,0.012,0,0.169,1.282,54.326,291.772,0.991
2024-05-09 05:00,4.489,0.019,0,0.161,1.281,98.256,461.142,0.994
2024-05-09 06:00,4.864,0.020,0,0.150,1.279,162.676,622.248,0.989
2024-05-09 07:00,5.593,0.024,0,0.137,1.276,244.852,764.364,0.942
2024-05-09 08:00,6.750,0.021,0,0.120,1.271,326.528,877.583,0.962
2024-05-09 09:00,7.708,0.009,0,0.103,1.266,373.040,954.490,0.970
2024-05-09 10:00,8.677,0.003,0,0.086,1.261,444.192,989.646,0.963
2024-05-09 11:00,9.517,0.004,0,0.071,1.255,456.461,980.731,0.995
2024-05-09 12:00,9.708,0.027,0,0.060,1.251,325.622,928.370,0.997
2024-05-09 13:00,9.536,0.135,0,0.052,1.248,216.488,836.083,0.995
2024-05-09 14:00,9.350,0.215,0,0.046,1.247,172.277,710.478,0.991
2024-05-09 15:00,9.245,0.153,0,0.041,1.246,136.252,559.755,0.991
2024-05-09 16:00,8.816,0.219,0,0.038,1.247,67.779,394.464,0.995
2024-05-09 17:00,8.412,0.451,0,0.036,1.247,24.402,225.726,0.996
2024-05-09 18:00,8.603,0.482,0,0.034,1.245,3.462,65.568,0.995
2024-05-09 19:00,8.816,0.272,0,0.031,1.243,0,0.002,0.991
2024-05-09 20:00,8.835,0.102,0,0.029,1.242,0,0,0.956
2024-05-09 21:00,8.930,0.053,0,0.027,1.241,0,0,0.908
2024-05-09 22:00,8.966,0.041,0,0.025,1.241,0,0,0.879
2024-05-09 23:00,8.754,0.034,0,0.023,1.241,0,0,0.633
2024-05-10 00:00,8.271,0.024,0,0.021,1.245,0,0,0.362
2024-05-10 01:00,7.569,0.014,0,0.020,1.250,0,0,0.287
2024-05-10 02:00,6.558,0.003,0,0.019,1.258,2.140,9.298,0.225
2024-05-10 03:00,5.880,0.001,0,0.018,1.263,56.308,131.260,0.162
2024-05-10 04:00,5.764,0,0,0.016,1.266,169.477,296.853,0.076
2024-05-10 05:00,6.198,0,0,0.013,1.267,320.909,465.778,0.006
2024-05-10 06:00,7.089,0,0,0.006,1.265,462.394,626.726,0.002
2024-05-10 07:00,7.956,0,0,0.005,1.262,589.000,768.364,0.001
2024-05-10 08:00,8.727,0,0,0.003,1.260,690.689,881.504,0.003
2024-05-10 09:00,9.451,0,0,0.001,1.257,759.460,958.092,0.120
2024-05-10 10:00,10.174,0,0,0,1.254,790.189,993.168,0.320
2024-05-10 11:00,10.812,0,0,0,1.251,780.082,984.318,0.634
2024-05-10 12:00,11.313,0,0,0,1.248,730.710,932.120,0.796
2024-05-10 13:00,11.644,0,0,0,1.246,645.417,840.062,0.791
2024-05-10 14:00,11.800,0,0,0,1.244,525.888,714.572,0.716
2024-05-10 15:00,11.658,0,0,0,1.243,375.729,564.255,0.896
2024-05-10 16:00,11.569,0,0,0,1.244,212.781,399.214,0.952
2024-05-10 17:00,10.588,0,0,0,1.245,85.926,230.792,0.977
2024-05-10 18:00,9.890,0,0,0,1.248,17.262,70.656,0.992
2024-05-10 19:00,9.028,0,0,0,1.251,0.002,0.023,0.992
2024-05-10 20:00,8.060,0,0,0,1.253,0,0,0.991
2024-05-10 21:00,7.346,0,0,0,1.256,0,0,0.992
2024-05-10 22:00,7.057,0,0,0,1.258,0,0,0.993
2024-05-10 23:00,6.870,0,0,0,1.261,0,0,0.993
2024-05-11 00:00,6.706,0,0,0,1.263,0,0,0.994
2024-05-11 01:00,6.383,0,0,0,1.265,0,0,0.993
2024-05-11 02:00,5.747,0,0,0,1.268,1.717,11.328,0.993
2024-05-11 03:00,5.464,0,0,0,1.269,33.267,136.489,0.983
2024-05-11 04:00,6.346,0,0,0,1.270,117.531,301.728,0.829
2024-05-11 05:00,7.749,0,0,0,1.267,281.181,470.360,0.365
2024-05-11 06:00,9.938,0,0,0,1.259,444.777,630.976,0.116
2024-05-11 07:00,11.492,0,0,0,1.254,583.855,772.364,0.007
2024-05-11 08:00,12.538,0,0,0,1.250,685.381,885.254,0
2024-05-11 09:00,13.348,0,0,0,1.246,753.815,961.834,0
2024-05-11 10:00,14.000,0,0,0,1.243,784.558,996.816,0
2024-05-11 11:00,14.468,0,0,0,1.241,776.032,987.981,0.002
2024-05-11 12:00,14.741,0,0,0,1.239,728.508,935.870,0.002
2024-05-11 13:00,14.773,0,0,0,1.237,646.458,843.982,0
2024-05-11 14:00,14.572,0,0,0,1.236,535.939,718.720,0
2024-05-11 15:00,14.044,0,0,0,1.237,406.301,568.519,0
2024-05-11 16:00,13.879,0,0,0,1.239,268.479,403.839,0
2024-05-11 17:00,12.719,0,0,0,1.241,136.560,235.766,0
2024-05-11 18:00,9.624,0,0,0,1.246,32.522,75.823,0.001
2024-05-11 19:00,7.359,0,0,0,1.252,0.017,0.086,0.002
2024-05-11 20:00,6.615,0,0,0,1.258,0,0,0.001
2024-05-11 21:00,6.223,0,0,0,1.261,0,0,0
2024-05-11 22:00,5.786,0,0,0,1.263,0,0,0.003
2024-05-11 23:00,5.492,0,0,0,1.262,0,0,0.120
2024-05-12 00:00,5.377,0,0,0,1.261,0,0,0.191
2024-05-12 01:00,5.440,0,0,0,1.260,0,0,0.217
2024-05-12 02:00,5.704,0,0,0,1.258,4.037,13.516,0.509
2024-05-12 03:00,6.641,0,0,0,1.258,66.285,141.578,0.689
2024-05-12 04:00,8.631,0,0,0,1.258,176.236,306.518,0.836
2024-05-12 05:00,10.114,0,0,0,1.255,311.347,474.860,0.934
2024-05-12 06:00,12.039,0,0,0,1.247,432.208,634.998,0.902
2024-05-12 07:00,13.832,0,0,0,1.239,525.086,776.284,0.819
2024-05-12 08:00,15.327,0,0,0,1.232,606.974,889.004,0.801
2024-05-12 09:00,16.584,0,0,0,1.225,650.833,965.334,0.868
2024-05-12 10:00,17.418,0,0,0,1.221,655.616,1000.316,0.883
2024-05-12 11:00,17.965,0,0,0,1.217,634.688,991.481,0.697
2024-05-12 12:00,18.459,0,0,0,1.214,626.400,939.370,0.507
2024-05-12 13:00,18.247,0.003,0,0,1.213,420.113,847.724,0.602
2024-05-12 14:00,18.290,0.006,0,0,1.212,308.890,722.720,0.626
2024-05-12 15:00,18.447,0.005,0,0,1.211,211.036,572.769,0.675
2024-05-12 16:00,17.585,0.001,0,0,1.212,113.861,408.453,0.698
2024-05-12 17:00,16.804,0.001,0,0,1.215,65.047,240.641,0.690
2024-05-12 18:00,15.716,0.001,0,0,1.218,16.595,80.951,0.719
2024-05-12 19:00,14.393,0.001,0,0,1.222,0.026,0.267,0.716
2024-05-12 20:00,13.407,0.001,0,0,1.226,0,0,0.815
2024-05-12 21:00,12.772,0,0,0,1.229,0,0,0.832
2024-05-12 22:00,12.363,0.001,0,0,1.229,0,0,0.822
2024-05-12 23:00,12.255,0.001,0,0,1.229,0,0,0.865
2024-05-13 00:00,12.426,0,0,0,1.229,0,0,0.902
2024-05-13 01:00,12.694,0.001,0,0,1.229,0,0,0.882
2024-05-13 02:00,12.864,0.001,0,0,1.229,2.641,15.862,0.841
2024-05-13 03:00,12.919,0.001,0,0,1.231,40.282,146.595,0.778
2024-05-13 04:00,13.157,0.001,0,0,1.232,104.606,311.228,0.692
2024-05-13 05:00,13.613,0.001,0,0,1.233,196.579,479.235,0.630
2024-05-13 06:00,14.500,0.003,0,0,1.231,299.323,639.226,0.556
2024-05-13 07:00,16.535,0,0,0,1.223,445.008,780.034,0.460
2024-05-13 08:00,17.897,0,0,0,1.218,548.733,892.504,0.393
2024-05-13 09:00,18.949,0,0,0,1.215,662.455,968.754,0.260
2024-05-13 10:00,19.612,0,0,0,1.212,732.214,1003.580,0.107
2024-05-13 11:00,19.838,0,0,0,1.209,737.398,994.731,0.177
2024-05-13 12:00,19.757,0,0,0,1.208,671.257,942.870,0.250
2024-05-13 13:00,19.611,0,0,0,1.207,605.333,851.232,0.321
2024-05-13 14:00,19.287,0,0,0,1.207,504.617,726.470,0.313
2024-05-13 15:00,18.525,0,0,0,1.209,390.309,577.005,0.150
2024-05-13 16:00,17.227,0,0,0,1.213,262.819,412.839,0.076
2024-05-13 17:00,15.413,0,0,0,1.219,135.985,245.391,0.099
2024-05-13 18:00,13.232,0,0,0,1.225,35.766,85.991,0.304
2024-05-13 19:00,11.593,0,0,0,1.230,0.125,0.623,0.423
2024-05-13 20:00,10.875,0,0,0,1.235,0,0,0.368
2024-05-13 21:00,10.163,0,0,0,1.238,0,0,0.397
2024-05-13 22:00,9.599,0,0,0,1.239,0,0,0.497
2024-05-13 23:00,9.225,0,0,0,1.240,0,0,0.579
2024-05-14 00:00,8.907,0,0,0,1.241,0,0,0.713
2024-05-14 01:00,8.662,0,0,0,1.241,0,0,0.803
2024-05-14 02:00,8.534,0.001,0,0,1.242,5.499,18.345,0.784
2024-05-14 03:00,9.615,0.001,0,0,1.242,68.621,151.494,0.670
2024-05-14 04:00,10.999,0,0,0,1.242,179.558,315.849,0.569
2024-05-14 05:00,12.446,0,0,0,1.238,316.320,483.485,0.531
2024-05-14 06:00,14.478,0,0,0,1.230,458.552,643.146,0.669
2024-05-14 07:00,16.385,0,0,0,1.221,581.698,783.784,0.701
2024-05-14 08:00,17.363,0,0,0,1.218,679.749,896.004,0.641
2024-05-14 09:00,18.058,0,0,0,1.215,747.245,972.233,0.577
2024-05-14 10:00,18.537,0,0,0,1.212,776.703,1006.830,0.750
2024-05-14 11:00,18.750,0,0,0,1.211,766.751,998.144,0.876
2024-05-14 12:00,18.716,0,0,0,1.210,712.086,946.268,0.943
2024-05-14 13:00,18.479,0,0,0,1.210,618.377,854.974,0.942
2024-05-14 14:00,18.059,0,0,0,1.210,493.050,730.220,0.942
2024-05-14 15:00,17.357,0,0,0,1.212,349.558,581.005,0.942
2024-05-14 16:00,16.244,0,0,0,1.216,215.774,417.210,0.944
2024-05-14 17:00,14.727,0,0,0,1.221,102.263,250.057,0.947
2024-05-14 18:00,13.135,0,0,0,1.226,26.778,90.946,0.952
2024-05-14 19:00,11.980,0,0,0,1.232,0.170,1.142,0.967
2024-05-14 20:00,11.363,0,0,0,1.237,0,0,0.976
2024-05-14 21:00,10.870,0,0,0,1.240,0,0,0.981
2024-05-14 22:00,10.451,0,0,0,1.243,0,0,0.987
2024-05-14 23:00,10.105,0,0,0,1.245,0,0,0.983
2024-05-15 00:00,9.791,0,0,0,1.247,0,0,0.968
2024-05-15 01:00,9.430,0,0,0,1.248,0,0,0.838
2024-05-15 02:00,9.133,0,0,0,1.249,5.042,20.963,0.790
2024-05-15 03:00,9.547,0,0,0,1.250,53.663,156.285,0.712
2024-05-15 04:00,10.331,0,0,0,1.249,157.959,320.309,0.419
2024-05-15 05:00,11.783,0,0,0,1.244,316.522,487.695,0.151
2024-05-15 06:00,13.738,0,0,0,1.236,464.093,646.990,0.016
2024-05-15 07:00,15.268,0,0,0,1.229,587.532,787.512,0.001
2024-05-15 08:00,16.338,0,0,0,1.225,684.683,899.416,0
2024-05-15 09:00,17.159,0,0,0,1.222,750.242,975.403,0.001
2024-05-15 10:00,17.805,0,0,0,1.218,780.222,1010.080,0.048
2024-05-15 11:00,18.206,0,0,0,1.216,772.405,1001.231,0.129
2024-05-15 12:00,18.413,0,0,0,1.214,726.383,949.532,0.197
2024-05-15 13:00,18.426,0,0,0,1.212,646.709,858.232,0.156
2024-05-15 14:00,18.220,0,0,0,1.211,538.353,733.970,0.195
2024-05-15 15:00,17.702,0,0,0,1.212,397.591,584.998,0.389
2024-05-15 16:00,16.782,0,0,0,1.216,262.770,421.460,0.368
2024-05-15 17:00,15.418,0,0,0,1.220,140.711,254.612,0.278
2024-05-15 18:00,13.620,0,0,0,1.225,41.409,95.758,0.290
2024-05-15 19:00,12.317,0,0,0,1.231,0.403,1.837,0.386
2024-05-15 20:00,11.658,0,0,0,1.236,0,0,0.457
2024-05-15 21:00,10.954,0,0,0,1.240,0,0,0.413
2024-05-15 22:00,10.397,0,0,0,1.243,0,0,0.363
2024-05-15 23:00,9.945,0,0,0,1.245,0,0,0.441
2024-05-16 00:00,9.579,0,0,0,1.247,0,0,0.754
2024-05-16 01:00,9.449,0,0,0,1.247,0,0,0.859
2024-05-16 02:00,9.371,0,0,0,1.248,6.426,23.697,0.919
2024-05-16 03:00,10.039,0,0,0,1.248,61.255,160.915,0.921
2024-05-16 04:00,11.061,0,0,0,1.247,173.274,324.684,0.889
2024-05-16 05:00,12.505,0,0,0,1.243,314.662,491.695,0.803
2024-05-16 06:00,14.496,0,0,0,1.235,454.460,650.740,0.631
2024-05-16 07:00,16.353,0,0,0,1.227,581.535,790.946,0.475
2024-05-16 08:00,17.309,0,0,0,1.223,682.474,902.666,0.478
2024-05-16 09:00,18.008,0,0,0,1.220,749.970,978.497,0.426
2024-05-16 10:00,18.527,0,0,0,1.218,781.201,1013.229,0.336
2024-05-16 11:00,18.821,0,0,0,1.216,774.326,1004.394,0.311
2024-05-16 12:00,18.880,0,0,0,1.214,725.254,952.768,0.303
2024-05-16 13:00,18.778,0,0,0,1.214,646.337,861.724,0.282
2024-05-16 14:00,18.506,0,0,0,1.214,539.338,737.619,0.270
2024-05-16 15:00,18.069,0,0,0,1.215,413.296,588.755,0.270
2024-05-16 16:00,17.290,0,0,0,1.217,279.353,425.545,0.256
2024-05-16 17:00,15.944,0,0,0,1.220,149.982,259.028,0.219
2024-05-16 18:00,13.756,0,0,0,1.223,44.600,100.477,0.152
2024-05-16 19:00,12.061,0,0,0,1.227,0.611,2.688,0.099
2024-05-16 20:00,11.318,0,0,0,1.230,0,0,0.053
2024-05-16 21:00,10.704,0,0,0,1.233,0,0,0.004
2024-05-16 22:00,10.233,0,0,0,1.236,0,0,0.003
2024-05-16 23:00,10.027,0,0,0,1.237,0,0,0.004
2024-05-17 00:00,10.147,0,0,0,1.238,0,0,0.031
2024-05-17 01:00,10.576,0,0,0,1.239,0,0,0.084
2024-05-17 02:00,11.090,0,0,0,1.240,8.974,26.545,0.104
2024-05-17 03:00,11.787,0,0,0,1.240,84.389,165.477,0.053
2024-05-17 04:00,13.212,0,0,0,1.240,203.398,328.934,0.008
2024-05-17 05:00,14.114,0,0,0,1.239,338.160,495.695,0.003
2024-05-17 06:00,15.714,0,0,0,1.232,472.316,654.410,0.001
2024-05-17 07:00,17.187,0,0,0,1.225,593.462,794.284,0.001
2024-05-17 08:00,17.863,0,0,0,1.222,691.366,905.916,0.001
2024-05-17 09:00,18.324,0,0,0,1.219,759.125,981.653,0
2024-05-17 10:00,18.584,0,0,0,1.218,789.788,1016.229,0
2024-05-17 11:00,18.667,0,0,0,1.217,782.103,1007.394,0
2024-05-17 12:00,18.578,0,0,0,1.216,735.430,955.782,0
2024-05-17 13:00,18.357,0,0,0,1.215,656.093,864.974,0
2024-05-17 14:00,17.989,0,0,0,1.215,548.559,741.119,0
2024-05-17 15:00,17.443,0,0,0,1.217,421.760,592.498,0.013
2024-05-17 16:00,16.652,0,0,0,1.219,286.679,429.660,0.157
2024-05-17 17:00,15.455,0,0,0,1.222,155.374,263.325,0.422
2024-05-17 18:00,13.345,0,0,0,1.225,47.753,105.089,0.707
2024-05-17 19:00,11.725,0,0,0,1.228,0.914,3.693,0.843
2024-05-17 20:00,11.181,0,0,0,1.230,0,0,0.898
2024-05-17 21:00,11.038,0,0,0,1.231,0,0,0.836
2024-05-17 22:00,11.156,0,0,0,1.232,0,0,0.634
2024-05-17 23:00,11.411,0,0,0,1.232,0,0,0.378
2024-05-18 00:00,11.685,0,0,0,1.233,0,0,0.129
2024-05-18 01:00,11.879,0,0,0,1.233,0,0,0.036
2024-05-18 02:00,11.919,0,0,0,1.234,9.986,29.483,0.009
2024-05-18 03:00,12.176,0,0,0,1.235,86.101,169.952,0.001
2024-05-18 04:00,13.199,0,0,0,1.235,204.600,333.066,0
2024-05-18 05:00,13.923,0,0,0,1.233,338.122,499.566,0.001
2024-05-18 06:00,15.502,0,0,0,1.227,470.658,657.910,0.023
2024-05-18 07:00,17.404,0,0,0,1.218,589.802,797.696,0.063
2024-05-18 08:00,18.489,0,0,0,1.214,686.870,909.086,0.028
2024-05-18 09:00,19.342,0,0,0,1.210,753.393,984.497,0.006
2024-05-18 10:00,19.984,0,0,0,1.207,783.514,1019.073,0
2024-05-18 11:00,20.375,0,0,0,1.204,775.863,1010.394,0
2024-05-18 12:00,20.524,0,0,0,1.202,730.223,958.782,0
2024-05-18 13:00,20.433,0,0,0,1.201,651.116,868.137,0
2024-05-18 14:00,20.112,0,0,0,1.200,544.098,744.383,0
2024-05-18 15:00,19.436,0,0,0,1.202,418.162,596.168,0
2024-05-18 16:00,18.304,0,0,0,1.205,284.056,433.535,0
2024-05-18 17:00,16.713,0,0,0,1.209,154.846,267.535,0
2024-05-18 18:00,14.505,0,0,0,1.213,48.816,109.557,0
2024-05-18 19:00,12.758,0,0,0,1.217,1.158,4.831,0
2024-05-18 20:00,11.982,0,0,0,1.221,0,0,0.001
2024-05-18 21:00,11.315,0,0,0,1.224,0,0,0.018
2024-05-18 22:00,10.868,0,0,0,1.226,0,0,0.035
2024-05-18 23:00,10.584,0,0,0,1.228,0,0,0.006
2024-05-19 00:00,10.397,0,0,0,1.229,0,0,0.002
2024-05-19 01:00,10.285,0.001,0,0,1.229,0,0,0.001
2024-05-19 02:00,10.368,0.003,0,0,1.229,11.005,32.512,0.001
2024-05-19 03:00,11.656,0.002,0,0,1.228,88.346,174.268,0.001
2024-05-19 04:00,12.967,0,0,0,1.226,207.365,337.066,0
2024-05-19 05:00,14.594,0,0,0,1.220,341.697,503.276,0
2024-05-19 06:00,16.550,0,0,0,1.212,475.416,661.410,0
2024-05-19 07:00,17.993,0,0,0,1.205,595.957,800.932,0
2024-05-19 08:00,18.918,0,0,0,1.201,693.137,912.079,0
2024-05-19 09:00,19.601,0,0,0,1.198,759.840,987.417,0
2024-05-19 10:00,20.115,0,0,0,1.196,790.132,1021.891,0
2024-05-19 11:00,20.425,0,0,0,1.194,782.147,1013.144,0
2024-05-19 12:00,20.541,0,0,0,1.192,735.884,961.695,0
2024-05-19 13:00,20.503,0,0,0,1.191,655.837,871.137,0
2024-05-19 14:00,20.337,0,0,0,1.190,548.073,747.633,0.001
2024-05-19 15:00,19.936,0,0,0,1.191,421.104,599.668,0.033
2024-05-19 16:00,19.110,0,0,0,1.193,280.177,437.366,0.017
2024-05-19 17:00,17.829,0,0,0,1.196,155.935,271.649,0.028
2024-05-19 18:00,16.121,0,0,0,1.199,48.716,113.921,0.073
2024-05-19 19:00,14.897,0.003,0,0,1.202,1.376,6.099,0.247
2024-05-19 20:00,14.616,0.001,0,0,1.208,0,0,0.341
2024-05-19 21:00,13.844,0.001,0,0,1.218,0,0,0.283
2024-05-19 22:00,12.264,0,0,0,1.229,0,0,0.420
2024-05-19 23:00,10.945,0,0,0,1.238,0,0,0.446
2024-05-20 00:00,9.887,0,0,0,1.244,0,0,0.545
2024-05-20 01:00,9.238,0,0,0,1.248,0,0,0.606
2024-05-20 02:00,8.862,0,0,0,1.251,10.155,35.622,0.697
2024-05-20 03:00,8.850,0,0,0,1.253,72.270,178.457,0.704
2024-05-20 04:00,9.212,0,0,0,1.253,166.501,341.066,0.511
2024-05-20 05:00,9.830,0,0,0,1.252,284.332,506.901,0.342
2024-05-20 06:00,10.490,0,0,0,1.250,398.789,664.903,0.331
2024-05-20 07:00,11.141,0,0,0,1.249,503.685,803.946,0.299
2024-05-20 08:00,11.864,0,0,0,1.247,620.573,914.930,0.237
2024-05-20 09:00,12.679,0,0,0,1.244,721.113,990.167,0.156
2024-05-20 10:00,13.505,0,0,0,1.241,760.698,1024.729,0.114
2024-05-20 11:00,14.060,0,0,0,1.238,762.233,1015.894,0.093
2024-05-20 12:00,14.416,0,0,0,1.236,729.490,964.532,0.125
2024-05-20 13:00,14.472,0,0,0,1.235,656.222,874.137,0.245
2024-05-20 14:00,14.208,0,0,0,1.235,551.931,750.883,0.445
2024-05-20 15:00,13.636,0,0,0,1.236,425.690,603.160,0.608
2024-05-20 16:00,12.798,0,0,0,1.239,291.239,441.031,0.696
2024-05-20 17:00,11.623,0,0,0,1.242,160.967,275.649,0.775
2024-05-20 18:00,9.950,0,0,0,1.247,52.664,118.169,0.822
2024-05-20 19:00,8.368,0,0,0,1.252,1.966,7.486,0.871
2024-05-20 20:00,7.716,0,0,0,1.256,0,0,0.909
2024-05-20 21:00,7.215,0,0,0,1.260,0,0,0.886
2024-05-20 22:00,6.715,0,0,0,1.263,0,0,0.726
2024-05-20 23:00,6.200,0,0,0,1.266,0,0,0.571
2024-05-21 00:00,5.836,0,0,0,1.268,0,0,0.438
2024-05-21 01:00,5.558,0,0,0,1.269,0,0,0.329
2024-05-21 02:00,5.553,0,0,0,1.270,14.090,38.780,0.235
2024-05-21 03:00,6.528,0,0,0,1.270,96.489,182.581,0.114
2024-05-21 04:00,7.821,0,0,0,1.266,218.027,344.816,0.020
2024-05-21 05:00,9.705,0,0,0,1.259,353.321,510.408,0.001
2024-05-21 06:00,11.857,0,0,0,1.249,487.760,668.153,0
2024-05-21 07:00,13.433,0,0,0,1.242,609.073,806.946,0
2024-05-21 08:00,14.618,0,0,0,1.238,706.936,917.829,0
2024-05-21 09:00,15.598,0,0,0,1.234,776.033,992.917,0
2024-05-21 10:00,16.335,0,0,0,1.230,807.012,1027.377,0
2024-05-21 11:00,16.760,0,0,0,1.228,799.794,1018.550,0
2024-05-21 12:00,16.893,0,0,0,1.226,753.293,967.195,0
2024-05-21 13:00,16.760,0,0,0,1.226,674.035,876.894,0
2024-05-21 14:00,16.351,0,0,0,1.226,566.837,753.883,0
2024-05-21 15:00,15.615,0,0,0,1.228,440.503,606.418,0.001
2024-05-21 16:00,14.576,0,0,0,1.231,304.553,444.616,0.001
2024-05-21 17:00,13.273,0,0,0,1.235,172.172,279.524,0.009
2024-05-21 18:00,11.297,0,0,0,1.240,60.356,122.285,0.038
2024-05-21 19:00,9.457,0,0,0,1.243,2.624,8.973,0.048
2024-05-21 20:00,8.816,0,0,0,1.246,0,0,0.046
2024-05-21 21:00,8.407,0,0,0,1.248,0,0,0.041
2024-05-21 22:00,8.119,0,0,0,1.250,0,0,0.038
2024-05-21 23:00,7.961,0,0,0,1.252,0,0,0.038
2024-05-22 00:00,7.938,0,0,0,1.254,0,0,0.041
2024-05-22 01:00,7.949,0,0,0,1.256,0,0,0.041
2024-05-22 02:00,7.888,0,0,0,1.258,16.072,42.001,0.037
2024-05-22 03:00,8.655,0,0,0,1.257,101.777,186.523,0.025
2024-05-22 04:00,9.813,0,0,0,1.254,224.837,348.566,0.009
2024-05-22 05:00,11.384,0,0,0,1.248,360.770,513.827,0.009
2024-05-22 06:00,13.125,0,0,0,1.240,494.775,671.160,0.009
2024-05-22 07:00,14.403,0,0,0,1.235,615.013,809.946,0.008
2024-05-22 08:00,15.426,0,0,0,1.231,711.080,920.579,0.007
2024-05-22 09:00,16.195,0,0,0,1.228,775.935,995.417,0.006
2024-05-22 10:00,16.756,0,0,0,1.225,804.266,1029.877,0.006
2024-05-22 11:00,17.098,0,0,0,1.223,794.601,1021.064,0.003
2024-05-22 12:00,17.209,0,0,0,1.222,747.851,969.931,0.001
2024-05-22 13:00,17.098,0,0,0,1.221,668.545,879.873,0
2024-05-22 14:00,16.768,0,0,0,1.221,562.131,756.883,0
2024-05-22 15:00,16.169,0,0,0,1.222,437.031,609.660,0
2024-05-22 16:00,15.266,0,0,0,1.225,303.249,448.116,0
2024-05-22 17:00,14.058,0,0,0,1.230,172.448,283.231,0
2024-05-22 18:00,12.481,0,0,0,1.235,61.354,126.280,0
2024-05-22 19:00,11.103,0,0,0,1.240,3.039,10.557,0
2024-05-22 20:00,10.436,0,0,0,1.244,0,0,0
2024-05-22 21:00,10.028,0,0,0,1.246,0,0,0
2024-05-22 22:00,9.772,0,0,0,1.247,0,0,0
2024-05-22 23:00,9.567,0,0,0,1.248,0,0,0.003
2024-05-23 00:00,9.467,0.001,0,0,1.249,0,0,0.015
2024-05-23 01:00,9.320,0.004,0,0,1.249,0,0,0.032
2024-05-23 02:00,9.477,0.006,0,0,1.249,16.555,45.268,0.067
2024-05-23 03:00,10.101,0.005,0,0,1.249,96.960,190.377,0.048
2024-05-23 04:00,11.093,0,0,0,1.246,222.499,352.077,0
2024-05-23 05:00,12.534,0,0,0,1.240,356.304,517.084,0
2024-05-23 06:00,14.031,0,0,0,1.234,488.241,674.174,0
2024-05-23 07:00,15.339,0,0,0,1.228,605.883,812.696,0
2024-05-23 08:00,16.376,0,0,0,1.224,698.835,923.086,0
2024-05-23 09:00,17.312,0,0,0,1.220,760.347,998.065,0
2024-05-23 10:00,18.025,0,0,0,1.217,786.553,1032.377,0.001
2024-05-23 11:00,18.527,0,0,0,1.214,775.487,1023.549,0.003
2024-05-23 12:00,18.792,0,0,0,1.212,726.103,972.431,0.024
2024-05-23 13:00,18.879,0,0,0,1.210,645.641,882.387,0.080
2024-05-23 14:00,18.738,0,0,0,1.209,536.774,759.781,0.177
2024-05-23 15:00,18.265,0,0,0,1.210,405.848,612.668,0.271
2024-05-23 16:00,17.408,0.001,0,0,1.213,269.586,451.487,0.318
2024-05-23 17:00,16.121,0.001,0,0,1.217,143.658,286.856,0.345
2024-05-23 18:00,14.655,0.001,0,0,1.223,47.782,130.155,0.417
2024-05-23 19:00,13.582,0.001,0,0,1.227,2.640,12.227,0.551
2024-05-23 20:00,13.185,0.001,0,0,1.230,0,0,0.614
2024-05-23 21:00,12.949,0.008,0,0,1.232,0,0,0.601
2024-05-23 22:00,12.731,0.021,0,0,1.233,0,0,0.541
2024-05-23 23:00,12.534,0.038,0,0,1.233,0,0,0.415
2024-05-24 00:00,12.056,0.122,0,0,1.234,0,0,0.546
2024-05-24 01:00,12.098,0.371,0,0,1.234,0,0,0.868
2024-05-24 02:00,12.745,0.999,0,0,1.232,4.666,48.542,0.967
2024-05-24 03:00,13.325,1.431,0,0,1.229,16.669,194.123,0.979
2024-05-24 04:00,13.668,1.449,0,0,1.227,34.908,355.573,0.952
2024-05-24 05:00,13.741,1.074,0,0,1.228,71.112,520.323,0.891
2024-05-24 06:00,14.020,0.550,0,0,1.228,153.029,677.160,0.841
2024-05-24 07:00,14.956,0.154,0,0,1.225,326.980,815.446,0.750
2024-05-24 08:00,16.532,0.036,0,0,1.219,519.612,925.680,0.640
2024-05-24 09:00,18.192,0.017,0,0,1.213,628.627,1000.409,0.826
2024-05-24 10:00,19.217,0.029,0,0,1.208,637.738,1034.565,0.949
2024-05-24 11:00,19.709,0.024,0,0,1.206,599.898,1025.886,0.957
2024-05-24 12:00,19.834,0.015,0,0,1.204,531.091,974.923,0.963
2024-05-24 13:00,19.655,0.008,0,0,1.204,426.239,885.036,0.965
2024-05-24 14:00,19.172,0.006,0,0,1.205,314.501,762.531,0.979
2024-05-24 15:00,18.502,0.004,0,0,1.207,212.603,615.816,0.977
2024-05-24 16:00,17.756,0.001,0,0,1.210,134.403,454.737,0.971
2024-05-24 17:00,16.901,0.001,0,0,1.213,71.304,290.356,0.969
2024-05-24 18:00,15.887,0,0,0,1.216,25.756,133.895,0.974
2024-05-24 19:00,14.858,0.003,0,0,1.219,1.807,13.963,0.975
2024-05-24 20:00,14.322,0.005,0,0,1.222,0,0,0.973
2024-05-24 21:00,13.850,0.010,0,0,1.224,0,0,0.970
2024-05-24 22:00,13.330,0.013,0,0,1.227,0,0,0.961
2024-05-24 23:00,12.833,0.014,0,0,1.229,0,0,0.913
2024-05-25 00:00,12.411,0.014,0,0,1.230,0,0,0.778
2024-05-25 01:00,12.047,0.014,0,0,1.232,0,0,0.641
2024-05-25 02:00,11.972,0.013,0,0,1.233,15.257,51.842,0.639
2024-05-25 03:00,12.876,0.011,0,0,1.234,84.732,197.728,0.661
2024-05-25 04:00,13.751,0.010,0,0,1.234,197.186,358.901,0.507
2024-05-25 05:00,15.076,0.002,0,0,1.229,332.685,523.493,0.272
2024-05-25 06:00,16.993,0.001,0,0,1.222,467.135,680.073,0.079
2024-05-25 07:00,18.253,0.001,0,0,1.218,584.214,818.109,0.038
2024-05-25 08:00,19.447,0,0,0,1.213,678.086,928.079,0.018
2024-05-25 09:00,20.518,0,0,0,1.209,734.901,1002.815,0.006
2024-05-25 10:00,21.517,0,0,0,1.204,763.217,1036.905,0.003
2024-05-25 11:00,22.225,0.002,0,0,1.200,754.648,1028.078,0.011
2024-05-25 12:00,22.518,0.003,0,0,1.198,708.869,977.195,0.094
2024-05-25 13:00,22.403,0.005,0,0,1.197,611.086,887.536,0.276
2024-05-25 14:00,21.784,0.003,0,0,1.198,476.705,765.281,0.384
2024-05-25 15:00,20.745,0.003,0,0,1.201,348.869,618.660,0.304
2024-05-25 16:00,19.563,0.004,0,0,1.206,261.780,457.862,0.144
2024-05-25 17:00,18.089,0.008,0,0,1.212,153.916,293.731,0.028
2024-05-25 18:00,16.410,0.008,0,0,1.218,56.208,137.520,0.016
2024-05-25 19:00,14.861,0.013,0,0,1.225,3.995,15.760,0.010
2024-05-25 20:00,14.047,0.023,0,0,1.229,0,0,0.024
2024-05-25 21:00,13.357,0.026,0,0,1.232,0,0,0.217
2024-05-25 22:00,12.733,0.025,0,0,1.234,0,0,0.360
2024-05-25 23:00,12.396,0.023,0,0,1.235,0,0,0.408
2024-05-26 00:00,12.113,0.021,0,0,1.237,0,0,0.444
2024-05-26 01:00,11.941,0.021,0,0,1.239,0,0,0.535
2024-05-26 02:00,11.879,0.020,0,0,1.241,17.754,55.158,0.649
2024-05-26 03:00,12.445,0.019,0,0,1.241,79.541,201.191,0.716
2024-05-26 04:00,13.168,0.012,0,0,1.239,173.679,362.151,0.901
2024-05-26 05:00,14.381,0.005,0,0,1.234,274.906,526.493,0.955
2024-05-26 06:00,15.789,0.003,0,0,1.229,375.283,682.823,0.946
2024-05-26 07:00,17.022,0.003,0,0,1.225,466.688,820.609,0.938
2024-05-26 08:00,18.193,0.002,0,0,1.220,558.674,930.350,0.897
2024-05-26 09:00,19.411,0.001,0,0,1.215,684.218,1004.909,0.546
2024-05-26 10:00,20.500,0.002,0,0,1.210,781.589,1038.905,0.044
2024-05-26 11:00,21.043,0.001,0,0,1.207,782.890,1030.375,0.003
2024-05-26 12:00,21.139,0,0,0,1.206,740.208,979.445,0.016
2024-05-26 13:00,20.869,0,0,0,1.206,660.891,889.887,0.057
2024-05-26 14:00,20.313,0,0,0,1.206,551.301,767.781,0.090
2024-05-26 15:00,19.495,0,0,0,1.209,426.190,621.410,0.104
2024-05-26 16:00,18.423,0,0,0,1.213,293.327,460.862,0.124
2024-05-26 17:00,17.183,0,0,0,1.217,167.389,297.021,0.204
2024-05-26 18:00,15.727,0,0,0,1.221,62.296,141.057,0.278
2024-05-26 19:00,14.295,0,0,0,1.226,4.949,17.606,0.315
2024-05-26 20:00,13.734,0,0,0,1.228,0,0,0.473
2024-05-26 21:00,13.396,0,0,0,1.230,0,0,0.410
2024-05-26 22:00,13.053,0.001,0,0,1.230,0,0,0.312
2024-05-26 23:00,12.793,0.001,0,0,1.230,0,0,0.271
2024-05-27 00:00,12.559,0.001,0,0,1.231,0,0,0.401
2024-05-27 01:00,12.382,0.002,0,0,1.231,0,0.002,0.499
2024-05-27 02:00,12.578,0.002,0,0,1.231,19.974,58.454,0.499
2024-05-27 03:00,13.469,0.001,0,0,1.231,99.931,204.564,0.418
2024-05-27 04:00,14.509,0,0,0,1.228,216.464,365.276,0.261
2024-05-27 05:00,16.012,0,0,0,1.222,347.364,529.243,0.109
2024-05-27 06:00,17.763,0,0,0,1.215,472.288,685.323,0.044
2024-05-27 07:00,19.190,0.001,0,0,1.208,583.343,822.946,0.042
2024-05-27 08:00,20.159,0.002,0,0,1.203,670.304,932.749,0.055
2024-05-27 09:00,20.792,0.004,0,0,1.200,728.308,1007.079,0.063
2024-05-27 10:00,21.276,0.005,0,0,1.198,754.786,1040.905,0.071
2024-05-27 11:00,21.551,0.004,0,0,1.196,744.613,1032.535,0.101
2024-05-27 12:00,21.656,0.003,0,0,1.194,695.545,981.593,0.158
2024-05-27 13:00,21.586,0.003,0,0,1.193,610.538,892.137,0.238
2024-05-27 14:00,21.284,0.002,0,0,1.193,493.468,770.281,0.334
2024-05-27 15:00,20.658,0.002,0,0,1.195,359.142,624.160,0.413
2024-05-27 16:00,19.694,0.002,0,0,1.198,236.525,463.811,0.426
2024-05-27 17:00,18.421,0.001,0,0,1.201,131.959,300.220,0.490
2024-05-27 18:00,17.025,0,0,0,1.206,51.670,144.430,0.489
2024-05-27 19:00,15.785,0,0,0,1.211,4.950,19.493,0.559
2024-05-27 20:00,14.990,0,0,0,1.215,0,0,0.612
2024-05-27 21:00,14.294,0,0,0,1.219,0,0,0.493
2024-05-27 22:00,13.577,0,0,0,1.222,0,0,0.264
2024-05-27 23:00,13.022,0.001,0,0,1.225,0,0,0.156
2024-05-28 00:00,12.597,0.005,0,0,1.227,0,0,0.166
2024-05-28 01:00,12.218,0.009,0,0,1.229,0.001,0.006,0.255
2024-05-28 02:00,12.137,0.011,0,0,1.229,20.994,61.726,0.335
2024-05-28 03:00,13.132,0.005,0,0,1.228,98.182,207.794,0.377
2024-05-28 04:00,14.300,0,0,0,1.225,210.389,368.283,0.435
2024-05-28 05:00,15.986,0,0,0,1.218,337.179,531.993,0.606
2024-05-28 06:00,17.943,0,0,0,1.210,459.646,687.837,0.580
2024-05-28 07:00,19.616,0,0,0,1.203,574.133,825.359,0.477
2024-05-28 08:00,20.904,0,0,0,1.197,662.501,934.843,0.358
2024-05-28 09:00,21.914,0.001,0,0,1.193,732.561,1009.079,0.286
2024-05-28 10:00,22.604,0.002,0,0,1.190,754.055,1042.905,0.246
2024-05-28 11:00,22.936,0.001,0,0,1.188,754.247,1034.535,0.190
2024-05-28 12:00,22.956,0.001,0,0,1.187,727.588,983.687,0.210
2024-05-28 13:00,22.663,0,0,0,1.187,657.113,894.379,0.189
2024-05-28 14:00,22.111,0,0,0,1.187,557.504,772.545,0.145
2024-05-28 15:00,21.233,0,0,0,1.190,436.844,626.660,0.042
2024-05-28 16:00,19.994,0,0,0,1.194,306.308,466.565,0.006
2024-05-28 17:00,18.520,0,0,0,1.199,178.603,303.220,0.005
2024-05-28 18:00,16.973,0,0,0,1.204,69.764,147.680,0.020
2024-05-28 19:00,15.575,0,0,0,1.208,6.531,21.407,0.053
2024-05-28 20:00,14.793,0,0,0,1.212,0,0,0.108
2024-05-28 21:00,14.205,0,0,0,1.214,0,0,0.415
2024-05-28 22:00,13.816,0,0,0,1.216,0,0,0.836
2024-05-28 23:00,13.446,0,0,0,1.216,0,0,0.871
2024-05-29 00:00,12.904,0.001,0,0,1.217,0,0,0.809
2024-05-29 01:00,12.357,0.001,0,0,1.218,0.005,0.030,0.760
2024-05-29 02:00,12.417,0.002,0,0,1.219,21.097,64.958,0.806
2024-05-29 03:00,13.576,0.004,0,0,1.219,86.608,210.919,0.877
2024-05-29 04:00,14.420,0.002,0,0,1.218,173.405,371.158,0.910
2024-05-29 05:00,15.624,0,0,0,1.214,279.447,534.743,0.846
2024-05-29 06:00,17.186,0,0,0,1.208,403.022,690.323,0.866
2024-05-29 07:00,18.260,0.001,0,0,1.203,475.363,827.609,0.772
2024-05-29 08:00,19.202,0.003,0,0,1.199,571.599,936.843,0.532
2024-05-29 09:00,19.659,0.088,0,0,1.197,579.974,1011.079,0.617
2024-05-29 10:00,19.115,0.250,0,0,1.199,444.835,1044.905,0.930
2024-05-29 11:00,17.743,0.284,0,0,1.203,236.289,1036.375,0.977
2024-05-29 12:00,17.378,0.105,0,0,1.205,315.523,985.607,0.902
2024-05-29 13:00,17.953,0.051,0,0,1.203,470.267,896.536,0.672
2024-05-29 14:00,18.341,0.021,0,0,1.202,514.709,774.795,0.405
2024-05-29 15:00,18.199,0.002,0,0,1.201,410.477,629.160,0.252
2024-05-29 16:00,17.783,0,0,0,1.201,287.871,469.311,0.044
2024-05-29 17:00,17.005,0,0,0,1.204,182.362,306.102,0.030
2024-05-29 18:00,15.626,0,0,0,1.208,72.843,150.805,0.196
2024-05-29 19:00,14.028,0,0,0,1.212,7.190,23.339,0.525
2024-05-29 20:00,13.221,0.001,0,0,1.215,0,0,0.735
2024-05-29 21:00,12.765,0.001,0,0,1.217,0,0,0.780
2024-05-29 22:00,12.170,0,0,0,1.220,0,0,0.704
2024-05-29 23:00,11.639,0.001,0,0,1.221,0,0,0.625
2024-05-30 00:00,11.181,0.001,0,0,1.222,0,0,0.566
2024-05-30 01:00,10.896,0.001,0,0,1.223,0.019,0.102,0.468
2024-05-30 02:00,10.883,0,0,0,1.225,25.736,68.096,0.279
2024-05-30 03:00,12.213,0,0,0,1.225,114.090,213.919,0.080
2024-05-30 04:00,13.470,0,0,0,1.223,235.574,373.908,0.020
2024-05-30 05:00,15.128,0,0,0,1.217,368.771,537.243,0.075
2024-05-30 06:00,16.500,0,0,0,1.212,499.624,692.587,0.208
2024-05-30 07:00,17.614,0,0,0,1.209,616.201,829.609,0.255
2024-05-30 08:00,18.565,0,0,0,1.205,710.439,938.843,0.217
2024-05-30 09:00,19.409,0,0,0,1.202,773.302,1012.978,0.163
2024-05-30 10:00,20.124,0,0,0,1.199,801.554,1046.905,0.072
2024-05-30 11:00,20.628,0,0,0,1.196,789.064,1038.063,0.090
2024-05-30 12:00,20.877,0,0,0,1.194,730.165,987.593,0.188
2024-05-30 13:00,20.803,0,0,0,1.193,627.806,898.536,0.299
2024-05-30 14:00,20.441,0,0,0,1.192,494.227,777.031,0.362
2024-05-30 15:00,19.828,0,0,0,1.193,358.675,631.559,0.374
2024-05-30 16:00,18.967,0,0,0,1.196,235.428,471.811,0.385
2024-05-30 17:00,17.879,0,0,0,1.199,132.384,308.852,0.397
2024-05-30 18:00,16.491,0,0,0,1.203,52.617,153.803,0.493
2024-05-30 19:00,15.113,0,0,0,1.206,5.792,25.274,0.717
2024-05-30 20:00,14.586,0.001,0,0,1.209,0,0,0.846
2024-05-30 21:00,14.284,0.002,0,0,1.211,0,0,0.836
2024-05-30 22:00,13.972,0.002,0,0,1.213,0,0,0.881
2024-05-30 23:00,13.812,0.003,0,0,1.214,0,0,0.916
2024-05-31 00:00,13.746,0.008,0,0,1.214,0,0,0.926
2024-05-31 01:00,13.853,0.016,0,0,1.215,0.026,0.231,0.910
2024-05-31 02:00,14.125,0.025,0,0,1.216,14.198,71.132,0.916
2024-05-31 03:00,14.434,0.027,0,0,1.216,59.297,216.737,0.906
2024-05-31 04:00,15.065,0.016,0,0,1.215,132.576,376.533,0.904
2024-05-31 05:00,16.001,0.016,0,0,1.212,204.970,539.507,0.921
2024-05-31 06:00,16.996,0.009,0,0,1.208,237.703,694.823,0.934
2024-05-31 07:00,17.728,0.011,0,0,1.206,278.372,831.609,0.894
2024-05-31 08:00,18.562,0.013,0,0,1.203,344.763,940.749,0.839
2024-05-31 09:00,19.554,0.015,0,0,1.199,414.208,1014.822,0.816
2024-05-31 10:00,20.521,0.012,0,0,1.195,463.656,1048.405,0.804
2024-05-31 11:00,21.223,0.008,0,0,1.192,504.218,1039.875,0.826
2024-05-31 12:00,21.753,0.005,0,0,1.190,554.840,989.343,0.894
2024-05-31 13:00,21.822,0.004,0,0,1.189,506.434,900.299,0.932
2024-05-31 14:00,21.650,0.004,0,0,1.189,440.602,779.045,0.947
2024-05-31 15:00,21.204,0.001,0,0,1.190,345.611,633.809,0.939
2024-05-31 16:00,20.503,0,0,0,1.192,247.805,474.311,0.926
2024-05-31 17:00,19.403,0,0,0,1.195,144.298,311.595,0.893
2024-05-31 18:00,17.928,0,0,0,1.198,57.727,156.618,0.798
2024-05-31 19:00,16.435,0.001,0,0,1.202,7.003,27.208,0.735
2024-05-31 20:00,15.649,0,0,0,1.207,0,0,0.733
2024-05-31 21:00,14.951,0.001,0,0,1.211,0,0,0.761
2024-05-31 22:00,14.287,0.001,0,0,1.216,0,0,0.799
2024-05-31 23:00,13.712,0.001,0,0,1.219,0,0,0.819
2024-06-01 00:00,13.214,0.010,0,0,1.222,0,0,0.828
2024-06-01 01:00,12.796,0.014,0,0,1.225,0.077,0.416,0.849
2024-06-01 02:00,12.784,0.013,0,0,1.227,24.640,74.055,0.759
2024-06-01 03:00,13.382,0.002,0,0,1.227,102.942,219.485,0.625
2024-06-01 04:00,14.494,0,0,0,1.223,216.847,379.033,0.441
2024-06-01 05:00,16.208,0,0,0,1.216,347.029,541.993,0.233
2024-06-01 06:00,18.198,0,0,0,1.207,474.343,696.845,0.296
2024-06-01 07:00,19.414,0,0,0,1.202,521.708,833.609,0.429
2024-06-01 08:00,20.157,0,0,0,1.198,510.787,942.513,0.585
2024-06-01 09:00,20.596,0,0,0,1.195,482.710,1016.329,0.758
2024-06-01 10:00,21.025,0.001,0,0,1.193,480.656,1050.202,0.811
2024-06-01 11:00,21.471,0.001,0,0,1.191,495.156,1041.535,0.850
2024-06-01 12:00,21.761,0.002,0,0,1.189,473.379,991.093,0.893
2024-06-01 13:00,21.853,0.003,0,0,1.187,425.664,902.278,0.890
2024-06-01 14:00,21.808,0.008,0,0,1.187,378.505,781.031,0.850
2024-06-01 15:00,21.557,0.015,0,0,1.187,312.382,635.903,0.803
2024-06-01 16:00,20.968,0.025,0,0,1.188,218.306,476.683,0.765
2024-06-01 17:00,19.762,0.019,0,0,1.190,118.265,314.095,0.783
2024-06-01 18:00,18.313,0.015,0,0,1.194,42.809,159.366,0.846
2024-06-01 19:00,17.196,0.015,0,0,1.199,4.726,29.121,0.881
2024-06-01 20:00,16.473,0.010,0,0,1.204,0,0,0.875
2024-06-01 21:00,15.837,0.015,0,0,1.208,0,0,0.886
2024-06-01 22:00,15.275,0.029,0,0,1.212,0,0,0.899
2024-06-01 23:00,14.780,0.023,0,0,1.214,0,0,0.882
2024-06-02 00:00,14.231,0.008,0,0,1.216,0,0,0.856
2024-06-02 01:00,13.857,0.011,0,0,1.217,0.097,0.657,0.816
2024-06-02 02:00,13.962,0.013,0,0,1.217,21.999,76.835,0.792
2024-06-02 03:00,14.767,0.012,0,0,1.215,86.356,222.090,0.753
2024-06-02 04:00,15.798,0.013,0,0,1.211,182.733,381.490,0.686
2024-06-02 05:00,16.834,0.006,0,0,1.207,261.344,544.007,0.632
2024-06-02 06:00,17.593,0.006,0,0,1.204,308.904,698.845,0.662
2024-06-02 07:00,18.157,0.018,0,0,1.202,360.108,835.373,0.681
2024-06-02 08:00,18.501,0.039,0,0,1.200,407.074,944.241,0.711
2024-06-02 09:00,18.769,0.049,0,0,1.199,431.815,1017.992,0.719
2024-06-02 10:00,19.225,0.026,0,0,1.197,466.952,1051.730,0.671
2024-06-02 11:00,19.812,0.009,0,0,1.194,530.208,1043.063,0.574
2024-06-02 12:00,20.527,0.003,0,0,1.191,598.666,992.607,0.483
2024-06-02 13:00,21.046,0.002,0,0,1.189,606.682,903.948,0.325
2024-06-02 14:00,21.114,0.002,0,0,1.187,548.074,782.944,0.214
2024-06-02 15:00,20.744,0.001,0,0,1.188,432.811,637.910,0.151
2024-06-02 16:00,20.115,0.001,0,0,1.189,305.206,478.886,0.101
2024-06-02 17:00,19.216,0,0,0,1.191,180.586,316.477,0.071
2024-06-02 18:00,17.825,0,0,0,1.194,75.060,161.968,0.058
2024-06-02 19:00,16.744,0,0,0,1.196,9.658,31.017,0.052
2024-06-02 20:00,16.548,0,0,0,1.197,0,0,0.042
2024-06-02 21:00,16.605,0,0,0,1.198,0,0,0.025
2024-06-02 22:00,16.589,0,0,0,1.199,0,0,0.014
2024-06-02 23:00,16.120,0,0,0,1.200,0,0,0.013
2024-06-03 00:00,15.188,0,0,0,1.201,0,0,0.088
2024-06-03 01:00,14.354,0,0,0,1.202,0.188,0.951,0.204
2024-06-03 02:00,14.170,0.001,0,0,1.202,30.580,79.490,0.603
2024-06-03 03:00,15.479,0.002,0,0,1.201,110.749,224.553,0.824
2024-06-03 04:00,17.294,0.006,0,0,1.198,215.885,383.743,0.881
2024-06-03 05:00,18.744,0.009,0,0,1.194,343.089,546.243,0.779
2024-06-03 06:00,20.510,0.018,0,0,1.186,478.385,700.837,0.687
2024-06-03 07:00,21.619,0.031,0,0,1.181,591.618,837.109,0.810
2024-06-03 08:00,22.248,0.058,0,0,1.179,665.392,945.763,0.890
2024-06-03 09:00,22.533,0.094,0,0,1.177,706.225,1019.492,0.867
2024-06-03 10:00,22.667,0.105,0,0,1.175,714.192,1053.202,0.814
2024-06-03 11:00,22.572,0.107,0,0,1.174,641.735,1044.535,0.744
2024-06-03 12:00,22.021,0.110,0,0,1.174,459.290,994.107,0.653
2024-06-03 13:00,21.923,0.140,0,0,1.173,453.266,905.536,0.652
2024-06-03 14:00,21.318,0.198,0,0,1.174,326.933,784.694,0.825
2024-06-03 15:00,20.380,0.234,0,0,1.176,214.295,639.823,0.914
2024-06-03 16:00,19.544,0.286,0,0,1.179,131.897,480.936,0.968
2024-06-03 17:00,18.725,0.200,0,0,1.181,66.382,318.801,0.952
2024-06-03 18:00,18.012,0.070,0,0,1.184,43.371,164.428,0.843
2024-06-03 19:00,17.121,0.021,0,0,1.187,8.614,32.868,0.747
2024-06-03 20:00,16.504,0.004,0,0,1.191,0,0,0.327
2024-06-03 21:00,16.204,0.005,0,0,1.193,0,0,0.181
2024-06-03 22:00,15.888,0.010,0,0,1.195,0,0,0.123
2024-06-03 23:00,15.476,0.007,0,0,1.197,0,0,0.103
2024-06-04 00:00,14.959,0.007,0,0,1.200,0,0,0.142
2024-06-04 01:00,14.533,0.010,0,0,1.203,0.272,1.290,0.473
2024-06-04 02:00,14.552,0.005,0,0,1.204,32.700,82.011,0.368
2024-06-04 03:00,14.730,0.002,0,0,1.206,126.785,226.903,0.046
2024-06-04 04:00,15.158,0,0,0,1.207,250.141,385.908,0.003
2024-06-04 05:00,15.655,0,0,0,1.207,385.666,548.155,0.001
2024-06-04 06:00,16.182,0,0,0,1.206,520.324,702.587,0.025
2024-06-04 07:00,16.785,0,0,0,1.205,641.204,838.779,0.027
2024-06-04 08:00,17.423,0,0,0,1.203,738.527,947.263,0.035
2024-06-04 09:00,18.072,0,0,0,1.201,800.773,1021.058,0.095
2024-06-04 10:00,18.701,0,0,0,1.199,826.865,1054.405,0.097
2024-06-04 11:00,19.251,0,0,0,1.197,819.448,1045.875,0.059
2024-06-04 12:00,19.650,0,0,0,1.195,778.253,995.593,0.011
2024-06-04 13:00,19.841,0,0,0,1.193,698.440,907.049,0.016
2024-06-04 14:00,19.793,0,0,0,1.193,590.824,786.295,0.120
2024-06-04 15:00,19.514,0,0,0,1.192,463.568,641.653,0.250
2024-06-04 16:00,19.315,0,0,0,1.192,327.867,482.933,0.438
2024-06-04 17:00,18.670,0,0,0,1.193,192.505,320.966,0.632
2024-06-04 18:00,16.529,0,0,0,1.196,73.396,166.741,0.893
2024-06-04 19:00,15.147,0,0,0,1.199,9.199,34.683,0.936
2024-06-04 20:00,14.819,0,0,0,1.203,0,0,0.932
2024-06-04 21:00,14.577,0,0,0,1.208,0,0,0.944
2024-06-04 22:00,13.975,0,0,0,1.211,0,0,0.965
2024-06-04 23:00,13.658,0,0,0,1.213,0,0,0.983
2024-06-05 00:00,13.439,0.004,0,0,1.214,0,0,0.965
2024-06-05 01:00,13.082,0.013,0,0,1.215,0.292,1.664,0.917
2024-06-05 02:00,13.075,0.025,0,0,1.215,28.835,84.386,0.939
2024-06-05 03:00,13.765,0.012,0,0,1.213,106.275,229.116,0.943
2024-06-05 04:00,14.820,0,0,0,1.209,211.572,387.915,0.920
2024-06-05 05:00,16.157,0,0,0,1.204,349.784,550.007,0.829
2024-06-05 06:00,17.350,0.003,0,0,1.199,483.092,704.337,0.555
2024-06-05 07:00,18.100,0.015,0,0,1.195,577.860,840.279,0.446
2024-06-05 08:00,18.582,0.015,0,0,1.193,675.312,948.741,0.415
2024-06-05 09:00,19.009,0.003,0,0,1.192,740.812,1022.250,0.559
2024-06-05 10:00,19.152,0.004,0,0,1.191,705.895,1055.905,0.701
2024-06-05 11:00,18.994,0.014,0,0,1.190,610.150,1047.063,0.945
2024-06-05 12:00,18.358,0.029,0,0,1.192,385.794,996.857,0.980
2024-06-05 13:00,18.194,0.055,0,0,1.192,384.441,908.528,0.961
2024-06-05 14:00,18.118,0.088,0,0,1.192,345.594,787.944,0.869
2024-06-05 15:00,17.780,0.117,0,0,1.193,287.473,643.323,0.637
2024-06-05 16:00,17.064,0.182,0,0,1.195,203.297,484.808,0.339
2024-06-05 17:00,16.363,0.143,0,0,1.199,154.048,322.977,0.256
2024-06-05 18:00,15.338,0.022,0,0,1.203,67.406,168.966,0.758
2024-06-05 19:00,14.264,0.002,0,0,1.208,7.199,36.434,0.982
2024-06-05 20:00,13.392,0.001,0,0,1.212,0,0,0.967
2024-06-05 21:00,12.452,0.001,0,0,1.216,0,0,0.908
2024-06-05 22:00,11.827,0.001,0,0,1.219,0,0,0.758
2024-06-05 23:00,11.316,0,0,0,1.221,0,0,0.745
2024-06-06 00:00,10.880,0,0,0,1.223,0,0,0.626
2024-06-06 01:00,10.583,0.001,0,0,1.225,0.390,2.066,0.563
2024-06-06 02:00,10.853,0.003,0,0,1.227,29.789,86.617,0.249
2024-06-06 03:00,11.607,0.011,0,0,1.228,125.391,231.215,0.050
2024-06-06 04:00,12.328,0.007,0,0,1.227,239.958,389.865,0.071
2024-06-06 05:00,13.011,0.007,0,0,1.225,358.009,551.757,0.103
2024-06-06 06:00,13.522,0.015,0,0,1.224,461.150,705.837,0.147
2024-06-06 07:00,13.910,0.022,0,0,1.223,541.792,841.771,0.190
2024-06-06 08:00,14.263,0.031,0,0,1.223,602.406,950.013,0.208
2024-06-06 09:00,14.657,0.040,0,0,1.221,658.425,1023.572,0.188
2024-06-06 10:00,15.108,0.036,0,0,1.220,693.878,1056.905,0.178
2024-06-06 11:00,15.452,0.018,0,0,1.218,690.559,1048.375,0.160
2024-06-06 12:00,15.763,0.006,0,0,1.217,673.292,998.107,0.155
2024-06-06 13:00,15.968,0.004,0,0,1.215,626.062,909.799,0.213
2024-06-06 14:00,15.945,0.008,0,0,1.215,521.936,789.436,0.339
2024-06-06 15:00,15.655,0.015,0,0,1.214,374.057,645.051,0.330
2024-06-06 16:00,15.172,0.019,0,0,1.215,250.004,486.558,0.333
2024-06-06 17:00,14.466,0.016,0,0,1.216,140.449,324.926,0.396
2024-06-06 18:00,13.441,0.021,0,0,1.218,54.112,171.028,0.465
2024-06-06 19:00,12.501,0.067,0,0,1.219,6.977,38.131,0.577
2024-06-06 20:00,12.237,0.145,0,0,1.222,0,0,0.701
2024-06-06 21:00,11.711,0.263,0,0,1.228,0,0,0.764
2024-06-06 22:00,10.967,0.172,0,0,1.233,0,0,0.886
2024-06-06 23:00,10.380,0.028,0,0,1.236,0,0,0.776
2024-06-07 00:00,10.028,0.018,0,0,1.238,0,0,0.482
2024-06-07 01:00,9.618,0.024,0,0,1.240,0.361,2.483,0.322
2024-06-07 02:00,9.461,0.026,0,0,1.242,28.325,88.731,0.343
2024-06-07 03:00,9.638,0.009,0,0,1.243,101.782,233.156,0.101
2024-06-07 04:00,10.205,0.009,0,0,1.241,240.201,391.618,0.049
2024-06-07 05:00,11.316,0.015,0,0,1.238,378.190,553.405,0.041
2024-06-07 06:00,12.528,0.015,0,0,1.234,507.059,707.337,0.037
2024-06-07 07:00,13.517,0.008,0,0,1.231,622.869,843.029,0.036
2024-06-07 08:00,14.321,0.004,0,0,1.228,716.391,951.255,0.039
2024-06-07 09:00,14.974,0.003,0,0,1.225,777.023,1024.572,0.090
2024-06-07 10:00,15.532,0.003,0,0,1.222,798.132,1058.202,0.232
2024-06-07 11:00,15.979,0.004,0,0,1.220,790.309,1049.403,0.531
2024-06-07 12:00,16.191,0.004,0,0,1.218,722.881,999.350,0.766
2024-06-07 13:00,16.179,0.003,0,0,1.216,609.405,911.042,0.908
2024-06-07 14:00,15.917,0.005,0,0,1.216,462.059,790.694,0.983
2024-06-07 15:00,15.405,0.005,0,0,1.216,308.018,646.551,0.993
2024-06-07 16:00,14.696,0.006,0,0,1.217,178.272,488.257,0.995
2024-06-07 17:00,13.912,0.016,0,0,1.219,93.347,326.676,0.995
2024-06-07 18:00,13.030,0.019,0,0,1.220,37.679,172.966,0.994
2024-06-07 19:00,12.097,0.018,0,0,1.222,6.417,39.765,0.992
2024-06-07 20:00,11.545,0.039,0,0,1.222,0,0,0.975
2024-06-07 21:00,11.231,0.039,0,0,1.223,0,0,0.932
2024-06-07 22:00,10.904,0.040,0,0,1.225,0,0,0.953
2024-06-07 23:00,10.442,0.037,0,0,1.226,0,0,0.970
2024-06-08 00:00,9.988,0.032,0,0,1.227,0,0,0.879
2024-06-08 01:00,9.573,0.043,0,0,1.228,0.440,2.906,0.510
2024-06-08 02:00,9.742,0.030,0,0,1.229,28.752,90.700,0.311
2024-06-08 03:00,11.014,0.070,0,0,1.229,100.163,234.969,0.317
2024-06-08 04:00,11.666,0.092,0,0,1.228,183.613,393.290,0.378
2024-06-08 05:00,12.131,0.098,0,0,1.228,264.300,554.905,0.450
2024-06-08 06:00,12.719,0.075,0,0,1.226,343.567,708.743,0.522
2024-06-08 07:00,13.226,0.041,0,0,1.225,421.326,844.279,0.552
2024-06-08 08:00,13.520,0.032,0,0,1.224,460.746,952.411,0.493
2024-06-08 09:00,14.052,0.044,0,0,1.221,564.640,1025.734,0.437
2024-06-08 10:00,14.769,0.042,0,0,1.218,652.131,1059.230,0.233
2024-06-08 11:00,15.448,0.030,0,0,1.215,691.017,1050.403,0.314
2024-06-08 12:00,15.909,0.024,0,0,1.212,657.082,1000.357,0.903
2024-06-08 13:00,15.767,0.013,0,0,1.209,443.817,912.198,0.992
2024-06-08 14:00,15.434,0.014,0,0,1.208,303.741,791.944,0.991
2024-06-08 15:00,15.048,0.010,0,0,1.208,209.233,647.823,0.968
2024-06-08 16:00,14.702,0.044,0,0,1.208,158.802,489.757,0.970
2024-06-08 17:00,14.146,0.274,0,0,1.208,81.896,328.341,0.981
2024-06-08 18:00,13.505,0.735,0,0,1.210,27.458,174.739,0.991
2024-06-08 19:00,13.090,1.201,0,0,1.211,2.781,41.301,0.992
2024-06-08 20:00,12.935,1.076,0,0,1.211,0,0,0.992
2024-06-08 21:00,12.687,0.688,0,0,1.211,0,0,0.990
2024-06-08 22:00,12.401,1.363,0,0,1.211,0,0,0.991
2024-06-08 23:00,12.164,4.366,0,0,1.210,0,0,0.992
2024-06-09 00:00,11.809,4.008,0,0,1.210,0,0,0.986
2024-06-09 01:00,11.268,0.747,0,0,1.212,0.136,3.339,0.943
2024-06-09 02:00,9.874,0.122,0,0,1.219,23.072,92.513,0.901
2024-06-09 03:00,8.857,0.029,0,0,1.226,93.598,236.656,0.628
2024-06-09 04:00,8.992,0.012,0,0,1.226,232.106,394.868,0.225
2024-06-09 05:00,9.800,0.020,0,0,1.224,362.966,556.257,0.136
2024-06-09 06:00,10.674,0.019,0,0,1.221,466.496,709.993,0.203
2024-06-09 07:00,11.287,0.037,0,0,1.218,509.828,845.373,0.283
2024-06-09 08:00,11.875,0.042,0,0,1.216,559.084,953.491,0.313
2024-06-09 09:00,12.568,0.047,0,0,1.213,610.691,1026.586,0.317
2024-06-09 10:00,13.175,0.080,0,0,1.210,625.337,1060.202,0.393
2024-06-09 11:00,13.506,0.092,0,0,1.207,564.312,1051.375,0.457
2024-06-09 12:00,13.678,0.120,0,0,1.206,507.226,1001.357,0.494
2024-06-09 13:00,13.538,0.166,0,0,1.205,387.455,913.278,0.672
2024-06-09 14:00,13.313,0.125,0,0,1.205,285.987,793.186,0.563
2024-06-09 15:00,13.378,0.070,0,0,1.205,278.108,649.073,0.445
2024-06-09 16:00,13.132,0.098,0,0,1.205,211.556,491.139,0.434
2024-06-09 17:00,12.446,0.125,0,0,1.207,118.524,329.926,0.495
2024-06-09 18:00,11.703,0.104,0,0,1.209,48.769,176.403,0.497
2024-06-09 19:00,11.051,0.085,0,0,1.212,8.304,42.768,0.468
2024-06-09 20:00,10.593,0.082,0,0,1.214,0,0,0.486
2024-06-09 21:00,10.351,0.072,0,0,1.215,0,0,0.508
2024-06-09 22:00,10.248,0.059,0,0,1.215,0,0,0.637
2024-06-09 23:00,10.158,0.041,0,0,1.216,0,0,0.609
2024-06-10 00:00,9.982,0.054,0,0,1.217,0,0,0.594
2024-06-10 01:00,9.780,0.048,0,0,1.218,0.494,3.767,0.552
2024-06-10 02:00,9.635,0.041,0,0,1.219,29.157,94.201,0.265
2024-06-10 03:00,9.864,0.039,0,0,1.218,114.345,238.219,0.172
2024-06-10 04:00,10.390,0.048,0,0,1.217,213.752,396.251,0.167
2024-06-10 05:00,11.110,0.085,0,0,1.214,342.614,557.507,0.158
2024-06-10 06:00,11.747,0.203,0,0,1.211,450.659,711.087,0.178
2024-06-10 07:00,12.292,0.363,0,0,1.209,505.557,846.521,0.348
2024-06-10 08:00,12.573,0.598,0,0,1.207,445.775,954.411,0.724
2024-06-10 09:00,12.306,1.008,0,0,1.206,277.446,1027.572,0.817
2024-06-10 10:00,12.189,1.215,0,0,1.206,245.684,1060.905,0.857
2024-06-10 11:00,12.311,0.987,0,0,1.206,204.254,1052.360,0.887
2024-06-10 12:00,12.568,1.010,0,0,1.205,188.795,1002.256,0.899
2024-06-10 13:00,12.667,1.067,0,0,1.204,146.696,914.198,0.907
2024-06-10 14:00,12.603,0.756,0,0,1.204,128.190,794.194,0.859
2024-06-10 15:00,12.504,0.463,0,0,1.206,147.989,650.309,0.674
2024-06-10 16:00,12.456,0.294,0,0,1.207,200.772,492.393,0.370
2024-06-10 17:00,12.156,0.210,0,0,1.208,150.414,331.301,0.259
2024-06-10 18:00,11.661,0.113,0,0,1.210,71.046,177.903,0.205
2024-06-10 19:00,11.020,0.043,0,0,1.213,12.832,44.135,0.159
2024-06-10 20:00,10.507,0.024,0,0,1.216,0,0,0.114
2024-06-10 21:00,10.377,0.019,0,0,1.217,0,0,0.106
2024-06-10 22:00,10.299,0.018,0,0,1.217,0,0,0.116
2024-06-10 23:00,10.155,0.017,0,0,1.218,0,0,0.113
2024-06-11 00:00,9.924,0.014,0,0,1.219,0,0,0.091
2024-06-11 01:00,9.356,0.013,0,0,1.219,0.972,4.177,0.081
2024-06-11 02:00,9.511,0.012,0,0,1.220,40.975,95.734,0.088
2024-06-11 03:00,10.594,0.015,0,0,1.220,134.007,239.656,0.121
2024-06-11 04:00,11.620,0.004,0,0,1.217,257.054,397.615,0.061
2024-06-11 05:00,12.888,0.007,0,0,1.213,391.945,558.757,0.105
2024-06-11 06:00,14.352,0.003,0,0,1.208,518.140,712.087,0.103
2024-06-11 07:00,15.320,0.012,0,0,1.206,635.600,847.373,0.043
2024-06-11 08:00,15.960,0.022,0,0,1.204,714.590,955.255,0.055
2024-06-11 09:00,16.396,0.033,0,0,1.202,721.190,1028.398,0.233
2024-06-11 10:00,16.285,0.047,0,0,1.201,553.324,1061.730,0.393
2024-06-11 11:00,16.221,0.089,0,0,1.201,521.234,1053.063,0.523
2024-06-11 12:00,16.063,0.136,0,0,1.202,465.783,1003.100,0.580
2024-06-11 13:00,15.707,0.192,0,0,1.202,370.015,915.042,0.627
2024-06-11 14:00,16.322,0.597,0,0,1.203,257.906,795.186,0.669
2024-06-11 15:00,16.020,0.414,0,0,1.205,250.752,651.323,0.654
2024-06-11 16:00,15.141,0.322,0,0,1.206,131.283,493.632,0.760
2024-06-11 17:00,14.192,0.196,0,0,1.208,63.053,332.551,0.746
2024-06-11 18:00,13.258,0.105,0,0,1.211,36.223,179.335,0.600
2024-06-11 19:00,12.355,0.046,0,0,1.214,8.468,45.400,0.462
2024-06-11 20:00,11.906,0.026,0,0,1.216,0,0,0.349
2024-06-11 21:00,11.813,0.017,0,0,1.217,0,0,0.322
2024-06-11 22:00,11.446,0.008,0,0,1.217,0,0,0.234
2024-06-11 23:00,10.686,0.002,0,0,1.217,0,0,0.148
2024-06-12 00:00,9.989,0.001,0,0,1.218,0,0,0.098
2024-06-12 01:00,9.473,0,0,0,1.220,0.998,4.580,0.072
2024-06-12 02:00,9.589,0,0,0,1.221,39.608,97.140,0.056
2024-06-12 03:00,11.049,0.001,0,0,1.223,131.902,240.949,0.048
2024-06-12 04:00,12.089,0.006,0,0,1.223,252.263,398.751,0.045
2024-06-12 05:00,13.628,0.012,0,0,1.218,380.640,559.757,0.050
2024-06-12 06:00,15.171,0.025,0,0,1.213,504.481,713.087,0.060
2024-06-12 07:00,16.087,0.028,0,0,1.210,605.530,848.271,0.083
2024-06-12 08:00,16.657,0.043,0,0,1.209,676.787,956.005,0.116
2024-06-12 09:00,16.980,0.058,0,0,1.207,695.396,1029.086,0.176
2024-06-12 10:00,17.152,0.074,0,0,1.206,667.892,1062.405,0.256
2024-06-12 11:00,17.311,0.086,0,0,1.206,661.935,1053.860,0.241
2024-06-12 12:00,17.087,0.126,0,0,1.206,590.789,1003.756,0.383
2024-06-12 13:00,16.348,0.137,0,0,1.207,399.090,915.940,0.573
2024-06-12 14:00,15.806,0.130,0,0,1.209,348.073,795.944,0.513
2024-06-12 15:00,15.345,0.153,0,0,1.211,284.782,652.301,0.448
2024-06-12 16:00,14.882,0.129,0,0,1.213,230.454,494.632,0.355
2024-06-12 17:00,14.264,0.124,0,0,1.215,151.039,333.790,0.314
2024-06-12 18:00,13.244,0.077,0,0,1.217,65.294,180.585,0.331
2024-06-12 19:00,11.870,0.018,0,0,1.220,11.815,46.564,0.436
2024-06-12 20:00,11.093,0.004,0,0,1.223,0,0,0.530
2024-06-12 21:00,10.808,0.003,0,0,1.226,0,0,0.585
2024-06-12 22:00,10.443,0.003,0,0,1.227,0,0,0.607
2024-06-12 23:00,10.095,0.005,0,0,1.228,0,0,0.624
2024-06-13 00:00,9.784,0.012,0,0,1.229,0,0,0.541
2024-06-13 01:00,9.437,0.025,0,0,1.229,1.112,4.948,0.355
2024-06-13 02:00,9.987,0.048,0,0,1.229,39.412,98.390,0.163
2024-06-13 03:00,11.365,0.119,0,0,1.229,127.432,242.096,0.145
2024-06-13 04:00,12.209,0.172,0,0,1.227,233.349,399.751,0.211
2024-06-13 05:00,12.931,0.175,0,0,1.225,327.073,560.757,0.332
2024-06-13 06:00,13.550,0.162,0,0,1.224,420.443,713.986,0.361
2024-06-13 07:00,13.989,0.162,0,0,1.223,518.835,849.021,0.652
2024-06-13 08:00,14.207,0.149,0,0,1.223,541.737,956.675,0.873
2024-06-13 09:00,14.170,0.167,0,0,1.222,500.706,1029.586,0.934
2024-06-13 10:00,14.477,0.165,0,0,1.222,601.896,1062.905,0.864
2024-06-13 11:00,14.758,0.117,0,0,1.221,614.807,1054.375,0.740
2024-06-13 12:00,14.881,0.108,0,0,1.220,588.459,1004.506,0.536
2024-06-13 13:00,14.857,0.113,0,0,1.220,557.555,916.542,0.303
2024-06-13 14:00,14.711,0.110,0,0,1.220,490.194,796.694,0.270
2024-06-13 15:00,14.424,0.090,0,0,1.220,384.350,653.073,0.298
2024-06-13 16:00,13.888,0.086,0,0,1.221,241.738,495.592,0.316
2024-06-13 17:00,13.258,0.095,0,0,1.223,149.836,334.790,0.375
2024-06-13 18:00,12.348,0.111,0,0,1.225,63.160,181.653,0.407
2024-06-13 19:00,11.393,0.096,0,0,1.228,10.952,47.604,0.426
2024-06-13 20:00,10.921,0.087,0,0,1.229,0,0,0.475
2024-06-13 21:00,10.797,0.113,0,0,1.231,0,0,0.544
2024-06-13 22:00,10.523,0.160,0,0,1.232,0,0,0.573
2024-06-13 23:00,10.308,0.176,0,0,1.233,0,0,0.595
2024-06-14 00:00,10.070,0.148,0,0,1.233,0,0,0.565
2024-06-14 01:00,9.848,0.123,0,0,1.234,0.600,5.300,0.530
2024-06-14 02:00,10.070,0.153,0,0,1.234,24.078,99.515,0.422
2024-06-14 03:00,10.662,0.170,0,0,1.235,92.359,243.136,0.310
2024-06-14 04:00,11.067,0.125,0,0,1.235,193.223,400.743,0.238
2024-06-14 05:00,11.541,0.073,0,0,1.234,313.856,561.507,0.186
2024-06-14 06:00,12.514,0.041,0,0,1.231,443.773,714.736,0.140
2024-06-14 07:00,13.641,0.056,0,0,1.228,565.371,849.623,0.124
2024-06-14 08:00,14.363,0.040,0,0,1.226,652.917,957.255,0.125
2024-06-14 09:00,14.906,0.020,0,0,1.224,711.617,1030.086,0.124
2024-06-14 10:00,15.395,0.013,0,0,1.222,741.255,1063.405,0.117
2024-06-14 11:00,15.787,0.019,0,0,1.220,739.537,1054.875,0.127
2024-06-14 12:00,15.958,0.033,0,0,1.218,686.301,1005.006,0.213
2024-06-14 13:00,15.938,0.031,0,0,1.218,594.300,917.190,0.274
2024-06-14 14:00,15.815,0.034,0,0,1.217,506.340,797.436,0.363
2024-06-14 15:00,15.443,0.028,0,0,1.218,368.567,653.823,0.456
2024-06-14 16:00,14.910,0.011,0,0,1.219,243.280,496.382,0.414
2024-06-14 17:00,14.326,0.008,0,0,1.221,173.168,335.672,0.433
2024-06-14 18:00,13.356,0.004,0,0,1.224,78.179,182.651,0.420
2024-06-14 19:00,12.210,0.003,0,0,1.227,15.071,48.543,0.407
2024-06-14 20:00,11.444,0.003,0,0,1.230,0,0,0.317
2024-06-14 21:00,10.979,0.007,0,0,1.232,0,0,0.234
2024-06-14 22:00,10.358,0.011,0,0,1.233,0,0,0.193
2024-06-14 23:00,10.017,0.014,0,0,1.233,0,0,0.141
2024-06-15 00:00,9.797,0.014,0,0,1.233,0,0,0.091
2024-06-15 01:00,9.596,0.013,0,0,1.233,1.193,5.612,0.078
2024-06-15 02:00,10.167,0.013,0,0,1.233,38.324,100.484,0.076
2024-06-15 03:00,11.539,0.016,0,0,1.232,124.024,244.031,0.075
2024-06-15 04:00,12.433,0.015,0,0,1.231,237.006,401.501,0.123
2024-06-15 05:00,13.444,0.027,0,0,1.227,360.243,562.257,0.186
2024-06-15 06:00,14.439,0.033,0,0,1.224,484.657,715.257,0.333
2024-06-15 07:00,15.179,0.018,0,0,1.221,595.681,850.271,0.679
2024-06-15 08:00,15.712,0.021,0,0,1.220,675.918,957.755,0.679
2024-06-15 09:00,16.226,0.018,0,0,1.218,747.160,1030.586,0.337
2024-06-15 10:00,16.685,0.007,0,0,1.216,782.322,1063.905,0.791
2024-06-15 11:00,16.943,0.002,0,0,1.214,757.279,1055.360,0.941
2024-06-15 12:00,16.963,0,0,0,1.212,671.146,1005.498,0.940
2024-06-15 13:00,16.875,0,0,0,1.212,584.532,917.690,0.939
2024-06-15 14:00,16.201,0,0,0,1.212,334.422,797.936,0.954
2024-06-15 15:00,15.294,0,0,0,1.215,197.396,654.551,0.983
2024-06-15 16:00,14.448,0,0,0,1.218,128.581,497.092,0.984
2024-06-15 17:00,13.663,0,0,0,1.221,70.567,336.422,0.954
2024-06-15 18:00,13.055,0.001,0,0,1.223,57.291,183.523,0.648
2024-06-15 19:00,12.440,0.010,0,0,1.224,14.254,49.352,0.387
2024-06-15 20:00,12.323,0.079,0,0,1.224,0,0.001,0.811
2024-06-15 21:00,12.315,0.438,0,0,1.223,0,0,0.976
2024-06-15 22:00,12.457,1.049,0,0,1.222,0,0,0.986
2024-06-15 23:00,13.097,0.984,0,0,1.218,0,0,0.983
2024-06-16 00:00,13.125,0.332,0,0,1.218,0,0,0.976
2024-06-16 01:00,13.062,0.103,0,0,1.218,0.691,5.883,0.965
2024-06-16 02:00,13.058,0.060,0,0,1.218,26.517,101.328,0.928
2024-06-16 03:00,13.336,0.037,0,0,1.218,103.139,244.783,0.834
2024-06-16 04:00,13.919,0.015,0,0,1.217,232.245,402.240,0.812
2024-06-16 05:00,14.697,0.002,0,0,1.216,367.617,562.905,0.911
2024-06-16 06:00,15.756,0.001,0,0,1.213,455.055,715.837,0.905
2024-06-16 07:00,16.735,0,0,0,1.210,578.727,850.623,0.917
2024-06-16 08:00,17.540,0,0,0,1.207,654.368,958.161,0.936
2024-06-16 09:00,18.122,0,0,0,1.205,699.467,1030.926,0.778
2024-06-16 10:00,18.774,0,0,0,1.203,801.181,1064.230,0.601
2024-06-16 11:00,19.126,0,0,0,1.202,798.413,1055.860,0.706
2024-06-16 12:00,19.259,0,0,0,1.201,751.410,1005.756,0.398
2024-06-16 13:00,19.221,0,0,0,1.200,676.939,917.962,0.125
2024-06-16 14:00,18.962,0,0,0,1.200,584.025,798.436,0.104
2024-06-16 15:00,18.452,0,0,0,1.201,453.113,655.051,0.647
2024-06-16 16:00,17.661,0,0,0,1.204,301.585,497.632,0.909
2024-06-16 17:00,16.411,0,0,0,1.208,145.952,337.051,0.922
2024-06-16 18:00,15.018,0,0,0,1.212,68.213,184.210,0.909
2024-06-16 19:00,13.482,0,0,0,1.217,14.781,50.036,0.936
2024-06-16 20:00,12.474,0,0,0,1.221,0,0.003,0.939
2024-06-16 21:00,11.983,0,0,0,1.224,0,0,0.943
2024-06-16 22:00,11.606,0,0,0,1.226,0,0,0.969
2024-06-16 23:00,11.397,0.001,0,0,1.226,0,0,0.974
2024-06-17 00:00,11.198,0.003,0,0,1.227,0,0,0.974
2024-06-17 01:00,11.055,0.009,0,0,1.227,0.791,6.123,0.971
2024-06-17 02:00,11.234,0.016,0,0,1.227,21.399,102.015,0.971
2024-06-17 03:00,12.003,0.019,0,0,1.228,65.928,245.408,0.970
2024-06-17 04:00,12.684,0.018,0,0,1.227,128.041,402.751,0.974
2024-06-17 05:00,13.527,0.011,0,0,1.225,217.262,563.405,0.947
2024-06-17 06:00,14.866,0.007,0,0,1.220,364.691,716.257,0.763
2024-06-17 07:00,16.505,0.005,0,0,1.215,589.718,851.021,0.312
2024-06-17 08:00,17.864,0.001,0,0,1.210,723.108,958.505,0.052
2024-06-17 09:00,18.853,0,0,0,1.206,789.232,1031.383,0.042
2024-06-17 10:00,19.618,0,0,0,1.202,815.555,1064.405,0.043
2024-06-17 11:00,20.097,0,0,0,1.199,797.265,1055.875,0.090
2024-06-17 12:00,20.215,0,0,0,1.198,728.653,1006.020,0.167
2024-06-17 13:00,19.979,0,0,0,1.197,621.252,918.440,0.258
2024-06-17 14:00,19.453,0,0,0,1.198,495.869,798.694,0.265
2024-06-17 15:00,18.781,0.001,0,0,1.199,396.812,655.323,0.214
2024-06-17 16:00,17.903,0.001,0,0,1.202,286.499,498.132,0.240
2024-06-17 17:00,16.781,0.002,0,0,1.206,164.992,337.551,0.314
2024-06-17 18:00,15.552,0.002,0,0,1.210,67.904,184.776,0.437
2024-06-17 19:00,14.566,0.010,0,0,1.214,10.740,50.594,0.552
2024-06-17 20:00,14.180,0.033,0,0,1.216,0,0.004,0.670
2024-06-17 21:00,13.901,0.050,0,0,1.218,0,0,0.660
2024-06-17 22:00,13.686,0.063,0,0,1.219,0,0,0.601
2024-06-17 23:00,13.677,0.095,0,0,1.219,0,0,0.520
2024-06-18 00:00,13.446,0.093,0,0,1.219,0,0,0.481
2024-06-18 01:00,13.379,0.131,0,0,1.219,0.737,6.316,0.406
2024-06-18 02:00,13.419,0.095,0,0,1.219,28.239,102.568,0.251
2024-06-18 03:00,13.860,0.062,0,0,1.218,114.388,245.906,0.104
2024-06-18 04:00,14.579,0.022,0,0,1.216,246.526,403.200,0.019
2024-06-18 05:00,15.530,0.006,0,0,1.213,385.604,563.677,0.011
2024-06-18 06:00,16.730,0.003,0,0,1.209,517.522,716.507,0.007
2024-06-18 07:00,17.768,0.003,0,0,1.205,633.910,851.271,0.013
2024-06-18 08:00,18.492,0.002,0,0,1.202,726.707,958.675,0.032
2024-06-18 09:00,18.903,0.001,0,0,1.201,780.784,1031.426,0.037
2024-06-18 10:00,19.161,0.003,0,0,1.200,805.791,1064.730,0.025
2024-06-18 11:00,19.304,0.003,0,0,1.199,790.673,1056.063,0.033
2024-06-18 12:00,19.329,0.008,0,0,1.198,743.772,1006.256,0.043
2024-06-18 13:00,19.178,0.019,0,0,1.198,659.999,918.462,0.116
2024-06-18 14:00,18.746,0.031,0,0,1.198,512.769,798.944,0.156
2024-06-18 15:00,18.290,0.042,0,0,1.199,399.416,655.721,0.120
2024-06-18 16:00,17.784,0.035,0,0,1.200,296.657,498.463,0.115
2024-06-18 17:00,17.095,0.039,0,0,1.202,182.120,337.926,0.101
2024-06-18 18:00,16.145,0.015,0,0,1.204,85.434,185.210,0.070
2024-06-18 19:00,14.939,0.004,0,0,1.207,17.042,51.022,0.047
2024-06-18 20:00,13.949,0.002,0,0,1.210,0.001,0.004,0.147
2024-06-18 21:00,13.307,0.004,0,0,1.214,0,0,0.336
2024-06-18 22:00,12.914,0.007,0,0,1.216,0,0,0.757
2024-06-18 23:00,12.787,0.006,0,0,1.218,0,0,0.838
2024-06-19 00:00,12.680,0.006,0,0,1.219,0,0,0.868
2024-06-19 01:00,12.384,0.013,0,0,1.221,1.340,6.459,0.874
2024-06-19 02:00,12.377,0.014,0,0,1.221,29.005,102.974,0.866
2024-06-19 03:00,12.718,0.012,0,0,1.220,85.932,246.261,0.851
2024-06-19 04:00,13.250,0.009,0,0,1.219,189.532,403.501,0.853
2024-06-19 05:00,13.870,0.013,0,0,1.217,254.077,563.927,0.854
2024-06-19 06:00,14.439,0.016,0,0,1.215,308.434,716.757,0.887
2024-06-19 07:00,15.001,0.023,0,0,1.213,384.240,851.521,0.854
2024-06-19 08:00,15.563,0.032,0,0,1.211,472.481,958.755,0.839
2024-06-19 09:00,16.307,0.045,0,0,1.208,597.632,1031.586,0.567
2024-06-19 10:00,16.948,0.070,0,0,1.205,665.768,1064.730,0.247
2024-06-19 11:00,17.468,0.104,0,0,1.203,725.529,1056.360,0.187
2024-06-19 12:00,17.822,0.132,0,0,1.201,696.838,1006.350,0.142
2024-06-19 13:00,17.970,0.146,0,0,1.199,611.356,918.698,0.289
2024-06-19 14:00,17.751,0.152,0,0,1.199,447.773,799.186,0.451
2024-06-19 15:00,17.190,0.083,0,0,1.199,254.512,655.823,0.542
2024-06-19 16:00,16.846,0.070,0,0,1.200,183.142,498.639,0.479
2024-06-19 17:00,16.481,0.093,0,0,1.201,143.391,338.176,0.286
2024-06-19 18:00,15.721,0.078,0,0,1.203,73.561,185.464,0.227
2024-06-19 19:00,14.593,0.077,0,0,1.205,15.825,51.315,0.132
2024-06-19 20:00,14.063,0.062,0,0,1.208,0.001,0.006,0.122
2024-06-19 21:00,13.856,0.030,0,0,1.210,0,0,0.139
2024-06-19 22:00,13.555,0.015,0,0,1.212,0,0,0.230
2024-06-19 23:00,13.305,0.012,0,0,1.215,0,0,0.324
2024-06-20 00:00,13.255,0.016,0,0,1.218,0,0,0.334
2024-06-20 01:00,12.390,0.011,0,0,1.220,1.577,6.554,0.496
2024-06-20 02:00,12.527,0.004,0,0,1.222,38.606,103.235,0.477
2024-06-20 03:00,13.200,0.005,0,0,1.223,111.826,246.474,0.400
2024-06-20 04:00,13.996,0.005,0,0,1.221,200.128,403.700,0.348
2024-06-20 05:00,15.106,0,0,0,1.218,352.734,564.155,0.219
2024-06-20 06:00,16.231,0,0,0,1.214,483.478,716.837,0.066
2024-06-20 07:00,17.326,0,0,0,1.209,629.930,851.521,0.025
2024-06-20 08:00,18.181,0,0,0,1.205,716.961,958.911,0.013
2024-06-20 09:00,18.900,0,0,0,1.201,787.203,1031.586,0.005
2024-06-20 10:00,19.440,0,0,0,1.198,816.384,1064.730,0.026
2024-06-20 11:00,19.793,0,0,0,1.196,809.665,1056.360,0.004
2024-06-20 12:00,20.002,0,0,0,1.194,768.673,1006.350,0.007
2024-06-20 13:00,20.038,0,0,0,1.193,694.821,918.698,0.007
2024-06-20 14:00,19.897,0,0,0,1.192,594.230,799.186,0.004
2024-06-20 15:00,19.574,0,0,0,1.193,472.854,655.971,0.003
2024-06-20 16:00,19.019,0,0,0,1.194,341.729,498.757,0.004
2024-06-20 17:00,18.260,0,0,0,1.197,211.634,338.375,0.006
2024-06-20 18:00,17.313,0,0,0,1.200,97.283,185.648,0.009
2024-06-20 19:00,16.346,0,0,0,1.205,18.941,51.476,0.008
2024-06-20 20:00,15.624,0,0,0,1.208,0.001,0.007,0.007
2024-06-20 21:00,15.078,0,0,0,1.212,0,0,0.006
2024-06-20 22:00,14.583,0.002,0,0,1.215,0,0,0.004
2024-06-20 23:00,14.139,0.003,0,0,1.217,0,0,0.003
2024-06-21 00:00,13.746,0.008,0,0,1.219,0,0,0.021
2024-06-21 01:00,13.328,0.025,0,0,1.221,1.593,6.601,0.080
2024-06-21 02:00,13.303,0.029,0,0,1.222,44.097,103.359,0.108
2024-06-21 03:00,13.860,0.011,0,0,1.221,139.003,246.574,0.150
2024-06-21 04:00,14.604,0.001,0,0,1.220,246.673,403.751,0.273
2024-06-21 05:00,15.425,0,0,0,1.218,376.621,564.169,0.089
2024-06-21 06:00,16.297,0,0,0,1.217,522.635,716.837,0.007
2024-06-21 07:00,17.213,0,0,0,1.214,639.421,851.521,0.007
2024-06-21 08:00,18.124,0,0,0,1.211,733.700,958.755,0.100
2024-06-21 09:00,18.984,0,0,0,1.209,793.941,1031.586,0.709
2024-06-21 10:00,19.600,0,0,0,1.206,769.682,1064.730,0.755
2024-06-21 11:00,20.133,0,0,0,1.203,778.874,1056.063,0.361
2024-06-21 12:00,20.351,0,0,0,1.202,721.763,1006.256,0.319
2024-06-21 13:00,20.226,0,0,0,1.201,655.114,918.690,0.308
2024-06-21 14:00,19.903,0,0,0,1.201,575.248,799.186,0.181
2024-06-21 15:00,19.398,0,0,0,1.202,462.218,655.971,0.132
2024-06-21 16:00,18.850,0,0,0,1.203,333.448,498.757,0.144
2024-06-21 17:00,17.875,0,0,0,1.206,209.550,338.375,0.155
2024-06-21 18:00,16.212,0,0,0,1.211,96.825,185.651,0.248
2024-06-21 19:00,14.576,0,0,0,1.215,18.757,51.506,0.603
2024-06-21 20:00,13.691,0,0,0,1.220,0.001,0.007,0.896
2024-06-21 21:00,13.257,0,0,0,1.222,0,0,0.832
2024-06-21 22:00,12.692,0.001,0,0,1.224,0,0,0.613
2024-06-21 23:00,12.162,0.004,0,0,1.224,0,0,0.517
2024-06-22 00:00,11.913,0.004,0,0,1.224,0,0,0.726
2024-06-22 01:00,12.017,0.003,0,0,1.224,1.397,6.599,0.843
2024-06-22 02:00,12.547,0.001,0,0,1.223,27.197,103.349,0.910
2024-06-22 03:00,13.290,0,0,0,1.223,61.734,246.537,0.954
2024-06-22 04:00,13.962,0,0,0,1.223,156.518,403.700,0.948
2024-06-22 05:00,15.325,0,0,0,1.218,294.687,564.007,0.950
2024-06-22 06:00,16.360,0,0,0,1.214,403.697,716.757,0.950
2024-06-22 07:00,17.030,0,0,0,1.212,516.769,851.293,0.917
2024-06-22 08:00,17.446,0.001,0,0,1.210,593.902,958.675,0.950
2024-06-22 09:00,17.763,0.001,0,0,1.209,634.449,1031.398,0.955
2024-06-22 10:00,17.998,0,0,0,1.208,634.155,1064.702,0.959
2024-06-22 11:00,18.128,0,0,0,1.206,613.872,1055.903,0.955
2024-06-22 12:00,18.044,0,0,0,1.205,532.348,1006.100,0.953
2024-06-22 13:00,17.818,0,0,0,1.205,453.888,918.448,0.934
2024-06-22 14:00,17.495,0.001,0,0,1.205,370.313,798.944,0.911
2024-06-22 15:00,17.143,0.002,0,0,1.205,308.475,655.801,0.896
2024-06-22 16:00,16.683,0.007,0,0,1.206,240.231,498.632,0.931
2024-06-22 17:00,15.911,0.021,0,0,1.207,142.438,338.250,0.938
2024-06-22 18:00,14.721,0.010,0,0,1.209,60.105,185.526,0.935
2024-06-22 19:00,13.493,0.009,0,0,1.212,12.786,51.388,0.929
2024-06-22 20:00,12.899,0.012,0,0,1.213,0.001,0.006,0.932
2024-06-22 21:00,12.927,0.018,0,0,1.215,0,0,0.940
2024-06-22 22:00,12.826,0.021,0,0,1.217,0,0,0.947
2024-06-22 23:00,12.619,0.020,0,0,1.218,0,0,0.949
2024-06-23 00:00,12.514,0.015,0,0,1.219,0,0,0.948
2024-06-23 01:00,12.440,0.009,0,0,1.220,0.873,6.547,0.935
2024-06-23 02:00,12.526,0.011,0,0,1.220,20.534,103.174,0.916
2024-06-23 03:00,12.921,0.009,0,0,1.220,66.748,246.349,0.871
2024-06-23 04:00,13.667,0,0,0,1.217,150.092,403.501,0.827
2024-06-23 05:00,14.881,0,0,0,1.213,257.208,563.905,0.825
2024-06-23 06:00,16.208,0,0,0,1.208,352.143,716.507,0.865
2024-06-23 07:00,17.244,0,0,0,1.204,418.301,851.043,0.913
2024-06-23 08:00,18.162,0,0,0,1.201,492.630,958.425,0.822
2024-06-23 09:00,19.059,0,0,0,1.198,579.838,1031.086,0.681
2024-06-23 10:00,20.018,0,0,0,1.196,715.519,1064.230,0.657
2024-06-23 11:00,20.732,0,0,0,1.193,790.575,1055.860,0.583
2024-06-23 12:00,21.018,0,0,0,1.192,750.098,1005.850,0.197
2024-06-23 13:00,21.082,0,0,0,1.191,669.611,918.198,0.106
2024-06-23 14:00,20.935,0,0,0,1.191,557.274,798.694,0.093
2024-06-23 15:00,20.831,0,0,0,1.192,430.485,655.551,0.143
2024-06-23 16:00,20.549,0,0,0,1.193,301.450,498.382,0.121
2024-06-23 17:00,20.884,0.001,0,0,1.194,185.740,337.926,0.151
2024-06-23 18:00,19.407,0,0,0,1.195,79.266,185.276,0.259
2024-06-23 19:00,18.804,0,0,0,1.197,15.003,51.148,0.265
2024-06-23 20:00,17.968,0,0,0,1.199,0.001,0.005,0.300
2024-06-23 21:00,16.994,0,0,0,1.201,0,0,0.296
2024-06-23 22:00,16.189,0,0,0,1.203,0,0,0.499
2024-06-23 23:00,15.481,0.001,0,0,1.206,0,0,0.716
2024-06-24 00:00,14.925,0,0,0,1.208,0,0,0.834
2024-06-24 01:00,14.468,0.001,0,0,1.210,1.492,6.449,0.892
2024-06-24 02:00,14.371,0.003,0,0,1.212,39.613,102.880,0.431
2024-06-24 03:00,15.606,0.004,0,0,1.213,128.275,246.037,0.231
2024-06-24 04:00,16.873,0,0,0,1.211,254.166,403.200,0.017
2024-06-24 05:00,18.536,0,0,0,1.205,384.887,563.507,0.008
2024-06-24 06:00,20.013,0,0,0,1.200,513.094,716.257,0.099
2024-06-24 07:00,21.109,0.005,0,0,1.197,626.227,850.793,0.560
2024-06-24 08:00,21.922,0.005,0,0,1.195,711.879,958.161,0.888
2024-06-24 09:00,22.613,0.001,0,0,1.193,755.613,1030.898,0.945
2024-06-24 10:00,23.211,0.002,0,0,1.192,652.528,1063.905,0.940
2024-06-24 11:00,23.076,0.002,0,0,1.191,589.202,1055.375,0.863
2024-06-24 12:00,22.856,0.001,0,0,1.191,526.259,1005.520,0.598
2024-06-24 13:00,23.173,0.002,0,0,1.191,495.213,917.940,0.457
2024-06-24 14:00,23.264,0.002,0,0,1.191,381.432,798.436,0.361
2024-06-24 15:00,23.098,0.001,0,0,1.192,365.210,655.221,0.268
2024-06-24 16:00,22.816,0,0,0,1.194,259.441,498.007,0.167
2024-06-24 17:00,21.653,0,0,0,1.197,172.419,337.551,0.075
2024-06-24 18:00,19.055,0,0,0,1.203,92.026,184.898,0.015
2024-06-24 19:00,16.869,0,0,0,1.211,18.002,50.776,0.012
2024-06-24 20:00,15.788,0.001,0,0,1.218,0.001,0.004,0.009
2024-06-24 21:00,14.952,0.003,0,0,1.223,0,0,0.009
2024-06-24 22:00,14.389,0.003,0,0,1.226,0,0,0.015
2024-06-24 23:00,14.044,0.006,0,0,1.227,0,0,0.018
2024-06-25 00:00,13.718,0.012,0,0,1.227,0,0,0.122
2024-06-25 01:00,13.520,0.014,0,0,1.227,1.540,6.301,0.212
2024-06-25 02:00,14.183,0.017,0,0,1.227,43.389,102.424,0.213
2024-06-25 03:00,15.224,0.007,0,0,1.225,136.398,245.599,0.147
2024-06-25 04:00,16.505,0,0,0,1.221,256.247,402.751,0.055
2024-06-25 05:00,18.451,0,0,0,1.213,385.812,563.155,0.003
2024-06-25 06:00,20.315,0,0,0,1.206,513.772,715.757,0.001
2024-06-25 07:00,21.593,0,0,0,1.201,629.040,850.373,0
2024-06-25 08:00,22.422,0,0,0,1.198,722.260,957.675,0
2024-06-25 09:00,23.020,0,0,0,1.196,786.172,1030.398,0
2024-06-25 10:00,23.450,0,0,0,1.193,816.156,1063.730,0.001
2024-06-25 11:00,23.631,0,0,0,1.192,809.708,1054.903,0.006
2024-06-25 12:00,23.591,0,0,0,1.191,766.612,1005.100,0.022
2024-06-25 13:00,23.337,0,0,0,1.191,686.837,917.448,0.135
2024-06-25 14:00,22.828,0,0,0,1.192,566.440,797.936,0.345
2024-06-25 15:00,22.100,0,0,0,1.193,406.224,654.721,0.397
2024-06-25 16:00,21.297,0,0,0,1.195,299.868,497.507,0.293
2024-06-25 17:00,20.281,0,0,0,1.198,195.212,337.051,0.126
2024-06-25 18:00,19.035,0,0,0,1.201,95.765,184.339,0.024
2024-06-25 19:00,17.668,0,0,0,1.205,18.634,50.265,0.001
2024-06-25 20:00,16.801,0,0,0,1.209,0.001,0.003,0
2024-06-25 21:00,16.250,0,0,0,1.212,0,0,0
2024-06-25 22:00,15.781,0,0,0,1.214,0,0,0.001
2024-06-25 23:00,15.502,0,0,0,1.216,0,0,0.001
2024-06-26 00:00,15.173,0.004,0,0,1.217,0,0,0.001
2024-06-26 01:00,14.943,0.017,0,0,1.217,1.432,6.105,0.014
2024-06-26 02:00,15.502,0.017,0,0,1.216,42.464,101.830,0.032
2024-06-26 03:00,16.571,0.005,0,0,1.214,134.225,245.037,0.006
2024-06-26 04:00,17.860,0,0,0,1.209,255.798,402.200,0
2024-06-26 05:00,19.439,0,0,0,1.203,387.482,562.655,0
2024-06-26 06:00,20.845,0,0,0,1.197,517.279,715.257,0
2024-06-26 07:00,21.992,0,0,0,1.193,633.860,849.873,0
2024-06-26 08:00,22.894,0,0,0,1.189,728.026,957.175,0
2024-06-26 09:00,23.637,0,0,0,1.187,793.431,1029.898,0
2024-06-26 10:00,24.246,0,0,0,1.184,822.287,1063.230,0
2024-06-26 11:00,24.691,0,0,0,1.182,814.164,1054.403,0
2024-06-26 12:00,24.980,0,0,0,1.180,767.706,1004.600,0
2024-06-26 13:00,25.115,0,0,0,1.179,690.889,916.948,0
2024-06-26 14:00,25.081,0,0,0,1.178,587.280,797.436,0
2024-06-26 15:00,24.952,0,0,0,1.178,464.928,654.073,0.023
2024-06-26 16:00,24.566,0,0,0,1.178,326.105,496.882,0.034
2024-06-26 17:00,23.535,0,0,0,1.180,205.778,336.426,0.001
2024-06-26 18:00,21.550,0,0,0,1.184,94.348,183.673,0
2024-06-26 19:00,19.694,0,0,0,1.190,17.908,49.638,0
2024-06-26 20:00,18.595,0,0,0,1.195,0,0.002,0
2024-06-26 21:00,17.961,0,0,0,1.200,0,0,0
2024-06-26 22:00,17.083,0.002,0,0,1.204,0,0,0.001
2024-06-26 23:00,16.294,0.009,0,0,1.207,0,0,0.004
2024-06-27 00:00,15.785,0.010,0,0,1.209,0,0,0.002
2024-06-27 01:00,15.394,0.011,0,0,1.210,1.398,5.860,0.001
2024-06-27 02:00,15.803,0.012,0,0,1.211,43.186,101.110,0
2024-06-27 03:00,16.819,0.004,0,0,1.211,136.792,244.344,0
2024-06-27 04:00,17.933,0,0,0,1.208,257.370,401.501,0
2024-06-27 05:00,20.006,0,0,0,1.201,388.620,561.927,0
2024-06-27 06:00,21.827,0,0,0,1.194,517.642,714.587,0
2024-06-27 07:00,22.900,0,0,0,1.189,633.347,849.271,0
2024-06-27 08:00,23.776,0,0,0,1.186,726.614,956.661,0
2024-06-27 09:00,24.349,0,0,0,1.184,790.701,1029.398,0
2024-06-27 10:00,24.822,0,0,0,1.181,819.425,1062.702,0
2024-06-27 11:00,25.102,0,0,0,1.179,811.596,1053.875,0
2024-06-27 12:00,25.178,0,0,0,1.178,765.850,1004.006,0
2024-06-27 13:00,25.051,0,0,0,1.177,688.099,916.292,0
2024-06-27 14:00,24.734,0,0,0,1.177,582.853,796.694,0
2024-06-27 15:00,24.162,0,0,0,1.178,458.683,653.471,0
2024-06-27 16:00,23.330,0,0,0,1.180,326.170,496.139,0
2024-06-27 17:00,22.207,0,0,0,1.183,197.591,335.672,0.002
2024-06-27 18:00,20.737,0,0,0,1.187,87.920,182.898,0.002
2024-06-27 19:00,19.226,0,0,0,1.191,16.083,48.876,0.003
2024-06-27 20:00,18.476,0,0,0,1.194,0,0.001,0.016
2024-06-27 21:00,18.259,0,0,0,1.197,0,0,0.059
2024-06-27 22:00,17.925,0,0,0,1.198,0,0,0.052
2024-06-27 23:00,17.533,0,0,0,1.200,0,0,0.095
2024-06-28 00:00,17.266,0,0,0,1.201,0,0,0.094
2024-06-28 01:00,16.867,0,0,0,1.201,1.285,5.588,0.181
2024-06-28 02:00,17.184,0,0,0,1.201,39.437,100.235,0.280
2024-06-28 03:00,18.220,0,0,0,1.198,125.649,243.474,0.514
2024-06-28 04:00,19.355,0,0,0,1.194,233.851,400.740,0.710
2024-06-28 05:00,20.848,0,0,0,1.188,356.287,561.177,0.687
2024-06-28 06:00,22.397,0,0,0,1.181,489.016,713.986,0.466
2024-06-28 07:00,23.624,0.004,0,0,1.176,611.936,848.543,0.227
2024-06-28 08:00,24.513,0.016,0,0,1.172,697.060,955.925,0.266
2024-06-28 09:00,24.813,0.039,0,0,1.170,663.867,1028.586,0.771
2024-06-28 10:00,24.353,0.053,0,0,1.170,465.929,1061.890,0.940
2024-06-28 11:00,23.341,0.039,0,0,1.173,287.756,1053.360,0.943
2024-06-28 12:00,22.876,0.071,0,0,1.174,272.847,1003.350,0.939
2024-06-28 13:00,22.395,0.295,0,0,1.175,220.248,915.690,0.941
2024-06-28 14:00,21.915,0.429,0,0,1.176,201.147,795.944,0.908
2024-06-28 15:00,21.516,0.770,0,0,1.177,176.814,652.721,0.861
2024-06-28 16:00,20.759,1.351,0,0,1.180,113.982,495.382,0.880
2024-06-28 17:00,19.850,1.405,0,0,1.184,42.856,334.797,0.884
2024-06-28 18:00,19.245,1.530,0,0,1.186,18.447,181.960,0.911
2024-06-28 19:00,18.879,1.623,0,0,1.187,2.934,47.984,0.933
2024-06-28 20:00,18.696,1.096,0,0,1.187,0,0,0.951
2024-06-28 21:00,18.475,0.465,0,0,1.189,0,0,0.951
2024-06-28 22:00,18.118,0.147,0,0,1.191,0,0,0.915
2024-06-28 23:00,17.504,0.017,0,0,1.195,0,0,0.860
2024-06-29 00:00,16.709,0.014,0,0,1.200,0,0,0.677
2024-06-29 01:00,15.922,0.018,0,0,1.205,1.199,5.274,0.231
2024-06-29 02:00,15.410,0.020,0,0,1.208,41.478,99.234,0.021
2024-06-29 03:00,15.311,0.012,0,0,1.211,134.359,242.531,0.024
2024-06-29 04:00,15.406,0.004,0,0,1.212,253.405,399.751,0.024
2024-06-29 05:00,16.137,0.002,0,0,1.211,383.920,560.257,0.021
2024-06-29 06:00,16.972,0.001,0,0,1.210,514.643,713.087,0.017
2024-06-29 07:00,17.732,0.001,0,0,1.208,634.207,847.771,0.013
2024-06-29 08:00,18.419,0,0,0,1.206,730.253,955.175,0.010
2024-06-29 09:00,19.102,0,0,0,1.204,799.392,1027.912,0.007
2024-06-29 10:00,19.696,0,0,0,1.201,828.532,1061.230,0.006
2024-06-29 11:00,20.123,0,0,0,1.199,819.313,1052.403,0.255
2024-06-29 12:00,20.290,0,0,0,1.198,742.665,1002.600,0.894
2024-06-29 13:00,20.003,0,0,0,1.198,533.196,914.792,0.933
2024-06-29 14:00,19.531,0,0,0,1.199,373.926,795.186,0.959
2024-06-29 15:00,19.091,0,0,0,1.200,289.381,651.801,0.937
2024-06-29 16:00,18.508,0,0,0,1.201,185.207,494.382,0.935
2024-06-29 17:00,17.979,0,0,0,1.203,138.010,333.790,0.872
2024-06-29 18:00,17.241,0,0,0,1.205,75.686,180.861,0.725
2024-06-29 19:00,16.038,0,0,0,1.208,15.049,46.992,0.501
2024-06-29 20:00,15.084,0,0,0,1.211,0,0,0.513
2024-06-29 21:00,14.637,0,0,0,1.213,0,0,0.685
2024-06-29 22:00,14.245,0,0,0,1.214,0,0,0.372
2024-06-29 23:00,13.763,0,0,0,1.216,0,0,0.435
2024-06-30 00:00,13.313,0,0,0,1.216,0,0,0.932
2024-06-30 01:00,13.385,0,0,0,1.217,0.996,4.920,0.935
2024-06-30 02:00,13.884,0,0,0,1.218,27.221,98.079,0.935
2024-06-30 03:00,14.700,0,0,0,1.217,72.099,241.408,0.937
2024-06-30 04:00,15.325,0,0,0,1.215,98.799,398.751,0.956
2024-06-30 05:00,16.004,0,0,0,1.213,136.284,559.257,0.974
2024-06-30 06:00,17.151,0,0,0,1.208,234.488,712.087,0.976
2024-06-30 07:00,18.004,0,0,0,1.204,295.714,846.873,0.972
2024-06-30 08:00,18.669,0.002,0,0,1.201,360.164,954.263,0.948
2024-06-30 09:00,18.992,0.025,0,0,1.199,354.150,1027.086,0.953
2024-06-30 10:00,18.505,0.309,0,0,1.199,238.447,1060.390,0.951
2024-06-30 11:00,17.708,1.562,0,0,1.201,209.243,1051.860,0.954
2024-06-30 12:00,16.840,2.534,0,0,1.205,213.825,1001.756,0.965
2024-06-30 13:00,16.068,3.189,0,0,1.208,182.684,913.948,0.968
2024-06-30 14:00,15.445,3.884,0,0,1.210,169.309,794.194,0.955
2024-06-30 15:00,14.872,3.793,0,0,1.210,115.622,650.801,0.938
2024-06-30 16:00,14.377,3.808,0,0,1.210,61.788,493.268,0.970
2024-06-30 17:00,14.055,3.225,0,0,1.210,31.905,332.665,0.969
2024-06-30 18:00,13.985,2.153,0,0,1.209,15.056,179.651,0.968
2024-06-30 19:00,14.185,1.281,0,0,1.206,2.941,45.875,0.961
2024-06-30 20:00,14.373,0.753,0,0,1.203,0,0,0.929
2024-06-30 21:00,14.472,0.488,0,0,1.202,0,0,0.786
2024-06-30 22:00,14.416,0.302,0,0,1.202,0,0,0.677
2024-06-30 23:00,14.261,0.187,0,0,1.203,0,0,0.606
2024-07-01 00:00,14.047,0.132,0,0,1.203,0,0,0.587
2024-07-01 01:00,13.844,0.123,0,0,1.204,0.548,4.552,0.700
2024-07-01 02:00,13.758,0.112,0,0,1.206,21.276,96.796,0.726
2024-07-01 03:00,13.837,0.071,0,0,1.206,66.898,240.162,0.797
2024-07-01 04:00,14.112,0.033,0,0,1.206,131.562,397.501,0.817
2024-07-01 05:00,14.764,0.011,0,0,1.205,265.898,558.177,0.779
2024-07-01 06:00,16.063,0.004,0,0,1.201,449.984,711.087,0.343
2024-07-01 07:00,17.455,0.003,0,0,1.197,597.783,845.873,0.510
2024-07-01 08:00,18.443,0.002,0,0,1.193,675.808,953.411,0.718
2024-07-01 09:00,19.207,0.004,0,0,1.189,712.335,1026.086,0.730
2024-07-01 10:00,19.816,0.006,0,0,1.186,714.349,1059.405,0.808
2024-07-01 11:00,20.205,0.009,0,0,1.184,693.690,1050.860,0.819
2024-07-01 12:00,20.250,0.011,0,0,1.183,609.773,1000.756,0.620
2024-07-01 13:00,20.157,0.003,0,0,1.183,560.175,912.948,0.337
2024-07-01 14:00,20.020,0.005,0,0,1.183,510.786,793.186,0.304
2024-07-01 15:00,19.499,0.004,0,0,1.184,339.077,649.573,0.397
2024-07-01 16:00,19.070,0.002,0,0,1.185,236.991,492.132,0.414
2024-07-01 17:00,18.606,0.003,0,0,1.186,179.965,331.415,0.176
2024-07-01 18:00,17.779,0.001,0,0,1.188,86.663,178.298,0.032
2024-07-01 19:00,16.629,0,0,0,1.191,15.161,44.658,0.030
2024-07-01 20:00,15.655,0,0,0,1.195,0,0,0.028
2024-07-01 21:00,15.381,0,0,0,1.198,0,0,0.025
2024-07-01 22:00,14.896,0,0,0,1.202,0,0,0.028
2024-07-01 23:00,14.422,0.001,0,0,1.204,0,0,0.070
2024-07-02 00:00,13.992,0.007,0,0,1.206,0,0,0.207
2024-07-02 01:00,13.615,0.010,0,0,1.207,0.921,4.148,0.255
2024-07-02 02:00,13.610,0.009,0,0,1.208,37.050,95.360,0.241
2024-07-02 03:00,14.109,0.003,0,0,1.208,125.076,238.807,0.153
2024-07-02 04:00,14.946,0.002,0,0,1.206,243.480,396.251,0.142
2024-07-02 05:00,15.869,0.003,0,0,1.203,373.844,556.927,0.157
2024-07-02 06:00,16.775,0.003,0,0,1.200,501.007,709.993,0.331
2024-07-02 07:00,17.572,0.003,0,0,1.197,601.901,844.793,0.491
2024-07-02 08:00,18.314,0.007,0,0,1.195,691.464,952.263,0.367
2024-07-02 09:00,19.084,0.008,0,0,1.191,762.216,1025.234,0.204
2024-07-02 10:00,19.624,0.005,0,0,1.188,743.467,1058.405,0.388
2024-07-02 11:00,19.792,0.013,0,0,1.186,628.262,1049.860,0.593
2024-07-02 12:00,19.998,0.018,0,0,1.184,578.676,999.756,0.743
2024-07-02 13:00,19.978,0.034,0,0,1.183,497.158,911.940,0.735
2024-07-02 14:00,19.818,0.036,0,0,1.183,425.024,792.024,0.755
2024-07-02 15:00,19.300,0.028,0,0,1.183,270.990,648.471,0.762
2024-07-02 16:00,18.904,0.070,0,0,1.184,183.847,490.808,0.734
2024-07-02 17:00,18.478,0.044,0,0,1.185,123.001,329.966,0.735
2024-07-02 18:00,17.512,0.028,0,0,1.186,50.930,176.835,0.726
2024-07-02 19:00,16.626,0.084,0,0,1.188,7.349,43.337,0.695
2024-07-02 20:00,16.184,0.068,0,0,1.189,0,0,0.684
2024-07-02 21:00,16.087,0.081,0,0,1.190,0,0,0.666
2024-07-02 22:00,16.118,0.183,0,0,1.190,0,0,0.606
2024-07-02 23:00,16.122,0.223,0,0,1.190,0,0,0.597
2024-07-03 00:00,16.076,0.322,0,0,1.190,0,0,0.660
2024-07-03 01:00,15.943,0.492,0,0,1.190,0.474,3.738,0.717
2024-07-03 02:00,15.866,0.507,0,0,1.191,23.751,93.776,0.781
2024-07-03 03:00,16.067,0.583,0,0,1.191,79.885,237.344,0.745
2024-07-03 04:00,16.927,0.777,0,0,1.191,149.854,394.868,0.694
2024-07-03 05:00,17.415,1.017,0,0,1.191,165.933,555.655,0.761
2024-07-03 06:00,17.301,1.018,0,0,1.190,154.372,708.743,0.803
2024-07-03 07:00,17.643,1.014,0,0,1.190,200.060,843.623,0.822
2024-07-03 08:00,17.948,0.838,0,0,1.190,249.881,951.255,0.920
2024-07-03 09:00,17.594,0.627,0,0,1.190,257.131,1024.220,0.951
2024-07-03 10:00,17.516,0.410,0,0,1.190,329.755,1057.405,0.784
2024-07-03 11:00,17.797,0.284,0,0,1.189,390.677,1048.860,0.626
2024-07-03 12:00,18.066,0.324,0,0,1.188,401.289,998.607,0.605
2024-07-03 13:00,17.928,0.375,0,0,1.187,304.033,910.698,0.604
2024-07-03 14:00,18.379,0.419,0,0,1.187,335.814,790.774,0.516
2024-07-03 15:00,18.294,0.374,0,0,1.187,294.991,647.059,0.376
2024-07-03 16:00,17.991,0.295,0,0,1.187,245.338,489.382,0.312
2024-07-03 17:00,17.418,0.201,0,0,1.189,145.514,328.426,0.325
2024-07-03 18:00,16.743,0.157,0,0,1.191,64.278,175.216,0.277
2024-07-03 19:00,15.965,0.200,0,0,1.192,10.616,41.921,0.237
2024-07-03 20:00,15.507,0.182,0,0,1.194,0,0,0.249
2024-07-03 21:00,15.273,0.175,0,0,1.196,0,0,0.291
2024-07-03 22:00,15.076,0.140,0,0,1.198,0,0,0.302
2024-07-03 23:00,14.785,0.096,0,0,1.200,0,0,0.253
2024-07-04 00:00,14.379,0.056,0,0,1.202,0,0,0.170
2024-07-04 01:00,13.842,0.040,0,0,1.204,0.620,3.312,0.089
2024-07-04 02:00,13.683,0.034,0,0,1.205,35.753,92.087,0.083
2024-07-04 03:00,14.132,0.036,0,0,1.206,122.265,235.682,0.201
2024-07-04 04:00,14.541,0.025,0,0,1.205,226.758,393.290,0.473
2024-07-04 05:00,15.070,0.009,0,0,1.204,341.909,554.163,0.290
2024-07-04 06:00,16.068,0.005,0,0,1.202,481.053,707.337,0.182
2024-07-04 07:00,16.849,0.003,0,0,1.200,587.934,842.373,0.337
2024-07-04 08:00,17.314,0.003,0,0,1.199,668.630,950.005,0.484
2024-07-04 09:00,17.668,0.005,0,0,1.197,725.624,1022.912,0.521
2024-07-04 10:00,17.885,0.007,0,0,1.196,716.747,1056.230,0.652
2024-07-04 11:00,17.753,0.017,0,0,1.196,615.112,1047.403,0.901
2024-07-04 12:00,17.275,0.066,0,0,1.196,477.970,997.506,0.973
2024-07-04 13:00,16.574,0.159,0,0,1.198,363.969,909.448,0.981
2024-07-04 14:00,15.607,0.290,0,0,1.200,206.136,789.444,0.989
2024-07-04 15:00,14.803,0.287,0,0,1.203,128.969,645.573,0.988
2024-07-04 16:00,14.369,0.190,0,0,1.204,114.440,487.882,0.740
2024-07-04 17:00,14.339,0.141,0,0,1.203,139.785,326.801,0.223
2024-07-04 18:00,14.135,0.160,0,0,1.203,70.322,173.466,0.169
2024-07-04 19:00,13.759,0.233,0,0,1.203,10.998,40.413,0.220
2024-07-04 20:00,13.489,0.459,0,0,1.204,0,0,0.418
2024-07-04 21:00,13.234,0.749,0,0,1.205,0,0,0.600
2024-07-04 22:00,12.852,0.852,0,0,1.207,0,0,0.780
2024-07-04 23:00,12.499,0.541,0,0,1.209,0,0,0.694
2024-07-05 00:00,12.084,0.090,0,0,1.211,0,0,0.346
2024-07-05 01:00,11.574,0.030,0,0,1.214,0.493,2.879,0.103
2024-07-05 02:00,11.178,0.021,0,0,1.217,36.425,90.243,0.081
2024-07-05 03:00,11.148,0.010,0,0,1.219,126.404,233.928,0.050
2024-07-05 04:00,11.566,0.004,0,0,1.219,251.803,391.626,0.036
2024-07-05 05:00,12.557,0.005,0,0,1.216,382.356,552.655,0.045
2024-07-05 06:00,13.845,0.007,0,0,1.212,507.513,705.837,0.074
2024-07-05 07:00,14.854,0.004,0,0,1.208,610.384,841.021,0.112
2024-07-05 08:00,15.601,0.005,0,0,1.205,683.060,948.755,0.125
2024-07-05 09:00,16.132,0.012,0,0,1.203,728.300,1021.742,0.129
2024-07-05 10:00,16.488,0.024,0,0,1.202,744.734,1054.905,0.133
2024-07-05 11:00,16.739,0.041,0,0,1.200,724.923,1046.360,0.158
2024-07-05 12:00,16.911,0.067,0,0,1.198,659.014,996.107,0.265
2024-07-05 13:00,16.877,0.080,0,0,1.197,531.132,908.049,0.573
2024-07-05 14:00,16.503,0.112,0,0,1.197,359.336,788.024,0.926
2024-07-05 15:00,15.758,0.143,0,0,1.199,191.804,644.073,0.932
2024-07-05 16:00,15.017,0.185,0,0,1.201,122.268,486.257,0.811
2024-07-05 17:00,14.461,0.185,0,0,1.203,96.254,325.051,0.532
2024-07-05 18:00,13.914,0.170,0,0,1.205,57.403,171.591,0.503
2024-07-05 19:00,13.242,0.100,0,0,1.207,9.450,38.830,0.532
2024-07-05 20:00,12.531,0.037,0,0,1.210,0,0,0.640
2024-07-05 21:00,12.243,0.042,0,0,1.212,0,0,0.482
2024-07-05 22:00,12.102,0.071,0,0,1.212,0,0,0.475
2024-07-05 23:00,12.010,0.173,0,0,1.213,0,0,0.761
2024-07-06 00:00,11.844,0.343,0,0,1.214,0,0,0.921
2024-07-06 01:00,11.588,0.399,0,0,1.215,0.123,2.458,0.920
2024-07-06 02:00,11.471,0.261,0,0,1.216,9.857,88.245,0.842
2024-07-06 03:00,11.608,0.115,0,0,1.216,51.690,232.053,0.435
2024-07-06 04:00,12.068,0.090,0,0,1.216,197.014,389.868,0.149
2024-07-06 05:00,12.879,0.053,0,0,1.214,342.583,551.007,0.095
2024-07-06 06:00,14.098,0.019,0,0,1.211,495.182,704.337,0.038
2024-07-06 07:00,15.332,0.023,0,0,1.207,613.224,839.529,0.092
2024-07-06 08:00,16.189,0.028,0,0,1.204,697.860,947.263,0.372
2024-07-06 09:00,16.898,0.022,0,0,1.201,739.909,1020.242,0.755
2024-07-06 10:00,17.348,0.013,0,0,1.199,643.394,1053.730,0.980
2024-07-06 11:00,17.379,0.006,0,0,1.198,492.091,1044.875,0.975
2024-07-06 12:00,17.314,0.003,0,0,1.197,423.665,994.836,0.894
2024-07-06 13:00,17.549,0.002,0,0,1.196,462.665,906.698,0.784
2024-07-06 14:00,17.542,0.026,0,0,1.195,384.067,786.524,0.938
2024-07-06 15:00,16.791,0.534,0,0,1.197,198.451,642.551,0.985
2024-07-06 16:00,15.448,1.435,0,0,1.201,74.910,484.433,0.995
2024-07-06 17:00,14.778,0.787,0,0,1.203,36.186,323.169,0.991
2024-07-06 18:00,14.781,0.090,0,0,1.202,19.602,169.550,0.985
2024-07-06 19:00,14.880,0.048,0,0,1.201,3.577,37.174,0.983
2024-07-06 20:00,14.834,0.044,0,0,1.200,0,0,0.981
2024-07-06 21:00,14.865,0.015,0,0,1.199,0,0,0.979
2024-07-06 22:00,15.049,0.067,0,0,1.197,0,0,0.973
2024-07-06 23:00,15.190,0.743,0,0,1.195,0,0,0.970
2024-07-07 00:00,15.245,3.141,0,0,1.194,0,0,0.975
2024-07-07 01:00,15.144,5.751,0,0,1.193,0.035,2.044,0.980
2024-07-07 02:00,15.117,2.286,0,0,1.192,6.501,86.130,0.982
2024-07-07 03:00,15.298,0.343,0,0,1.191,28.410,230.033,0.947
2024-07-07 04:00,15.758,0.082,0,0,1.191,151.700,387.993,0.794
2024-07-07 05:00,15.827,0.023,0,0,1.193,325.782,549.163,0.433
2024-07-07 06:00,15.487,0.017,0,0,1.199,502.175,702.587,0.215
2024-07-07 07:00,15.824,0.025,0,0,1.199,607.268,837.873,0.157
2024-07-07 08:00,16.458,0.018,0,0,1.198,693.389,945.763,0.076
2024-07-07 09:00,17.094,0.015,0,0,1.196,759.744,1018.992,0.038
2024-07-07 10:00,17.751,0.015,0,0,1.194,787.745,1052.230,0.039
2024-07-07 11:00,18.326,0.011,0,0,1.192,779.696,1043.563,0.035
2024-07-07 12:00,18.736,0.006,0,0,1.191,741.908,993.357,0.040
2024-07-07 13:00,18.845,0.005,0,0,1.190,663.114,905.198,0.040
2024-07-07 14:00,18.700,0.003,0,0,1.191,558.526,784.936,0.039
2024-07-07 15:00,18.404,0.002,0,0,1.193,440.315,640.801,0.036
2024-07-07 16:00,17.943,0.001,0,0,1.195,312.432,482.558,0.035
2024-07-07 17:00,17.292,0.001,0,0,1.198,187.807,321.169,0.034
2024-07-07 18:00,16.476,0.001,0,0,1.202,81.082,167.425,0.030
2024-07-07 19:00,15.611,0,0,0,1.207,11.745,35.451,0.026
2024-07-07 20:00,14.919,0,0,0,1.211,0,0,0.135
2024-07-07 21:00,14.421,0,0,0,1.215,0,0,0.176
2024-07-07 22:00,14.022,0,0,0,1.218,0,0,0.077
2024-07-07 23:00,13.624,0,0,0,1.221,0,0,0.022
2024-07-08 00:00,13.185,0,0,0,1.223,0,0,0.342
2024-07-08 01:00,12.859,0,0,0,1.225,0.345,1.645,0.831
2024-07-08 02:00,12.889,0,0,0,1.227,20.358,83.878,0.941
2024-07-08 03:00,13.171,0,0,0,1.227,65.799,227.905,0.796
2024-07-08 04:00,13.863,0,0,0,1.225,199.604,385.993,0.222
2024-07-08 05:00,14.828,0,0,0,1.223,373.146,547.257,0.048
2024-07-08 06:00,15.772,0,0,0,1.220,506.394,700.837,0.130
2024-07-08 07:00,16.596,0,0,0,1.217,585.185,836.359,0.539
2024-07-08 08:00,16.956,0,0,0,1.215,514.385,944.255,0.874
2024-07-08 09:00,17.110,0,0,0,1.214,486.010,1017.478,0.819
2024-07-08 10:00,17.585,0.001,0,0,1.213,570.691,1050.730,0.732
2024-07-08 11:00,18.197,0.008,0,0,1.210,650.219,1042.063,0.621
2024-07-08 12:00,18.439,0.033,0,0,1.209,600.745,991.836,0.469
2024-07-08 13:00,18.208,0.079,0,0,1.208,490.328,903.528,0.582
2024-07-08 14:00,17.479,0.141,0,0,1.210,312.175,783.194,0.874
2024-07-08 15:00,16.582,0.236,0,0,1.213,175.794,638.823,0.964
2024-07-08 16:00,15.696,0.286,0,0,1.216,100.056,480.558,0.958
2024-07-08 17:00,15.073,0.180,0,0,1.218,56.710,318.970,0.942
2024-07-08 18:00,14.700,0.097,0,0,1.220,25.291,165.173,0.907
2024-07-08 19:00,14.387,0.086,0,0,1.221,4.017,33.674,0.852
2024-07-08 20:00,14.174,0.059,0,0,1.222,0,0,0.685
2024-07-08 21:00,13.934,0.053,0,0,1.223,0,0,0.429
2024-07-08 22:00,13.446,0.042,0,0,1.226,0,0,0.298
2024-07-08 23:00,13.188,0.035,0,0,1.227,0,0,0.201
2024-07-09 00:00,12.937,0.030,0,0,1.228,0,0,0.108
2024-07-09 01:00,12.712,0.034,0,0,1.229,0.223,1.275,0.087
2024-07-09 02:00,12.769,0.040,0,0,1.231,30.071,81.493,0.067
2024-07-09 03:00,13.176,0.030,0,0,1.231,117.423,225.616,0.035
2024-07-09 04:00,13.717,0.009,0,0,1.231,239.233,383.794,0.018
2024-07-09 05:00,14.496,0.003,0,0,1.230,375.307,545.257,0.011
2024-07-09 06:00,15.663,0.002,0,0,1.226,506.180,699.087,0.006
2024-07-09 07:00,16.701,0.001,0,0,1.223,622.737,834.609,0.006
2024-07-09 08:00,17.561,0.001,0,0,1.220,717.372,942.513,0.007
2024-07-09 09:00,18.374,0.001,0,0,1.217,782.877,1015.822,0.014
2024-07-09 10:00,19.116,0.001,0,0,1.214,810.944,1049.230,0.106
2024-07-09 11:00,19.670,0.001,0,0,1.211,798.373,1040.375,0.393
2024-07-09 12:00,19.991,0.002,0,0,1.209,732.685,990.107,0.383
2024-07-09 13:00,20.085,0.002,0,0,1.208,626.310,901.792,0.476
2024-07-09 14:00,19.877,0.002,0,0,1.207,466.694,781.274,0.364
2024-07-09 15:00,19.727,0.001,0,0,1.207,386.589,636.903,0.271
2024-07-09 16:00,19.276,0,0,0,1.207,249.774,478.436,0.263
2024-07-09 17:00,18.484,0,0,0,1.209,165.815,316.720,0.638
2024-07-09 18:00,16.985,0,0,0,1.211,66.220,162.738,0.941
2024-07-09 19:00,15.887,0,0,0,1.214,7.580,31.846,0.954
2024-07-09 20:00,15.468,0,0,0,1.218,0,0,0.946
2024-07-09 21:00,14.995,0,0,0,1.222,0,0,0.830
2024-07-09 22:00,14.047,0,0,0,1.226,0,0,0.277
2024-07-09 23:00,13.290,0,0,0,1.229,0,0,0.238
2024-07-10 00:00,12.838,0,0,0,1.231,0,0,0.313
2024-07-10 01:00,12.515,0.003,0,0,1.233,0.182,0.939,0.617
2024-07-10 02:00,12.901,0.003,0,0,1.234,23.931,78.973,0.685
2024-07-10 03:00,14.006,0,0,0,1.234,95.644,223.237,0.500
2024-07-10 04:00,15.000,0,0,0,1.231,185.602,381.544,0.523
2024-07-10 05:00,16.254,0,0,0,1.226,280.932,543.243,0.665
2024-07-10 06:00,17.284,0.001,0,0,1.222,362.399,697.087,0.804
2024-07-10 07:00,17.881,0.002,0,0,1.219,415.512,832.623,0.945
2024-07-10 08:00,18.133,0.005,0,0,1.218,417.231,940.763,0.947
2024-07-10 09:00,18.136,0.020,0,0,1.217,399.579,1014.079,0.948
2024-07-10 10:00,18.003,0.019,0,0,1.217,358.587,1047.405,0.954
2024-07-10 11:00,17.852,0.008,0,0,1.216,315.707,1038.875,0.948
2024-07-10 12:00,17.853,0.003,0,0,1.215,299.175,988.357,0.913
2024-07-10 13:00,17.989,0.008,0,0,1.213,300.523,900.028,0.842
2024-07-10 14:00,18.265,0.016,0,0,1.210,300.494,779.444,0.763
2024-07-10 15:00,18.421,0.021,0,0,1.208,274.952,634.809,0.778
2024-07-10 16:00,18.374,0.066,0,0,1.206,217.088,476.261,0.834
2024-07-10 17:00,17.869,0.135,0,0,1.206,116.118,314.345,0.933
2024-07-10 18:00,17.442,0.076,0,0,1.206,36.977,160.237,0.936
2024-07-10 19:00,17.271,0.026,0,0,1.206,4.823,29.983,0.943
2024-07-10 20:00,17.023,0.037,0,0,1.207,0,0,0.939
2024-07-10 21:00,16.753,0.152,0,0,1.207,0,0,0.951
2024-07-10 22:00,16.718,0.849,0,0,1.207,0,0,0.968
2024-07-10 23:00,16.810,2.251,0,0,1.205,0,0,0.973
2024-07-11 00:00,16.928,2.244,0,0,1.204,0,0,0.972
2024-07-11 01:00,16.953,1.420,0,0,1.202,0.004,0.648,0.968
2024-07-11 02:00,16.878,1.383,0,0,1.202,4.692,76.316,0.965
2024-07-11 03:00,16.956,0.923,0,0,1.203,20.545,220.737,0.957
2024-07-11 04:00,17.158,0.318,0,0,1.202,49.554,379.169,0.940
2024-07-11 05:00,17.789,0.155,0,0,1.201,104.308,540.993,0.942
2024-07-11 06:00,18.599,0.129,0,0,1.198,146.386,695.073,0.946
2024-07-11 07:00,18.674,0.080,0,0,1.197,189.278,830.779,0.944
2024-07-11 08:00,18.578,0.104,0,0,1.197,217.118,939.013,0.933
2024-07-11 09:00,18.726,0.078,0,0,1.197,257.215,1012.329,0.936
2024-07-11 10:00,19.144,0.011,0,0,1.197,324.753,1045.905,0.955
2024-07-11 11:00,19.846,0.003,0,0,1.195,409.912,1037.063,0.962
2024-07-11 12:00,20.095,0.003,0,0,1.193,354.714,986.607,0.960
2024-07-11 13:00,20.074,0.006,0,0,1.192,271.159,898.049,0.949
2024-07-11 14:00,20.057,0.013,0,0,1.192,222.365,777.295,0.949
2024-07-11 15:00,19.973,0.015,0,0,1.191,156.129,632.653,0.968
2024-07-11 16:00,19.838,0.015,0,0,1.191,111.257,473.933,0.939
2024-07-11 17:00,19.450,0.016,0,0,1.191,81.059,311.845,0.871
2024-07-11 18:00,18.736,0.008,0,0,1.191,41.445,157.550,0.776
2024-07-11 19:00,17.873,0.012,0,0,1.192,6.186,28.091,0.589
2024-07-11 20:00,17.383,0.021,0,0,1.193,0,0,0.450
2024-07-11 21:00,17.066,0.020,0,0,1.194,0,0,0.468
2024-07-11 22:00,16.954,0.018,0,0,1.196,0,0,0.490
2024-07-11 23:00,17.079,0.020,0,0,1.198,0,0,0.540
2024-07-12 00:00,16.864,0.032,0,0,1.200,0,0,0.497
2024-07-12 01:00,16.415,0.066,0,0,1.202,0.049,0.410,0.467
2024-07-12 02:00,16.215,0.082,0,0,1.202,17.829,73.535,0.432
2024-07-12 03:00,17.084,0.102,0,0,1.202,76.879,218.053,0.335
2024-07-12 04:00,17.849,0.088,0,0,1.201,176.881,376.669,0.173
2024-07-12 05:00,19.019,0.072,0,0,1.198,316.798,538.743,0.121
2024-07-12 06:00,20.246,0.043,0,0,1.194,448.880,692.837,0.089
2024-07-12 07:00,21.288,0.052,0,0,1.191,570.195,828.630,0.071
2024-07-12 08:00,22.045,0.076,0,0,1.189,667.148,937.093,0.076
2024-07-12 09:00,22.594,0.104,0,0,1.186,725.518,1010.492,0.096
2024-07-12 10:00,22.925,0.141,0,0,1.185,730.174,1043.905,0.208
2024-07-12 11:00,23.053,0.120,0,0,1.184,670.960,1035.063,0.504
2024-07-12 12:00,23.024,0.089,0,0,1.183,556.869,984.836,0.794
2024-07-12 13:00,22.895,0.046,0,0,1.183,423.641,896.049,0.895
2024-07-12 14:00,22.960,0.043,0,0,1.183,368.942,775.274,0.852
2024-07-12 15:00,23.177,0.025,0,0,1.183,332.384,630.403,0.728
2024-07-12 16:00,23.165,0.015,0,0,1.183,209.793,471.436,0.680
2024-07-12 17:00,22.231,0.005,0,0,1.184,112.210,309.220,0.560
2024-07-12 18:00,21.141,0.001,0,0,1.186,52.325,154.763,0.385
2024-07-12 19:00,20.514,0.001,0,0,1.188,6.546,26.183,0.170
2024-07-12 20:00,19.768,0.001,0,0,1.190,0,0,0.137
2024-07-12 21:00,19.062,0.001,0,0,1.193,0,0,0.126
2024-07-12 22:00,18.406,0.001,0,0,1.195,0,0,0.098
2024-07-12 23:00,17.592,0,0,0,1.197,0,0,0.170
2024-07-13 00:00,16.467,0,0,0,1.199,0,0,0.657
2024-07-13 01:00,15.630,0.001,0,0,1.203,0.044,0.227,0.839
2024-07-13 02:00,15.702,0.001,0,0,1.207,23.943,70.612,0.513
2024-07-13 03:00,16.553,0.001,0,0,1.209,103.738,215.299,0.337
2024-07-13 04:00,17.300,0,0,0,1.207,210.130,374.118,0.716
2024-07-13 05:00,18.362,0,0,0,1.203,273.226,536.243,0.867
2024-07-13 06:00,19.012,0,0,0,1.200,297.134,690.573,0.869
2024-07-13 07:00,19.533,0.001,0,0,1.198,361.255,826.609,0.895
2024-07-13 08:00,19.955,0.005,0,0,1.196,391.829,935.013,0.913
2024-07-13 09:00,20.143,0.012,0,0,1.195,354.908,1008.579,0.938
2024-07-13 10:00,20.040,0.020,0,0,1.194,272.657,1041.905,0.956
2024-07-13 11:00,19.925,0.029,0,0,1.193,256.732,1033.375,0.948
2024-07-13 12:00,19.803,0.051,0,0,1.193,244.040,982.843,0.942
2024-07-13 13:00,19.507,0.115,0,0,1.194,202.502,894.036,0.941
2024-07-13 14:00,19.044,0.237,0,0,1.195,151.755,773.024,0.943
2024-07-13 15:00,18.462,0.444,0,0,1.196,105.646,628.059,0.943
2024-07-13 16:00,17.712,0.843,0,0,1.198,68.506,468.936,0.939
2024-07-13 17:00,16.916,1.481,0,0,1.201,37.041,306.470,0.952
2024-07-13 18:00,16.283,1.929,0,0,1.204,13.613,151.864,0.967
2024-07-13 19:00,15.881,1.556,0,0,1.205,1.365,24.264,0.948
2024-07-13 20:00,15.662,1.029,0,0,1.206,0,0,0.918
2024-07-13 21:00,15.575,0.610,0,0,1.205,0,0,0.832
2024-07-13 22:00,15.665,0.474,0,0,1.203,0,0,0.780
2024-07-13 23:00,15.763,0.565,0,0,1.201,0,0,0.796
2024-07-14 00:00,15.830,0.760,0,0,1.200,0,0,0.894
2024-07-14 01:00,16.010,0.699,0,0,1.197,0.006,0.100,0.961
2024-07-14 02:00,16.217,0.612,0,0,1.196,9.129,67.582,0.918
2024-07-14 03:00,16.444,0.438,0,0,1.195,50.587,212.387,0.735
2024-07-14 04:00,16.947,0.241,0,0,1.194,126.652,371.408,0.537
2024-07-14 05:00,17.403,0.194,0,0,1.192,208.610,533.743,0.830
2024-07-14 06:00,17.716,0.172,0,0,1.192,288.079,688.095,0.890
2024-07-14 07:00,18.056,0.140,0,0,1.192,377.016,824.359,0.871
2024-07-14 08:00,18.461,0.150,0,0,1.192,436.793,932.991,0.955
2024-07-14 09:00,18.452,0.134,0,0,1.193,378.613,1006.572,0.924
2024-07-14 10:00,18.577,0.094,0,0,1.193,450.937,1039.905,0.677
2024-07-14 11:00,19.355,0.080,0,0,1.192,599.983,1031.375,0.516
2024-07-14 12:00,19.702,0.077,0,0,1.190,521.365,980.687,0.490
2024-07-14 13:00,19.853,0.063,0,0,1.189,488.303,891.799,0.339
2024-07-14 14:00,19.805,0.056,0,0,1.190,421.045,770.774,0.307
2024-07-14 15:00,19.626,0.046,0,0,1.191,333.285,625.559,0.234
2024-07-14 16:00,19.412,0.039,0,0,1.192,270.961,466.226,0.069
2024-07-14 17:00,18.799,0.033,0,0,1.194,169.888,303.602,0.050
2024-07-14 18:00,17.783,0.022,0,0,1.197,66.747,148.825,0.053
2024-07-14 19:00,16.624,0.027,0,0,1.201,6.358,22.348,0.060
2024-07-14 20:00,15.990,0.043,0,0,1.205,0,0,0.084
2024-07-14 21:00,15.665,0.069,0,0,1.206,0,0,0.148
2024-07-14 22:00,15.507,0.104,0,0,1.207,0,0,0.143
2024-07-14 23:00,15.134,0.138,0,0,1.208,0,0,0.128
2024-07-15 00:00,14.833,0.133,0,0,1.208,0,0,0.143
2024-07-15 01:00,14.657,0.133,0,0,1.208,0.004,0.029,0.150
2024-07-15 02:00,14.775,0.149,0,0,1.209,20.148,64.465,0.189
2024-07-15 03:00,15.801,0.160,0,0,1.210,89.877,209.382,0.176
2024-07-15 04:00,16.440,0.140,0,0,1.209,195.511,368.533,0.120
2024-07-15 05:00,17.154,0.071,0,0,1.207,328.873,530.993,0.083
2024-07-15 06:00,18.182,0.015,0,0,1.205,458.412,685.674,0.055
2024-07-15 07:00,19.227,0.008,0,0,1.202,584.529,822.109,0.172
2024-07-15 08:00,19.974,0.005,0,0,1.199,672.994,930.749,0.414
2024-07-15 09:00,20.380,0.008,0,0,1.197,663.400,1004.329,0.835
2024-07-15 10:00,20.356,0.008,0,0,1.197,576.788,1037.905,0.978
2024-07-15 11:00,20.116,0.010,0,0,1.197,506.303,1029.063,0.981
2024-07-15 12:00,19.989,0.014,0,0,1.197,490.443,978.593,0.977
2024-07-15 13:00,19.564,0.019,0,0,1.198,353.413,889.549,0.988
2024-07-15 14:00,18.884,0.037,0,0,1.200,211.819,768.281,0.991
2024-07-15 15:00,18.184,0.092,0,0,1.202,135.170,622.910,0.990
2024-07-15 16:00,17.514,0.170,0,0,1.204,78.130,463.436,0.990
2024-07-15 17:00,16.916,0.310,0,0,1.205,38.718,300.646,0.987
2024-07-15 18:00,16.370,0.480,0,0,1.207,14.576,145.640,0.981
2024-07-15 19:00,15.996,0.513,0,0,1.209,1.440,20.446,0.909
2024-07-15 20:00,15.724,0.323,0,0,1.209,0,0,0.765
2024-07-15 21:00,15.491,0.080,0,0,1.210,0,0,0.420
2024-07-15 22:00,15.079,0.020,0,0,1.211,0,0,0.200
2024-07-15 23:00,14.625,0.010,0,0,1.212,0,0,0.135
2024-07-16 00:00,14.375,0.009,0,0,1.212,0,0,0.089
2024-07-16 01:00,14.164,0.011,0,0,1.213,0.001,0.006,0.055
2024-07-16 02:00,14.299,0.010,0,0,1.214,21.788,61.245,0.040
2024-07-16 03:00,15.326,0.014,0,0,1.214,104.919,206.257,0.043
2024-07-16 04:00,16.090,0.013,0,0,1.213,222.537,365.577,0.046
2024-07-16 05:00,17.415,0.002,0,0,1.209,353.211,528.243,0.045
2024-07-16 06:00,18.855,0,0,0,1.204,483.835,683.073,0.201
2024-07-16 07:00,19.884,0,0,0,1.200,585.782,819.609,0.626
2024-07-16 08:00,20.695,0,0,0,1.197,635.331,928.499,0.782
2024-07-16 09:00,21.410,0,0,0,1.194,699.151,1002.159,0.683
2024-07-16 10:00,22.081,0,0,0,1.191,752.493,1035.905,0.633
2024-07-16 11:00,22.303,0,0,0,1.190,664.710,1027.035,0.885
2024-07-16 12:00,21.690,0,0,0,1.189,383.994,976.343,0.961
2024-07-16 13:00,21.110,0,0,0,1.191,235.929,887.286,0.973
2024-07-16 14:00,20.616,0.003,0,0,1.193,177.633,765.781,0.974
2024-07-16 15:00,20.054,0.054,0,0,1.195,118.976,620.309,0.970
2024-07-16 16:00,19.093,0.159,0,0,1.197,72.856,460.561,0.968
2024-07-16 17:00,17.884,0.291,0,0,1.200,43.585,297.595,0.966
2024-07-16 18:00,17.029,0.527,0,0,1.203,20.757,142.351,0.961
2024-07-16 19:00,16.472,1.098,0,0,1.205,1.303,18.563,0.977
2024-07-16 20:00,16.117,2.663,0,0,1.207,0,0,0.967
2024-07-16 21:00,16.017,5.331,0,0,1.207,0,0,0.972
2024-07-16 22:00,16.196,8.280,0,0,1.204,0,0,0.984
2024-07-16 23:00,16.462,11.256,0,0,1.201,0,0,0.990
2024-07-17 00:00,16.668,11.623,0,0,1.199,0,0,0.978
2024-07-17 01:00,16.717,7.988,0,0,1.197,0,0.002,0.898
2024-07-17 02:00,16.809,2.581,0,0,1.195,6.868,57.989,0.707
2024-07-17 03:00,16.982,0.671,0,0,1.195,55.543,203.003,0.437
2024-07-17 04:00,17.327,0.210,0,0,1.194,146.611,362.533,0.310
2024-07-17 05:00,18.071,0.082,0,0,1.192,291.297,525.344,0.199
2024-07-17 06:00,19.018,0.045,0,0,1.189,433.073,680.424,0.117
2024-07-17 07:00,20.147,0.069,0,0,1.186,552.446,817.109,0.121
2024-07-17 08:00,20.970,0.071,0,0,1.183,622.715,926.093,0.189
2024-07-17 09:00,21.372,0.069,0,0,1.182,636.404,999.829,0.290
2024-07-17 10:00,21.419,0.095,0,0,1.182,636.291,1033.405,0.384
2024-07-17 11:00,21.157,0.089,0,0,1.183,564.917,1024.726,0.393
2024-07-17 12:00,20.922,0.081,0,0,1.184,518.970,973.945,0.376
2024-07-17 13:00,20.755,0.070,0,0,1.185,476.675,884.786,0.319
2024-07-17 14:00,20.545,0.063,0,0,1.186,424.805,763.274,0.285
2024-07-17 15:00,20.228,0.074,0,0,1.187,341.688,617.410,0.132
2024-07-17 16:00,19.841,0.059,0,0,1.188,263.432,457.561,0.146
2024-07-17 17:00,19.190,0.054,0,0,1.191,142.227,294.349,0.221
2024-07-17 18:00,18.369,0.042,0,0,1.194,49.176,138.952,0.298
2024-07-17 19:00,17.622,0.026,0,0,1.198,3.817,16.712,0.380
2024-07-17 20:00,17.116,0.037,0,0,1.201,0,0,0.622
2024-07-17 21:00,16.733,0.077,0,0,1.203,0,0,0.662
2024-07-17 22:00,16.418,0.059,0,0,1.204,0,0,0.295
2024-07-17 23:00,16.127,0.060,0,0,1.206,0,0,0.236
2024-07-18 00:00,15.876,0.061,0,0,1.207,0,0,0.669
2024-07-18 01:00,15.687,0.065,0,0,1.208,0,0,0.822
2024-07-18 02:00,15.623,0.085,0,0,1.208,12.664,54.708,0.897
2024-07-18 03:00,15.738,0.108,0,0,1.208,51.939,199.628,0.923
2024-07-18 04:00,15.947,0.090,0,0,1.208,98.904,359.327,0.814
2024-07-18 05:00,16.484,0.071,0,0,1.206,243.704,522.493,0.357
2024-07-18 06:00,17.314,0.053,0,0,1.204,395.002,677.674,0.189
2024-07-18 07:00,18.234,0.100,0,0,1.200,505.261,814.460,0.369
2024-07-18 08:00,18.774,0.140,0,0,1.197,501.714,923.593,0.846
2024-07-18 09:00,19.109,0.135,0,0,1.196,447.496,997.579,0.970
2024-07-18 10:00,19.328,0.139,0,0,1.195,400.358,1031.377,0.914
2024-07-18 11:00,19.834,0.146,0,0,1.193,469.370,1022.386,0.586
2024-07-18 12:00,20.318,0.142,0,0,1.191,517.957,971.593,0.420
2024-07-18 13:00,20.378,0.134,0,0,1.190,447.215,882.286,0.401
2024-07-18 14:00,20.211,0.098,0,0,1.191,385.650,760.531,0.385
2024-07-18 15:00,19.913,0.072,0,0,1.192,301.896,614.646,0.311
2024-07-18 16:00,19.551,0.044,0,0,1.193,234.218,454.480,0.232
2024-07-18 17:00,19.109,0.018,0,0,1.195,136.232,291.021,0.222
2024-07-18 18:00,18.515,0.012,0,0,1.198,51.801,135.415,0.171
2024-07-18 19:00,17.880,0.008,0,0,1.201,3.723,14.906,0.170
2024-07-18 20:00,17.379,0.005,0,0,1.204,0,0,0.177
2024-07-18 21:00,16.941,0.002,0,0,1.207,0,0,0.137
2024-07-18 22:00,16.452,0.001,0,0,1.210,0,0,0.094
2024-07-18 23:00,16.080,0.004,0,0,1.212,0,0,0.060
2024-07-19 00:00,15.757,0.005,0,0,1.213,0,0,0.026
2024-07-19 01:00,15.416,0.005,0,0,1.215,0,0,0.012
2024-07-19 02:00,15.156,0.006,0,0,1.217,18.406,51.433,0.012
2024-07-19 03:00,15.447,0.003,0,0,1.218,100.151,196.128,0.011
2024-07-19 04:00,16.106,0,0,0,1.217,217.597,356.077,0.008
2024-07-19 05:00,16.877,0,0,0,1.214,348.060,519.323,0.007
2024-07-19 06:00,17.753,0,0,0,1.212,477.133,674.823,0.013
2024-07-19 07:00,18.681,0,0,0,1.208,593.763,811.859,0.045
2024-07-19 08:00,19.609,0,0,0,1.204,687.653,921.079,0.006
2024-07-19 09:00,20.450,0,0,0,1.200,749.905,995.079,0.008
2024-07-19 10:00,21.175,0,0,0,1.196,779.172,1028.905,0.019
2024-07-19 11:00,21.741,0,0,0,1.193,763.443,1020.035,0.043
2024-07-19 12:00,22.096,0,0,0,1.190,706.807,968.945,0.239
2024-07-19 13:00,22.102,0,0,0,1.189,552.878,879.629,0.603
2024-07-19 14:00,21.957,0.001,0,0,1.188,419.182,757.633,0.929
2024-07-19 15:00,21.640,0,0,0,1.187,277.155,611.646,0.949
2024-07-19 16:00,21.261,0,0,0,1.187,192.021,451.230,0.688
2024-07-19 17:00,20.746,0,0,0,1.188,132.261,287.599,0.335
2024-07-19 18:00,19.530,0,0,0,1.189,53.241,131.775,0.173
2024-07-19 19:00,18.301,0.002,0,0,1.191,3.403,13.148,0.122
2024-07-19 20:00,17.875,0.003,0,0,1.194,0,0,0.056
2024-07-19 21:00,17.394,0.010,0,0,1.197,0,0,0.030
2024-07-19 22:00,17.025,0.016,0,0,1.200,0,0,0.023
2024-07-19 23:00,16.683,0.027,0,0,1.203,0,0,0.011
2024-07-20 00:00,16.305,0.023,0,0,1.204,0,0,0.005
2024-07-20 01:00,15.964,0.017,0,0,1.205,0,0,0.006
2024-07-20 02:00,15.868,0.011,0,0,1.207,16.942,48.150,0.004
2024-07-20 03:00,16.672,0.009,0,0,1.208,97.826,192.503,0.012
2024-07-20 04:00,17.343,0.001,0,0,1.207,214.643,352.691,0.018
2024-07-20 05:00,18.474,0,0,0,1.203,345.408,516.084,0.061
2024-07-20 06:00,19.534,0,0,0,1.199,474.423,671.823,0.068
2024-07-20 07:00,20.470,0,0,0,1.195,590.939,808.960,0.023
2024-07-20 08:00,21.419,0,0,0,1.191,684.744,918.350,0.019
2024-07-20 09:00,22.219,0.001,0,0,1.188,746.530,992.565,0.019
2024-07-20 10:00,22.758,0.015,0,0,1.185,764.109,1026.243,0.049
2024-07-20 11:00,22.974,0.037,0,0,1.184,723.253,1017.306,0.139
2024-07-20 12:00,22.784,0.062,0,0,1.183,603.966,966.445,0.424
2024-07-20 13:00,22.156,0.124,0,0,1.184,419.116,876.887,0.441
2024-07-20 14:00,21.866,0.143,0,0,1.186,407.790,754.781,0.322
2024-07-20 15:00,21.419,0.148,0,0,1.187,324.603,608.410,0.211
2024-07-20 16:00,20.894,0.105,0,0,1.189,259.085,447.906,0.057
2024-07-20 17:00,20.227,0.072,0,0,1.191,153.478,284.021,0.035
2024-07-20 18:00,18.993,0.029,0,0,1.193,54.400,127.978,0.027
2024-07-20 19:00,17.518,0.003,0,0,1.195,2.934,11.461,0.018
2024-07-20 20:00,16.777,0.001,0,0,1.198,0,0,0.009
2024-07-20 21:00,16.237,0.001,0,0,1.201,0,0,0.005
2024-07-20 22:00,15.683,0.010,0,0,1.204,0,0,0.005
2024-07-20 23:00,15.212,0.019,0,0,1.207,0,0,0.016
2024-07-21 00:00,14.833,0.022,0,0,1.208,0,0,0.042
2024-07-21 01:00,14.478,0.026,0,0,1.210,0,0,0.067
2024-07-21 02:00,14.335,0.028,0,0,1.211,15.783,44.896,0.088
2024-07-21 03:00,15.403,0.028,0,0,1.212,94.672,188.775,0.100
2024-07-21 04:00,16.221,0.025,0,0,1.211,210.193,349.151,0.208
2024-07-21 05:00,17.216,0.008,0,0,1.208,333.574,512.834,0.299
2024-07-21 06:00,18.549,0.001,0,0,1.204,464.767,668.674,0.196
2024-07-21 07:00,20.037,0,0,0,1.198,580.279,806.189,0.102
2024-07-21 08:00,21.473,0.001,0,0,1.192,675.779,915.600,0.029
2024-07-21 09:00,22.554,0.002,0,0,1.188,738.420,989.909,0.020
2024-07-21 10:00,23.084,0.004,0,0,1.186,754.849,1023.743,0.037
2024-07-21 11:00,23.287,0.017,0,0,1.185,738.785,1014.806,0.078
2024-07-21 12:00,23.151,0.014,0,0,1.184,666.244,963.695,0.109
2024-07-21 13:00,22.849,0.016,0,0,1.184,578.329,874.123,0.312
2024-07-21 14:00,22.266,0.015,0,0,1.186,442.458,751.781,0.329
2024-07-21 15:00,21.707,0.016,0,0,1.187,355.935,605.248,0.264
2024-07-21 16:00,21.109,0.003,0,0,1.189,255.828,444.480,0.179
2024-07-21 17:00,20.186,0.004,0,0,1.191,149.891,280.396,0.112
2024-07-21 18:00,18.774,0.001,0,0,1.195,51.481,124.103,0.095
2024-07-21 19:00,17.192,0,0,0,1.199,2.439,9.851,0.070
2024-07-21 20:00,16.470,0,0,0,1.203,0,0,0.112
2024-07-21 21:00,15.922,0.012,0,0,1.206,0,0,0.364
2024-07-21 22:00,15.703,0.019,0,0,1.207,0,0,0.834
2024-07-21 23:00,15.440,0.022,0,0,1.208,0,0,0.895
2024-07-22 00:00,15.128,0.027,0,0,1.208,0,0,0.892
2024-07-22 01:00,14.944,0.034,0,0,1.209,0,0,0.907
2024-07-22 02:00,14.921,0.038,0,0,1.209,11.452,41.670,0.907
2024-07-22 03:00,15.846,0.026,0,0,1.209,62.537,184.900,0.907
2024-07-22 04:00,16.715,0.024,0,0,1.208,133.428,345.566,0.904
2024-07-22 05:00,17.359,0.021,0,0,1.206,218.383,509.459,0.926
2024-07-22 06:00,18.223,0.011,0,0,1.204,323.429,665.573,0.927
2024-07-22 07:00,19.321,0.003,0,0,1.200,425.626,803.196,0.919
2024-07-22 08:00,20.327,0.002,0,0,1.196,532.316,912.829,0.872
2024-07-22 09:00,21.228,0.001,0,0,1.193,639.654,987.159,0.861
2024-07-22 10:00,21.886,0.001,0,0,1.190,694.083,1020.905,0.865
2024-07-22 11:00,22.279,0.001,0,0,1.188,703.155,1012.056,0.880
2024-07-22 12:00,22.330,0.001,0,0,1.187,636.722,960.945,0.938
2024-07-22 13:00,22.080,0.001,0,0,1.186,515.627,871.137,0.940
2024-07-22 14:00,21.635,0.002,0,0,1.187,383.212,748.633,0.934
2024-07-22 15:00,20.997,0.001,0,0,1.189,252.022,601.910,0.926
2024-07-22 16:00,20.223,0,0,0,1.191,149.704,440.980,0.907
2024-07-22 17:00,19.432,0,0,0,1.194,81.750,276.639,0.886
2024-07-22 18:00,18.470,0,0,0,1.196,30.262,120.083,0.796
2024-07-22 19:00,17.408,0.006,0,0,1.198,1.588,8.323,0.866
2024-07-22 20:00,17.008,0.011,0,0,1.199,0,0,0.912
2024-07-22 21:00,16.705,0.012,0,0,1.200,0,0,0.951
2024-07-22 22:00,16.493,0.014,0,0,1.201,0,0,0.949
2024-07-22 23:00,16.339,0.028,0,0,1.202,0,0,0.953
2024-07-23 00:00,16.269,0.070,0,0,1.202,0,0,0.962
2024-07-23 01:00,16.387,0.272,0,0,1.203,0,0,0.955
2024-07-23 02:00,16.679,0.631,0,0,1.203,3.934,38.481,0.953
2024-07-23 03:00,17.076,0.958,0,0,1.203,23.519,180.963,0.951
2024-07-23 04:00,17.456,1.340,0,0,1.202,50.114,341.816,0.951
2024-07-23 05:00,17.887,1.616,0,0,1.202,78.749,505.952,0.961
2024-07-23 06:00,18.526,1.842,0,0,1.201,107.226,662.174,0.970
2024-07-23 07:00,19.381,1.773,0,0,1.200,146.403,800.040,0.965
2024-07-23 08:00,20.392,1.272,0,0,1.198,189.522,909.930,0.933
2024-07-23 09:00,21.363,0.717,0,0,1.195,221.873,984.409,0.867
2024-07-23 10:00,22.178,0.352,0,0,1.193,266.160,1018.243,0.799
2024-07-23 11:00,22.152,0.221,0,0,1.190,305.433,1009.306,0.701
2024-07-23 12:00,21.209,0.075,0,0,1.190,316.315,958.181,0.587
2024-07-23 13:00,21.349,0.048,0,0,1.190,324.785,868.137,0.517
2024-07-23 14:00,21.894,0.050,0,0,1.189,319.041,745.611,0.443
2024-07-23 15:00,21.926,0.020,0,0,1.187,283.954,598.646,0.328
2024-07-23 16:00,22.130,0.010,0,0,1.186,222.384,437.281,0.229
2024-07-23 17:00,21.424,0.002,0,0,1.186,124.196,272.689,0.163
2024-07-23 18:00,19.926,0.001,0,0,1.187,43.766,115.958,0.101
2024-07-23 19:00,18.350,0.001,0,0,1.189,1.540,6.892,0.148
2024-07-23 20:00,17.736,0,0,0,1.191,0,0,0.420
2024-07-23 21:00,17.487,0.001,0,0,1.193,0,0,0.690
2024-07-23 22:00,17.111,0.001,0,0,1.196,0,0,0.777
2024-07-23 23:00,16.701,0.001,0,0,1.198,0,0,0.862
2024-07-24 00:00,16.248,0.001,0,0,1.200,0,0,0.935
2024-07-24 01:00,15.858,0.003,0,0,1.202,0,0,0.936
2024-07-24 02:00,15.659,0.009,0,0,1.203,10.624,35.355,0.898
2024-07-24 03:00,16.623,0.009,0,0,1.204,77.710,176.858,0.864
2024-07-24 04:00,17.593,0.003,0,0,1.203,186.306,337.945,0.894
2024-07-24 05:00,18.860,0.001,0,0,1.199,309.921,502.327,0.917
2024-07-24 06:00,20.025,0.001,0,0,1.195,428.870,658.910,0.935
2024-07-24 07:00,20.845,0.003,0,0,1.193,525.766,796.946,0.935
2024-07-24 08:00,21.457,0.007,0,0,1.191,594.890,906.916,0.938
2024-07-24 09:00,22.024,0.009,0,0,1.189,624.680,981.417,0.943
2024-07-24 10:00,22.560,0.015,0,0,1.186,628.233,1015.471,0.947
2024-07-24 11:00,22.942,0.016,0,0,1.184,612.217,1006.394,0.951
2024-07-24 12:00,22.835,0.026,0,0,1.183,485.340,955.181,0.953
2024-07-24 13:00,22.629,0.035,0,0,1.183,395.144,865.123,0.956
2024-07-24 14:00,23.242,0.043,0,0,1.182,323.703,742.281,0.954
2024-07-24 15:00,22.586,0.038,0,0,1.183,223.100,595.146,0.901
2024-07-24 16:00,21.706,0.016,0,0,1.184,194.649,433.531,0.761
2024-07-24 17:00,20.641,0.009,0,0,1.187,121.876,268.689,0.742
2024-07-24 18:00,19.081,0.006,0,0,1.189,39.383,111.709,0.691
2024-07-24 19:00,17.760,0.003,0,0,1.192,1.239,5.571,0.665
2024-07-24 20:00,17.239,0.002,0,0,1.194,0,0,0.751
2024-07-24 21:00,16.956,0.002,0,0,1.196,0,0,0.837
2024-07-24 22:00,16.688,0.002,0,0,1.198,0,0,0.769
2024-07-24 23:00,16.362,0.002,0,0,1.199,0,0,0.576
2024-07-25 00:00,16.099,0.007,0,0,1.200,0,0,0.402
2024-07-25 01:00,15.979,0.012,0,0,1.201,0,0,0.441
2024-07-25 02:00,15.895,0.012,0,0,1.202,9.644,32.285,0.615
2024-07-25 03:00,16.465,0.014,0,0,1.202,71.619,172.670,0.645
2024-07-25 04:00,17.640,0.035,0,0,1.202,169.647,333.992,0.642
2024-07-25 05:00,18.429,0.041,0,0,1.199,260.747,498.702,0.667
2024-07-25 06:00,19.193,0.038,0,0,1.197,378.373,655.410,0.524
2024-07-25 07:00,20.025,0.063,0,0,1.194,512.526,793.696,0.413
2024-07-25 08:00,20.685,0.105,0,0,1.192,606.350,903.836,0.239
2024-07-25 09:00,21.202,0.122,0,0,1.190,672.871,978.417,0.182
2024-07-25 10:00,21.544,0.108,0,0,1.188,668.714,1012.493,0.216
2024-07-25 11:00,21.775,0.071,0,0,1.187,637.533,1003.542,0.264
2024-07-25 12:00,21.966,0.042,0,0,1.185,598.234,952.181,0.224
2024-07-25 13:00,22.047,0.016,0,0,1.184,549.620,861.887,0.329
2024-07-25 14:00,21.836,0.011,0,0,1.184,425.548,738.883,0.306
2024-07-25 15:00,21.591,0.005,0,0,1.184,341.912,591.498,0.255
2024-07-25 16:00,21.172,0.001,0,0,1.184,235.612,429.660,0.200
2024-07-25 17:00,20.373,0.001,0,0,1.186,130.439,264.568,0.175
2024-07-25 18:00,18.826,0,0,0,1.187,40.716,107.347,0.127
2024-07-25 19:00,17.667,0,0,0,1.190,0.918,4.368,0.079
2024-07-25 20:00,17.226,0,0,0,1.192,0,0,0.066
2024-07-25 21:00,16.909,0,0,0,1.195,0,0,0.032
2024-07-25 22:00,16.504,0,0,0,1.198,0,0,0.022
2024-07-25 23:00,15.961,0,0,0,1.201,0,0,0.011
2024-07-26 00:00,15.387,0.005,0,0,1.204,0,0,0.031
2024-07-26 01:00,14.937,0.010,0,0,1.205,0,0,0.239
2024-07-26 02:00,14.712,0.010,0,0,1.206,9.281,29.287,0.675
2024-07-26 03:00,15.715,0.004,0,0,1.207,77.188,168.378,0.802
2024-07-26 04:00,16.994,0.001,0,0,1.206,188.797,329.945,0.728
2024-07-26 05:00,18.379,0,0,0,1.201,319.331,494.827,0.702
2024-07-26 06:00,19.557,0,0,0,1.198,445.729,651.910,0.814
2024-07-26 07:00,20.465,0,0,0,1.195,559.011,790.276,0.833
2024-07-26 08:00,21.242,0,0,0,1.192,651.749,900.666,0.813
2024-07-26 09:00,21.933,0.001,0,0,1.189,715.538,975.417,0.844
2024-07-26 10:00,22.449,0.002,0,0,1.186,730.558,1009.479,0.877
2024-07-26 11:00,22.721,0.002,0,0,1.185,706.267,1000.394,0.919
2024-07-26 12:00,22.636,0.002,0,0,1.184,604.448,949.032,0.951
2024-07-26 13:00,22.167,0.004,0,0,1.184,428.128,858.637,0.953
2024-07-26 14:00,21.465,0.002,0,0,1.185,264.557,735.383,0.962
2024-07-26 15:00,20.786,0.003,0,0,1.187,165.916,587.748,0.972
2024-07-26 16:00,20.233,0.006,0,0,1.189,112.186,425.781,0.971
2024-07-26 17:00,19.675,0.005,0,0,1.190,68.113,260.399,0.958
2024-07-26 18:00,19.022,0.006,0,0,1.192,24.180,102.889,0.950
2024-07-26 19:00,18.454,0.007,0,0,1.194,0.521,3.293,0.970
2024-07-26 20:00,18.145,0.010,0,0,1.195,0,0,0.961
2024-07-26 21:00,17.742,0.012,0,0,1.197,0,0,0.963
2024-07-26 22:00,17.423,0.013,0,0,1.199,0,0,0.966
2024-07-26 23:00,17.174,0.032,0,0,1.200,0,0,0.973
2024-07-27 00:00,17.032,0.070,0,0,1.201,0,0,0.976
2024-07-27 01:00,16.631,0.081,0,0,1.201,0,0,0.973
2024-07-27 02:00,16.439,0.028,0,0,1.202,2.496,26.381,0.912
2024-07-27 03:00,16.919,0.009,0,0,1.202,39.588,163.979,0.776
2024-07-27 04:00,17.534,0.015,0,0,1.202,122.381,325.742,0.545
2024-07-27 05:00,18.058,0.002,0,0,1.201,224.119,490.952,0.589
2024-07-27 06:00,18.618,0.004,0,0,1.200,303.045,648.160,0.824
2024-07-27 07:00,18.894,0.016,0,0,1.199,296.157,786.784,0.968
2024-07-27 08:00,19.086,0.102,0,0,1.198,319.105,897.416,0.931
2024-07-27 09:00,19.533,0.237,0,0,1.197,430.111,972.247,0.834
2024-07-27 10:00,20.152,0.349,0,0,1.195,554.787,1006.323,0.599
2024-07-27 11:00,20.299,0.454,0,0,1.193,488.518,997.394,0.446
2024-07-27 12:00,20.520,0.480,0,0,1.191,474.068,945.782,0.401
2024-07-27 13:00,20.746,0.417,0,0,1.189,427.434,855.224,0.279
2024-07-27 14:00,21.029,0.226,0,0,1.187,416.649,731.869,0.272
2024-07-27 15:00,20.842,0.079,0,0,1.187,302.131,583.998,0.279
2024-07-27 16:00,20.285,0.022,0,0,1.188,217.916,421.660,0.214
2024-07-27 17:00,19.281,0.010,0,0,1.191,126.354,256.048,0.067
2024-07-27 18:00,17.666,0.003,0,0,1.194,40.052,98.298,0.276
2024-07-27 19:00,16.592,0.001,0,0,1.198,0.498,2.358,0.367
2024-07-27 20:00,16.075,0,0,0,1.202,0,0,0.022
2024-07-27 21:00,15.522,0,0,0,1.205,0,0,0.003
2024-07-27 22:00,15.179,0,0,0,1.207,0,0,0.004
2024-07-27 23:00,14.889,0.002,0,0,1.209,0,0,0.005
2024-07-28 00:00,14.563,0.002,0,0,1.210,0,0,0.005
2024-07-28 01:00,14.193,0.002,0,0,1.211,0,0,0.005
2024-07-28 02:00,13.973,0.005,0,0,1.212,7.328,23.571,0.004
2024-07-28 03:00,14.948,0.010,0,0,1.213,77.586,159.439,0.011
2024-07-28 04:00,15.890,0.003,0,0,1.212,192.144,321.485,0.498
2024-07-28 05:00,16.587,0,0,0,1.210,227.055,486.952,0.897
2024-07-28 06:00,17.178,0,0,0,1.208,296.325,644.410,0.925
2024-07-28 07:00,17.747,0,0,0,1.207,349.892,783.276,0.936
2024-07-28 08:00,18.337,0.002,0,0,1.204,394.796,893.916,0.937
2024-07-28 09:00,19.296,0.009,0,0,1.201,534.001,968.997,0.925
2024-07-28 10:00,20.314,0.030,0,0,1.197,659.614,1003.080,0.923
2024-07-28 11:00,20.456,0.046,0,0,1.195,460.434,994.144,0.934
2024-07-28 12:00,20.375,0.050,0,0,1.192,358.082,942.532,0.957
2024-07-28 13:00,20.178,0.090,0,0,1.192,257.724,851.724,0.963
2024-07-28 14:00,19.926,0.164,0,0,1.192,206.431,728.220,0.957
2024-07-28 15:00,19.496,0.233,0,0,1.192,151.568,580.005,0.959
2024-07-28 16:00,18.939,0.253,0,0,1.194,94.925,417.535,0.950
2024-07-28 17:00,18.417,0.285,0,0,1.197,57.275,251.614,0.892
2024-07-28 18:00,17.719,0.308,0,0,1.200,21.750,93.620,0.844
2024-07-28 19:00,16.972,0.246,0,0,1.204,0.231,1.570,0.827
2024-07-28 20:00,16.450,0.084,0,0,1.207,0,0,0.676
2024-07-28 21:00,15.960,0.012,0,0,1.210,0,0,0.418
2024-07-28 22:00,15.484,0.003,0,0,1.212,0,0,0.176
2024-07-28 23:00,15.316,0.002,0,0,1.213,0,0,0.234
2024-07-29 00:00,15.181,0.002,0,0,1.215,0,0,0.266
2024-07-29 01:00,15.101,0.002,0,0,1.216,0,0,0.278
2024-07-29 02:00,14.870,0.002,0,0,1.218,4.861,20.869,0.303
2024-07-29 03:00,14.768,0.001,0,0,1.219,60.315,154.814,0.275
2024-07-29 04:00,15.093,0,0,0,1.219,163.990,317.110,0.158
2024-07-29 05:00,15.788,0,0,0,1.218,295.459,482.827,0.063
2024-07-29 06:00,16.772,0,0,0,1.214,441.129,640.660,0.030
2024-07-29 07:00,17.756,0,0,0,1.211,553.902,779.696,0.032
2024-07-29 08:00,18.572,0,0,0,1.208,646.641,890.518,0.089
2024-07-29 09:00,19.245,0,0,0,1.205,671.101,965.653,0.128
2024-07-29 10:00,19.944,0,0,0,1.202,713.199,999.830,0.130
2024-07-29 11:00,20.471,0,0,0,1.199,701.111,990.880,0.185
2024-07-29 12:00,20.653,0,0,0,1.198,607.962,939.032,0.262
2024-07-29 13:00,20.690,0,0,0,1.197,517.000,848.224,0.410
2024-07-29 14:00,20.574,0.001,0,0,1.196,407.398,724.470,0.386
2024-07-29 15:00,20.300,0.001,0,0,1.196,304.961,576.005,0.437
2024-07-29 16:00,19.857,0,0,0,1.197,203.532,413.285,0.421
2024-07-29 17:00,19.051,0,0,0,1.198,111.101,247.072,0.362
2024-07-29 18:00,17.513,0,0,0,1.200,33.639,88.809,0.354
2024-07-29 19:00,16.212,0,0,0,1.202,0.187,0.946,0.344
2024-07-29 20:00,15.720,0,0,0,1.205,0,0,0.121
2024-07-29 21:00,15.311,0,0,0,1.208,0,0,0.091
2024-07-29 22:00,14.913,0,0,0,1.211,0,0,0.309
2024-07-29 23:00,14.539,0,0,0,1.213,0,0,0.321
2024-07-30 00:00,14.222,0.005,0,0,1.216,0,0,0.038
2024-07-30 01:00,13.904,0.006,0,0,1.217,0,0,0.003
2024-07-30 02:00,13.624,0.006,0,0,1.219,5.458,18.279,0.003
2024-07-30 03:00,14.488,0.006,0,0,1.220,71.502,150.064,0.001
2024-07-30 04:00,15.410,0.001,0,0,1.219,185.618,312.654,0.001
2024-07-30 05:00,16.870,0,0,0,1.214,317.265,478.620,0.001
2024-07-30 06:00,18.608,0,0,0,1.207,449.001,636.660,0.001
2024-07-30 07:00,19.741,0,0,0,1.202,568.137,776.026,0.001
2024-07-30 08:00,20.679,0,0,0,1.198,664.440,887.004,0
2024-07-30 09:00,21.466,0,0,0,1.195,730.782,962.247,0
2024-07-30 10:00,22.063,0,0,0,1.192,760.836,996.479,0.001
2024-07-30 11:00,22.473,0,0,0,1.190,752.546,987.394,0.001
2024-07-30 12:00,22.649,0,0,0,1.188,706.641,935.620,0
2024-07-30 13:00,22.648,0,0,0,1.186,626.718,844.724,0
2024-07-30 14:00,22.471,0,0,0,1.185,519.279,720.619,0.011
2024-07-30 15:00,22.132,0,0,0,1.185,387.030,571.998,0.088
2024-07-30 16:00,21.617,0,0,0,1.185,246.750,408.910,0.134
2024-07-30 17:00,20.448,0,0,0,1.185,123.774,242.445,0.161
2024-07-30 18:00,18.857,0,0,0,1.187,31.728,83.914,0.116
2024-07-30 19:00,17.855,0,0,0,1.189,0.079,0.485,0.199
2024-07-30 20:00,17.585,0,0,0,1.192,0,0,0.179
2024-07-30 21:00,17.113,0.001,0,0,1.196,0,0,0.078
2024-07-30 22:00,16.812,0,0,0,1.199,0,0,0.067
2024-07-30 23:00,16.720,0.010,0,0,1.202,0,0,0.046
2024-07-31 00:00,16.177,0.021,0,0,1.204,0,0,0.018
2024-07-31 01:00,15.752,0.020,0,0,1.205,0,0,0.007
2024-07-31 02:00,15.513,0.020,0,0,1.205,4.357,15.827,0.033
2024-07-31 03:00,15.877,0.019,0,0,1.205,63.670,145.246,0.164
2024-07-31 04:00,16.528,0.011,0,0,1.204,145.522,308.103,0.318
2024-07-31 05:00,17.453,0.039,0,0,1.201,252.351,474.360,0.478
2024-07-31 06:00,18.549,0.081,0,0,1.197,380.587,632.498,0.353
2024-07-31 07:00,19.559,0.118,0,0,1.193,515.040,772.034,0.310
2024-07-31 08:00,20.399,0.129,0,0,1.189,601.543,883.416,0.163
2024-07-31 09:00,21.012,0.113,0,0,1.186,651.182,958.733,0.102
2024-07-31 10:00,21.419,0.092,0,0,1.184,669.324,993.059,0.117
2024-07-31 11:00,21.669,0.066,0,0,1.182,659.600,983.901,0.116
2024-07-31 12:00,21.740,0.047,0,0,1.182,620.294,932.032,0.140
2024-07-31 13:00,21.676,0.036,0,0,1.181,546.291,840.974,0.306
2024-07-31 14:00,21.251,0.068,0,0,1.182,426.009,716.720,0.131
2024-07-31 15:00,20.786,0.102,0,0,1.183,341.474,567.755,0.117
2024-07-31 16:00,20.056,0.130,0,0,1.185,220.538,404.453,0.127
2024-07-31 17:00,19.087,0.156,0,0,1.189,109.330,237.698,0.129
2024-07-31 18:00,17.929,0.155,0,0,1.192,26.071,78.915,0.129
2024-07-31 19:00,17.159,0.118,0,0,1.196,0.028,0.195,0.127
2024-07-31 20:00,16.836,0.075,0,0,1.200,0,0,0.117
2024-07-31 21:00,16.390,0.038,0,0,1.202,0,0,0.100
2024-07-31 22:00,15.974,0.023,0,0,1.204,0,0,0.076
2024-07-31 23:00,15.554,0.020,0,0,1.207,0,0,0.065
2024-08-01 00:00,15.180,0.015,0,0,1.209,0,0,0.143
2024-08-01 01:00,14.886,0.017,0,0,1.211,0,0,0.287
2024-08-01 02:00,14.491,0.022,0,0,1.214,2.819,13.510,0.341
2024-08-01 03:00,14.261,0.011,0,0,1.216,50.917,140.308,0.152
2024-08-01 04:00,14.575,0.001,0,0,1.216,167.419,303.404,0.067
2024-08-01 05:00,15.384,0,0,0,1.215,303.655,469.910,0.012
2024-08-01 06:00,16.462,0,0,0,1.211,440.600,628.490,0.006
2024-08-01 07:00,17.502,0,0,0,1.208,559.959,768.262,0.005
2024-08-01 08:00,18.446,0,0,0,1.204,656.455,879.666,0.083
2024-08-01 09:00,19.317,0,0,0,1.200,716.100,955.004,0.383
2024-08-01 10:00,20.019,0,0,0,1.197,728.614,989.410,0.483
2024-08-01 11:00,20.542,0,0,0,1.194,719.274,980.394,0.566
2024-08-01 12:00,20.793,0,0,0,1.192,645.218,928.370,0.710
2024-08-01 13:00,20.758,0,0,0,1.190,520.651,837.062,0.854
2024-08-01 14:00,20.516,0,0,0,1.190,403.317,712.720,0.896
2024-08-01 15:00,20.173,0,0,0,1.190,310.311,563.505,0.711
2024-08-01 16:00,19.639,0,0,0,1.191,223.777,399.879,0.482
2024-08-01 17:00,18.590,0,0,0,1.192,119.532,232.845,0.237
2024-08-01 18:00,16.835,0,0,0,1.194,29.499,73.841,0.106
2024-08-01 19:00,15.619,0,0,0,1.197,0.011,0.055,0.067
2024-08-01 20:00,15.269,0,0,0,1.199,0,0,0.257
2024-08-01 21:00,14.950,0,0,0,1.202,0,0,0.242
2024-08-01 22:00,14.539,0,0,0,1.206,0,0,0.120
2024-08-01 23:00,14.030,0,0,0,1.209,0,0,0.045
2024-08-02 00:00,13.569,0.001,0,0,1.211,0,0,0.069
2024-08-02 01:00,13.244,0.003,0,0,1.213,0,0,0.042
2024-08-02 02:00,13.206,0.005,0,0,1.215,3.048,11.341,0.046
2024-08-02 03:00,13.972,0.004,0,0,1.216,60.372,135.267,0.017
2024-08-02 04:00,14.828,0,0,0,1.215,171.883,298.654,0.075
2024-08-02 05:00,16.049,0,0,0,1.211,297.947,465.410,0.340
2024-08-02 06:00,17.240,0,0,0,1.207,404.981,624.240,0.475
2024-08-02 07:00,18.240,0,0,0,1.204,517.398,764.262,0.391
2024-08-02 08:00,19.132,0,0,0,1.201,633.875,875.754,0.198
2024-08-02 09:00,19.910,0,0,0,1.197,712.587,951.483,0.059
2024-08-02 10:00,20.572,0,0,0,1.194,742.609,985.830,0.063
2024-08-02 11:00,21.062,0,0,0,1.191,723.387,976.731,0.205
2024-08-02 12:00,21.256,0.001,0,0,1.189,626.013,924.620,0.315
2024-08-02 13:00,21.289,0.002,0,0,1.188,528.028,833.224,0.509
2024-08-02 14:00,20.873,0.009,0,0,1.187,325.347,708.478,0.644
2024-08-02 15:00,20.673,0.018,0,0,1.188,293.115,559.099,0.475
2024-08-02 16:00,20.253,0.018,0,0,1.188,204.702,395.207,0.428
2024-08-02 17:00,19.434,0.015,0,0,1.190,90.114,227.908,0.432
2024-08-02 18:00,18.430,0.007,0,0,1.191,18.987,68.786,0.424
2024-08-02 19:00,18.219,0.003,0,0,1.193,0.002,0.015,0.381
2024-08-02 20:00,18.136,0.002,0,0,1.194,0,0,0.303
2024-08-02 21:00,17.831,0.001,0,0,1.194,0,0,0.252
2024-08-02 22:00,17.255,0.003,0,0,1.195,0,0,0.198
2024-08-02 23:00,16.488,0.007,0,0,1.196,0,0,0.138
2024-08-03 00:00,15.636,0.004,0,0,1.198,0,0,0.104
2024-08-03 01:00,14.866,0.003,0,0,1.200,0,0,0.117
2024-08-03 02:00,14.351,0.004,0,0,1.202,2.149,9.340,0.194
2024-08-03 03:00,14.826,0.004,0,0,1.204,49.192,130.090,0.252
2024-08-03 04:00,16.050,0.004,0,0,1.205,145.574,293.772,0.531
2024-08-03 05:00,17.064,0.006,0,0,1.202,245.158,460.863,0.631
2024-08-03 06:00,18.246,0.015,0,0,1.198,373.434,619.976,0.625
2024-08-03 07:00,19.401,0.017,0,0,1.194,515.807,760.114,0.358
2024-08-03 08:00,20.343,0.035,0,0,1.190,614.613,872.004,0.127
2024-08-03 09:00,21.055,0.074,0,0,1.187,671.922,947.584,0.087
2024-08-03 10:00,21.510,0.119,0,0,1.184,685.136,982.080,0.079
2024-08-03 11:00,21.823,0.177,0,0,1.182,668.899,972.981,0.108
2024-08-03 12:00,21.984,0.208,0,0,1.181,618.793,920.870,0.159
2024-08-03 13:00,21.864,0.248,0,0,1.180,508.468,829.232,0.287
2024-08-03 14:00,21.406,0.268,0,0,1.181,370.666,704.308,0.317
2024-08-03 15:00,20.957,0.291,0,0,1.182,297.362,554.755,0.226
2024-08-03 16:00,20.538,0.240,0,0,1.183,204.391,390.457,0.184
2024-08-03 17:00,19.887,0.219,0,0,1.185,98.310,222.867,0.220
2024-08-03 18:00,18.645,0.207,0,0,1.186,19.356,63.795,0.196
2024-08-03 19:00,18.038,0.126,0,0,1.188,0,0,0.185
2024-08-03 20:00,17.715,0.106,0,0,1.189,0,0,0.185
2024-08-03 21:00,17.336,0.056,0,0,1.191,0,0,0.237
2024-08-03 22:00,16.945,0.055,0,0,1.194,0,0,0.351
2024-08-03 23:00,16.703,0.055,0,0,1.195,0,0,0.486
2024-08-04 00:00,16.514,0.060,0,0,1.197,0,0,0.662
2024-08-04 01:00,16.350,0.060,0,0,1.198,0,0,0.865
2024-08-04 02:00,16.176,0.059,0,0,1.198,1.510,7.502,0.943
2024-08-04 03:00,16.302,0.058,0,0,1.199,34.168,124.840,0.940
2024-08-04 04:00,17.007,0.093,0,0,1.199,99.413,288.772,0.909
2024-08-04 05:00,18.767,0.189,0,0,1.195,185.490,456.153,0.903
2024-08-04 06:00,21.743,0.270,0,0,1.188,269.836,615.498,0.921
2024-08-04 07:00,22.021,0.302,0,0,1.186,219.768,755.864,0.907
2024-08-04 08:00,21.942,0.421,0,0,1.186,247.358,868.004,0.882
2024-08-04 09:00,22.608,0.384,0,0,1.186,292.001,943.740,0.888
2024-08-04 10:00,22.853,0.314,0,0,1.185,294.958,978.316,0.892
2024-08-04 11:00,23.278,0.245,0,0,1.184,301.911,969.231,0.890
2024-08-04 12:00,23.253,0.235,0,0,1.183,283.274,916.870,0.873
2024-08-04 13:00,22.963,0.155,0,0,1.183,241.700,825.062,0.855
2024-08-04 14:00,22.686,0.097,0,0,1.183,207.494,699.978,0.825
2024-08-04 15:00,21.945,0.042,0,0,1.184,143.784,550.099,0.759
2024-08-04 16:00,21.481,0.015,0,0,1.185,122.566,385.629,0.565
2024-08-04 17:00,20.445,0.005,0,0,1.186,73.871,217.685,0.299
2024-08-04 18:00,18.431,0.002,0,0,1.190,18.591,58.916,0.132
2024-08-04 19:00,17.014,0.001,0,0,1.194,0,0,0.140
2024-08-04 20:00,16.174,0.002,0,0,1.198,0,0,0.193
2024-08-04 21:00,15.624,0.004,0,0,1.200,0,0,0.241
2024-08-04 22:00,15.384,0.007,0,0,1.202,0,0,0.240
2024-08-04 23:00,15.389,0.012,0,0,1.202,0,0,0.181
2024-08-05 00:00,15.496,0.015,0,0,1.203,0,0,0.099
2024-08-05 01:00,15.504,0.017,0,0,1.203,0,0,0.053
2024-08-05 02:00,15.306,0.015,0,0,1.204,1.350,5.847,0.027
2024-08-05 03:00,15.408,0.014,0,0,1.205,50.711,119.505,0.023
2024-08-05 04:00,16.746,0.015,0,0,1.205,157.329,283.694,0.023
2024-08-05 05:00,17.740,0.005,0,0,1.203,284.797,451.403,0.027
2024-08-05 06:00,18.959,0.001,0,0,1.200,411.505,610.984,0.030
2024-08-05 07:00,20.037,0.001,0,0,1.197,528.812,751.614,0.042
2024-08-05 08:00,20.952,0.003,0,0,1.194,624.406,863.833,0.040
2024-08-05 09:00,21.805,0.008,0,0,1.191,691.781,939.820,0.074
2024-08-05 10:00,22.539,0.008,0,0,1.188,720.499,974.418,0.126
2024-08-05 11:00,23.089,0.008,0,0,1.186,709.109,965.231,0.115
2024-08-05 12:00,23.381,0.006,0,0,1.184,648.971,912.870,0.101
2024-08-05 13:00,23.490,0.007,0,0,1.183,579.055,820.982,0.180
2024-08-05 14:00,23.467,0.013,0,0,1.183,417.344,695.558,0.224
2024-08-05 15:00,23.356,0.008,0,0,1.184,325.040,545.505,0.250
2024-08-05 16:00,22.992,0.001,0,0,1.184,206.103,380.633,0.194
2024-08-05 17:00,21.611,0,0,0,1.186,96.760,212.457,0.216
2024-08-05 18:00,19.751,0,0,0,1.189,18.257,54.152,0.138
2024-08-05 19:00,18.471,0,0,0,1.192,0,0,0.022
2024-08-05 20:00,17.740,0,0,0,1.196,0,0,0.028
2024-08-05 21:00,17.355,0,0,0,1.199,0,0,0.099
2024-08-05 22:00,17.167,0,0,0,1.201,0,0,0.188
2024-08-05 23:00,17.063,0,0,0,1.203,0,0,0.242
2024-08-06 00:00,16.981,0.001,0,0,1.205,0,0,0.209
2024-08-06 01:00,16.813,0.001,0,0,1.206,0,0,0.150
2024-08-06 02:00,16.589,0.001,0,0,1.208,1.039,4.382,0.133
2024-08-06 03:00,16.499,0.001,0,0,1.209,50.137,114.047,0.104
2024-08-06 04:00,17.109,0.001,0,0,1.209,159.829,278.562,0.088
2024-08-06 05:00,18.478,0.001,0,0,1.205,289.782,446.447,0.101
2024-08-06 06:00,19.947,0.001,0,0,1.201,420.512,606.328,0.109
2024-08-06 07:00,21.135,0.001,0,0,1.197,535.047,747.350,0.177
2024-08-06 08:00,22.187,0.002,0,0,1.193,624.409,859.591,0.201
2024-08-06 09:00,23.099,0.003,0,0,1.190,686.699,935.820,0.208
2024-08-06 10:00,23.836,0.004,0,0,1.187,716.970,970.418,0.149
2024-08-06 11:00,24.384,0.005,0,0,1.184,715.047,961.231,0.052
2024-08-06 12:00,24.693,0.005,0,0,1.182,673.403,908.707,0.019
2024-08-06 13:00,24.723,0.005,0,0,1.181,590.286,816.583,0.032
2024-08-06 14:00,24.458,0.005,0,0,1.181,476.897,691.058,0.123
2024-08-06 15:00,24.174,0.008,0,0,1.182,331.776,540.755,0.236
2024-08-06 16:00,23.867,0.008,0,0,1.183,181.760,375.633,0.256
2024-08-06 17:00,21.955,0.002,0,0,1.186,84.447,207.144,0.237
2024-08-06 18:00,19.599,0.002,0,0,1.190,14.771,49.532,0.190
2024-08-06 19:00,18.429,0.003,0,0,1.194,0,0,0.124
2024-08-06 20:00,17.705,0.002,0,0,1.197,0,0,0.066
2024-08-06 21:00,17.134,0.002,0,0,1.200,0,0,0.052
2024-08-06 22:00,16.663,0.003,0,0,1.201,0,0,0.149
2024-08-06 23:00,16.304,0.005,0,0,1.202,0,0,0.464
2024-08-07 00:00,16.132,0.007,0,0,1.203,0,0,0.642
2024-08-07 01:00,15.999,0.007,0,0,1.204,0,0,0.672
2024-08-07 02:00,15.864,0.005,0,0,1.204,0.664,3.113,0.628
2024-08-07 03:00,16.264,0.005,0,0,1.204,40.039,108.514,0.482
2024-08-07 04:00,17.948,0.006,0,0,1.203,141.528,273.312,0.292
2024-08-07 05:00,19.281,0.011,0,0,1.200,270.993,441.521,0.232
2024-08-07 06:00,20.543,0.007,0,0,1.196,396.403,601.578,0.375
2024-08-07 07:00,21.598,0.007,0,0,1.193,496.833,742.864,0.550
2024-08-07 08:00,22.461,0.008,0,0,1.190,573.211,855.341,0.623
2024-08-07 09:00,23.141,0.010,0,0,1.187,626.839,931.592,0.586
2024-08-07 10:00,23.625,0.008,0,0,1.185,651.502,966.396,0.500
2024-08-07 11:00,23.974,0.007,0,0,1.184,661.448,957.068,0.330
2024-08-07 12:00,24.119,0.008,0,0,1.183,641.888,904.620,0.324
2024-08-07 13:00,23.968,0.007,0,0,1.182,556.429,812.319,0.342
2024-08-07 14:00,23.610,0.006,0,0,1.183,462.496,686.558,0.227
2024-08-07 15:00,23.022,0.003,0,0,1.184,345.608,535.857,0.267
2024-08-07 16:00,22.135,0.001,0,0,1.186,217.807,370.508,0.178
2024-08-07 17:00,20.864,0,0,0,1.189,100.802,201.707,0.081
2024-08-07 18:00,19.267,0,0,0,1.193,15.487,45.073,0.042
2024-08-07 19:00,18.472,0,0,0,1.196,0,0,0.123
2024-08-07 20:00,18.201,0,0,0,1.197,0,0,0.310
2024-08-07 21:00,18.003,0,0,0,1.198,0,0,0.641
2024-08-07 22:00,17.914,0.001,0,0,1.199,0,0,0.911
2024-08-07 23:00,18.052,0.004,0,0,1.199,0,0,0.944
2024-08-08 00:00,18.119,0.013,0,0,1.199,0,0,0.954
2024-08-08 01:00,18.145,0.018,0,0,1.199,0,0,0.955
2024-08-08 02:00,18.157,0.023,0,0,1.199,0.235,2.059,0.955
2024-08-08 03:00,18.240,0.017,0,0,1.198,18.599,102.868,0.957
2024-08-08 04:00,18.630,0.014,0,0,1.198,62.409,267.937,0.960
2024-08-08 05:00,19.247,0.020,0,0,1.196,132.878,436.447,0.960
2024-08-08 06:00,20.117,0.013,0,0,1.194,236.263,596.828,0.957
2024-08-08 07:00,21.090,0.004,0,0,1.191,357.169,738.350,0.949
2024-08-08 08:00,21.910,0.003,0,0,1.188,458.590,851.083,0.921
2024-08-08 09:00,22.523,0.003,0,0,1.186,530.362,927.422,0.911
2024-08-08 10:00,22.891,0.006,0,0,1.184,547.493,962.168,0.919
2024-08-08 11:00,23.098,0.011,0,0,1.183,550.663,952.981,0.919
2024-08-08 12:00,23.007,0.021,0,0,1.182,483.514,900.370,0.919
2024-08-08 13:00,22.570,0.036,0,0,1.183,356.812,807.819,0.941
2024-08-08 14:00,21.879,0.081,0,0,1.184,228.030,681.815,0.956
2024-08-08 15:00,21.093,0.204,0,0,1.186,132.277,530.857,0.965
2024-08-08 16:00,20.345,0.347,0,0,1.188,69.847,365.298,0.972
2024-08-08 17:00,19.582,0.547,0,0,1.190,26.922,196.170,0.958
2024-08-08 18:00,18.999,0.688,0,0,1.192,3.572,40.755,0.919
2024-08-08 19:00,18.679,0.707,0,0,1.194,0,0,0.791
2024-08-08 20:00,18.404,0.480,0,0,1.195,0,0,0.707
2024-08-08 21:00,17.864,0.234,0,0,1.197,0,0,0.540
2024-08-08 22:00,17.221,0.109,0,0,1.200,0,0,0.426
2024-08-08 23:00,16.614,0.039,0,0,1.204,0,0,0.646
2024-08-09 00:00,15.825,0.023,0,0,1.206,0,0,0.810
2024-08-09 01:00,15.228,0.015,0,0,1.208,0,0,0.886
2024-08-09 02:00,14.885,0.012,0,0,1.209,0.239,1.216,0.935
2024-08-09 03:00,15.282,0.007,0,0,1.209,27.102,97.128,0.931
2024-08-09 04:00,15.990,0.011,0,0,1.209,78.159,262.479,0.926
2024-08-09 05:00,16.409,0.008,0,0,1.207,118.053,431.315,0.928
2024-08-09 06:00,16.826,0.002,0,0,1.206,166.302,592.064,0.944
2024-08-09 07:00,17.375,0,0,0,1.204,238.969,733.621,0.940
2024-08-09 08:00,18.670,0,0,0,1.200,428.964,846.591,0.683
2024-08-09 09:00,20.637,0,0,0,1.194,686.357,923.078,0.273
2024-08-09 10:00,21.520,0,0,0,1.189,700.033,957.918,0.389
2024-08-09 11:00,21.513,0.002,0,0,1.187,551.470,948.576,0.889
2024-08-09 12:00,20.654,0.003,0,0,1.187,244.446,895.957,0.976
2024-08-09 13:00,20.226,0.005,0,0,1.188,239.569,803.319,0.966
2024-08-09 14:00,20.192,0.024,0,0,1.188,329.196,677.065,0.980
2024-08-09 15:00,19.300,0.217,0,0,1.189,113.623,525.857,0.988
2024-08-09 16:00,18.174,0.669,0,0,1.191,37.762,359.926,0.981
2024-08-09 17:00,17.660,1.444,0,0,1.191,13.452,190.547,0.977
2024-08-09 18:00,17.477,2.132,0,0,1.191,1.416,36.609,0.978
2024-08-09 19:00,17.436,1.246,0,0,1.190,0,0,0.981
2024-08-09 20:00,17.453,0.339,0,0,1.189,0,0,0.970
2024-08-09 21:00,17.474,0.179,0,0,1.188,0,0,0.896
2024-08-09 22:00,17.391,0.107,0,0,1.188,0,0,0.676
2024-08-09 23:00,17.238,0.069,0,0,1.189,0,0,0.361
2024-08-10 00:00,16.895,0.056,0,0,1.191,0,0,0.383
2024-08-10 01:00,16.370,0.028,0,0,1.194,0,0,0.300
2024-08-10 02:00,15.833,0.011,0,0,1.197,0.089,0.602,0.129
2024-08-10 03:00,15.428,0.010,0,0,1.200,36.800,91.315,0.047
2024-08-10 04:00,15.619,0.008,0,0,1.201,141.797,256.939,0.026
2024-08-10 05:00,16.337,0.005,0,0,1.199,272.709,426.065,0.018
2024-08-10 06:00,17.347,0.003,0,0,1.196,405.163,587.064,0.014
2024-08-10 07:00,18.328,0.003,0,0,1.193,528.879,728.951,0.013
2024-08-10 08:00,19.194,0.011,0,0,1.190,620.731,842.091,0.024
2024-08-10 09:00,19.883,0.030,0,0,1.188,673.987,918.672,0.054
2024-08-10 10:00,20.353,0.054,0,0,1.185,675.436,953.505,0.105
2024-08-10 11:00,20.610,0.081,0,0,1.184,634.729,944.318,0.172
2024-08-10 12:00,20.653,0.104,0,0,1.183,557.540,891.457,0.338
2024-08-10 13:00,20.357,0.099,0,0,1.184,396.676,798.671,0.547
2024-08-10 14:00,19.922,0.078,0,0,1.185,249.345,672.315,0.536
2024-08-10 15:00,19.716,0.041,0,0,1.185,235.678,520.843,0.297
2024-08-10 16:00,19.366,0.042,0,0,1.187,171.078,354.551,0.283
2024-08-10 17:00,18.644,0.071,0,0,1.189,70.332,184.859,0.360
2024-08-10 18:00,17.812,0.086,0,0,1.192,7.190,32.643,0.437
2024-08-10 19:00,17.187,0.071,0,0,1.195,0,0,0.470
2024-08-10 20:00,16.721,0.076,0,0,1.197,0,0,0.503
2024-08-10 21:00,16.288,0.043,0,0,1.200,0,0,0.540
2024-08-10 22:00,15.877,0.052,0,0,1.202,0,0,0.426
2024-08-10 23:00,15.457,0.048,0,0,1.204,0,0,0.253
2024-08-11 00:00,15.087,0.018,0,0,1.205,0,0,0.148
2024-08-11 01:00,14.722,0.010,0,0,1.207,0,0,0.068
2024-08-11 02:00,14.392,0.004,0,0,1.209,0.037,0.216,0.048
2024-08-11 03:00,14.229,0.001,0,0,1.210,34.491,85.404,0.226
2024-08-11 04:00,14.659,0.001,0,0,1.210,135.803,251.330,0.394
2024-08-11 05:00,15.473,0,0,0,1.208,259.400,420.730,0.415
2024-08-11 06:00,16.506,0,0,0,1.204,376.632,582.064,0.289
2024-08-11 07:00,17.691,0,0,0,1.200,514.889,724.187,0.060
2024-08-11 08:00,18.824,0,0,0,1.196,618.785,837.421,0.026
2024-08-11 09:00,19.812,0,0,0,1.193,690.482,914.172,0.015
2024-08-11 10:00,20.617,0,0,0,1.190,724.355,949.233,0.067
2024-08-11 11:00,21.153,0.001,0,0,1.187,710.511,939.826,0.486
2024-08-11 12:00,21.084,0.001,0,0,1.187,530.805,886.957,0.749
2024-08-11 13:00,20.930,0.001,0,0,1.187,443.473,794.069,0.758
2024-08-11 14:00,20.924,0.001,0,0,1.187,423.794,667.315,0.275
2024-08-11 15:00,20.741,0.001,0,0,1.187,327.407,515.593,0.104
2024-08-11 16:00,20.205,0.002,0,0,1.188,200.161,349.055,0.173
2024-08-11 17:00,19.102,0.001,0,0,1.189,79.034,179.069,0.390
2024-08-11 18:00,18.186,0.001,0,0,1.193,7.066,28.863,0.384
2024-08-11 19:00,17.784,0.004,0,0,1.197,0,0,0.256
2024-08-11 20:00,17.092,0.011,0,0,1.201,0,0,0.184
2024-08-11 21:00,16.420,0.019,0,0,1.205,0,0,0.053
2024-08-11 22:00,15.795,0.011,0,0,1.208,0,0,0.036
2024-08-11 23:00,14.836,0.006,0,0,1.212,0,0,0.024
2024-08-12 00:00,14.186,0.003,0,0,1.215,0,0,0.016
2024-08-12 01:00,13.386,0.003,0,0,1.218,0,0,0.020
2024-08-12 02:00,12.933,0.008,0,0,1.221,0.006,0.035,0.035
2024-08-12 03:00,12.814,0.005,0,0,1.224,35.333,79.446,0.037
2024-08-12 04:00,13.259,0,0,0,1.224,144.794,245.605,0.033
2024-08-12 05:00,14.177,0,0,0,1.222,277.221,415.315,0.015
2024-08-12 06:00,15.323,0,0,0,1.218,408.850,576.814,0.021
2024-08-12 07:00,16.548,0,0,0,1.213,527.673,719.201,0.010
2024-08-12 08:00,17.682,0,0,0,1.208,618.553,832.827,0.016
2024-08-12 09:00,18.649,0,0,0,1.204,678.567,909.658,0.032
2024-08-12 10:00,19.397,0,0,0,1.200,685.557,944.733,0.135
2024-08-12 11:00,19.855,0.003,0,0,1.198,617.814,935.326,0.161
2024-08-12 12:00,20.356,0.006,0,0,1.196,627.609,882.295,0.090
2024-08-12 13:00,20.615,0.011,0,0,1.194,554.713,789.171,0.172
2024-08-12 14:00,20.434,0.014,0,0,1.193,383.405,662.395,0.322
2024-08-12 15:00,20.055,0.013,0,0,1.193,251.915,510.309,0.248
2024-08-12 16:00,19.598,0.003,0,0,1.195,177.573,343.477,0.175
2024-08-12 17:00,18.715,0.001,0,0,1.197,77.446,173.194,0.135
2024-08-12 18:00,17.255,0,0,0,1.200,7.772,25.278,0.061
2024-08-12 19:00,16.042,0,0,0,1.204,0,0,0.035
2024-08-12 20:00,15.649,0,0,0,1.207,0,0,0.024
2024-08-12 21:00,15.380,0,0,0,1.210,0,0,0.019
2024-08-12 22:00,15.030,0,0,0,1.212,0,0,0.016
2024-08-12 23:00,14.651,0,0,0,1.215,0,0,0.013
2024-08-13 00:00,14.302,0,0,0,1.217,0,0,0.010
2024-08-13 01:00,13.859,0.002,0,0,1.219,0,0,0.008
2024-08-13 02:00,13.467,0.006,0,0,1.220,0,0.003,0.007
2024-08-13 03:00,13.610,0.009,0,0,1.222,30.612,73.510,0.011
2024-08-13 04:00,14.813,0.002,0,0,1.222,135.159,239.850,0.056
2024-08-13 05:00,16.372,0,0,0,1.217,264.094,409.781,0.258
2024-08-13 06:00,18.190,0,0,0,1.210,391.293,571.651,0.576
2024-08-13 07:00,19.473,0,0,0,1.206,507.520,714.201,0.588
2024-08-13 08:00,20.615,0,0,0,1.202,605.765,827.928,0.507
2024-08-13 09:00,21.816,0,0,0,1.197,673.191,905.009,0.501
2024-08-13 10:00,22.928,0,0,0,1.193,700.272,940.005,0.483
2024-08-13 11:00,23.518,0,0,0,1.191,665.829,930.656,0.678
2024-08-13 12:00,23.566,0,0,0,1.189,561.272,877.559,0.837
2024-08-13 13:00,23.467,0,0,0,1.188,470.233,784.407,0.858
2024-08-13 14:00,23.161,0,0,0,1.188,341.212,657.315,0.894
2024-08-13 15:00,22.580,0,0,0,1.189,208.724,504.944,0.937
2024-08-13 16:00,21.465,0,0,0,1.190,118.273,337.845,0.958
2024-08-13 17:00,19.876,0,0,0,1.193,45.399,167.219,0.960
2024-08-13 18:00,18.602,0,0,0,1.197,4.493,21.891,0.958
2024-08-13 19:00,18.053,0,0,0,1.201,0,0,0.964
2024-08-13 20:00,17.959,0,0,0,1.204,0,0,0.977
2024-08-13 21:00,17.697,0.015,0,0,1.207,0,0,0.984
2024-08-13 22:00,17.401,0.166,0,0,1.209,0,0,0.971
2024-08-13 23:00,17.114,0.665,0,0,1.211,0,0,0.946
2024-08-14 00:00,16.711,0.801,0,0,1.212,0,0,0.940
2024-08-14 01:00,16.331,0.313,0,0,1.213,0,0,0.890
2024-08-14 02:00,15.791,0.043,0,0,1.213,0,0,0.639
2024-08-14 03:00,15.645,0.014,0,0,1.214,20.028,67.712,0.478
2024-08-14 04:00,16.456,0.010,0,0,1.214,101.697,233.934,0.515
2024-08-14 05:00,17.075,0.008,0,0,1.213,192.208,404.230,0.831
2024-08-14 06:00,18.109,0.008,0,0,1.210,232.960,566.314,0.967
2024-08-14 07:00,19.145,0.010,0,0,1.206,239.229,709.187,0.973
2024-08-14 08:00,19.903,0.012,0,0,1.203,276.535,823.171,0.967
2024-08-14 09:00,20.617,0.010,0,0,1.201,357.543,900.259,0.932
2024-08-14 10:00,21.380,0.008,0,0,1.198,475.937,935.335,0.893
2024-08-14 11:00,22.031,0.004,0,0,1.196,554.076,925.927,0.736
2024-08-14 12:00,22.253,0.002,0,0,1.195,503.404,872.795,0.727
2024-08-14 13:00,22.034,0,0,0,1.194,407.400,779.407,0.787
2024-08-14 14:00,21.594,0,0,0,1.195,315.065,652.145,0.951
2024-08-14 15:00,20.962,0,0,0,1.196,235.420,499.522,0.949
2024-08-14 16:00,20.001,0,0,0,1.199,137.599,332.095,0.947
2024-08-14 17:00,18.762,0,0,0,1.202,47.306,161.158,0.947
2024-08-14 18:00,17.806,0,0,0,1.204,3.256,18.727,0.951
2024-08-14 19:00,17.475,0,0,0,1.207,0,0,0.960
2024-08-14 20:00,17.272,0,0,0,1.208,0,0,0.942
2024-08-14 21:00,17.041,0,0,0,1.209,0,0,0.868
2024-08-14 22:00,16.726,0,0,0,1.209,0,0,0.902
2024-08-14 23:00,16.497,0,0,0,1.210,0,0,0.922
2024-08-15 00:00,16.116,0.004,0,0,1.211,0,0,0.866
2024-08-15 01:00,15.999,0.013,0,0,1.212,0,0,0.860
2024-08-15 02:00,15.799,0.018,0,0,1.212,0,0,0.914
2024-08-15 03:00,16.027,0.013,0,0,1.211,19.489,62.087,0.939
2024-08-15 04:00,16.963,0.004,0,0,1.209,93.440,227.993,0.939
2024-08-15 05:00,17.967,0,0,0,1.206,176.371,398.524,0.944
2024-08-15 06:00,18.951,0,0,0,1.201,200.700,560.901,0.956
2024-08-15 07:00,19.712,0,0,0,1.198,221.450,704.038,0.958
2024-08-15 08:00,20.512,0,0,0,1.194,264.742,818.178,0.965
2024-08-15 09:00,21.295,0,0,0,1.190,296.521,895.415,0.972
2024-08-15 10:00,22.104,0,0,0,1.186,347.378,930.592,0.975
2024-08-15 11:00,23.060,0,0,0,1.182,441.257,921.163,0.973
2024-08-15 12:00,23.658,0,0,0,1.179,474.074,868.045,0.968
2024-08-15 13:00,23.891,0,0,0,1.177,446.465,774.407,0.913
2024-08-15 14:00,23.826,0,0,0,1.176,389.339,646.895,0.747
2024-08-15 15:00,23.321,0,0,0,1.176,294.750,493.948,0.615
2024-08-15 16:00,22.306,0,0,0,1.179,184.240,326.231,0.486
2024-08-15 17:00,20.970,0,0,0,1.183,70.148,155.033,0.379
2024-08-15 18:00,19.815,0,0,0,1.187,4.349,15.782,0.392
2024-08-15 19:00,19.237,0,0,0,1.191,0,0,0.817
2024-08-15 20:00,18.889,0.005,0,0,1.192,0,0,0.894
2024-08-15 21:00,18.617,0.043,0,0,1.194,0,0,0.949
2024-08-15 22:00,18.371,0.126,0,0,1.195,0,0,0.964
2024-08-15 23:00,18.196,0.259,0,0,1.195,0,0,0.978
2024-08-16 00:00,18.142,0.228,0,0,1.195,0,0,0.978
2024-08-16 01:00,18.107,0.086,0,0,1.194,0,0,0.969
2024-08-16 02:00,17.848,0.072,0,0,1.194,0,0,0.963
2024-08-16 03:00,17.793,0.135,0,0,1.193,5.095,56.675,0.965
2024-08-16 04:00,18.183,0.275,0,0,1.193,24.843,221.931,0.973
2024-08-16 05:00,18.285,0.289,0,0,1.193,51.163,392.774,0.979
2024-08-16 06:00,18.451,0.151,0,0,1.193,91.370,555.401,0.973
2024-08-16 07:00,18.731,0.036,0,0,1.192,148.362,698.788,0.958
2024-08-16 08:00,19.140,0.005,0,0,1.191,224.741,813.157,0.939
2024-08-16 09:00,19.993,0.005,0,0,1.189,312.375,890.509,0.940
2024-08-16 10:00,20.910,0.010,0,0,1.187,391.931,925.821,0.937
2024-08-16 11:00,21.552,0.018,0,0,1.184,437.368,916.406,0.940
2024-08-16 12:00,21.919,0.020,0,0,1.182,418.850,863.045,0.902
2024-08-16 13:00,21.964,0.018,0,0,1.181,355.034,769.237,0.836
2024-08-16 14:00,21.870,0.019,0,0,1.181,307.119,641.403,0.618
2024-08-16 15:00,21.589,0.003,0,0,1.182,237.082,488.323,0.283
2024-08-16 16:00,21.110,0.004,0,0,1.182,165.292,320.275,0.082
2024-08-16 17:00,19.980,0.001,0,0,1.185,68.824,148.805,0.051
2024-08-16 18:00,18.220,0,0,0,1.188,3.770,13.058,0.018
2024-08-16 19:00,17.688,0,0,0,1.192,0,0,0.009
2024-08-16 20:00,17.189,0,0,0,1.195,0,0,0.005
2024-08-16 21:00,16.388,0,0,0,1.198,0,0,0.002
2024-08-16 22:00,15.368,0,0,0,1.201,0,0,0.001
2024-08-16 23:00,14.633,0,0,0,1.204,0,0,0.001
2024-08-17 00:00,14.038,0,0,0,1.207,0,0,0.001
2024-08-17 01:00,13.456,0.001,0,0,1.210,0,0,0
2024-08-17 02:00,13.021,0.004,0,0,1.212,0,0,0.001
2024-08-17 03:00,13.039,0.015,0,0,1.214,20.828,51.442,0.186
2024-08-17 04:00,14.151,0.007,0,0,1.215,116.043,215.769,0.874
2024-08-17 05:00,15.209,0,0,0,1.212,225.069,386.899,0.937
2024-08-17 06:00,16.531,0,0,0,1.208,345.120,549.901,0.937
2024-08-17 07:00,17.599,0,0,0,1.204,449.756,693.524,0.931
2024-08-17 08:00,18.211,0,0,0,1.202,459.410,808.008,0.926
2024-08-17 09:00,18.516,0,0,0,1.200,414.383,885.495,0.913
2024-08-17 10:00,19.230,0,0,0,1.197,555.163,920.842,0.555
2024-08-17 11:00,20.052,0,0,0,1.194,700.734,911.406,0.011
2024-08-17 12:00,20.416,0,0,0,1.192,652.641,857.896,0.001
2024-08-17 13:00,20.402,0,0,0,1.191,565.791,763.994,0.002
2024-08-17 14:00,20.089,0,0,0,1.191,449.459,635.996,0.005
2024-08-17 15:00,19.608,0,0,0,1.192,314.874,482.613,0.018
2024-08-17 16:00,18.927,0,0,0,1.194,176.521,314.275,0.122
2024-08-17 17:00,17.944,0,0,0,1.197,55.702,142.518,0.172
2024-08-17 18:00,16.812,0,0,0,1.201,2.475,10.584,0.106
2024-08-17 19:00,15.910,0,0,0,1.205,0,0,0.022
2024-08-17 20:00,15.473,0,0,0,1.208,0,0,0.016
2024-08-17 21:00,14.703,0,0,0,1.211,0,0,0.012
2024-08-17 22:00,14.037,0,0,0,1.214,0,0,0.009
2024-08-17 23:00,13.660,0,0,0,1.216,0,0,0.008
2024-08-18 00:00,13.295,0,0,0,1.218,0,0,0.010
2024-08-18 01:00,12.893,0.002,0,0,1.219,0,0,0.200
2024-08-18 02:00,12.669,0.007,0,0,1.220,0,0,0.339
2024-08-18 03:00,12.684,0.008,0,0,1.220,15.629,46.421,0.445
2024-08-18 04:00,13.752,0.003,0,0,1.219,102.307,209.578,0.311
2024-08-18 05:00,15.088,0,0,0,1.215,225.027,381.017,0.472
2024-08-18 06:00,16.673,0,0,0,1.210,345.213,544.231,0.645
2024-08-18 07:00,17.701,0,0,0,1.207,463.218,688.024,0.416
2024-08-18 08:00,18.565,0,0,0,1.204,568.045,802.758,0.169
2024-08-18 09:00,19.272,0,0,0,1.201,623.671,880.495,0.327
2024-08-18 10:00,19.791,0,0,0,1.198,637.108,915.828,0.788
2024-08-18 11:00,20.167,0,0,0,1.196,622.180,906.406,0.531
2024-08-18 12:00,20.376,0,0,0,1.194,567.696,852.802,0.826
2024-08-18 13:00,20.096,0,0,0,1.193,347.818,758.744,0.928
2024-08-18 14:00,19.353,0,0,0,1.194,167.154,630.496,0.944
2024-08-18 15:00,18.593,0,0,0,1.195,85.795,476.863,0.959
2024-08-18 16:00,17.988,0,0,0,1.198,55.279,308.275,0.965
2024-08-18 17:00,17.317,0,0,0,1.200,24.569,136.143,0.946
2024-08-18 18:00,16.498,0,0,0,1.202,1.283,8.347,0.913
2024-08-18 19:00,15.929,0,0,0,1.205,0,0,0.905
2024-08-18 20:00,15.467,0,0,0,1.207,0,0,0.908
2024-08-18 21:00,15.214,0,0,0,1.208,0,0,0.923
2024-08-18 22:00,14.982,0,0,0,1.209,0,0,0.932
2024-08-18 23:00,14.678,0,0,0,1.211,0,0,0.933
2024-08-19 00:00,14.343,0.002,0,0,1.212,0,0,0.789
2024-08-19 01:00,13.779,0.003,0,0,1.213,0,0,0.158
2024-08-19 02:00,13.502,0.010,0,0,1.214,0,0,0.015
2024-08-19 03:00,13.579,0.013,0,0,1.215,12.839,41.621,0.019
2024-08-19 04:00,14.432,0.005,0,0,1.215,97.292,203.285,0.016
2024-08-19 05:00,15.497,0,0,0,1.212,225.208,375.017,0.011
2024-08-19 06:00,16.681,0,0,0,1.209,362.986,538.481,0.005
2024-08-19 07:00,17.844,0,0,0,1.206,487.612,682.524,0.002
2024-08-19 08:00,18.866,0,0,0,1.203,589.533,797.508,0.033
2024-08-19 09:00,19.723,0,0,0,1.200,660.351,875.253,0.408
2024-08-19 10:00,20.448,0,0,0,1.197,687.661,910.672,0.684
2024-08-19 11:00,21.023,0,0,0,1.195,681.754,901.243,0.363
2024-08-19 12:00,21.410,0,0,0,1.194,640.220,847.632,0.060
2024-08-19 13:00,21.581,0,0,0,1.193,558.857,753.258,0.022
2024-08-19 14:00,21.476,0,0,0,1.192,448.741,624.903,0.014
2024-08-19 15:00,21.058,0,0,0,1.193,319.873,470.992,0
2024-08-19 16:00,20.107,0,0,0,1.194,184.745,302.068,0.095
2024-08-19 17:00,17.935,0,0,0,1.196,61.712,129.704,0.756
2024-08-19 18:00,16.302,0,0,0,1.200,1.442,6.360,0.943
2024-08-19 19:00,16.095,0,0,0,1.203,0,0,0.953
2024-08-19 20:00,15.574,0,0,0,1.207,0,0,0.941
2024-08-19 21:00,14.556,0,0,0,1.212,0,0,0.813
2024-08-19 22:00,13.839,0,0,0,1.216,0,0,0.157
2024-08-19 23:00,13.382,0,0,0,1.219,0,0,0.601
2024-08-20 00:00,13.008,0,0,0,1.222,0,0,0.935
2024-08-20 01:00,12.839,0,0,0,1.223,0,0,0.940
2024-08-20 02:00,12.825,0,0,0,1.224,0,0,0.926
2024-08-20 03:00,12.854,0,0,0,1.224,8.163,37.048,0.798
2024-08-20 04:00,13.882,0,0,0,1.224,85.911,196.910,0.573
2024-08-20 05:00,15.502,0,0,0,1.221,225.977,368.935,0.658
2024-08-20 06:00,17.588,0,0,0,1.213,344.032,532.731,0.909
2024-08-20 07:00,18.822,0,0,0,1.209,455.529,677.024,0.938
2024-08-20 08:00,19.742,0,0,0,1.206,560.788,792.016,0.937
2024-08-20 09:00,20.472,0,0,0,1.203,625.453,870.003,0.810
2024-08-20 10:00,21.006,0,0,0,1.200,664.020,905.430,0.377
2024-08-20 11:00,21.330,0,0,0,1.198,660.382,895.993,0.061
2024-08-20 12:00,21.409,0,0,0,1.197,602.531,842.154,0.007
2024-08-20 13:00,21.266,0,0,0,1.196,518.739,747.838,0.014
2024-08-20 14:00,20.902,0,0,0,1.196,408.071,619.240,0.006
2024-08-20 15:00,20.283,0,0,0,1.197,281.340,465.032,0
2024-08-20 16:00,19.314,0,0,0,1.199,153.451,295.818,0.001
2024-08-20 17:00,17.939,0,0,0,1.202,47.236,123.166,0.072
2024-08-20 18:00,16.867,0,0,0,1.205,0.948,4.641,0.125
2024-08-20 19:00,16.474,0,0,0,1.207,0,0,0.161
2024-08-20 20:00,16.177,0,0,0,1.208,0,0,0.430
2024-08-20 21:00,15.948,0,0,0,1.209,0,0,0.734
2024-08-20 22:00,15.626,0,0,0,1.211,0,0,0.845
2024-08-20 23:00,15.216,0.003,0,0,1.212,0,0,0.917
2024-08-21 00:00,15.005,0.014,0,0,1.213,0,0,0.930
2024-08-21 01:00,14.858,0.016,0,0,1.213,0,0,0.931
2024-08-21 02:00,14.664,0.018,0,0,1.213,0,0,0.936
2024-08-21 03:00,14.530,0.013,0,0,1.212,8.518,32.701,0.934
2024-08-21 04:00,15.077,0.007,0,0,1.211,63.960,190.489,0.934
2024-08-21 05:00,15.905,0.007,0,0,1.208,148.940,362.732,0.935
2024-08-21 06:00,17.006,0.005,0,0,1.204,264.968,526.739,0.837
2024-08-21 07:00,18.161,0.001,0,0,1.200,423.272,671.354,0.570
2024-08-21 08:00,19.198,0.001,0,0,1.196,546.495,786.744,0.305
2024-08-21 09:00,19.972,0,0,0,1.192,578.581,864.745,0.345
2024-08-21 10:00,20.302,0,0,0,1.190,518.761,900.180,0.468
2024-08-21 11:00,20.528,0.002,0,0,1.188,491.874,890.743,0.519
2024-08-21 12:00,20.492,0.009,0,0,1.186,393.662,836.882,0.538
2024-08-21 13:00,20.369,0.040,0,0,1.186,328.056,742.338,0.587
2024-08-21 14:00,19.904,0.131,0,0,1.186,221.486,613.490,0.762
2024-08-21 15:00,19.193,0.151,0,0,1.187,108.006,459.035,0.967
2024-08-21 16:00,18.347,0.317,0,0,1.188,41.536,289.568,0.982
2024-08-21 17:00,17.471,0.498,0,0,1.190,12.308,116.554,0.963
2024-08-21 18:00,16.756,0.255,0,0,1.192,0.241,3.184,0.775
2024-08-21 19:00,16.311,0.055,0,0,1.193,0,0,0.570
2024-08-21 20:00,15.722,0.027,0,0,1.194,0,0,0.625
2024-08-21 21:00,15.597,0.031,0,0,1.195,0,0,0.748
2024-08-21 22:00,15.711,0.036,0,0,1.196,0,0,0.879
2024-08-21 23:00,15.557,0.042,0,0,1.196,0,0,0.800
2024-08-22 00:00,15.299,0.060,0,0,1.198,0,0,0.831
2024-08-22 01:00,15.328,0.079,0,0,1.200,0,0,0.753
2024-08-22 02:00,15.076,0.078,0,0,1.203,0,0,0.641
2024-08-22 03:00,14.590,0.066,0,0,1.206,5.294,28.600,0.506
2024-08-22 04:00,14.351,0.040,0,0,1.209,58.104,183.949,0.394
2024-08-22 05:00,14.522,0.020,0,0,1.209,169.771,356.560,0.227
2024-08-22 06:00,15.199,0.002,0,0,1.208,324.806,520.739,0.099
2024-08-22 07:00,16.678,0,0,0,1.204,459.488,665.612,0.046
2024-08-22 08:00,18.218,0,0,0,1.199,566.579,781.096,0.016
2024-08-22 09:00,19.226,0,0,0,1.195,642.425,859.333,0.003
2024-08-22 10:00,19.901,0,0,0,1.193,676.260,894.908,0.002
2024-08-22 11:00,20.316,0,0,0,1.191,669.780,885.331,0.001
2024-08-22 12:00,20.464,0,0,0,1.190,623.738,831.390,0.001
2024-08-22 13:00,20.388,0,0,0,1.190,542.382,736.596,0.001
2024-08-22 14:00,20.061,0,0,0,1.190,432.054,607.504,0.004
2024-08-22 15:00,19.552,0,0,0,1.190,302.635,452.910,0.034
2024-08-22 16:00,18.775,0,0,0,1.191,162.053,283.119,0.148
2024-08-22 17:00,17.579,0,0,0,1.194,42.861,109.897,0.451
2024-08-22 18:00,16.673,0.001,0,0,1.197,0.335,1.997,0.604
2024-08-22 19:00,16.273,0.002,0,0,1.200,0,0,0.908
2024-08-22 20:00,15.966,0.006,0,0,1.201,0,0,0.935
2024-08-22 21:00,15.723,0.022,0,0,1.203,0,0,0.956
2024-08-22 22:00,15.419,0.034,0,0,1.204,0,0,0.976
2024-08-22 23:00,15.198,0.017,0,0,1.205,0,0,0.947
2024-08-23 00:00,15.025,0.008,0,0,1.205,0,0,0.657
2024-08-23 01:00,14.863,0.016,0,0,1.205,0,0,0.245
2024-08-23 02:00,14.803,0.021,0,0,1.205,0,0,0.270
2024-08-23 03:00,14.805,0.022,0,0,1.205,5.888,24.748,0.444
2024-08-23 04:00,15.205,0.018,0,0,1.203,59.724,177.386,0.599
2024-08-23 05:00,16.070,0.019,0,0,1.201,151.566,350.225,0.293
2024-08-23 06:00,17.216,0.016,0,0,1.197,271.138,514.739,0.276
2024-08-23 07:00,18.300,0.011,0,0,1.192,347.765,659.854,0.253
2024-08-23 08:00,19.283,0.017,0,0,1.188,439.070,775.502,0.322
2024-08-23 09:00,19.992,0.030,0,0,1.185,503.110,853.833,0.601
2024-08-23 10:00,20.372,0.048,0,0,1.183,499.346,889.416,0.706
2024-08-23 11:00,20.399,0.062,0,0,1.182,446.444,879.831,0.947
2024-08-23 12:00,20.322,0.029,0,0,1.181,397.035,825.890,0.960
2024-08-23 13:00,20.208,0.021,0,0,1.181,348.545,730.846,0.957
2024-08-23 14:00,19.611,0.015,0,0,1.181,193.813,601.591,0.955
2024-08-23 15:00,18.959,0.017,0,0,1.183,98.508,446.704,0.960
2024-08-23 16:00,18.376,0.080,0,0,1.184,55.957,276.697,0.801
2024-08-23 17:00,17.785,0.084,0,0,1.185,18.227,103.140,0.675
2024-08-23 18:00,17.755,0.027,0,0,1.184,0.098,1.094,0.563
2024-08-23 19:00,17.931,0.007,0,0,1.182,0,0,0.146
2024-08-23 20:00,17.926,0.013,0,0,1.182,0,0,0.049
2024-08-23 21:00,18.055,0.043,0,0,1.181,0,0,0.198
2024-08-23 22:00,17.979,0.016,0,0,1.184,0,0,0.235
2024-08-23 23:00,17.368,0.004,0,0,1.188,0,0,0.059
2024-08-24 00:00,16.827,0.009,0,0,1.192,0,0,0.197
2024-08-24 01:00,16.561,0.012,0,0,1.194,0,0,0.370
2024-08-24 02:00,16.352,0.007,0,0,1.197,0,0,0.673
2024-08-24 03:00,15.938,0,0,0,1.201,5.169,21.143,0.923
2024-08-24 04:00,15.643,0,0,0,1.204,45.375,170.720,0.923
2024-08-24 05:00,15.724,0,0,0,1.206,109.318,343.850,0.733
2024-08-24 06:00,16.484,0,0,0,1.206,303.715,508.654,0.495
2024-08-24 07:00,17.439,0,0,0,1.204,420.950,653.862,0.455
2024-08-24 08:00,18.374,0,0,0,1.201,538.827,769.832,0.632
2024-08-24 09:00,19.182,0,0,0,1.199,617.971,848.184,0.811
2024-08-24 10:00,19.832,0,0,0,1.197,642.374,883.916,0.727
2024-08-24 11:00,20.341,0,0,0,1.196,653.293,874.331,0.624
2024-08-24 12:00,20.615,0,0,0,1.194,597.351,820.219,0.269
2024-08-24 13:00,20.676,0,0,0,1.194,528.800,725.096,0.118
2024-08-24 14:00,20.496,0,0,0,1.193,415.588,595.591,0.239
2024-08-24 15:00,20.100,0,0,0,1.194,286.582,440.454,0.119
2024-08-24 16:00,19.324,0,0,0,1.195,158.011,270.123,0.003
2024-08-24 17:00,17.701,0,0,0,1.198,42.749,96.338,0.001
2024-08-24 18:00,16.387,0.001,0,0,1.203,0.092,0.477,0.018
2024-08-24 19:00,16.175,0.007,0,0,1.206,0,0,0.128
2024-08-24 20:00,16.417,0.027,0,0,1.205,0,0,0.373
2024-08-24 21:00,16.529,0.031,0,0,1.204,0,0,0.359
2024-08-24 22:00,16.503,0.006,0,0,1.203,0,0,0.148
2024-08-24 23:00,16.578,0.001,0,0,1.201,0,0,0.007
2024-08-25 00:00,16.795,0.001,0,0,1.199,0,0,0.002
2024-08-25 01:00,17.121,0,0,0,1.195,0,0,0.090
2024-08-25 02:00,17.509,0,0,0,1.191,0,0,0.207
2024-08-25 03:00,17.776,0,0,0,1.188,4.647,17.804,0.077
2024-08-25 04:00,18.194,0,0,0,1.186,75.289,163.970,0.002
2024-08-25 05:00,19.102,0,0,0,1.183,194.385,337.394,0.044
2024-08-25 06:00,20.260,0.001,0,0,1.179,311.855,502.518,0.639
2024-08-25 07:00,20.815,0.006,0,0,1.176,314.130,648.090,0.923
2024-08-25 08:00,20.922,0.021,0,0,1.175,317.528,764.082,0.953
2024-08-25 09:00,20.604,0.085,0,0,1.177,260.874,842.583,0.803
2024-08-25 10:00,20.381,0.162,0,0,1.179,324.191,878.260,0.598
2024-08-25 11:00,20.190,0.136,0,0,1.182,401.710,868.682,0.574
2024-08-25 12:00,19.931,0.018,0,0,1.187,395.518,814.477,0.886
2024-08-25 13:00,19.334,0,0,0,1.192,282.833,719.332,0.857
2024-08-25 14:00,19.203,0,0,0,1.194,307.643,589.591,0.358
2024-08-25 15:00,19.154,0,0,0,1.195,281.732,434.090,0.066
2024-08-25 16:00,18.755,0,0,0,1.196,149.646,263.538,0.082
2024-08-25 17:00,18.024,0,0,0,1.199,37.023,89.484,0.037
2024-08-25 18:00,17.325,0,0,0,1.203,0.024,0.135,0.020
2024-08-25 19:00,16.726,0,0,0,1.207,0,0,0.018
2024-08-25 20:00,16.115,0,0,0,1.211,0,0,0.013
2024-08-25 21:00,15.449,0,0,0,1.215,0,0,0.009
2024-08-25 22:00,14.806,0,0,0,1.219,0,0,0.005
2024-08-25 23:00,14.193,0,0,0,1.223,0,0,0.004
2024-08-26 00:00,13.657,0,0,0,1.226,0,0,0.003
2024-08-26 01:00,13.166,0,0,0,1.229,0,0,0.003
2024-08-26 02:00,12.797,0,0,0,1.231,0,0,0.003
2024-08-26 03:00,12.519,0.001,0,0,1.233,4.648,14.743,0.003
2024-08-26 04:00,12.836,0.001,0,0,1.233,79.993,157.180,0.002
2024-08-26 05:00,13.947,0,0,0,1.230,205.902,330.894,0.001
2024-08-26 06:00,15.388,0,0,0,1.224,338.232,496.194,0.001
2024-08-26 07:00,16.694,0,0,0,1.219,458.998,641.942,0.037
2024-08-26 08:00,17.826,0,0,0,1.215,555.503,758.096,0.037
2024-08-26 09:00,18.793,0,0,0,1.210,621.011,836.833,0.051
2024-08-26 10:00,19.536,0,0,0,1.207,644.769,872.517,0.027
2024-08-26 11:00,20.060,0,0,0,1.204,624.840,863.081,0.022
2024-08-26 12:00,20.378,0,0,0,1.201,571.725,808.719,0.026
2024-08-26 13:00,20.500,0,0,0,1.199,486.863,713.346,0.025
2024-08-26 14:00,20.401,0,0,0,1.199,378.092,583.341,0.025
2024-08-26 15:00,20.100,0,0,0,1.198,253.262,427.715,0.025
2024-08-26 16:00,19.504,0,0,0,1.200,128.114,256.873,0.028
2024-08-26 17:00,18.594,0,0,0,1.202,29.481,82.607,0.029
2024-08-26 18:00,17.788,0,0,0,1.206,0.004,0.026,0.031
2024-08-26 19:00,17.284,0,0,0,1.209,0,0,0.033
2024-08-26 20:00,16.891,0,0,0,1.211,0,0,0.036
2024-08-26 21:00,16.407,0,0,0,1.213,0,0,0.039
2024-08-26 22:00,15.790,0,0,0,1.217,0,0,0.043
2024-08-26 23:00,15.321,0,0,0,1.220,0,0,0.049
2024-08-27 00:00,14.903,0.001,0,0,1.222,0,0,0.054
2024-08-27 01:00,14.582,0.002,0,0,1.224,0,0,0.057
2024-08-27 02:00,14.425,0.007,0,0,1.225,0,0,0.049
2024-08-27 03:00,14.079,0.013,0,0,1.227,2.879,11.946,0.069
2024-08-27 04:00,14.258,0.011,0,0,1.228,62.768,150.301,0.095
2024-08-27 05:00,15.148,0.005,0,0,1.226,178.645,324.269,0.017
2024-08-27 06:00,16.390,0.001,0,0,1.222,309.313,489.822,0.091
2024-08-27 07:00,17.490,0.001,0,0,1.219,424.809,635.862,0.594
2024-08-27 08:00,18.276,0.003,0,0,1.216,465.884,752.183,0.913
2024-08-27 09:00,19.053,0.005,0,0,1.213,553.676,830.920,0.792
2024-08-27 10:00,19.760,0.010,0,0,1.210,604.369,866.767,0.710
2024-08-27 11:00,20.175,0.010,0,0,1.208,555.710,857.168,0.524
2024-08-27 12:00,20.172,0.007,0,0,1.207,412.927,802.821,0.392
2024-08-27 13:00,20.307,0.004,0,0,1.206,383.615,707.332,0.309
2024-08-27 14:00,20.271,0.004,0,0,1.205,305.877,577.099,0.309
2024-08-27 15:00,19.999,0.002,0,0,1.205,209.217,421.255,0.304
2024-08-27 16:00,19.375,0.001,0,0,1.206,111.349,250.143,0.652
2024-08-27 17:00,17.982,0.001,0,0,1.209,26.105,75.897,0.920
2024-08-27 18:00,16.848,0.001,0,0,1.212,0,0.001,0.860
2024-08-27 19:00,16.292,0,0,0,1.215,0,0,0.665
2024-08-27 20:00,15.798,0,0,0,1.218,0,0,0.760
2024-08-27 21:00,15.487,0,0,0,1.221,0,0,0.950
2024-08-27 22:00,15.395,0,0,0,1.222,0,0,0.970
2024-08-27 23:00,15.315,0,0,0,1.224,0,0,0.967
2024-08-28 00:00,15.185,0,0,0,1.225,0,0,0.973
2024-08-28 01:00,15.039,0,0,0,1.227,0,0,0.966
2024-08-28 02:00,14.908,0,0,0,1.229,0,0,0.967
2024-08-28 03:00,14.801,0,0,0,1.229,0.958,9.423,0.978
2024-08-28 04:00,14.966,0,0,0,1.230,31.080,143.384,0.970
2024-08-28 05:00,15.692,0,0,0,1.228,115.284,317.563,0.873
2024-08-28 06:00,17.347,0,0,0,1.222,258.567,483.447,0.780
2024-08-28 07:00,18.951,0,0,0,1.215,306.746,629.612,0.898
2024-08-28 08:00,19.802,0,0,0,1.211,354.686,746.183,0.933
2024-08-28 09:00,20.203,0,0,0,1.209,338.553,825.170,0.945
2024-08-28 10:00,20.652,0,0,0,1.207,367.634,861.003,0.938
2024-08-28 11:00,21.085,0,0,0,1.205,394.403,851.338,0.944
2024-08-28 12:00,21.160,0,0,0,1.204,332.789,796.821,0.940
2024-08-28 13:00,20.958,0,0,0,1.204,254.944,701.183,0.913
2024-08-28 14:00,20.774,0,0,0,1.204,217.012,570.849,0.832
2024-08-28 15:00,20.673,0,0,0,1.204,203.756,414.748,0.787
2024-08-28 16:00,19.753,0,0,0,1.205,110.937,243.354,0.918
2024-08-28 17:00,17.744,0,0,0,1.208,22.691,69.407,0.938
2024-08-28 18:00,16.665,0,0,0,1.212,0,0,0.938
2024-08-28 19:00,16.598,0,0,0,1.216,0,0,0.938
2024-08-28 20:00,16.078,0,0,0,1.219,0,0,0.928
2024-08-28 21:00,15.706,0,0,0,1.222,0,0,0.806
2024-08-28 22:00,15.370,0,0,0,1.224,0,0,0.608
2024-08-28 23:00,15.034,0,0,0,1.226,0,0,0.477
2024-08-29 00:00,14.496,0,0,0,1.227,0,0,0.555
2024-08-29 01:00,13.674,0,0,0,1.229,0,0,0.570
2024-08-29 02:00,13.184,0,0,0,1.229,0,0,0.444
2024-08-29 03:00,12.829,0.001,0,0,1.229,1.975,7.203,0.242
2024-08-29 04:00,14.222,0.001,0,0,1.228,65.244,136.386,0.036
2024-08-29 05:00,15.892,0,0,0,1.225,185.928,310.887,0.001
2024-08-29 06:00,17.758,0,0,0,1.218,316.210,476.940,0
2024-08-29 07:00,19.501,0,0,0,1.210,435.719,623.442,0
2024-08-29 08:00,20.514,0,0,0,1.206,531.151,740.089,0
2024-08-29 09:00,21.164,0,0,0,1.203,595.039,819.170,0
2024-08-29 10:00,21.731,0,0,0,1.201,622.139,855.003,0
2024-08-29 11:00,22.126,0,0,0,1.198,609.762,845.418,0.001
2024-08-29 12:00,22.329,0,0,0,1.196,555.061,790.821,0.011
2024-08-29 13:00,22.304,0,0,0,1.194,465.808,694.941,0.103
2024-08-29 14:00,22.051,0.001,0,0,1.193,340.240,564.429,0.394
2024-08-29 15:00,21.390,0.005,0,0,1.194,196.082,408.127,0.712
2024-08-29 16:00,20.133,0.018,0,0,1.198,69.024,236.499,0.891
2024-08-29 17:00,18.913,0.039,0,0,1.202,10.696,63.181,0.946
2024-08-29 18:00,18.131,0.079,0,0,1.205,0,0,0.971
2024-08-29 19:00,17.775,0.171,0,0,1.206,0,0,0.978
2024-08-29 20:00,18.219,0.265,0,0,1.202,0,0,0.984
2024-08-29 21:00,18.097,0.310,0,0,1.202,0,0,0.983
2024-08-29 22:00,18.052,0.118,0,0,1.202,0,0,0.973
2024-08-29 23:00,18.150,0.026,0,0,1.201,0,0,0.962
2024-08-30 00:00,18.105,0.018,0,0,1.201,0,0,0.957
2024-08-30 01:00,17.870,0.020,0,0,1.201,0,0,0.957
2024-08-30 02:00,17.781,0.014,0,0,1.202,0,0,0.934
2024-08-30 03:00,17.754,0.011,0,0,1.202,0.709,5.271,0.700
2024-08-30 04:00,17.718,0.019,0,0,1.203,41.942,129.343,0.160
2024-08-30 05:00,18.349,0.020,0,0,1.202,155.748,304.063,0.090
2024-08-30 06:00,19.488,0.347,0,0,1.198,275.315,470.440,0.547
2024-08-30 07:00,20.636,0.797,0,0,1.193,304.658,616.949,0.809
2024-08-30 08:00,20.803,0.940,0,0,1.192,256.794,733.919,0.851
2024-08-30 09:00,20.645,0.682,0,0,1.193,278.605,813.007,0.969
2024-08-30 10:00,20.386,0.179,0,0,1.194,251.125,849.003,0.961
2024-08-30 11:00,20.749,0.065,0,0,1.194,368.185,839.418,0.925
2024-08-30 12:00,21.092,0.014,0,0,1.194,354.503,784.807,0.952
2024-08-30 13:00,20.885,0.006,0,0,1.194,246.188,688.771,0.956
2024-08-30 14:00,20.186,0.007,0,0,1.196,149.863,558.099,0.954
2024-08-30 15:00,19.528,0.008,0,0,1.199,111.989,401.427,0.951
2024-08-30 16:00,18.670,0.016,0,0,1.201,63.007,229.564,0.955
2024-08-30 17:00,17.419,0.023,0,0,1.205,10.920,57.206,0.893
2024-08-30 18:00,16.340,0.015,0,0,1.209,0,0,0.702
2024-08-30 19:00,15.526,0.004,0,0,1.214,0,0,0.141
2024-08-30 20:00,14.963,0,0,0,1.218,0,0,0.005
2024-08-30 21:00,14.576,0,0,0,1.221,0,0,0.003
2024-08-30 22:00,14.234,0,0,0,1.223,0,0,0.004
2024-08-30 23:00,13.916,0,0,0,1.225,0,0,0.107
2024-08-31 00:00,13.691,0.001,0,0,1.226,0,0,0.123
2024-08-31 01:00,13.469,0.003,0,0,1.227,0,0,0.123
2024-08-31 02:00,13.519,0.017,0,0,1.228,0,0,0.054
2024-08-31 03:00,13.236,0.030,0,0,1.229,0.840,3.628,0.117
2024-08-31 04:00,13.277,0.085,0,0,1.230,48.551,122.229,0.128
2024-08-31 05:00,13.908,0.085,0,0,1.229,154.396,297.188,0.184
2024-08-31 06:00,14.778,0.099,0,0,1.226,251.904,463.741,0.299
2024-08-31 07:00,15.560,0.047,0,0,1.224,328.659,610.678,0.486
2024-08-31 08:00,16.051,0.016,0,0,1.223,332.336,727.669,0.686
2024-08-31 09:00,16.586,0.020,0,0,1.222,399.882,806.920,0.599
2024-08-31 10:00,17.174,0.061,0,0,1.220,454.999,842.855,0.575
2024-08-31 11:00,17.179,0.184,0,0,1.220,411.184,833.256,0.628
2024-08-31 12:00,16.576,0.691,0,0,1.222,295.986,778.564,0.619
2024-08-31 13:00,15.973,1.094,0,0,1.225,243.949,682.441,0.636
2024-08-31 14:00,15.753,0.891,0,0,1.226,192.610,551.599,0.553
2024-08-31 15:00,15.851,0.223,0,0,1.225,145.234,394.677,0.427
2024-08-31 16:00,15.928,0.100,0,0,1.223,93.742,222.585,0.138
2024-08-31 17:00,14.646,0.059,0,0,1.222,17.772,51.505,0.093
2024-08-31 18:00,14.018,0.023,0,0,1.224,0,0,0.068
2024-08-31 19:00,13.800,0.008,0,0,1.227,0,0,0.041
2024-08-31 20:00,13.212,0.002,0,0,1.230,0,0,0.035
2024-08-31 21:00,12.698,0.001,0,0,1.234,0,0,0.027
2024-08-31 22:00,12.203,0,0,0,1.238,0,0,0.017
2024-08-31 23:00,11.407,0,0,0,1.241,0,0,0.014
2024-09-01 00:00,11.050,0,0,0,1.243,0,0,0.017
2024-09-01 01:00,10.868,0,0,0,1.245,0,0,0.014
2024-09-01 02:00,10.739,0.001,0,0,1.247,0,0,0.021
2024-09-01 03:00,10.500,0.002,0,0,1.249,0.527,2.292,0.285
2024-09-01 04:00,10.873,0.003,0,0,1.249,44.666,115.081,0.529
2024-09-01 05:00,11.734,0,0,0,1.247,138.034,290.306,0.567
2024-09-01 06:00,12.842,0,0,0,1.243,229.327,457.109,0.667
2024-09-01 07:00,14.082,0,0,0,1.239,314.078,604.178,0.589
2024-09-01 08:00,15.233,0,0,0,1.234,401.570,721.419,0.533
2024-09-01 09:00,16.269,0,0,0,1.230,498.085,800.757,0.288
2024-09-01 10:00,17.205,0.001,0,0,1.227,587.542,836.833,0.214
2024-09-01 11:00,17.656,0.001,0,0,1.223,528.724,827.020,0.320
2024-09-01 12:00,17.693,0.018,0,0,1.221,403.386,772.314,0.451
2024-09-01 13:00,17.515,0.098,0,0,1.220,309.167,676.021,0.676
2024-09-01 14:00,16.520,0.677,0,0,1.222,148.492,544.929,0.820
2024-09-01 15:00,15.169,0.989,0,0,1.227,81.632,387.853,0.888
2024-09-01 16:00,14.101,0.675,0,0,1.232,35.169,215.525,0.758
2024-09-01 17:00,13.230,0.340,0,0,1.235,6.825,46.056,0.682
2024-09-01 18:00,12.637,0.224,0,0,1.235,0,0,0.677
2024-09-01 19:00,12.460,0.243,0,0,1.236,0,0,0.714
2024-09-01 20:00,12.441,0.211,0,0,1.236,0,0,0.767
2024-09-01 21:00,12.400,0.226,0,0,1.236,0,0,0.821
2024-09-01 22:00,12.398,0.208,0,0,1.236,0,0,0.805
2024-09-01 23:00,12.343,0.225,0,0,1.236,0,0,0.808
2024-09-02 00:00,12.266,0.199,0,0,1.236,0,0,0.833
2024-09-02 01:00,12.169,0.200,0,0,1.236,0,0,0.851
2024-09-02 02:00,12.036,0.237,0,0,1.236,0,0,0.892
2024-09-02 03:00,11.816,0.215,0,0,1.235,0.069,1.273,0.896
2024-09-02 04:00,11.929,0.233,0,0,1.235,15.471,107.843,0.867
2024-09-02 05:00,12.580,0.368,0,0,1.234,58.019,283.346,0.835
2024-09-02 06:00,13.435,0.441,0,0,1.233,115.643,450.359,0.810
2024-09-02 07:00,14.638,0.347,0,0,1.231,170.924,597.529,0.802
2024-09-02 08:00,14.906,0.213,0,0,1.229,202.730,714.919,0.857
2024-09-02 09:00,14.941,0.104,0,0,1.228,223.621,794.507,0.770
2024-09-02 10:00,15.489,0.055,0,0,1.226,304.740,830.583,0.543
2024-09-02 11:00,16.431,0.046,0,0,1.223,396.975,820.770,0.410
2024-09-02 12:00,17.042,0.041,0,0,1.220,416.966,765.916,0.294
2024-09-02 13:00,17.286,0.045,0,0,1.218,369.501,669.521,0.305
2024-09-02 14:00,17.114,0.049,0,0,1.218,265.661,538.280,0.408
2024-09-02 15:00,16.688,0.028,0,0,1.219,164.494,380.978,0.355
2024-09-02 16:00,15.944,0.009,0,0,1.220,80.021,208.420,0.322
2024-09-02 17:00,14.436,0.004,0,0,1.223,11.725,40.897,0.216
2024-09-02 18:00,13.483,0.002,0,0,1.225,0,0,0.100
2024-09-02 19:00,13.030,0.001,0,0,1.227,0,0,0.050
2024-09-02 20:00,12.623,0,0,0,1.229,0,0,0.044
2024-09-02 21:00,12.243,0,0,0,1.231,0,0,0.042
2024-09-02 22:00,11.916,0,0,0,1.233,0,0,0.217
2024-09-02 23:00,11.703,0.002,0,0,1.235,0,0,0.431
2024-09-03 00:00,11.612,0.005,0,0,1.235,0,0,0.692
2024-09-03 01:00,11.770,0.007,0,0,1.236,0,0,0.758
2024-09-03 02:00,11.737,0.007,0,0,1.236,0,0,0.944
2024-09-03 03:00,11.758,0.003,0,0,1.235,0.081,0.558,0.933
2024-09-03 04:00,12.494,0.001,0,0,1.233,19.433,100.571,0.951
2024-09-03 05:00,13.880,0.001,0,0,1.232,68.110,276.271,0.959
2024-09-03 06:00,15.047,0,0,0,1.230,156.954,443.524,0.937
2024-09-03 07:00,16.438,0,0,0,1.225,251.927,591.015,0.937
2024-09-03 08:00,17.538,0,0,0,1.221,302.100,708.507,0.944
2024-09-03 09:00,18.393,0,0,0,1.218,373.365,788.007,0.957
2024-09-03 10:00,19.058,0,0,0,1.216,443.446,824.185,0.959
2024-09-03 11:00,19.376,0,0,0,1.215,450.960,814.506,0.923
2024-09-03 12:00,19.522,0,0,0,1.214,461.355,759.564,0.803
2024-09-03 13:00,19.507,0,0,0,1.214,449.051,663.021,0.650
2024-09-03 14:00,19.132,0,0,0,1.214,352.184,531.679,0.672
2024-09-03 15:00,18.487,0,0,0,1.216,227.223,374.096,0.715
2024-09-03 16:00,17.440,0,0,0,1.219,100.976,201.258,0.823
2024-09-03 17:00,15.683,0,0,0,1.222,12.263,36.029,0.902
2024-09-03 18:00,14.894,0,0,0,1.226,0,0,0.937
2024-09-03 19:00,14.521,0,0,0,1.228,0,0,0.940
2024-09-03 20:00,14.149,0,0,0,1.229,0,0,0.938
2024-09-03 21:00,13.949,0.003,0,0,1.230,0,0,0.938
2024-09-03 22:00,13.858,0.008,0,0,1.229,0,0,0.942
2024-09-03 23:00,13.865,0.010,0,0,1.229,0,0,0.942
2024-09-04 00:00,13.936,0.012,0,0,1.228,0,0,0.942
2024-09-04 01:00,14.002,0.016,0,0,1.227,0,0,0.942
2024-09-04 02:00,14.117,0.021,0,0,1.226,0,0,0.934
2024-09-04 03:00,14.263,0.030,0,0,1.225,0.030,0.149,0.878
2024-09-04 04:00,15.009,0.034,0,0,1.223,37.124,93.252,0.702
2024-09-04 05:00,16.497,0.029,0,0,1.222,144.808,269.146,0.571
2024-09-04 06:00,17.637,0.008,0,0,1.218,271.109,436.649,0.464
2024-09-04 07:00,19.324,0,0,0,1.212,389.526,584.279,0.312
2024-09-04 08:00,21.126,0,0,0,1.205,487.175,702.007,0.107
2024-09-04 09:00,22.590,0.002,0,0,1.199,551.847,781.595,0.013
2024-09-04 10:00,23.756,0.003,0,0,1.194,581.625,817.841,0
2024-09-04 11:00,24.518,0.003,0,0,1.190,572.738,808.027,0
2024-09-04 12:00,24.844,0.002,0,0,1.189,524.550,753.144,0
2024-09-04 13:00,24.729,0.001,0,0,1.188,444.229,656.521,0
2024-09-04 14:00,24.245,0.001,0,0,1.189,337.291,524.766,0
2024-09-04 15:00,23.243,0,0,0,1.192,214.536,367.096,0
2024-09-04 16:00,21.300,0,0,0,1.199,93.341,194.029,0.001
2024-09-04 17:00,18.853,0,0,0,1.206,10.051,31.445,0.036
2024-09-04 18:00,17.762,0.001,0,0,1.213,0,0,0.070
2024-09-04 19:00,17.282,0.014,0,0,1.216,0,0,0.087
2024-09-04 20:00,16.927,0.008,0,0,1.218,0,0,0.219
2024-09-04 21:00,16.699,0.003,0,0,1.219,0,0,0.172
2024-09-04 22:00,16.414,0.003,0,0,1.220,0,0,0.114
2024-09-04 23:00,16.144,0.004,0,0,1.219,0,0,0.068
2024-09-05 00:00,15.937,0.005,0,0,1.220,0,0,0.037
2024-09-05 01:00,15.736,0.005,0,0,1.220,0,0,0.018
2024-09-05 02:00,15.498,0.005,0,0,1.221,0,0,0.032
2024-09-05 03:00,15.320,0.005,0,0,1.221,0.002,0.012,0.008
2024-09-05 04:00,15.869,0.006,0,0,1.222,35.083,85.945,0
2024-09-05 05:00,17.610,0.008,0,0,1.222,144.767,262.014,0
2024-09-05 06:00,18.851,0.004,0,0,1.218,272.128,429.693,0
2024-09-05 07:00,20.676,0.002,0,0,1.212,392.139,577.529,0
2024-09-05 08:00,22.664,0,0,0,1.203,491.025,695.271,0
2024-09-05 09:00,23.983,0,0,0,1.198,556.392,775.095,0
2024-09-05 10:00,24.802,0,0,0,1.195,587.781,811.421,0
2024-09-05 11:00,25.275,0,0,0,1.194,580.009,801.607,0.001
2024-09-05 12:00,25.446,0,0,0,1.193,529.655,746.496,0.003
2024-09-05 13:00,25.343,0,0,0,1.193,449.370,649.778,0.007
2024-09-05 14:00,24.865,0,0,0,1.193,341.719,518.016,0.017
2024-09-05 15:00,23.738,0,0,0,1.196,217.255,360.022,0.019
2024-09-05 16:00,21.347,0,0,0,1.202,93.301,186.781,0.025
2024-09-05 17:00,18.490,0,0,0,1.209,9.015,27.151,0.028
2024-09-05 18:00,17.404,0,0,0,1.215,0,0,0.029
2024-09-05 19:00,16.768,0,0,0,1.219,0,0,0.030
2024-09-05 20:00,16.123,0,0,0,1.221,0,0,0.040
2024-09-05 21:00,15.606,0,0,0,1.222,0,0,0.055
2024-09-05 22:00,15.243,0,0,0,1.223,0,0,0.067
2024-09-05 23:00,14.948,0.001,0,0,1.224,0,0,0.086
2024-09-06 00:00,14.812,0.002,0,0,1.224,0,0,0.158
2024-09-06 01:00,14.706,0.002,0,0,1.225,0,0,0.208
2024-09-06 02:00,14.612,0.002,0,0,1.225,0,0,0.184
2024-09-06 03:00,14.524,0.001,0,0,1.225,0,0,0.113
2024-09-06 04:00,14.904,0.001,0,0,1.225,30.225,78.776,0.064
2024-09-06 05:00,17.038,0,0,0,1.224,135.981,254.849,0.002
2024-09-06 06:00,18.476,0,0,0,1.220,261.764,422.693,0
2024-09-06 07:00,20.518,0,0,0,1.212,382.380,570.765,0
2024-09-06 08:00,22.150,0,0,0,1.205,483.010,688.757,0
2024-09-06 09:00,22.981,0,0,0,1.202,558.178,768.595,0
2024-09-06 10:00,23.195,0,0,0,1.201,592.718,804.921,0
2024-09-06 11:00,23.100,0,0,0,1.201,587.889,795.093,0
2024-09-06 12:00,22.844,0,0,0,1.202,541.760,739.916,0
2024-09-06 13:00,22.430,0,0,0,1.203,461.744,643.028,0
2024-09-06 14:00,21.750,0,0,0,1.204,352.717,511.098,0
2024-09-06 15:00,20.713,0,0,0,1.207,225.351,352.941,0
2024-09-06 16:00,19.149,0,0,0,1.211,96.317,179.432,0
2024-09-06 17:00,16.585,0,0,0,1.215,8.278,23.155,0.003
2024-09-06 18:00,15.725,0,0,0,1.218,0,0,0.055
2024-09-06 19:00,15.280,0.008,0,0,1.220,0,0,0.159
2024-09-06 20:00,14.934,0.018,0,0,1.220,0,0,0.460
2024-09-06 21:00,14.867,0.013,0,0,1.219,0,0,0.600
2024-09-06 22:00,14.727,0.013,0,0,1.219,0,0,0.400
2024-09-06 23:00,14.619,0.013,0,0,1.218,0,0,0.137
2024-09-07 00:00,14.617,0.008,0,0,1.218,0,0,0.012
2024-09-07 01:00,14.836,0.008,0,0,1.217,0,0,0.050
2024-09-07 02:00,15.243,0.008,0,0,1.217,0,0,0.091
2024-09-07 03:00,15.533,0.025,0,0,1.218,0,0,0.109
2024-09-07 04:00,15.726,0.032,0,0,1.219,28.187,71.889,0.191
2024-09-07 05:00,16.567,0.029,0,0,1.220,131.585,247.538,0.198
2024-09-07 06:00,17.550,0.018,0,0,1.218,254.959,415.686,0.194
2024-09-07 07:00,18.968,0.004,0,0,1.213,371.139,563.867,0.227
2024-09-07 08:00,20.584,0.003,0,0,1.208,465.476,682.007,0.292
2024-09-07 09:00,22.053,0,0,0,1.202,529.264,761.845,0.360
2024-09-07 10:00,23.343,0,0,0,1.196,549.858,798.192,0.452
2024-09-07 11:00,23.975,0,0,0,1.192,529.557,788.513,0.532
2024-09-07 12:00,24.154,0,0,0,1.190,467.634,733.246,0.598
2024-09-07 13:00,24.063,0,0,0,1.189,385.940,636.278,0.525
2024-09-07 14:00,23.672,0,0,0,1.189,289.750,504.145,0.388
2024-09-07 15:00,22.818,0,0,0,1.191,186.100,345.816,0.189
2024-09-07 16:00,20.999,0,0,0,1.196,76.055,172.059,0.036
2024-09-07 17:00,18.635,0,0,0,1.201,5.464,19.474,0.035
2024-09-07 18:00,17.746,0,0,0,1.205,0,0,0.138
2024-09-07 19:00,17.332,0,0,0,1.207,0,0,0.231
2024-09-07 20:00,16.887,0,0,0,1.208,0,0,0.370
2024-09-07 21:00,16.565,0,0,0,1.209,0,0,0.613
2024-09-07 22:00,16.326,0.001,0,0,1.209,0,0,0.762
2024-09-07 23:00,16.164,0.001,0,0,1.209,0,0,0.768
2024-09-08 00:00,16.088,0,0,0,1.209,0,0,0.874
2024-09-08 01:00,16.110,0,0,0,1.209,0,0,0.891
2024-09-08 02:00,16.304,0,0,0,1.209,0,0,0.937
2024-09-08 03:00,16.380,0,0,0,1.208,0,0,0.935
2024-09-08 04:00,16.753,0.001,0,0,1.208,16.711,65.282,0.873
2024-09-08 05:00,18.058,0.004,0,0,1.208,96.980,240.246,0.654
2024-09-08 06:00,19.235,0.002,0,0,1.205,231.853,408.561,0.285
2024-09-08 07:00,21.056,0,0,0,1.198,358.435,556.867,0.098
2024-09-08 08:00,22.640,0,0,0,1.191,454.119,675.108,0.137
2024-09-08 09:00,23.730,0,0,0,1.186,525.653,755.182,0.359
2024-09-08 10:00,24.423,0,0,0,1.183,553.737,791.522,0.683
2024-09-08 11:00,24.703,0,0,0,1.182,538.998,781.843,0.664
2024-09-08 12:00,24.640,0,0,0,1.181,494.240,726.503,0.484
2024-09-08 13:00,24.307,0,0,0,1.181,417.144,629.358,0.290
2024-09-08 14:00,23.702,0,0,0,1.182,309.492,497.071,0.201
2024-09-08 15:00,22.664,0,0,0,1.185,186.512,338.566,0.226
2024-09-08 16:00,21.111,0,0,0,1.190,72.643,164.643,0.115
2024-09-08 17:00,19.419,0,0,0,1.195,4.377,16.089,0.078
2024-09-08 18:00,18.695,0,0,0,1.199,0,0,0.114
2024-09-08 19:00,18.288,0,0,0,1.201,0,0,0.215
2024-09-08 20:00,18.035,0,0,0,1.202,0,0,0.269
2024-09-08 21:00,17.787,0,0,0,1.202,0,0,0.278
2024-09-08 22:00,17.729,0,0,0,1.202,0,0,0.404
2024-09-08 23:00,18.086,0,0,0,1.200,0,0,0.659
2024-09-09 00:00,17.722,0,0,0,1.201,0,0,0.875
2024-09-09 01:00,17.509,0,0,0,1.201,0,0,0.936
2024-09-09 02:00,17.328,0,0,0,1.202,0,0,0.937
2024-09-09 03:00,17.211,0,0,0,1.202,0,0,0.936
2024-09-09 04:00,16.815,0,0,0,1.203,19.689,58.963,0.836
2024-09-09 05:00,17.382,0,0,0,1.201,117.562,232.892,0.594
2024-09-09 06:00,18.731,0,0,0,1.196,243.991,401.361,0.722
2024-09-09 07:00,20.222,0,0,0,1.190,347.521,549.867,0.875
2024-09-09 08:00,21.193,0,0,0,1.186,416.752,668.344,0.855
2024-09-09 09:00,21.564,0,0,0,1.185,449.534,748.432,0.811
2024-09-09 10:00,21.754,0,0,0,1.183,455.840,784.780,0.841
2024-09-09 11:00,22.191,0,0,0,1.181,543.118,775.093,0.935
2024-09-09 12:00,22.163,0,0,0,1.180,489.079,719.732,0.940
2024-09-09 13:00,21.521,0,0,0,1.181,330.474,622.366,0.938
2024-09-09 14:00,20.454,0,0,0,1.183,152.442,490.024,0.932
2024-09-09 15:00,19.753,0,0,0,1.184,69.420,331.319,0.937
2024-09-09 16:00,19.510,0,0,0,1.183,23.928,157.202,0.953
2024-09-09 17:00,19.446,0,0,0,1.182,1.118,13.020,0.970
2024-09-09 18:00,19.514,0.010,0,0,1.181,0,0,0.968
2024-09-09 19:00,19.465,0.186,0,0,1.180,0,0,0.967
2024-09-09 20:00,18.787,0.941,0,0,1.182,0,0,0.978
2024-09-09 21:00,17.888,1.841,0,0,1.185,0,0,0.987
2024-09-09 22:00,17.523,1.741,0,0,1.185,0,0,0.988
2024-09-09 23:00,17.658,1.183,0,0,1.183,0,0,0.984
2024-09-10 00:00,17.780,0.677,0,0,1.181,0,0,0.976
2024-09-10 01:00,17.733,0.489,0,0,1.180,0,0,0.955
2024-09-10 02:00,17.676,0.648,0,0,1.179,0,0,0.961
2024-09-10 03:00,17.637,0.808,0,0,1.179,0,0,0.976
2024-09-10 04:00,17.581,1.130,0,0,1.179,3.068,52.950,0.979
2024-09-10 05:00,17.584,1.039,0,0,1.179,18.242,225.477,0.980
2024-09-10 06:00,17.389,0.615,0,0,1.181,40.572,394.155,0.983
2024-09-10 07:00,16.961,0.171,0,0,1.185,86.090,542.853,0.977
2024-09-10 08:00,16.902,0.036,0,0,1.189,217.846,661.344,0.914
2024-09-10 09:00,17.804,0.005,0,0,1.188,377.181,741.595,0.861
2024-09-10 10:00,18.496,0.001,0,0,1.187,431.915,778.030,0.860
2024-09-10 11:00,18.822,0,0,0,1.186,480.510,768.195,0.836
2024-09-10 12:00,18.797,0,0,0,1.187,451.729,712.753,0.868
2024-09-10 13:00,18.409,0,0,0,1.189,357.401,615.445,0.817
2024-09-10 14:00,17.925,0,0,0,1.191,274.614,482.865,0.625
2024-09-10 15:00,17.429,0,0,0,1.192,188.452,323.984,0.117
2024-09-10 16:00,16.549,0,0,0,1.194,75.539,149.685,0.006
2024-09-10 17:00,14.989,0,0,0,1.197,3.030,10.272,0.008
2024-09-10 18:00,14.354,0,0,0,1.199,0,0,0.020
2024-09-10 19:00,14.331,0,0,0,1.200,0,0,0.052
2024-09-10 20:00,14.091,0,0,0,1.201,0,0,0.031
2024-09-10 21:00,13.813,0,0,0,1.203,0,0,0.029
2024-09-10 22:00,13.631,0,0,0,1.204,0,0,0.036
2024-09-10 23:00,13.597,0.001,0,0,1.205,0,0,0.116
2024-09-11 00:00,13.610,0.003,0,0,1.205,0,0,0.342
2024-09-11 01:00,13.592,0.007,0,0,1.205,0,0,0.659
2024-09-11 02:00,13.638,0.013,0,0,1.204,0,0,0.605
2024-09-11 03:00,13.733,0.018,0,0,1.203,0,0,0.540
2024-09-11 04:00,13.968,0.046,0,0,1.202,15.080,47.249,0.286
2024-09-11 05:00,14.707,0.189,0,0,1.200,100.530,218.039,0.170
2024-09-11 06:00,15.490,0.382,0,0,1.197,194.734,386.905,0.297
2024-09-11 07:00,16.018,0.674,0,0,1.195,253.677,535.704,0.467
2024-09-11 08:00,16.377,1.161,0,0,1.193,266.297,654.344,0.811
2024-09-11 09:00,16.271,1.998,0,0,1.193,157.252,734.682,0.991
2024-09-11 10:00,16.024,2.447,0,0,1.193,112.378,771.258,0.989
2024-09-11 11:00,15.908,2.243,0,0,1.193,104.301,761.351,0.990
2024-09-11 12:00,15.800,2.045,0,0,1.193,98.519,705.833,0.991
2024-09-11 13:00,15.687,1.938,0,0,1.193,83.896,608.445,0.991
2024-09-11 14:00,15.512,1.817,0,0,1.193,58.092,475.693,0.991
2024-09-11 15:00,15.226,1.558,0,0,1.194,37.184,316.613,0.989
2024-09-11 16:00,14.622,1.151,0,0,1.197,15.439,142.124,0.987
2024-09-11 17:00,13.665,0.572,0,0,1.203,0.635,7.844,0.979
2024-09-11 18:00,12.271,0.124,0,0,1.212,0,0,0.941
2024-09-11 19:00,10.907,0.025,0,0,1.220,0,0,0.949
2024-09-11 20:00,10.008,0.005,0,0,1.225,0,0,0.940
2024-09-11 21:00,9.511,0.004,0,0,1.228,0,0,0.812
2024-09-11 22:00,8.988,0.003,0,0,1.229,0,0,0.232
2024-09-11 23:00,8.723,0.003,0,0,1.230,0,0,0.046
2024-09-12 00:00,8.876,0.004,0,0,1.229,0,0,0.198
2024-09-12 01:00,9.442,0.006,0,0,1.228,0,0,0.613
2024-09-12 02:00,9.885,0.006,0,0,1.227,0,0,0.602
2024-09-12 03:00,9.989,0.004,0,0,1.226,0,0,0.464
2024-09-12 04:00,10.169,0.003,0,0,1.225,15.321,41.836,0.543
2024-09-12 05:00,11.649,0.002,0,0,1.224,96.310,210.536,0.781
2024-09-12 06:00,12.729,0,0,0,1.222,198.635,379.570,0.716
2024-09-12 07:00,14.074,0.001,0,0,1.218,329.873,528.603,0.435
2024-09-12 08:00,15.377,0.001,0,0,1.215,457.588,647.344,0.429
2024-09-12 09:00,15.910,0.001,0,0,1.213,439.144,727.682,0.883
2024-09-12 10:00,16.010,0.001,0,0,1.213,376.881,764.266,0.975
2024-09-12 11:00,15.713,0.001,0,0,1.214,249.685,754.431,0.981
2024-09-12 12:00,15.404,0.003,0,0,1.215,185.623,698.841,0.977
2024-09-12 13:00,15.071,0.007,0,0,1.217,140.730,601.366,0.976
2024-09-12 14:00,14.656,0.015,0,0,1.218,97.790,468.483,0.963
2024-09-12 15:00,14.102,0.029,0,0,1.219,54.783,309.238,0.949
2024-09-12 16:00,13.317,0.069,0,0,1.221,19.204,134.562,0.947
2024-09-12 17:00,12.645,0.120,0,0,1.223,0.459,5.739,0.957
2024-09-12 18:00,12.528,0.154,0,0,1.225,0,0,0.794
2024-09-12 19:00,11.768,0.115,0,0,1.227,0,0,0.854
2024-09-12 20:00,11.352,0.078,0,0,1.227,0,0,0.957
2024-09-12 21:00,11.344,0.060,0,0,1.228,0,0,0.857
2024-09-12 22:00,10.951,0.030,0,0,1.230,0,0,0.531
2024-09-12 23:00,10.637,0.029,0,0,1.231,0,0,0.607
2024-09-13 00:00,10.934,0.009,0,0,1.232,0,0,0.767
2024-09-13 01:00,11.365,0.003,0,0,1.232,0,0,0.670
2024-09-13 02:00,11.545,0.002,0,0,1.232,0,0,0.590
2024-09-13 03:00,11.596,0.002,0,0,1.232,0,0,0.561
2024-09-13 04:00,11.567,0.001,0,0,1.233,10.653,36.755,0.476
2024-09-13 05:00,11.862,0.001,0,0,1.233,84.500,202.995,0.825
2024-09-13 06:00,13.380,0.001,0,0,1.231,192.445,372.199,0.606
2024-09-13 07:00,15.319,0,0,0,1.227,313.416,521.353,0.353
2024-09-13 08:00,15.840,0,0,0,1.223,434.740,640.182,0.275
2024-09-13 09:00,16.683,0,0,0,1.220,525.338,720.682,0.348
2024-09-13 10:00,17.295,0,0,0,1.218,553.661,757.266,0.764
2024-09-13 11:00,17.692,0,0,0,1.216,521.074,747.431,0.838
2024-09-13 12:00,17.851,0,0,0,1.214,443.422,691.833,0.878
2024-09-13 13:00,17.786,0,0,0,1.214,358.858,594.195,0.881
2024-09-13 14:00,17.514,0,0,0,1.214,265.734,461.118,0.857
2024-09-13 15:00,16.852,0,0,0,1.214,166.406,301.782,0.676
2024-09-13 16:00,15.037,0,0,0,1.217,59.066,126.930,0.502
2024-09-13 17:00,13.367,0,0,0,1.220,0.983,3.955,0.615
2024-09-13 18:00,12.509,0,0,0,1.223,0,0,0.727
2024-09-13 19:00,11.926,0,0,0,1.226,0,0,0.764
2024-09-13 20:00,11.680,0,0,0,1.229,0,0,0.856
2024-09-13 21:00,11.466,0,0,0,1.232,0,0,0.751
2024-09-13 22:00,11.003,0,0,0,1.233,0,0,0.498
2024-09-13 23:00,10.597,0,0,0,1.235,0,0,0.448
2024-09-14 00:00,10.225,0,0,0,1.238,0,0,0.720
2024-09-14 01:00,10.319,0,0,0,1.240,0,0,0.825
2024-09-14 02:00,10.415,0.003,0,0,1.242,0,0,0.884
2024-09-14 03:00,10.403,0.004,0,0,1.245,0,0,0.882
2024-09-14 04:00,10.028,0.005,0,0,1.247,9.468,31.982,0.801
2024-09-14 05:00,10.781,0.002,0,0,1.246,87.207,195.453,0.730
2024-09-14 06:00,12.015,0,0,0,1.243,220.085,364.813,0.611
2024-09-14 07:00,14.006,0,0,0,1.235,345.343,514.103,0.519
2024-09-14 08:00,15.522,0,0,0,1.229,448.708,633.094,0.796
2024-09-14 09:00,16.508,0,0,0,1.225,491.395,713.682,0.886
2024-09-14 10:00,17.002,0,0,0,1.222,461.782,750.266,0.892
2024-09-14 11:00,17.244,0,0,0,1.221,437.381,740.431,0.876
2024-09-14 12:00,17.337,0,0,0,1.220,413.123,684.591,0.732
2024-09-14 13:00,17.243,0,0,0,1.220,347.806,586.953,0.558
2024-09-14 14:00,16.953,0,0,0,1.221,279.625,453.787,0.213
2024-09-14 15:00,16.217,0,0,0,1.224,173.961,294.282,0.107
2024-09-14 16:00,14.753,0,0,0,1.228,58.405,119.283,0.018
2024-09-14 17:00,12.776,0,0,0,1.234,0.640,2.512,0.003
2024-09-14 18:00,11.759,0,0,0,1.239,0,0,0
2024-09-14 19:00,11.068,0,0,0,1.244,0,0,0
2024-09-14 20:00,10.469,0,0,0,1.248,0,0,0
2024-09-14 21:00,9.895,0,0,0,1.251,0,0,0
2024-09-14 22:00,9.408,0,0,0,1.253,0,0,0
2024-09-14 23:00,8.977,0,0,0,1.255,0,0,0
2024-09-15 00:00,8.546,0,0,0,1.256,0,0,0
2024-09-15 01:00,8.304,0.001,0,0,1.257,0,0,0.033
2024-09-15 02:00,8.237,0.005,0,0,1.258,0,0,0.148
2024-09-15 03:00,8.261,0.008,0,0,1.259,0,0,0.232
2024-09-15 04:00,8.289,0.006,0,0,1.260,9.083,27.529,0.201
2024-09-15 05:00,9.298,0,0,0,1.258,105.745,187.830,0.005
2024-09-15 06:00,10.687,0,0,0,1.254,235.583,357.324,0.001
2024-09-15 07:00,12.963,0,0,0,1.245,359.145,506.775,0
2024-09-15 08:00,14.740,0,0,0,1.238,460.283,625.924,0
2024-09-15 09:00,15.851,0,0,0,1.234,528.337,706.512,0
2024-09-15 10:00,16.678,0,0,0,1.231,559.500,743.110,0.003
2024-09-15 11:00,17.239,0,0,0,1.228,550.657,733.188,0.062
2024-09-15 12:00,17.560,0,0,0,1.226,500.923,677.577,0.182
2024-09-15 13:00,17.667,0,0,0,1.224,415.971,579.703,0.428
2024-09-15 14:00,17.612,0,0,0,1.224,300.830,446.412,0.709
2024-09-15 15:00,17.066,0,0,0,1.224,169.833,286.782,0.713
2024-09-15 16:00,15.251,0,0,0,1.226,51.445,111.587,0.540
2024-09-15 17:00,13.555,0,0,0,1.229,0.332,1.401,0.355
2024-09-15 18:00,12.231,0,0,0,1.232,0,0,0.223
2024-09-15 19:00,11.281,0,0,0,1.235,0,0,0.155
2024-09-15 20:00,10.687,0,0,0,1.237,0,0,0.290
2024-09-15 21:00,10.325,0,0,0,1.239,0,0,0.395
2024-09-15 22:00,10.133,0,0,0,1.241,0,0,0.429
2024-09-15 23:00,10.121,0,0,0,1.242,0,0,0.622
2024-09-16 00:00,10.129,0,0,0,1.243,0,0,0.588
2024-09-16 01:00,9.768,0,0,0,1.245,0,0,0.626
2024-09-16 02:00,8.868,0,0,0,1.246,0,0,0.868
2024-09-16 03:00,8.411,0,0,0,1.246,0,0,0.938
2024-09-16 04:00,8.666,0,0,0,1.246,5.664,23.397,0.942
2024-09-16 05:00,10.129,0,0,0,1.246,54.262,180.164,0.945
2024-09-16 06:00,12.170,0,0,0,1.244,115.496,349.857,0.941
2024-09-16 07:00,13.222,0,0,0,1.241,162.341,499.440,0.896
2024-09-16 08:00,14.375,0.005,0,0,1.237,224.491,618.682,0.789
2024-09-16 09:00,15.224,0.030,0,0,1.234,255.984,699.270,0.836
2024-09-16 10:00,15.607,0.080,0,0,1.232,249.270,735.867,0.968
2024-09-16 11:00,15.484,0.111,0,0,1.232,183.052,726.032,0.980
2024-09-16 12:00,15.407,0.081,0,0,1.232,171.372,670.327,0.923
2024-09-16 13:00,15.646,0.087,0,0,1.232,193.234,572.453,0.958
2024-09-16 14:00,15.626,0.104,0,0,1.231,149.869,439.030,0.967
2024-09-16 15:00,15.234,0.085,0,0,1.232,82.500,279.201,0.962
2024-09-16 16:00,14.186,0.047,0,0,1.233,25.780,103.879,0.955
2024-09-16 17:00,13.220,0.021,0,0,1.234,0.078,0.622,0.955
2024-09-16 18:00,12.973,0.008,0,0,1.236,0,0,0.959
2024-09-16 19:00,12.948,0.008,0,0,1.237,0,0,0.959
2024-09-16 20:00,12.898,0.008,0,0,1.238,0,0,0.952
2024-09-16 21:00,12.683,0.010,0,0,1.239,0,0,0.916
2024-09-16 22:00,12.401,0.008,0,0,1.241,0,0,0.727
2024-09-16 23:00,12.078,0.003,0,0,1.242,0,0,0.540
2024-09-17 00:00,11.698,0.001,0,0,1.244,0,0,0.698
2024-09-17 01:00,11.421,0.001,0,0,1.246,0,0,0.931
2024-09-17 02:00,11.087,0,0,0,1.248,0,0,0.964
2024-09-17 03:00,10.782,0,0,0,1.250,0,0,0.954
2024-09-17 04:00,10.503,0,0,0,1.251,4.257,19.595,0.944
2024-09-17 05:00,11.190,0,0,0,1.252,44.254,172.496,0.940
2024-09-17 06:00,12.013,0,0,0,1.252,97.347,342.357,0.947
2024-09-17 07:00,12.840,0,0,0,1.250,165.457,491.991,0.963
2024-09-17 08:00,14.845,0,0,0,1.242,295.636,611.261,0.948
2024-09-17 09:00,17.005,0,0,0,1.233,390.564,692.020,0.946
2024-09-17 10:00,17.933,0,0,0,1.229,423.739,728.697,0.960
2024-09-17 11:00,18.445,0,0,0,1.226,396.512,718.782,0.960
2024-09-17 12:00,18.686,0,0,0,1.224,324.472,662.928,0.961
2024-09-17 13:00,18.376,0,0,0,1.224,210.507,565.033,0.961
2024-09-17 14:00,17.533,0,0,0,1.225,107.400,431.537,0.969
2024-09-17 15:00,16.401,0,0,0,1.226,47.559,271.576,0.973
2024-09-17 16:00,15.387,0,0,0,1.228,13.386,96.120,0.963
2024-09-17 17:00,14.540,0,0,0,1.231,0.020,0.177,0.944
2024-09-17 18:00,13.952,0,0,0,1.234,0,0,0.941
2024-09-17 19:00,13.428,0,0,0,1.237,0,0,0.931
2024-09-17 20:00,12.863,0,0,0,1.239,0,0,0.812
2024-09-17 21:00,12.214,0.002,0,0,1.242,0,0,0.587
2024-09-17 22:00,11.901,0.003,0,0,1.245,0,0,0.567
2024-09-17 23:00,11.715,0.008,0,0,1.247,0,0,0.732
2024-09-18 00:00,11.536,0.011,0,0,1.249,0,0,0.944
2024-09-18 01:00,11.339,0.011,0,0,1.250,0,0,0.955
2024-09-18 02:00,11.141,0.012,0,0,1.251,0,0,0.953
2024-09-18 03:00,10.882,0.012,0,0,1.252,0,0,0.946
2024-09-18 04:00,10.920,0.011,0,0,1.253,3.717,16.124,0.937
2024-09-18 05:00,11.567,0.009,0,0,1.254,63.614,164.805,0.821
2024-09-18 06:00,12.866,0.004,0,0,1.254,189.377,334.736,0.847
2024-09-18 07:00,14.631,0,0,0,1.247,305.142,484.491,0.791
2024-09-18 08:00,16.279,0,0,0,1.242,414.186,603.932,0.876
2024-09-18 09:00,17.605,0,0,0,1.236,483.192,684.770,0.912
2024-09-18 10:00,18.482,0,0,0,1.232,493.780,721.447,0.938
2024-09-18 11:00,18.894,0,0,0,1.229,426.303,711.518,0.941
2024-09-18 12:00,18.874,0,0,0,1.228,314.628,655.678,0.942
2024-09-18 13:00,18.544,0,0,0,1.228,219.897,557.555,0.936
2024-09-18 14:00,18.078,0,0,0,1.228,138.505,423.956,0.936
2024-09-18 15:00,16.987,0,0,0,1.230,71.437,263.951,0.934
2024-09-18 16:00,16.053,0,0,0,1.232,19.696,88.388,0.939
2024-09-18 17:00,15.264,0,0,0,1.234,0.004,0.030,0.942
2024-09-18 18:00,14.720,0,0,0,1.237,0,0,0.880
2024-09-18 19:00,14.302,0,0,0,1.239,0,0,0.777
2024-09-18 20:00,13.973,0,0,0,1.241,0,0,0.554
2024-09-18 21:00,13.679,0,0,0,1.243,0,0,0.186
2024-09-18 22:00,13.435,0,0,0,1.245,0,0,0.073
2024-09-18 23:00,13.146,0,0,0,1.246,0,0,0.136
2024-09-19 00:00,12.795,0,0,0,1.248,0,0,0.146
2024-09-19 01:00,12.352,0,0,0,1.250,0,0,0.048
2024-09-19 02:00,11.877,0,0,0,1.252,0,0,0.057
2024-09-19 03:00,11.552,0.001,0,0,1.253,0,0,0.202
2024-09-19 04:00,11.444,0.001,0,0,1.254,4.289,12.987,0.301
2024-09-19 05:00,11.874,0.001,0,0,1.255,81.979,157.040,0.184
2024-09-19 06:00,13.145,0.006,0,0,1.254,205.568,327.151,0.047
2024-09-19 07:00,14.968,0.007,0,0,1.247,325.385,477.031,0.005
2024-09-19 08:00,17.523,0,0,0,1.236,425.090,596.511,0
2024-09-19 09:00,18.727,0,0,0,1.232,495.051,677.357,0
2024-09-19 10:00,19.598,0,0,0,1.228,526.270,714.103,0
2024-09-19 11:00,20.196,0,0,0,1.225,517.523,704.268,0
2024-09-19 12:00,20.437,0,0,0,1.222,470.165,648.327,0
2024-09-19 13:00,20.312,0,0,0,1.221,387.305,550.055,0
2024-09-19 14:00,19.751,0,0,0,1.221,277.124,416.456,0.016
2024-09-19 15:00,18.304,0,0,0,1.222,151.074,256.288,0.134
2024-09-19 16:00,15.483,0,0,0,1.225,36.372,80.861,0.307
2024-09-19 17:00,13.874,0,0,0,1.230,0,0.001,0.550
2024-09-19 18:00,13.377,0,0,0,1.234,0,0,0.676
2024-09-19 19:00,13.159,0,0,0,1.238,0,0,0.659
2024-09-19 20:00,12.690,0,0,0,1.241,0,0,0.545
2024-09-19 21:00,12.128,0,0,0,1.244,0,0,0.429
2024-09-19 22:00,11.619,0,0,0,1.246,0,0,0.328
2024-09-19 23:00,11.168,0.003,0,0,1.249,0,0,0.251
2024-09-20 00:00,10.791,0.010,0,0,1.251,0,0,0.196
2024-09-20 01:00,10.527,0.015,0,0,1.252,0,0,0.126
2024-09-20 02:00,10.355,0.017,0,0,1.253,0,0,0.041
2024-09-20 03:00,10.249,0.012,0,0,1.253,0,0,0.021
2024-09-20 04:00,10.207,0.011,0,0,1.253,3.111,10.181,0.023
2024-09-20 05:00,11.490,0.010,0,0,1.253,75.324,149.290,0.023
2024-09-20 06:00,12.826,0.002,0,0,1.250,197.131,319.526,0.005
2024-09-20 07:00,14.705,0,0,0,1.243,318.719,469.484,0
2024-09-20 08:00,16.827,0,0,0,1.234,418.408,589.019,0.002
2024-09-20 09:00,18.254,0,0,0,1.227,488.713,670.006,0.004
2024-09-20 10:00,19.230,0,0,0,1.222,520.318,706.705,0.005
2024-09-20 11:00,19.889,0,0,0,1.218,511.952,696.776,0.004
2024-09-20 12:00,20.237,0,0,0,1.216,462.513,640.914,0.003
2024-09-20 13:00,20.258,0,0,0,1.214,379.215,542.634,0.003
2024-09-20 14:00,19.918,0,0,0,1.213,269.029,408.871,0.006
2024-09-20 15:00,18.693,0,0,0,1.214,144.480,248.562,0.012
2024-09-20 16:00,16.092,0,0,0,1.216,32.273,73.619,0.028
2024-09-20 17:00,14.629,0,0,0,1.219,0,0,0.028
2024-09-20 18:00,14.291,0,0,0,1.223,0,0,0.006
2024-09-20 19:00,13.829,0,0,0,1.229,0,0,0.005
2024-09-20 20:00,13.278,0.001,0,0,1.234,0,0,0.050
2024-09-20 21:00,12.801,0.006,0,0,1.238,0,0,0.328
2024-09-20 22:00,12.224,0.014,0,0,1.240,0,0,0.593
2024-09-20 23:00,11.907,0.015,0,0,1.241,0,0,0.606
2024-09-21 00:00,11.676,0.016,0,0,1.242,0,0,0.503
2024-09-21 01:00,11.450,0.016,0,0,1.243,0,0,0.315
2024-09-21 02:00,11.201,0.014,0,0,1.244,0,0,0.092
2024-09-21 03:00,10.895,0.021,0,0,1.246,0,0,0.021
2024-09-21 04:00,10.542,0.022,0,0,1.248,2.167,7.715,0.046
2024-09-21 05:00,11.263,0.021,0,0,1.249,67.481,141.498,0.063
2024-09-21 06:00,12.496,0.014,0,0,1.246,184.178,311.779,0.041
2024-09-21 07:00,14.110,0.009,0,0,1.240,303.934,461.903,0.021
2024-09-21 08:00,15.664,0.007,0,0,1.234,398.509,581.519,0.036
2024-09-21 09:00,16.881,0.002,0,0,1.229,455.804,662.600,0.121
2024-09-21 10:00,17.470,0.004,0,0,1.226,449.452,699.205,0.255
2024-09-21 11:00,17.371,0.007,0,0,1.227,382.440,689.370,0.332
2024-09-21 12:00,16.910,0.005,0,0,1.229,339.473,633.414,0.457
2024-09-21 13:00,16.157,0.004,0,0,1.232,242.907,535.120,0.661
2024-09-21 14:00,15.219,0.003,0,0,1.236,142.040,401.249,0.749
2024-09-21 15:00,14.184,0.002,0,0,1.240,65.561,240.832,0.822
2024-09-21 16:00,13.138,0.002,0,0,1.245,12.737,66.695,0.876
2024-09-21 17:00,12.336,0.002,0,0,1.249,0,0,0.901
2024-09-21 18:00,11.835,0.001,0,0,1.252,0,0,0.874
2024-09-21 19:00,11.493,0.001,0,0,1.253,0,0,0.796
2024-09-21 20:00,11.162,0,0,0,1.254,0,0,0.611
2024-09-21 21:00,10.931,0,0,0,1.254,0,0,0.444
2024-09-21 22:00,10.094,0,0,0,1.255,0,0,0.572
2024-09-21 23:00,10.106,0,0,0,1.254,0,0,0.732
2024-09-22 00:00,10.088,0,0,0,1.254,0,0,0.784
2024-09-22 01:00,10.048,0,0,0,1.253,0,0,0.871
2024-09-22 02:00,10.167,0.001,0,0,1.252,0,0,0.911
2024-09-22 03:00,10.316,0.001,0,0,1.251,0,0,0.914
2024-09-22 04:00,10.494,0.002,0,0,1.251,0.696,5.594,0.941
2024-09-22 05:00,11.126,0.002,0,0,1.250,22.154,133.685,0.950
2024-09-22 06:00,11.850,0.002,0,0,1.249,61.567,304.069,0.967
2024-09-22 07:00,12.476,0.002,0,0,1.246,101.880,454.278,0.988
2024-09-22 08:00,13.016,0.002,0,0,1.244,129.515,574.019,0.994
2024-09-22 09:00,13.474,0.002,0,0,1.241,144.404,655.100,0.996
2024-09-22 10:00,13.843,0.002,0,0,1.239,141.991,691.784,0.997
2024-09-22 11:00,14.134,0.002,0,0,1.237,137.828,681.870,0.998
2024-09-22 12:00,14.401,0.001,0,0,1.234,135.996,625.914,0.996
2024-09-22 13:00,14.608,0.001,0,0,1.232,130.090,527.540,0.994
2024-09-22 14:00,14.622,0,0,0,1.230,100.133,393.543,0.993
2024-09-22 15:00,14.224,0,0,0,1.229,53.111,233.079,0.993
2024-09-22 16:00,13.332,0,0,0,1.229,10.837,60.121,0.994
2024-09-22 17:00,12.929,0,0,0,1.229,0,0,0.994
2024-09-22 18:00,13.045,0,0,0,1.229,0,0,0.995
2024-09-22 19:00,13.064,0.001,0,0,1.229,0,0,0.995
2024-09-22 20:00,13.059,0.001,0,0,1.229,0,0,0.994
2024-09-22 21:00,13.074,0.001,0,0,1.229,0,0,0.993
2024-09-22 22:00,13.010,0.001,0,0,1.229,0,0,0.988
2024-09-22 23:00,12.936,0.002,0,0,1.229,0,0,0.985
2024-09-23 00:00,12.870,0.004,0,0,1.228,0,0,0.981
2024-09-23 01:00,12.717,0.005,0,0,1.228,0,0,0.966
2024-09-23 02:00,12.621,0.008,0,0,1.227,0,0,0.982
2024-09-23 03:00,12.631,0.009,0,0,1.227,0,0,0.992
2024-09-23 04:00,12.585,0.011,0,0,1.226,0.521,3.816,0.992
2024-09-23 05:00,12.971,0.009,0,0,1.225,29.899,125.832,0.983
2024-09-23 06:00,13.832,0.005,0,0,1.224,99.321,296.323,0.959
2024-09-23 07:00,14.764,0.007,0,0,1.221,192.676,446.653,0.917
2024-09-23 08:00,15.717,0.002,0,0,1.217,284.363,566.356,0.882
2024-09-23 09:00,16.510,0.002,0,0,1.214,348.740,647.437,0.869
2024-09-23 10:00,17.064,0.001,0,0,1.211,380.646,684.284,0.830
2024-09-23 11:00,17.448,0,0,0,1.209,393.398,674.355,0.710
2024-09-23 12:00,17.730,0,0,0,1.207,391.168,618.266,0.430
2024-09-23 13:00,17.715,0,0,0,1.205,315.799,519.878,0.320
2024-09-23 14:00,17.393,0,0,0,1.204,207.035,385.874,0.304
2024-09-23 15:00,16.616,0,0,0,1.205,98.572,225.288,0.214
2024-09-23 16:00,14.803,0,0,0,1.208,17.374,53.869,0.182
2024-09-23 17:00,13.827,0.003,0,0,1.210,0,0,0.151
2024-09-23 18:00,13.506,0.003,0,0,1.212,0,0,0.058
2024-09-23 19:00,12.975,0.005,0,0,1.212,0,0,0.013
2024-09-23 20:00,12.604,0.010,0,0,1.212,0,0,0.017
2024-09-23 21:00,12.431,0.011,0,0,1.212,0,0,0.042
2024-09-23 22:00,12.238,0.021,0,0,1.212,0,0,0.137
2024-09-23 23:00,12.114,0.023,0,0,1.212,0,0,0.040
2024-09-24 00:00,12.004,0.025,0,0,1.212,0,0,0.007
2024-09-24 01:00,11.859,0.027,0,0,1.212,0,0,0.218
2024-09-24 02:00,11.828,0.027,0,0,1.211,0,0,0.740
2024-09-24 03:00,12.004,0.030,0,0,1.211,0,0,0.879
2024-09-24 04:00,12.327,0.029,0,0,1.210,0.466,2.378,0.943
2024-09-24 05:00,13.454,0.030,0,0,1.210,34.249,117.997,0.967
2024-09-24 06:00,14.361,0.030,0,0,1.209,93.159,288.573,0.969
2024-09-24 07:00,14.814,0.025,0,0,1.208,134.962,438.946,0.978
2024-09-24 08:00,15.282,0.008,0,0,1.206,210.549,558.769,0.965
2024-09-24 09:00,16.333,0,0,0,1.202,364.235,639.857,0.943
2024-09-24 10:00,18.030,0,0,0,1.196,460.871,676.784,0.915
2024-09-24 11:00,18.996,0,0,0,1.191,449.728,666.855,0.897
2024-09-24 12:00,19.191,0,0,0,1.188,362.632,610.766,0.929
2024-09-24 13:00,18.781,0,0,0,1.188,217.789,512.216,0.968
2024-09-24 14:00,17.887,0,0,0,1.190,101.644,378.168,0.983
2024-09-24 15:00,16.711,0,0,0,1.193,34.978,217.477,0.987
2024-09-24 16:00,15.871,0.001,0,0,1.196,5.700,47.950,0.988
2024-09-24 17:00,15.401,0.003,0,0,1.198,0,0,0.988
2024-09-24 18:00,15.120,0.010,0,0,1.199,0,0,0.981
2024-09-24 19:00,14.864,0.014,0,0,1.199,0,0,0.975
2024-09-24 20:00,14.662,0.016,0,0,1.199,0,0,0.983
2024-09-24 21:00,14.626,0.016,0,0,1.198,0,0,0.978
2024-09-24 22:00,14.688,0.026,0,0,1.197,0,0,0.980
2024-09-24 23:00,14.881,0.128,0,0,1.194,0,0,0.990
2024-09-25 00:00,15.141,0.374,0,0,1.192,0,0,0.995
2024-09-25 01:00,15.294,0.442,0,0,1.189,0,0,0.994
2024-09-25 02:00,15.415,0.448,0,0,1.186,0,0,0.984
2024-09-25 03:00,15.419,0.473,0,0,1.185,0,0,0.876
2024-09-25 04:00,15.368,0.345,0,0,1.184,0.190,1.283,0.607
2024-09-25 05:00,15.283,0.236,0,0,1.186,30.920,110.114,0.317
2024-09-25 06:00,15.032,0.133,0,0,1.189,121.144,280.823,0.163
2024-09-25 07:00,14.841,0.025,0,0,1.193,242.066,431.236,0.112
2024-09-25 08:00,15.421,0.019,0,0,1.193,336.032,551.106,0.215
2024-09-25 09:00,16.182,0.055,0,0,1.191,349.146,632.195,0.516
2024-09-25 10:00,16.368,0.107,0,0,1.189,284.609,669.190,0.657
2024-09-25 11:00,16.790,0.086,0,0,1.188,394.408,659.127,0.201
2024-09-25 12:00,17.356,0.025,0,0,1.186,398.481,603.016,0.680
2024-09-25 13:00,17.398,0.014,0,0,1.186,314.950,504.546,0.712
2024-09-25 14:00,16.979,0.012,0,0,1.187,180.290,370.418,0.961
2024-09-25 15:00,16.342,0.017,0,0,1.190,56.184,209.648,0.979
2024-09-25 16:00,15.679,0.025,0,0,1.193,8.202,42.370,0.681
2024-09-25 17:00,15.000,0.022,0,0,1.196,0,0,0.125
2024-09-25 18:00,14.471,0.016,0,0,1.199,0,0,0.081
2024-09-25 19:00,14.033,0.015,0,0,1.202,0,0,0.046
2024-09-25 20:00,13.624,0.011,0,0,1.204,0,0,0.054
2024-09-25 21:00,13.194,0.010,0,0,1.206,0,0,0.074
2024-09-25 22:00,12.767,0.009,0,0,1.208,0,0,0.097
2024-09-25 23:00,12.378,0.008,0,0,1.210,0,0,0.160
2024-09-26 00:00,12.016,0.011,0,0,1.212,0,0,0.226
2024-09-26 01:00,11.740,0.018,0,0,1.213,0,0,0.457
2024-09-26 02:00,11.458,0.022,0,0,1.213,0,0,0.710
2024-09-26 03:00,11.135,0.024,0,0,1.214,0,0,0.842
2024-09-26 04:00,10.900,0.024,0,0,1.215,0.118,0.543,0.860
2024-09-26 05:00,10.912,0.021,0,0,1.216,40.014,102.238,0.877
2024-09-26 06:00,11.647,0.006,0,0,1.215,144.371,272.988,0.765
2024-09-26 07:00,12.632,0,0,0,1.213,267.355,423.490,0.741
2024-09-26 08:00,13.968,0,0,0,1.208,367.491,543.356,0.686
2024-09-26 09:00,14.974,0,0,0,1.205,444.161,624.687,0.391
2024-09-26 10:00,15.677,0,0,0,1.202,472.312,661.520,0.409
2024-09-26 11:00,16.159,0,0,0,1.199,469.593,651.605,0.442
2024-09-26 12:00,16.356,0,0,0,1.197,413.173,595.353,0.582
2024-09-26 13:00,16.217,0,0,0,1.195,305.542,496.874,0.920
2024-09-26 14:00,15.708,0.003,0,0,1.194,164.836,362.587,0.937
2024-09-26 15:00,14.660,0.052,0,0,1.195,53.513,201.795,0.957
2024-09-26 16:00,13.602,0.404,0,0,1.196,4.154,37.128,0.983
2024-09-26 17:00,13.508,1.245,0,0,1.197,0,0,0.992
2024-09-26 18:00,13.560,1.859,0,0,1.196,0,0,0.990
2024-09-26 19:00,13.642,1.803,0,0,1.194,0,0,0.988
2024-09-26 20:00,13.362,1.810,0,0,1.193,0,0,0.989
2024-09-26 21:00,13.267,2.105,0,0,1.191,0,0,0.992
2024-09-26 22:00,13.473,2.387,0,0,1.187,0,0,0.993
2024-09-26 23:00,13.743,2.240,0,0,1.184,0,0,0.987
2024-09-27 00:00,13.824,1.288,0,0,1.181,0,0,0.974
2024-09-27 01:00,13.826,0.515,0,0,1.181,0,0,0.912
2024-09-27 02:00,13.958,0.278,0,0,1.181,0,0,0.830
2024-09-27 03:00,13.766,0.231,0,0,1.182,0,0,0.799
2024-09-27 04:00,13.506,0.263,0,0,1.183,0.014,0.142,0.808
2024-09-27 05:00,13.305,0.289,0,0,1.184,13.797,94.357,0.791
2024-09-27 06:00,13.252,0.336,0,0,1.185,52.480,265.157,0.741
2024-09-27 07:00,13.257,0.451,0,0,1.186,91.182,415.740,0.745
2024-09-27 08:00,13.144,0.484,0,0,1.188,136.655,535.686,0.765
2024-09-27 09:00,13.011,0.339,0,0,1.189,148.314,616.945,0.800
2024-09-27 10:00,12.945,0.298,0,0,1.191,169.091,653.792,0.861
2024-09-27 11:00,12.585,0.343,0,0,1.193,131.860,643.863,0.937
2024-09-27 12:00,12.058,0.366,0,0,1.196,104.189,587.752,0.952
2024-09-27 13:00,11.379,0.414,0,0,1.200,68.580,489.054,0.968
2024-09-27 14:00,10.610,0.524,0,0,1.205,44.101,354.837,0.981
2024-09-27 15:00,9.817,0.746,0,0,1.209,17.244,193.921,0.981
2024-09-27 16:00,9.048,1.016,0,0,1.214,1.718,32.226,0.980
2024-09-27 17:00,8.318,1.118,0,0,1.219,0,0,0.981
2024-09-27 18:00,7.814,0.948,0,0,1.222,0,0,0.984
2024-09-27 19:00,7.598,0.605,0,0,1.224,0,0,0.987
2024-09-27 20:00,7.588,0.345,0,0,1.225,0,0,0.986
2024-09-27 21:00,7.611,0.170,0,0,1.225,0,0,0.969
2024-09-27 22:00,7.618,0.049,0,0,1.226,0,0,0.921
2024-09-27 23:00,7.545,0.015,0,0,1.227,0,0,0.828
2024-09-28 00:00,7.499,0.008,0,0,1.228,0,0,0.797
2024-09-28 01:00,7.365,0.022,0,0,1.229,0,0,0.802
2024-09-28 02:00,7.180,0.019,0,0,1.231,0,0,0.756
2024-09-28 03:00,6.387,0.009,0,0,1.233,0,0,0.653
2024-09-28 04:00,6.291,0.005,0,0,1.234,0.001,0.009,0.508
2024-09-28 05:00,6.439,0.002,0,0,1.236,27.698,86.524,0.439
2024-09-28 06:00,6.910,0.001,0,0,1.236,132.604,257.285,0.123
2024-09-28 07:00,7.742,0.001,0,0,1.234,262.057,407.912,0.070
2024-09-28 08:00,9.111,0.001,0,0,1.230,363.771,527.936,0.050
2024-09-28 09:00,10.580,0.001,0,0,1.226,437.105,609.195,0.038
2024-09-28 10:00,11.473,0.002,0,0,1.223,470.372,646.122,0.030
2024-09-28 11:00,11.939,0.001,0,0,1.221,458.954,636.193,0.047
2024-09-28 12:00,12.120,0.001,0,0,1.221,404.062,580.002,0.071
2024-09-28 13:00,12.063,0.002,0,0,1.221,316.688,481.304,0.108
2024-09-28 14:00,11.706,0.016,0,0,1.221,201.902,347.006,0.248
2024-09-28 15:00,10.679,0.080,0,0,1.224,77.239,186.066,0.458
2024-09-28 16:00,9.534,0.118,0,0,1.229,5.362,27.671,0.644
2024-09-28 17:00,9.003,0.110,0,0,1.234,0,0,0.581
2024-09-28 18:00,7.927,0.061,0,0,1.241,0,0,0.338
2024-09-28 19:00,6.738,0.025,0,0,1.248,0,0,0.166
2024-09-28 20:00,6.126,0.008,0,0,1.252,0,0,0.073
2024-09-28 21:00,6.025,0.003,0,0,1.253,0,0,0.059
2024-09-28 22:00,6.049,0.001,0,0,1.253,0,0,0.040
2024-09-28 23:00,5.946,0.001,0,0,1.254,0,0,0.070
2024-09-29 00:00,5.910,0,0,0,1.255,0,0,0.214
2024-09-29 01:00,5.923,0,0,0,1.257,0,0,0.373
2024-09-29 02:00,5.983,0.001,0,0,1.258,0,0,0.247
2024-09-29 03:00,5.473,0.001,0,0,1.260,0,0,0.356
2024-09-29 04:00,5.369,0.001,0,0,1.262,0,0,0.387
2024-09-29 05:00,5.301,0.001,0,0,1.265,30.354,78.907,0.359
2024-09-29 06:00,5.883,0,0,0,1.265,143.342,249.466,0.084
2024-09-29 07:00,7.023,0,0,0,1.262,270.309,400.155,0.020
2024-09-29 08:00,8.377,0,0,0,1.258,374.236,520.186,0.002
2024-09-29 09:00,9.492,0,0,0,1.254,444.967,601.445,0.002
2024-09-29 10:00,10.347,0,0,0,1.252,477.308,638.372,0.002
2024-09-29 11:00,10.927,0,0,0,1.249,468.945,628.443,0.001
2024-09-29 12:00,11.260,0,0,0,1.248,420.599,572.103,0
2024-09-29 13:00,11.350,0,0,0,1.247,336.503,473.547,0
2024-09-29 14:00,11.122,0,0,0,1.248,225.114,339.131,0.001
2024-09-29 15:00,10.137,0,0,0,1.249,101.334,178.191,0.004
2024-09-29 16:00,7.811,0,0,0,1.252,9.127,23.452,0.016
2024-09-29 17:00,7.086,0,0,0,1.256,0,0,0.034
2024-09-29 18:00,6.711,0,0,0,1.260,0,0,0.042
2024-09-29 19:00,6.196,0,0,0,1.263,0,0,0.035
2024-09-29 20:00,5.689,0,0,0,1.266,0,0,0.022
2024-09-29 21:00,5.160,0,0,0,1.269,0,0,0.011
2024-09-29 22:00,4.641,0,0,0,1.271,0,0,0.025
2024-09-29 23:00,4.399,0,0,0,1.273,0,0,0.200
2024-09-30 00:00,4.775,0.001,0,0,1.275,0,0,0.576
2024-09-30 01:00,5.329,0.001,0,0,1.276,0,0,0.799
2024-09-30 02:00,4.443,0,0,0,1.277,0,0,0.837
2024-09-30 03:00,4.303,0,0,0,1.278,0,0,0.657
2024-09-30 04:00,4.392,0,0,0,1.279,0,0,0.326
2024-09-30 05:00,4.699,0,0,0,1.279,29.411,71.653,0.201
2024-09-30 06:00,6.333,0,0,0,1.278,137.082,241.593,0.044
2024-09-30 07:00,8.040,0,0,0,1.272,264.766,392.284,0.004
2024-09-30 08:00,10.458,0,0,0,1.262,364.786,512.436,0.001
2024-09-30 09:00,11.635,0,0,0,1.258,434.040,593.695,0.002
2024-09-30 10:00,12.300,0,0,0,1.256,464.796,630.622,0.003
2024-09-30 11:00,12.735,0,0,0,1.253,455.292,620.693,0.005
2024-09-30 12:00,12.908,0,0,0,1.251,404.615,564.353,0.007
2024-09-30 13:00,12.776,0,0,0,1.251,320.679,465.719,0.010
2024-09-30 14:00,12.281,0,0,0,1.251,211.022,331.299,0.013
2024-09-30 15:00,10.718,0,0,0,1.252,91.576,170.278,0.016
2024-09-30 16:00,8.395,0,0,0,1.254,6.979,19.588,0.045
2024-09-30 17:00,7.867,0,0,0,1.256,0,0,0.073
2024-09-30 18:00,7.643,0,0,0,1.257,0,0,0.135
2024-09-30 19:00,7.393,0,0,0,1.257,0,0,0.231
2024-09-30 20:00,7.106,0,0,0,1.257,0,0,0.334
2024-09-30 21:00,6.973,0,0,0,1.256,0,0,0.444
2024-09-30 22:00,6.804,0,0,0,1.256,0,0,0.495
2024-09-30 23:00,6.696,0,0,0,1.256,0,0,0.459
2024-10-01 00:00,6.630,0,0,0,1.256,0,0,0.400
2024-10-01 01:00,6.661,0,0,0,1.257,0,0,0.418
2024-10-01 02:00,6.860,0.001,0,0,1.257,0,0,0.533
2024-10-01 03:00,7.060,0.001,0,0,1.257,0,0,0.590
2024-10-01 04:00,7.191,0.001,0,0,1.256,0,0,0.586
2024-10-01 05:00,7.419,0.001,0,0,1.256,26.711,64.733,0.559
2024-10-01 06:00,8.922,0.001,0,0,1.255,130.847,233.700,0.467
2024-10-01 07:00,11.161,0.001,0,0,1.254,247.350,384.409,0.283
2024-10-01 08:00,12.323,0.002,0,0,1.250,345.529,504.565,0.195
2024-10-01 09:00,12.977,0.003,0,0,1.247,407.709,585.782,0.369
2024-10-01 10:00,13.303,0.003,0,0,1.245,426.572,622.858,0.658
2024-10-01 11:00,13.439,0.004,0,0,1.244,418.904,612.794,0.887
2024-10-01 12:00,13.294,0.003,0,0,1.243,359.861,556.603,0.947
2024-10-01 13:00,12.866,0.001,0,0,1.243,264.470,457.847,0.952
2024-10-01 14:00,12.168,0,0,0,1.245,161.365,323.424,0.953
2024-10-01 15:00,10.597,0,0,0,1.247,61.948,162.399,0.952
2024-10-01 16:00,8.607,0,0,0,1.249,4.326,16.076,0.963
2024-10-01 17:00,8.260,0,0,0,1.251,0,0,0.986
2024-10-01 18:00,8.215,0,0,0,1.252,0,0,0.987
2024-10-01 19:00,7.944,0,0,0,1.253,0,0,0.988
2024-10-01 20:00,7.802,0,0,0,1.253,0,0,0.988
2024-10-01 21:00,7.863,0,0,0,1.252,0,0,0.988
2024-10-01 22:00,8.201,0,0,0,1.252,0,0,0.993
2024-10-01 23:00,8.535,0.001,0,0,1.253,0,0,0.992
2024-10-02 00:00,8.411,0.003,0,0,1.254,0,0,0.992
2024-10-02 01:00,8.255,0.007,0,0,1.255,0,0,0.993
2024-10-02 02:00,8.090,0.010,0,0,1.256,0,0,0.993
2024-10-02 03:00,7.892,0.012,0,0,1.257,0,0,0.994
2024-10-02 04:00,7.785,0.013,0,0,1.257,0,0,0.994
2024-10-02 05:00,7.832,0.012,0,0,1.257,6.979,58.158,0.994
2024-10-02 06:00,8.259,0.010,0,0,1.255,36.899,225.822,0.993
2024-10-02 07:00,8.842,0.007,0,0,1.253,78.156,376.574,0.993
2024-10-02 08:00,9.574,0.004,0,0,1.250,119.768,496.690,0.993
2024-10-02 09:00,10.454,0.003,0,0,1.246,154.290,578.032,0.993
2024-10-02 10:00,11.047,0.003,0,0,1.243,172.940,614.879,0.993
2024-10-02 11:00,11.378,0.002,0,0,1.241,176.231,604.950,0.994
2024-10-02 12:00,11.549,0.002,0,0,1.240,160.574,548.691,0.994
2024-10-02 13:00,11.581,0.002,0,0,1.239,131.959,450.012,0.993
2024-10-02 14:00,11.431,0.002,0,0,1.239,90.384,315.549,0.990
2024-10-02 15:00,10.932,0.002,0,0,1.241,39.137,154.487,0.959
2024-10-02 16:00,10.156,0.002,0,0,1.244,2.599,12.907,0.864
2024-10-02 17:00,9.723,0.002,0,0,1.246,0,0,0.674
2024-10-02 18:00,9.356,0.002,0,0,1.248,0,0,0.324
2024-10-02 19:00,8.610,0.003,0,0,1.252,0,0,0.286
2024-10-02 20:00,8.190,0.004,0,0,1.255,0,0,0.453
2024-10-02 21:00,7.950,0.002,0,0,1.257,0,0,0.237
2024-10-02 22:00,7.260,0.001,0,0,1.258,0,0,0.221
2024-10-02 23:00,6.961,0.002,0,0,1.260,0,0,0.446
2024-10-03 00:00,7.197,0.002,0,0,1.260,0,0,0.280
2024-10-03 01:00,6.572,0.001,0,0,1.260,0,0,0.396
2024-10-03 02:00,6.833,0.006,0,0,1.262,0,0,0.676
2024-10-03 03:00,7.150,0.006,0,0,1.262,0,0,0.535
2024-10-03 04:00,6.532,0.007,0,0,1.263,0,0,0.751
2024-10-03 05:00,6.863,0.016,0,0,1.264,10.718,51.940,0.816
2024-10-03 06:00,7.119,0.018,0,0,1.265,56.460,217.910,0.815
2024-10-03 07:00,7.680,0.014,0,0,1.263,111.570,368.702,0.786
2024-10-03 08:00,8.522,0.012,0,0,1.259,174.330,488.819,0.741
2024-10-03 09:00,9.529,0.007,0,0,1.255,241.351,570.260,0.429
2024-10-03 10:00,11.073,0.004,0,0,1.249,359.411,607.115,0.216
2024-10-03 11:00,12.160,0.004,0,0,1.244,389.138,597.052,0.102
2024-10-03 12:00,12.679,0.003,0,0,1.241,358.481,540.853,0.084
2024-10-03 13:00,12.741,0.002,0,0,1.239,280.562,442.137,0.144
2024-10-03 14:00,12.354,0.001,0,0,1.239,158.774,307.674,0.352
2024-10-03 15:00,10.950,0.001,0,0,1.241,65.803,146.570,0.149
2024-10-03 16:00,9.028,0,0,0,1.243,2.951,10.086,0.111
2024-10-03 17:00,8.221,0,0,0,1.246,0,0,0.050
2024-10-03 18:00,7.614,0.001,0,0,1.248,0,0,0.009
2024-10-03 19:00,7.294,0.001,0,0,1.250,0,0,0.007
2024-10-03 20:00,7.180,0.001,0,0,1.252,0,0,0.008
2024-10-03 21:00,6.959,0.001,0,0,1.254,0,0,0.008
2024-10-03 22:00,6.449,0.001,0,0,1.255,0,0,0.011
2024-10-03 23:00,5.799,0.001,0,0,1.257,0,0,0.089
2024-10-04 00:00,5.407,0.002,0,0,1.258,0,0,0.210
2024-10-04 01:00,5.408,0.001,0,0,1.260,0,0,0.353
2024-10-04 02:00,5.639,0.002,0,0,1.263,0,0,0.467
2024-10-04 03:00,5.747,0.001,0,0,1.264,0,0,0.449
2024-10-04 04:00,5.469,0.001,0,0,1.265,0,0,0.399
2024-10-04 05:00,5.367,0,0,0,1.266,15.871,46.067,0.326
2024-10-04 06:00,6.696,0,0,0,1.265,105.435,209.994,0.098
2024-10-04 07:00,7.985,0,0,0,1.261,236.657,360.827,0.003
2024-10-04 08:00,10.062,0,0,0,1.253,334.992,480.984,0.003
2024-10-04 09:00,12.426,0,0,0,1.242,403.184,562.282,0.002
2024-10-04 10:00,13.424,0,0,0,1.237,434.259,599.209,0.001
2024-10-04 11:00,13.849,0,0,0,1.234,425.571,589.280,0
2024-10-04 12:00,14.002,0,0,0,1.233,377.994,532.941,0.001
2024-10-04 13:00,13.866,0,0,0,1.232,295.757,434.266,0.001
2024-10-04 14:00,13.318,0,0,0,1.232,187.942,299.799,0.001
2024-10-04 15:00,11.455,0,0,0,1.233,71.768,138.654,0.017
2024-10-04 16:00,9.485,0,0,0,1.235,2.344,7.614,0.222
2024-10-04 17:00,8.726,0,0,0,1.238,0,0,0.617
2024-10-04 18:00,8.442,0,0,0,1.242,0,0,0.588
2024-10-04 19:00,8.125,0,0,0,1.246,0,0,0.604
2024-10-04 20:00,7.662,0,0,0,1.249,0,0,0.780
2024-10-04 21:00,7.453,0,0,0,1.253,0,0,0.916
2024-10-04 22:00,6.982,0.001,0,0,1.256,0,0,0.949
2024-10-04 23:00,7.261,0.001,0,0,1.258,0,0,0.968
2024-10-05 00:00,7.417,0.002,0,0,1.260,0,0,0.973
2024-10-05 01:00,7.376,0.001,0,0,1.259,0,0,0.970
2024-10-05 02:00,7.243,0,0,0,1.259,0,0,0.970
2024-10-05 03:00,7.017,0.002,0,0,1.260,0,0,0.952
2024-10-05 04:00,6.929,0.003,0,0,1.262,0,0,0.876
2024-10-05 05:00,7.076,0.003,0,0,1.262,9.879,40.557,0.680
2024-10-05 06:00,7.668,0.001,0,0,1.260,91.503,202.116,0.346
2024-10-05 07:00,8.828,0.001,0,0,1.256,199.784,352.871,0.259
2024-10-05 08:00,10.243,0.001,0,0,1.250,298.792,473.102,0.604
2024-10-05 09:00,11.881,0,0,0,1.242,372.502,554.362,0.795
2024-10-05 10:00,12.679,0,0,0,1.238,395.241,591.365,0.918
2024-10-05 11:00,12.910,0,0,0,1.236,366.722,581.302,0.942
2024-10-05 12:00,12.783,0.001,0,0,1.236,306.549,525.103,0.936
2024-10-05 13:00,12.384,0.001,0,0,1.236,217.060,426.384,0.860
2024-10-05 14:00,11.803,0.001,0,0,1.237,126.393,291.843,0.744
2024-10-05 15:00,10.859,0.001,0,0,1.240,48.562,130.779,0.675
2024-10-05 16:00,9.056,0.001,0,0,1.242,1.319,5.498,0.783
2024-10-05 17:00,8.859,0.001,0,0,1.244,0,0,0.934
2024-10-05 18:00,8.604,0.001,0,0,1.245,0,0,0.973
2024-10-05 19:00,8.364,0.001,0,0,1.244,0,0,0.976
2024-10-05 20:00,8.235,0,0,0,1.244,0,0,0.970
2024-10-05 21:00,8.005,0.001,0,0,1.244,0,0,0.926
2024-10-05 22:00,8.013,0.004,0,0,1.245,0,0,0.916
2024-10-05 23:00,8.057,0.010,0,0,1.247,0,0,0.945
2024-10-06 00:00,8.347,0.015,0,0,1.248,0,0,0.971
2024-10-06 01:00,8.277,0.014,0,0,1.250,0,0,0.978
2024-10-06 02:00,8.335,0.017,0,0,1.250,0,0,0.961
2024-10-06 03:00,8.272,0.014,0,0,1.250,0,0,0.953
2024-10-06 04:00,8.276,0.013,0,0,1.250,0,0,0.941
2024-10-06 05:00,8.261,0.012,0,0,1.249,7.716,35.392,0.933
2024-10-06 06:00,8.448,0.012,0,0,1.249,58.789,194.204,0.909
2024-10-06 07:00,9.031,0.010,0,0,1.247,125.942,344.996,0.807
2024-10-06 08:00,10.132,0.003,0,0,1.242,244.060,465.153,0.498
2024-10-06 09:00,11.615,0,0,0,1.236,366.742,546.532,0.324
2024-10-06 10:00,12.870,0,0,0,1.229,412.753,583.459,0.330
2024-10-06 11:00,13.643,0,0,0,1.225,406.183,573.530,0.156
2024-10-06 12:00,13.965,0,0,0,1.222,361.487,517.191,0.392
2024-10-06 13:00,13.894,0,0,0,1.221,278.208,418.435,0.714
2024-10-06 14:00,13.425,0,0,0,1.221,171.047,283.968,0.745
2024-10-06 15:00,12.240,0,0,0,1.224,58.998,122.863,0.693
2024-10-06 16:00,10.263,0,0,0,1.228,0.972,3.731,0.756
2024-10-06 17:00,9.859,0,0,0,1.231,0,0,0.639
2024-10-06 18:00,9.264,0,0,0,1.234,0,0,0.223
2024-10-06 19:00,8.716,0,0,0,1.237,0,0,0.158
2024-10-06 20:00,8.230,0,0,0,1.239,0,0,0.421
2024-10-06 21:00,7.639,0.003,0,0,1.242,0,0,0.744
2024-10-06 22:00,7.578,0.006,0,0,1.244,0,0,0.872
2024-10-06 23:00,7.734,0.005,0,0,1.246,0,0,0.924
2024-10-07 00:00,7.795,0.004,0,0,1.247,0,0,0.958
2024-10-07 01:00,7.714,0.002,0,0,1.248,0,0,0.965
2024-10-07 02:00,7.425,0.003,0,0,1.248,0,0,0.963
2024-10-07 03:00,7.318,0.005,0,0,1.249,0,0,0.964
2024-10-07 04:00,7.274,0.005,0,0,1.250,0,0,0.973
2024-10-07 05:00,7.174,0.005,0,0,1.251,6.498,30.587,0.968
2024-10-07 06:00,7.457,0.004,0,0,1.251,53.216,186.325,0.946
2024-10-07 07:00,8.266,0.003,0,0,1.248,134.074,337.121,0.890
2024-10-07 08:00,9.840,0.001,0,0,1.241,244.413,457.278,0.783
2024-10-07 09:00,11.451,0.001,0,0,1.235,328.551,538.612,0.564
2024-10-07 10:00,12.608,0,0,0,1.230,386.529,575.467,0.503
2024-10-07 11:00,13.261,0,0,0,1.227,381.647,565.538,0.537
2024-10-07 12:00,13.490,0,0,0,1.225,334.663,509.265,0.643
2024-10-07 13:00,13.330,0,0,0,1.224,256.096,410.560,0.707
2024-10-07 14:00,12.750,0,0,0,1.225,153.535,276.093,0.636
2024-10-07 15:00,10.871,0,0,0,1.226,51.525,114.969,0.470
2024-10-07 16:00,9.018,0,0,0,1.229,0.573,2.312,0.205
2024-10-07 17:00,8.079,0,0,0,1.232,0,0,0.030
2024-10-07 18:00,7.520,0,0,0,1.234,0,0,0.009
2024-10-07 19:00,7.272,0,0,0,1.236,0,0,0.025
2024-10-07 20:00,7.073,0.001,0,0,1.236,0,0,0.169
2024-10-07 21:00,7.111,0.003,0,0,1.236,0,0,0.303
2024-10-07 22:00,7.359,0.005,0,0,1.235,0,0,0.623
2024-10-07 23:00,7.909,0.010,0,0,1.235,0,0,0.836
2024-10-08 00:00,8.577,0.058,0,0,1.234,0,0,0.854
2024-10-08 01:00,8.922,0.079,0,0,1.233,0,0,0.866
2024-10-08 02:00,9.345,0.069,0,0,1.234,0,0,0.894
2024-10-08 03:00,9.671,0.064,0,0,1.234,0,0,0.925
2024-10-08 04:00,9.762,0.116,0,0,1.233,0,0,0.892
2024-10-08 05:00,9.854,0.120,0,0,1.233,3.202,26.127,0.854
2024-10-08 06:00,10.220,0.062,0,0,1.232,40.213,178.413,0.751
2024-10-08 07:00,10.861,0.030,0,0,1.230,115.745,329.172,0.575
2024-10-08 08:00,11.693,0.027,0,0,1.227,204.002,449.396,0.457
2024-10-08 09:00,12.509,0.029,0,0,1.224,265.438,530.619,0.389
2024-10-08 10:00,13.306,0.011,0,0,1.221,324.250,567.695,0.518
2024-10-08 11:00,13.671,0.009,0,0,1.219,254.754,557.632,0.733
2024-10-08 12:00,13.687,0.011,0,0,1.218,194.503,501.359,0.861
2024-10-08 13:00,13.565,0.009,0,0,1.217,156.232,402.604,0.927
2024-10-08 14:00,13.112,0.007,0,0,1.218,81.056,268.144,0.924
2024-10-08 15:00,12.454,0.005,0,0,1.219,23.015,107.103,0.944
2024-10-08 16:00,12.030,0.005,0,0,1.221,0.101,1.234,0.963
2024-10-08 17:00,11.842,0.008,0,0,1.222,0,0,0.974
2024-10-08 18:00,11.874,0.009,0,0,1.222,0,0,0.983
2024-10-08 19:00,11.792,0.009,0,0,1.222,0,0,0.986
2024-10-08 20:00,11.740,0.010,0,0,1.222,0,0,0.987
2024-10-08 21:00,11.672,0.038,0,0,1.221,0,0,0.987
2024-10-08 22:00,11.620,0.136,0,0,1.221,0,0,0.985
2024-10-08 23:00,11.402,0.225,0,0,1.221,0,0,0.984
2024-10-09 00:00,11.270,0.317,0,0,1.220,0,0,0.989
2024-10-09 01:00,11.230,0.724,0,0,1.218,0,0,0.990
2024-10-09 02:00,11.282,1.543,0,0,1.216,0,0,0.990
2024-10-09 03:00,11.381,2.420,0,0,1.214,0,0,0.989
2024-10-09 04:00,11.501,3.150,0,0,1.212,0,0,0.987
2024-10-09 05:00,11.640,3.405,0,0,1.210,0.650,22.036,0.986
2024-10-09 06:00,11.797,2.837,0,0,1.208,8.997,170.556,0.986
2024-10-09 07:00,11.933,2.065,0,0,1.206,20.889,321.290,0.990
2024-10-09 08:00,12.052,1.959,0,0,1.204,33.624,441.406,0.994
2024-10-09 09:00,12.209,2.159,0,0,1.203,42.997,522.768,0.993
2024-10-09 10:00,12.383,1.803,0,0,1.201,52.430,559.695,0.989
2024-10-09 11:00,12.543,1.087,0,0,1.199,57.076,549.632,0.988
2024-10-09 12:00,12.673,0.690,0,0,1.198,67.040,493.434,0.984
2024-10-09 13:00,12.634,0.444,0,0,1.197,56.413,394.725,0.977
2024-10-09 14:00,12.344,0.139,0,0,1.197,31.416,260.262,0.980
2024-10-09 15:00,11.956,0.037,0,0,1.199,10.023,99.239,0.981
2024-10-09 16:00,11.645,0.024,0,0,1.201,0.038,0.511,0.958
2024-10-09 17:00,11.402,0.027,0,0,1.203,0,0,0.495
2024-10-09 18:00,11.164,0.031,0,0,1.204,0,0,0.551
2024-10-09 19:00,11.160,0.033,0,0,1.205,0,0,0.881
2024-10-09 20:00,11.418,0.037,0,0,1.204,0,0,0.829
2024-10-09 21:00,11.613,0.039,0,0,1.204,0,0,0.682
2024-10-09 22:00,11.698,0.036,0,0,1.203,0,0,0.560
2024-10-09 23:00,11.729,0.037,0,0,1.202,0,0,0.604
2024-10-10 00:00,11.825,0.052,0,0,1.201,0,0,0.675
2024-10-10 01:00,11.976,0.087,0,0,1.200,0,0,0.905
2024-10-10 02:00,12.133,0.234,0,0,1.199,0,0,0.991
2024-10-10 03:00,12.231,0.533,0,0,1.199,0,0,0.991
2024-10-10 04:00,12.349,0.995,0,0,1.198,0,0,0.991
2024-10-10 05:00,12.458,1.299,0,0,1.197,0.609,18.297,0.992
2024-10-10 06:00,12.590,1.500,0,0,1.196,11.318,162.681,0.991
2024-10-10 07:00,12.754,1.354,0,0,1.195,25.709,313.415,0.993
2024-10-10 08:00,12.924,1.286,0,0,1.193,44.052,433.531,0.989
2024-10-10 09:00,13.001,1.620,0,0,1.192,58.745,514.862,0.983
2024-10-10 10:00,12.975,2.273,0,0,1.192,63.815,551.717,0.984
2024-10-10 11:00,13.006,2.845,0,0,1.191,57.264,541.788,0.988
2024-10-10 12:00,13.127,3.103,0,0,1.189,53.315,485.484,0.992
2024-10-10 13:00,13.265,2.315,0,0,1.187,44.232,386.843,0.988
2024-10-10 14:00,13.344,1.859,0,0,1.185,26.522,252.391,0.986
2024-10-10 15:00,13.368,1.622,0,0,1.183,7.988,91.388,0.937
2024-10-10 16:00,13.348,1.423,0,0,1.182,0.004,0.136,0.873
2024-10-10 17:00,13.303,0.941,0,0,1.181,0,0,0.977
2024-10-10 18:00,13.161,0.360,0,0,1.182,0,0,0.978
2024-10-10 19:00,12.918,0.151,0,0,1.183,0,0,0.844
2024-10-10 20:00,12.558,0.078,0,0,1.186,0,0,0.686
2024-10-10 21:00,12.027,0.038,0,0,1.191,0,0,0.344
2024-10-10 22:00,11.415,0.026,0,0,1.196,0,0,0.362
2024-10-10 23:00,10.904,0.022,0,0,1.201,0,0,0.364
2024-10-11 00:00,10.545,0.024,0,0,1.204,0,0,0.567
2024-10-11 01:00,10.340,0.033,0,0,1.208,0,0,0.719
2024-10-11 02:00,10.137,0.042,0,0,1.210,0,0,0.759
2024-10-11 03:00,9.835,0.052,0,0,1.213,0,0,0.869
2024-10-11 04:00,9.586,0.073,0,0,1.215,0,0,0.881
2024-10-11 05:00,9.439,0.134,0,0,1.217,0.727,14.904,0.891
2024-10-11 06:00,9.401,0.240,0,0,1.218,11.231,154.828,0.879
2024-10-11 07:00,9.403,0.344,0,0,1.220,28.134,305.466,0.883
2024-10-11 08:00,9.110,0.341,0,0,1.223,46.531,425.575,0.858
2024-10-11 09:00,8.542,0.232,0,0,1.227,73.287,506.869,0.816
2024-10-11 10:00,7.909,0.144,0,0,1.232,95.563,543.797,0.755
2024-10-11 11:00,7.373,0.099,0,0,1.237,117.314,533.868,0.680
2024-10-11 12:00,7.298,0.064,0,0,1.239,131.913,477.602,0.547
2024-10-11 13:00,7.641,0.037,0,0,1.239,149.392,378.893,0.346
2024-10-11 14:00,7.799,0.029,0,0,1.239,111.558,244.534,0.201
2024-10-11 15:00,7.423,0.006,0,0,1.240,33.046,83.630,0.092
2024-10-11 16:00,6.282,0.001,0,0,1.242,0.004,0.018,0.015
2024-10-11 17:00,5.718,0,0,0,1.243,0,0,0.010
2024-10-11 18:00,5.460,0,0,0,1.245,0,0,0.038
2024-10-11 19:00,5.282,0,0,0,1.246,0,0,0.191
2024-10-11 20:00,5.985,0,0,0,1.245,0,0,0.439
2024-10-11 21:00,7.153,0.012,0,0,1.243,0,0,0.550
2024-10-11 22:00,7.758,0.059,0,0,1.242,0,0,0.470
2024-10-11 23:00,7.764,0.052,0,0,1.242,0,0,0.289
2024-10-12 00:00,7.496,0.019,0,0,1.244,0,0,0.174
2024-10-12 01:00,7.129,0.012,0,0,1.247,0,0,0.345
2024-10-12 02:00,7.038,0.010,0,0,1.249,0,0,0.488
2024-10-12 03:00,7.059,0.010,0,0,1.250,0,0,0.499
2024-10-12 04:00,7.028,0.009,0,0,1.251,0,0,0.512
2024-10-12 05:00,6.896,0.006,0,0,1.253,2.456,11.867,0.562
2024-10-12 06:00,7.032,0.005,0,0,1.254,46.268,146.978,0.587
2024-10-12 07:00,7.369,0.002,0,0,1.255,115.540,297.631,0.304
2024-10-12 08:00,8.116,0,0,0,1.254,278.433,417.700,0.004
2024-10-12 09:00,9.071,0,0,0,1.251,357.195,498.913,0.005
2024-10-12 10:00,9.876,0,0,0,1.249,387.975,535.804,0.061
2024-10-12 11:00,10.435,0,0,0,1.247,373.064,525.875,0.364
2024-10-12 12:00,10.632,0,0,0,1.245,311.904,469.653,0.652
2024-10-12 13:00,10.481,0,0,0,1.245,223.481,371.018,0.861
2024-10-12 14:00,9.700,0,0,0,1.245,119.692,236.681,0.964
2024-10-12 15:00,8.184,0,0,0,1.246,23.690,76.140,0.986
2024-10-12 16:00,7.771,0,0,0,1.247,0,0.001,0.988
2024-10-12 17:00,8.424,0,0,0,1.249,0,0,0.992
2024-10-12 18:00,8.524,0,0,0,1.249,0,0,0.994
2024-10-12 19:00,8.657,0,0,0,1.249,0,0,0.993
2024-10-12 20:00,8.788,0,0,0,1.248,0,0,0.993
2024-10-12 21:00,8.889,0.001,0,0,1.247,0,0,0.993
2024-10-12 22:00,8.938,0.001,0,0,1.246,0,0,0.993
2024-10-12 23:00,8.961,0.002,0,0,1.245,0,0,0.993
2024-10-13 00:00,8.970,0.005,0,0,1.244,0,0,0.992
2024-10-13 01:00,8.951,0.009,0,0,1.243,0,0,0.992
2024-10-13 02:00,8.948,0.016,0,0,1.242,0,0,0.991
2024-10-13 03:00,9.002,0.022,0,0,1.240,0,0,0.991
2024-10-13 04:00,9.122,0.039,0,0,1.239,0,0,0.992
2024-10-13 05:00,9.248,0.066,0,0,1.237,0.691,9.188,0.993
2024-10-13 06:00,9.481,0.072,0,0,1.236,16.818,139.166,0.993
2024-10-13 07:00,9.826,0.078,0,0,1.234,46.415,289.756,0.994
2024-10-13 08:00,10.249,0.114,0,0,1.232,76.567,409.825,0.994
2024-10-13 09:00,10.692,0.128,0,0,1.229,113.598,491.038,0.992
2024-10-13 10:00,11.073,0.088,0,0,1.227,157.104,527.953,0.955
2024-10-13 11:00,11.422,0.060,0,0,1.226,208.859,517.889,0.816
2024-10-13 12:00,11.594,0.036,0,0,1.225,189.363,461.778,0.886
2024-10-13 13:00,11.234,0.025,0,0,1.225,95.546,363.147,0.992
2024-10-13 14:00,10.731,0.015,0,0,1.226,38.201,228.831,0.994
2024-10-13 15:00,10.218,0.009,0,0,1.228,8.812,69.017,0.992
2024-10-13 16:00,9.799,0.004,0,0,1.229,0,0,0.989
2024-10-13 17:00,9.659,0.002,0,0,1.230,0,0,0.987
2024-10-13 18:00,9.545,0.001,0,0,1.231,0,0,0.983
2024-10-13 19:00,9.266,0.001,0,0,1.231,0,0,0.965
2024-10-13 20:00,8.650,0.001,0,0,1.232,0,0,0.953
2024-10-13 21:00,8.121,0.002,0,0,1.232,0,0,0.959
2024-10-13 22:00,7.866,0.002,0,0,1.232,0,0,0.960
2024-10-13 23:00,7.804,0.002,0,0,1.232,0,0,0.949
2024-10-14 00:00,7.891,0.007,0,0,1.232,0,0,0.917
2024-10-14 01:00,7.998,0.015,0,0,1.232,0,0,0.809
2024-10-14 02:00,8.093,0.026,0,0,1.232,0,0,0.596
2024-10-14 03:00,8.122,0.024,0,0,1.232,0,0,0.293
2024-10-14 04:00,8.294,0.018,0,0,1.233,0,0,0.213
2024-10-14 05:00,8.544,0.014,0,0,1.234,1.719,6.858,0.248
2024-10-14 06:00,8.880,0.012,0,0,1.236,54.771,131.375,0.264
2024-10-14 07:00,9.581,0.035,0,0,1.236,144.394,281.959,0.270
2024-10-14 08:00,11.064,0.027,0,0,1.233,214.945,401.869,0.289
2024-10-14 09:00,11.530,0.027,0,0,1.230,257.615,483.156,0.379
2024-10-14 10:00,11.692,0.020,0,0,1.229,267.291,520.033,0.248
2024-10-14 11:00,12.015,0.018,0,0,1.228,302.153,510.044,0.281
2024-10-14 12:00,11.948,0.049,0,0,1.228,231.550,453.896,0.433
2024-10-14 13:00,11.493,0.097,0,0,1.229,149.527,355.312,0.612
2024-10-14 14:00,10.770,0.204,0,0,1.231,74.862,221.035,0.678
2024-10-14 15:00,9.468,0.185,0,0,1.235,15.784,62.239,0.824
2024-10-14 16:00,8.860,0.124,0,0,1.238,0,0,0.868
2024-10-14 17:00,8.759,0.092,0,0,1.242,0,0,0.712
2024-10-14 18:00,8.364,0.053,0,0,1.244,0,0,0.434
2024-10-14 19:00,7.983,0.035,0,0,1.247,0,0,0.449
2024-10-14 20:00,7.603,0.022,0,0,1.249,0,0,0.523
2024-10-14 21:00,7.275,0.021,0,0,1.253,0,0,0.573
2024-10-14 22:00,6.884,0.024,0,0,1.255,0,0,0.651
2024-10-14 23:00,6.472,0.022,0,0,1.258,0,0,0.636
2024-10-15 00:00,5.950,0.015,0,0,1.261,0,0,0.606
2024-10-15 01:00,5.368,0.007,0,0,1.265,0,0,0.544
2024-10-15 02:00,4.812,0.003,0,0,1.268,0,0,0.395
2024-10-15 03:00,4.167,0.002,0,0,1.273,0,0,0.405
2024-10-15 04:00,3.633,0.001,0,0,1.276,0,0,0.247
2024-10-15 05:00,2.980,0.001,0,0,1.280,1.323,4.874,0.343
2024-10-15 06:00,2.953,0.001,0,0,1.283,42.118,123.606,0.258
2024-10-15 07:00,3.382,0,0,0,1.283,156.287,274.127,0.115
2024-10-15 08:00,4.361,0,0,0,1.279,269.346,394.034,0.024
2024-10-15 09:00,5.603,0,0,0,1.275,338.826,475.207,0.001
2024-10-15 10:00,6.734,0,0,0,1.270,370.103,512.047,0.002
2024-10-15 11:00,7.530,0,0,0,1.266,361.418,502.165,0.001
2024-10-15 12:00,7.964,0,0,0,1.264,313.562,445.947,0
2024-10-15 13:00,8.014,0,0,0,1.263,231.851,347.437,0
2024-10-15 14:00,7.389,0,0,0,1.264,126.722,213.224,0
2024-10-15 15:00,5.211,0,0,0,1.266,25.194,55.833,0
2024-10-15 16:00,4.078,0,0,0,1.269,0,0,0
2024-10-15 17:00,3.756,0,0,0,1.271,0,0,0
2024-10-15 18:00,3.429,0,0,0,1.273,0,0,0
2024-10-15 19:00,3.020,0,0,0,1.276,0,0,0.029
2024-10-15 20:00,2.687,0,0,0,1.278,0,0,0.201
2024-10-15 21:00,2.350,0,0,0,1.281,0,0,0.328
2024-10-15 22:00,2.052,0,0,0,1.283,0,0,0.083
2024-10-15 23:00,2.172,0,0,0,1.286,0,0,0.285
2024-10-16 00:00,2.915,0.002,0,0,1.288,0,0,0.565
2024-10-16 01:00,3.386,0.002,0,0,1.289,0,0,0.382
2024-10-16 02:00,2.444,0,0,0,1.289,0,0,0.237
2024-10-16 03:00,2.973,0.001,0,0,1.289,0,0,0.386
2024-10-16 04:00,3.349,0.001,0,0,1.289,0,0,0.490
2024-10-16 05:00,3.751,0.001,0,0,1.287,0.552,3.238,0.213
2024-10-16 06:00,4.267,0,0,0,1.286,52.671,115.867,0.281
2024-10-16 07:00,5.525,0,0,0,1.283,144.470,266.299,0.558
2024-10-16 08:00,7.093,0,0,0,1.276,251.405,386.159,0.673
2024-10-16 09:00,8.552,0,0,0,1.270,318.638,467.332,0.641
2024-10-16 10:00,9.593,0,0,0,1.264,348.123,504.172,0.578
2024-10-16 11:00,10.164,0,0,0,1.261,336.374,494.216,0.808
2024-10-16 12:00,10.342,0,0,0,1.259,271.587,438.072,0.942
2024-10-16 13:00,10.036,0,0,0,1.259,159.220,339.566,0.943
2024-10-16 14:00,9.404,0,0,0,1.260,70.301,205.437,0.944
2024-10-16 15:00,8.428,0,0,0,1.262,12.728,49.778,0.944
2024-10-16 16:00,7.835,0,0,0,1.265,0,0,0.953
2024-10-16 17:00,7.780,0,0,0,1.266,0,0,0.965
2024-10-16 18:00,7.716,0,0,0,1.267,0,0,0.964
2024-10-16 19:00,7.728,0,0,0,1.267,0,0,0.968
2024-10-16 20:00,7.732,0,0,0,1.267,0,0,0.976
2024-10-16 21:00,7.726,0,0,0,1.267,0,0,0.968
2024-10-16 22:00,7.708,0,0,0,1.267,0,0,0.928
2024-10-16 23:00,7.769,0.001,0,0,1.266,0,0,0.876
2024-10-17 00:00,7.781,0.003,0,0,1.265,0,0,0.731
2024-10-17 01:00,7.779,0.005,0,0,1.265,0,0,0.781
2024-10-17 02:00,7.881,0.007,0,0,1.265,0,0,0.867
2024-10-17 03:00,7.994,0.006,0,0,1.264,0,0,0.896
2024-10-17 04:00,8.117,0.006,0,0,1.263,0,0,0.828
2024-10-17 05:00,8.240,0.005,0,0,1.262,0.381,1.946,0.702
2024-10-17 06:00,8.573,0.003,0,0,1.260,37.611,108.159,0.570
2024-10-17 07:00,9.352,0.001,0,0,1.257,124.455,258.546,0.360
2024-10-17 08:00,10.374,0,0,0,1.253,217.383,378.369,0.259
2024-10-17 09:00,11.312,0,0,0,1.249,289.150,459.457,0.171
2024-10-17 10:00,11.956,0,0,0,1.245,328.824,496.337,0.121
2024-10-17 11:00,12.372,0,0,0,1.243,329.283,486.341,0.079
2024-10-17 12:00,12.469,0,0,0,1.241,290.925,430.197,0.023
2024-10-17 13:00,12.172,0,0,0,1.241,215.401,331.805,0
2024-10-17 14:00,11.493,0,0,0,1.242,113.202,197.709,0
2024-10-17 15:00,10.583,0,0,0,1.244,18.547,44.082,0.002
2024-10-17 16:00,10.080,0,0,0,1.247,0,0,0.032
2024-10-17 17:00,9.926,0,0,0,1.248,0,0,0.161
2024-10-17 18:00,9.787,0,0,0,1.249,0,0,0.568
2024-10-17 19:00,9.646,0,0,0,1.249,0,0,0.884
2024-10-17 20:00,9.565,0,0,0,1.250,0,0,0.936
2024-10-17 21:00,9.524,0,0,0,1.250,0,0,0.942
2024-10-17 22:00,9.427,0,0,0,1.250,0,0,0.945
2024-10-17 23:00,9.181,0,0,0,1.250,0,0,0.946
2024-10-18 00:00,9.097,0,0,0,1.251,0,0,0.950
2024-10-18 01:00,9.045,0,0,0,1.251,0,0,0.955
2024-10-18 02:00,8.948,0,0,0,1.251,0,0,0.952
2024-10-18 03:00,8.953,0,0,0,1.251,0,0,0.950
2024-10-18 04:00,9.028,0,0,0,1.250,0,0,0.950
2024-10-18 05:00,9.058,0,0,0,1.250,0.212,1.002,0.950
2024-10-18 06:00,9.311,0,0,0,1.250,34.994,100.482,0.914
2024-10-18 07:00,10.040,0,0,0,1.248,107.286,250.798,0.920
2024-10-18 08:00,10.862,0,0,0,1.245,166.885,370.537,0.943
2024-10-18 09:00,11.605,0,0,0,1.241,198.469,451.622,0.948
2024-10-18 10:00,12.092,0,0,0,1.238,200.923,488.462,0.947
2024-10-18 11:00,12.315,0,0,0,1.237,179.338,478.466,0.956
2024-10-18 12:00,12.344,0,0,0,1.236,146.786,422.440,0.978
2024-10-18 13:00,12.103,0,0,0,1.236,92.063,323.981,0.981
2024-10-18 14:00,11.669,0,0,0,1.237,43.692,190.016,0.977
2024-10-18 15:00,11.153,0,0,0,1.239,7.671,38.770,0.971
2024-10-18 16:00,10.701,0,0,0,1.242,0,0,0.960
2024-10-18 17:00,10.336,0.001,0,0,1.243,0,0,0.944
2024-10-18 18:00,10.127,0.001,0,0,1.245,0,0,0.938
2024-10-18 19:00,9.926,0.002,0,0,1.246,0,0,0.943
2024-10-18 20:00,9.611,0.006,0,0,1.248,0,0,0.943
2024-10-18 21:00,9.484,0.008,0,0,1.249,0,0,0.956
2024-10-18 22:00,9.428,0.008,0,0,1.249,0,0,0.954
2024-10-18 23:00,9.511,0.006,0,0,1.249,0,0,0.957
2024-10-19 00:00,9.602,0.005,0,0,1.248,0,0,0.963
2024-10-19 01:00,9.743,0.003,0,0,1.248,0,0,0.965
2024-10-19 02:00,9.839,0.003,0,0,1.247,0,0,0.968
2024-10-19 03:00,9.904,0.003,0,0,1.247,0,0,0.968
2024-10-19 04:00,9.945,0.004,0,0,1.248,0,0,0.971
2024-10-19 05:00,9.919,0.005,0,0,1.248,0.055,0.390,0.969
2024-10-19 06:00,9.980,0.004,0,0,1.248,24.993,92.848,0.953
2024-10-19 07:00,10.329,0.002,0,0,1.248,101.580,243.050,0.950
2024-10-19 08:00,10.968,0,0,0,1.246,182.654,362.787,0.950
2024-10-19 09:00,11.718,0,0,0,1.243,250.705,443.825,0.951
2024-10-19 10:00,12.293,0,0,0,1.241,280.610,480.587,0.958
2024-10-19 11:00,12.477,0,0,0,1.240,239.240,470.705,0.950
2024-10-19 12:00,12.411,0.001,0,0,1.239,184.368,414.615,0.922
2024-10-19 13:00,12.158,0.009,0,0,1.239,114.444,316.235,0.970
2024-10-19 14:00,11.700,0.037,0,0,1.240,42.950,182.330,0.982
2024-10-19 15:00,11.273,0.063,0,0,1.242,4.435,33.798,0.981
2024-10-19 16:00,11.093,0.077,0,0,1.243,0,0,0.969
2024-10-19 17:00,10.912,0.023,0,0,1.244,0,0,0.822
2024-10-19 18:00,10.649,0,0,0,1.245,0,0,0.382
2024-10-19 19:00,10.536,0,0,0,1.246,0,0,0.222
2024-10-19 20:00,10.494,0,0,0,1.246,0,0,0.252
2024-10-19 21:00,10.453,0,0,0,1.246,0,0,0.709
2024-10-19 22:00,10.483,0,0,0,1.246,0,0,0.963
2024-10-19 23:00,10.527,0,0,0,1.246,0,0,0.972
2024-10-20 00:00,10.532,0,0,0,1.245,0,0,0.949
2024-10-20 01:00,10.381,0,0,0,1.246,0,0,0.887
2024-10-20 02:00,10.115,0,0,0,1.246,0,0,0.939
2024-10-20 03:00,10.135,0,0,0,1.246,0,0,0.944
2024-10-20 04:00,10.275,0,0,0,1.245,0,0,0.951
2024-10-20 05:00,10.376,0.001,0,0,1.245,0.007,0.086,0.982
2024-10-20 06:00,10.579,0.004,0,0,1.244,17.291,85.265,0.984
2024-10-20 07:00,11.022,0.015,0,0,1.242,53.526,235.382,0.927
2024-10-20 08:00,11.592,0.029,0,0,1.240,94.525,355.037,0.901
2024-10-20 09:00,12.059,0.026,0,0,1.238,132.725,436.001,0.913
2024-10-20 10:00,12.515,0.011,0,0,1.236,148.735,472.763,0.766
2024-10-20 11:00,13.111,0.003,0,0,1.233,187.561,462.841,0.421
2024-10-20 12:00,13.658,0.001,0,0,1.230,212.215,406.858,0.234
2024-10-20 13:00,13.699,0.001,0,0,1.228,155.653,308.599,0.250
2024-10-20 14:00,13.064,0.001,0,0,1.230,76.318,174.665,0.264
2024-10-20 15:00,11.933,0.009,0,0,1.233,9.425,29.187,0.529
2024-10-20 16:00,11.272,0.027,0,0,1.237,0,0,0.687
2024-10-20 17:00,10.989,0.033,0,0,1.239,0,0,0.941
2024-10-20 18:00,10.808,0.038,0,0,1.239,0,0,0.954
2024-10-20 19:00,10.779,0.038,0,0,1.239,0,0,0.977
2024-10-20 20:00,10.743,0.038,0,0,1.238,0,0,0.980
2024-10-20 21:00,10.683,0.028,0,0,1.238,0,0,0.977
2024-10-20 22:00,10.572,0.018,0,0,1.238,0,0,0.979
2024-10-20 23:00,10.440,0.030,0,0,1.237,0,0,0.981
2024-10-21 00:00,10.345,0.024,0,0,1.237,0,0,0.972
2024-10-21 01:00,10.486,0.011,0,0,1.235,0,0,0.965
2024-10-21 02:00,10.563,0.021,0,0,1.234,0,0,0.980
2024-10-21 03:00,10.737,0.142,0,0,1.232,0,0,0.990
2024-10-21 04:00,10.865,0.245,0,0,1.230,0,0,0.984
2024-10-21 05:00,10.938,0.156,0,0,1.229,0,0.011,0.966
2024-10-21 06:00,11.105,0.017,0,0,1.228,13.839,77.837,0.951
2024-10-21 07:00,11.544,0.009,0,0,1.226,55.135,227.716,0.958
2024-10-21 08:00,12.225,0.007,0,0,1.223,139.257,347.327,0.946
2024-10-21 09:00,13.175,0.003,0,0,1.219,247.952,428.251,0.936
2024-10-21 10:00,13.987,0.005,0,0,1.215,276.702,465.006,0.935
2024-10-21 11:00,14.269,0.014,0,0,1.213,220.007,455.084,0.901
2024-10-21 12:00,14.387,0.019,0,0,1.213,212.961,399.108,0.718
2024-10-21 13:00,14.233,0.010,0,0,1.214,153.447,300.860,0.700
2024-10-21 14:00,13.808,0.005,0,0,1.216,67.086,167.102,0.776
2024-10-21 15:00,13.374,0.003,0,0,1.218,6.273,24.925,0.859
2024-10-21 16:00,13.069,0.002,0,0,1.220,0,0,0.711
2024-10-21 17:00,12.777,0.002,0,0,1.222,0,0,0.702
2024-10-21 18:00,12.574,0.002,0,0,1.224,0,0,0.768
2024-10-21 19:00,12.387,0.002,0,0,1.226,0,0,0.893
2024-10-21 20:00,12.165,0.001,0,0,1.228,0,0,0.927
2024-10-21 21:00,11.877,0.001,0,0,1.231,0,0,0.906
2024-10-21 22:00,11.570,0,0,0,1.233,0,0,0.905
2024-10-21 23:00,11.122,0,0,0,1.236,0,0,0.931
2024-10-22 00:00,10.622,0,0,0,1.239,0,0,0.937
2024-10-22 01:00,10.210,0,0,0,1.241,0,0,0.939
2024-10-22 02:00,9.832,0,0,0,1.243,0,0,0.945
2024-10-22 03:00,9.425,0,0,0,1.245,0,0,0.952
2024-10-22 04:00,9.242,0.001,0,0,1.246,0,0,0.970
2024-10-22 05:00,9.293,0.004,0,0,1.246,0,0,0.971
2024-10-22 06:00,9.434,0.007,0,0,1.246,8.657,70.725,0.985
2024-10-22 07:00,9.705,0.006,0,0,1.245,28.881,220.093,0.985
2024-10-22 08:00,10.095,0.008,0,0,1.243,64.446,339.581,0.954
2024-10-22 09:00,10.847,0.005,0,0,1.240,140.354,420.501,0.641
2024-10-22 10:00,11.710,0.001,0,0,1.236,238.015,457.256,0.542
2024-10-22 11:00,12.127,0,0,0,1.232,211.263,447.334,0.435
2024-10-22 12:00,12.334,0,0,0,1.230,205.161,391.365,0.289
2024-10-22 13:00,12.244,0,0,0,1.230,150.768,293.228,0.196
2024-10-22 14:00,11.751,0,0,0,1.230,78.111,159.519,0.048
2024-10-22 15:00,11.002,0,0,0,1.233,7.093,21.031,0.012
2024-10-22 16:00,10.577,0,0,0,1.235,0,0,0.019
2024-10-22 17:00,10.295,0,0,0,1.237,0,0,0.058
2024-10-22 18:00,10.051,0,0,0,1.238,0,0,0.134
2024-10-22 19:00,9.904,0,0,0,1.239,0,0,0.213
2024-10-22 20:00,9.938,0.001,0,0,1.238,0,0,0.179
2024-10-22 21:00,10.034,0.001,0,0,1.238,0,0,0.167
2024-10-22 22:00,10.021,0.003,0,0,1.238,0,0,0.267
2024-10-22 23:00,10.003,0.009,0,0,1.238,0,0,0.369
2024-10-23 00:00,10.053,0.017,0,0,1.239,0,0,0.330
2024-10-23 01:00,9.869,0.003,0,0,1.241,0,0,0.055
2024-10-23 02:00,9.384,0,0,0,1.244,0,0,0.034
2024-10-23 03:00,8.888,0,0,0,1.248,0,0,0.018
2024-10-23 04:00,8.467,0,0,0,1.251,0,0,0.008
2024-10-23 05:00,8.133,0,0,0,1.254,0,0,0.003
2024-10-23 06:00,7.966,0,0,0,1.256,28.399,63.958,0.002
2024-10-23 07:00,8.377,0,0,0,1.256,123.634,212.551,0.001
2024-10-23 08:00,9.159,0,0,0,1.254,215.252,331.956,0.001
2024-10-23 09:00,10.008,0,0,0,1.251,280.412,412.794,0.001
2024-10-23 10:00,10.726,0,0,0,1.248,310.232,449.506,0.008
2024-10-23 11:00,11.219,0,0,0,1.246,301.643,439.628,0.383
2024-10-23 12:00,11.365,0,0,0,1.244,234.174,383.733,0.917
2024-10-23 13:00,11.133,0,0,0,1.244,125.325,285.643,0.966
2024-10-23 14:00,10.764,0,0,0,1.245,50.869,152.019,0.837
2024-10-23 15:00,10.425,0,0,0,1.246,4.561,17.475,0.853
2024-10-23 16:00,10.283,0,0,0,1.246,0,0,0.970
2024-10-23 17:00,10.270,0,0,0,1.247,0,0,0.985
2024-10-23 18:00,10.213,0,0,0,1.247,0,0,0.922
2024-10-23 19:00,10.030,0,0,0,1.248,0,0,0.353
2024-10-23 20:00,9.855,0,0,0,1.249,0,0,0.077
2024-10-23 21:00,9.809,0,0,0,1.249,0,0,0.066
2024-10-23 22:00,9.777,0,0,0,1.250,0,0,0.066
2024-10-23 23:00,9.710,0,0,0,1.250,0,0,0.048
2024-10-24 00:00,9.631,0,0,0,1.251,0,0,0.027
2024-10-24 01:00,9.492,0.002,0,0,1.252,0,0,0.320
2024-10-24 02:00,9.522,0.011,0,0,1.253,0,0,0.907
2024-10-24 03:00,9.717,0.006,0,0,1.252,0,0,0.968
2024-10-24 04:00,9.805,0.001,0,0,1.252,0,0,0.961
2024-10-24 05:00,9.810,0.001,0,0,1.252,0,0,0.960
2024-10-24 06:00,9.899,0.001,0,0,1.252,10.671,57.570,0.986
2024-10-24 07:00,10.268,0,0,0,1.251,52.612,205.053,0.880
2024-10-24 08:00,10.978,0,0,0,1.249,150.017,324.371,0.521
2024-10-24 09:00,11.776,0,0,0,1.246,227.371,405.169,0.662
2024-10-24 10:00,12.427,0,0,0,1.242,257.335,441.881,0.928
2024-10-24 11:00,12.879,0,0,0,1.240,256.839,431.925,0.860
2024-10-24 12:00,13.069,0,0,0,1.238,233.666,376.034,0.933
2024-10-24 13:00,12.871,0.001,0,0,1.238,161.379,278.028,0.946
2024-10-24 14:00,12.295,0.003,0,0,1.239,65.282,144.541,0.953
2024-10-24 15:00,11.599,0.005,0,0,1.241,3.955,14.262,0.956
2024-10-24 16:00,11.315,0.004,0,0,1.243,0,0,0.954
2024-10-24 17:00,11.160,0.003,0,0,1.244,0,0,0.954
2024-10-24 18:00,10.966,0.003,0,0,1.245,0,0,0.946
2024-10-24 19:00,10.988,0.004,0,0,1.245,0,0,0.899
2024-10-24 20:00,11.024,0.004,0,0,1.245,0,0,0.806
2024-10-24 21:00,11.019,0.005,0,0,1.245,0,0,0.709
2024-10-24 22:00,10.854,0.007,0,0,1.246,0,0,0.583
2024-10-24 23:00,10.723,0.011,0,0,1.247,0,0,0.543
2024-10-25 00:00,10.515,0.009,0,0,1.248,0,0,0.567
2024-10-25 01:00,10.118,0.007,0,0,1.250,0,0,0.646
2024-10-25 02:00,9.431,0.007,0,0,1.253,0,0,0.739
2024-10-25 03:00,8.842,0.012,0,0,1.256,0,0,0.789
2024-10-25 04:00,8.530,0.011,0,0,1.258,0,0,0.822
2024-10-25 05:00,8.191,0.009,0,0,1.260,0,0,0.774
2024-10-25 06:00,7.889,0.007,0,0,1.262,11.469,51.537,0.632
2024-10-25 07:00,7.885,0.002,0,0,1.262,68.527,197.553,0.320
2024-10-25 08:00,8.323,0.001,0,0,1.261,175.105,316.831,0.399
2024-10-25 09:00,9.019,0,0,0,1.257,227.559,397.544,0.615
2024-10-25 10:00,9.664,0,0,0,1.254,238.567,434.175,0.636
2024-10-25 11:00,10.154,0,0,0,1.250,238.930,424.303,0.421
2024-10-25 12:00,10.457,0,0,0,1.248,228.049,368.523,0.103
2024-10-25 13:00,10.367,0,0,0,1.246,164.777,270.561,0.008
2024-10-25 14:00,9.625,0,0,0,1.247,70.131,137.143,0.001
2024-10-25 15:00,8.120,0,0,0,1.251,3.634,11.390,0.001
2024-10-25 16:00,7.504,0,0,0,1.255,0,0,0.043
2024-10-25 17:00,7.187,0,0,0,1.258,0,0,0.263
2024-10-25 18:00,7.093,0.002,0,0,1.259,0,0,0.516
2024-10-25 19:00,7.161,0.003,0,0,1.260,0,0,0.470
2024-10-25 20:00,7.039,0.006,0,0,1.261,0,0,0.758
2024-10-25 21:00,6.995,0.008,0,0,1.261,0,0,0.858
2024-10-25 22:00,6.962,0.008,0,0,1.261,0,0,0.852
2024-10-25 23:00,6.942,0.010,0,0,1.261,0,0,0.856
2024-10-26 00:00,6.965,0.013,0,0,1.261,0,0,0.920
2024-10-26 01:00,6.919,0.014,0,0,1.261,0,0,0.942
2024-10-26 02:00,6.953,0.017,0,0,1.261,0,0,0.940
2024-10-26 03:00,7.048,0.017,0,0,1.261,0,0,0.965
2024-10-26 04:00,7.120,0.014,0,0,1.260,0,0,0.946
2024-10-26 05:00,7.132,0.012,0,0,1.260,0,0,0.907
2024-10-26 06:00,7.203,0.008,0,0,1.260,6.629,45.868,0.820
2024-10-26 07:00,7.637,0.005,0,0,1.259,46.633,190.137,0.741
2024-10-26 08:00,8.313,0.006,0,0,1.257,97.174,309.257,0.754
2024-10-26 09:00,8.934,0.006,0,0,1.254,123.020,389.959,0.780
2024-10-26 10:00,9.477,0.005,0,0,1.252,141.525,426.557,0.747
2024-10-26 11:00,9.886,0.004,0,0,1.250,132.128,416.678,0.689
2024-10-26 12:00,10.132,0.003,0,0,1.248,119.664,360.909,0.604
2024-10-26 13:00,10.133,0.003,0,0,1.247,91.588,263.068,0.555
2024-10-26 14:00,9.505,0.004,0,0,1.247,36.365,129.769,0.590
2024-10-26 15:00,8.774,0.005,0,0,1.247,1.291,8.859,0.624
2024-10-26 16:00,8.491,0.007,0,0,1.248,0,0,0.757
2024-10-26 17:00,8.687,0.011,0,0,1.248,0,0,0.878
2024-10-26 18:00,8.938,0.012,0,0,1.248,0,0,0.883
2024-10-26 19:00,9.084,0.012,0,0,1.247,0,0,0.840
2024-10-26 20:00,9.339,0.018,0,0,1.247,0,0,0.835
2024-10-26 21:00,9.524,0.025,0,0,1.246,0,0,0.804
2024-10-26 22:00,9.565,0.025,0,0,1.246,0,0,0.681
2024-10-26 23:00,9.412,0.022,0,0,1.245,0,0,0.710
2024-10-27 00:00,9.479,0.026,0,0,1.244,0,0,0.833
2024-10-27 01:00,9.511,0.027,0,0,1.244,0,0,0.856
2024-10-27 02:00,9.648,0.036,0,0,1.243,0,0,0.750
2024-10-27 03:00,9.666,0.047,0,0,1.242,0,0,0.793
2024-10-27 04:00,9.793,0.049,0,0,1.241,0,0,0.880
2024-10-27 05:00,9.940,0.044,0,0,1.240,0,0,0.980
2024-10-27 06:00,10.015,0.041,0,0,1.239,6.824,40.559,0.972
2024-10-27 07:00,10.293,0.046,0,0,1.237,55.593,182.784,0.963
2024-10-27 08:00,10.681,0.053,0,0,1.234,72.738,301.875,0.986
2024-10-27 09:00,11.014,0.053,0,0,1.232,83.295,382.459,0.980
2024-10-27 10:00,11.299,0.081,0,0,1.230,101.356,419.050,0.973
2024-10-27 11:00,11.390,0.113,0,0,1.228,85.671,409.178,0.982
2024-10-27 12:00,11.322,0.091,0,0,1.227,60.616,353.449,0.994
2024-10-27 13:00,11.178,0.447,0,0,1.226,32.484,255.686,0.993
2024-10-27 14:00,10.966,1.490,0,0,1.226,8.513,122.468,0.986
2024-10-27 15:00,10.731,1.456,0,0,1.226,0.220,6.662,0.985
2024-10-27 16:00,10.466,0.415,0,0,1.228,0,0,0.978
2024-10-27 17:00,9.955,0.073,0,0,1.231,0,0,0.783
2024-10-27 18:00,9.422,0.025,0,0,1.234,0,0,0.522
2024-10-27 19:00,9.225,0.022,0,0,1.236,0,0,0.701
2024-10-27 20:00,9.223,0.009,0,0,1.237,0,0,0.609
2024-10-27 21:00,9.070,0.001,0,0,1.238,0,0,0.158
2024-10-27 22:00,8.511,0,0,0,1.241,0,0,0.007
2024-10-27 23:00,7.981,0,0,0,1.245,0,0,0.016
2024-10-28 00:00,7.536,0,0,0,1.248,0,0,0.021
2024-10-28 01:00,7.184,0,0,0,1.250,0,0,0.144
2024-10-28 02:00,6.986,0,0,0,1.252,0,0,0.862
2024-10-28 03:00,7.035,0,0,0,1.252,0,0,0.940
2024-10-28 04:00,7.147,0,0,0,1.252,0,0,0.896
2024-10-28 05:00,7.148,0,0,0,1.252,0,0,0.693
2024-10-28 06:00,7.048,0,0,0,1.253,12.104,35.611,0.550
2024-10-28 07:00,7.403,0,0,0,1.252,83.638,175.471,0.461
2024-10-28 08:00,8.263,0,0,0,1.250,173.730,294.426,0.191
2024-10-28 09:00,9.192,0,0,0,1.246,239.021,374.963,0.529
2024-10-28 10:00,9.778,0,0,0,1.242,221.754,411.550,0.779
2024-10-28 11:00,10.038,0,0,0,1.241,178.252,401.678,0.848
2024-10-28 12:00,10.055,0,0,0,1.240,124.553,346.027,0.818
2024-10-28 13:00,9.921,0.002,0,0,1.240,73.974,248.315,0.791
2024-10-28 14:00,9.665,0.002,0,0,1.240,33.326,115.228,0.692
2024-10-28 15:00,9.298,0.002,0,0,1.241,0.840,4.790,0.447
2024-10-28 16:00,9.085,0.002,0,0,1.243,0,0,0.432
2024-10-28 17:00,8.931,0.005,0,0,1.244,0,0,0.583
2024-10-28 18:00,8.802,0.021,0,0,1.246,0,0,0.622
2024-10-28 19:00,8.408,0.030,0,0,1.248,0,0,0.475
2024-10-28 20:00,7.294,0.012,0,0,1.252,0,0,0.470
2024-10-28 21:00,6.662,0.005,0,0,1.256,0,0,0.854
2024-10-28 22:00,6.554,0.004,0,0,1.261,0,0,0.907
2024-10-28 23:00,6.007,0.002,0,0,1.265,0,0,0.541
2024-10-29 00:00,4.364,0.001,0,0,1.270,0,0,0.329
2024-10-29 01:00,3.489,0,0,0,1.273,0,0,0.305
2024-10-29 02:00,3.238,0,0,0,1.277,0,0,0.470
2024-10-29 03:00,2.734,0,0,0,1.279,0,0,0.626
2024-10-29 04:00,2.469,0,0,0,1.281,0,0,0.814
2024-10-29 05:00,2.528,0,0,0,1.282,0,0,0.892
2024-10-29 06:00,2.612,0,0,0,1.282,9.707,31.009,0.935
2024-10-29 07:00,3.154,0,0,0,1.281,66.776,168.221,0.930
2024-10-29 08:00,4.276,0,0,0,1.278,133.657,287.051,0.872
2024-10-29 09:00,5.647,0,0,0,1.271,200.336,367.588,0.785
2024-10-29 10:00,7.102,0,0,0,1.264,227.152,404.100,0.933
2024-10-29 11:00,7.906,0,0,0,1.258,186.252,394.296,0.978
2024-10-29 12:00,8.254,0.002,0,0,1.254,109.313,338.652,0.990
2024-10-29 13:00,8.379,0.003,0,0,1.251,55.057,241.024,0.991
2024-10-29 14:00,8.326,0.006,0,0,1.249,17.727,108.051,0.994
2024-10-29 15:00,8.351,0.009,0,0,1.248,0.317,3.237,0.994
2024-10-29 16:00,8.324,0.016,0,0,1.247,0,0,0.975
2024-10-29 17:00,8.514,0.018,0,0,1.245,0,0,0.975
2024-10-29 18:00,8.788,0.012,0,0,1.243,0,0,0.981
2024-10-29 19:00,9.001,0.010,0,0,1.240,0,0,0.993
2024-10-29 20:00,9.377,0.012,0,0,1.237,0,0,0.996
2024-10-29 21:00,9.568,0.022,0,0,1.235,0,0,0.988
2024-10-29 22:00,9.508,0.032,0,0,1.234,0,0,0.810
2024-10-29 23:00,9.263,0.022,0,0,1.235,0,0,0.974
2024-10-30 00:00,9.097,0.011,0,0,1.237,0,0,0.985
2024-10-30 01:00,8.974,0.004,0,0,1.237,0,0,0.973
2024-10-30 02:00,8.762,0.002,0,0,1.238,0,0,0.970
2024-10-30 03:00,8.533,0.001,0,0,1.239,0,0,0.968
2024-10-30 04:00,8.290,0.001,0,0,1.241,0,0,0.743
2024-10-30 05:00,7.905,0.002,0,0,1.243,0,0,0.416
2024-10-30 06:00,7.363,0.001,0,0,1.245,8.917,26.755,0.544
2024-10-30 07:00,7.517,0.001,0,0,1.246,62.876,161.056,0.895
2024-10-30 08:00,8.079,0,0,0,1.245,143.970,279.794,0.873
2024-10-30 09:00,8.751,0,0,0,1.242,161.666,360.213,0.815
2024-10-30 10:00,9.567,0,0,0,1.239,247.953,396.718,0.331
2024-10-30 11:00,9.946,0,0,0,1.237,210.954,386.847,0.428
2024-10-30 12:00,10.008,0,0,0,1.236,193.950,331.321,0.375
2024-10-30 13:00,9.733,0,0,0,1.236,118.850,233.774,0.408
2024-10-30 14:00,9.160,0,0,0,1.238,43.367,100.937,0.286
2024-10-30 15:00,8.595,0.001,0,0,1.241,0.465,2.006,0.466
2024-10-30 16:00,8.482,0.002,0,0,1.243,0,0,0.619
2024-10-30 17:00,8.180,0.001,0,0,1.246,0,0,0.555
2024-10-30 18:00,7.476,0,0,0,1.249,0,0,0.528
2024-10-30 19:00,6.779,0,0,0,1.253,0,0,0.877
2024-10-30 20:00,6.538,0,0,0,1.256,0,0,0.969
2024-10-30 21:00,6.287,0,0,0,1.258,0,0,0.979
2024-10-30 22:00,6.104,0,0,0,1.258,0,0,0.981
2024-10-30 23:00,5.908,0,0,0,1.259,0,0,0.979
2024-10-31 00:00,5.887,0,0,0,1.259,0,0,0.986
2024-10-31 01:00,6.078,0,0,0,1.258,0,0,0.986
2024-10-31 02:00,5.890,0,0,0,1.257,0,0,0.985
2024-10-31 03:00,5.795,0,0,0,1.257,0,0,0.970
2024-10-31 04:00,5.727,0.001,0,0,1.258,0,0,0.964
2024-10-31 05:00,5.809,0.001,0,0,1.257,0,0,0.962
2024-10-31 06:00,6.109,0.002,0,0,1.255,4.222,22.845,0.964
2024-10-31 07:00,6.504,0.011,0,0,1.253,32.110,153.931,0.986
2024-10-31 08:00,6.922,0.086,0,0,1.250,45.894,272.591,0.994
2024-10-31 09:00,7.250,0.160,0,0,1.247,47.657,352.882,0.993
2024-10-31 10:00,7.459,0.288,0,0,1.245,51.957,389.468,0.983
2024-10-31 11:00,7.696,0.452,0,0,1.241,65.673,379.597,0.963
2024-10-31 12:00,7.931,0.801,0,0,1.238,36.289,324.071,0.987
2024-10-31 13:00,8.224,0.735,0,0,1.233,14.381,226.609,0.997
2024-10-31 14:00,8.666,0.379,0,0,1.229,4.461,93.885,0.991
2024-10-31 15:00,9.228,0.111,0,0,1.224,0.062,1.084,0.954
2024-10-31 16:00,9.688,0.023,0,0,1.221,0,0,0.830
2024-10-31 17:00,9.860,0.024,0,0,1.220,0,0,0.736
2024-10-31 18:00,9.958,0.041,0,0,1.219,0,0,0.891
2024-10-31 19:00,9.953,0.049,0,0,1.218,0,0,0.986
2024-10-31 20:00,9.940,0.064,0,0,1.217,0,0,0.983
2024-10-31 21:00,9.966,0.075,0,0,1.215,0,0,0.981
2024-10-31 22:00,10.150,0.112,0,0,1.213,0,0,0.985
2024-10-31 23:00,10.341,0.133,0,0,1.210,0,0,0.986
2024-11-01 00:00,10.503,0.060,0,0,1.208,0,0,0.987
2024-11-01 01:00,10.619,0.026,0,0,1.206,0,0,0.983
2024-11-01 02:00,10.701,0.014,0,0,1.204,0,0,0.969
2024-11-01 03:00,10.855,0.007,0,0,1.203,0,0,0.969
2024-11-01 04:00,11.080,0.003,0,0,1.201,0,0,0.977
2024-11-01 05:00,11.258,0,0,0,1.199,0,0,0.975
2024-11-01 06:00,11.284,0.001,0,0,1.199,4.124,19.267,0.767
2024-11-01 07:00,11.268,0.012,0,0,1.200,68.690,146.890,0.522
2024-11-01 08:00,11.416,0.019,0,0,1.202,129.633,265.419,0.744
2024-11-01 09:00,11.391,0.016,0,0,1.205,153.723,345.713,0.899
2024-11-01 10:00,11.102,0.016,0,0,1.208,182.372,382.218,0.412
2024-11-01 11:00,10.831,0.014,0,0,1.211,212.118,372.340,0.250
2024-11-01 12:00,10.332,0.006,0,0,1.215,160.389,316.861,0.283
2024-11-01 13:00,9.410,0.005,0,0,1.221,97.606,219.504,0.331
2024-11-01 14:00,8.179,0.003,0,0,1.229,28.680,86.916,0.255
2024-11-01 15:00,7.164,0,0,0,1.235,0.090,0.462,0.094
2024-11-01 16:00,6.475,0,0,0,1.241,0,0,0.281
2024-11-01 17:00,5.717,0.001,0,0,1.247,0,0,0.321
2024-11-01 18:00,5.176,0,0,0,1.251,0,0,0.252
2024-11-01 19:00,4.788,0,0,0,1.255,0,0,0.163
2024-11-01 20:00,4.342,0,0,0,1.260,0,0,0.143
2024-11-01 21:00,3.889,0,0,0,1.264,0,0,0.096
2024-11-01 22:00,3.535,0,0,0,1.267,0,0,0.065
2024-11-01 23:00,3.458,0,0,0,1.269,0,0,0.061
2024-11-02 00:00,3.419,0,0,0,1.271,0,0,0.061
2024-11-02 01:00,3.385,0,0,0,1.272,0,0,0.033
2024-11-02 02:00,3.401,0,0,0,1.273,0,0,0.018
2024-11-02 03:00,3.323,0,0,0,1.275,0,0,0.010
2024-11-02 04:00,3.160,0,0,0,1.277,0,0,0.005
2024-11-02 05:00,2.957,0,0,0,1.280,0,0,0.006
2024-11-02 06:00,2.672,0,0,0,1.282,5.649,16.017,0.007
2024-11-02 07:00,2.754,0,0,0,1.284,74.632,139.895,0.007
2024-11-02 08:00,3.356,0,0,0,1.284,162.183,258.378,0.006
2024-11-02 09:00,4.176,0,0,0,1.282,226.864,338.507,0.004
2024-11-02 10:00,4.976,0,0,0,1.279,257.216,374.968,0.003
2024-11-02 11:00,5.509,0,0,0,1.277,249.031,365.137,0.023
2024-11-02 12:00,5.697,0,0,0,1.276,203.174,309.740,0.155
2024-11-02 13:00,5.486,0,0,0,1.277,125.599,212.500,0.088
2024-11-02 14:00,4.712,0,0,0,1.279,37.959,80.019,0.008
2024-11-02 15:00,3.483,0,0,0,1.284,0.029,0.135,0.261
2024-11-02 16:00,2.615,0,0,0,1.289,0,0,0.796
2024-11-02 17:00,2.452,0,0,0,1.291,0,0,0.927
2024-11-02 18:00,2.373,0,0,0,1.292,0,0,0.979
2024-11-02 19:00,2.207,0,0,0,1.292,0,0,0.931
2024-11-02 20:00,1.944,0,0,0,1.293,0,0,0.358
2024-11-02 21:00,1.581,0,0,0,1.294,0,0,0.243
2024-11-02 22:00,1.536,0,0,0,1.293,0,0,0.498
2024-11-02 23:00,1.918,0.002,0,0,1.291,0,0,0.935
2024-11-03 00:00,2.248,0.003,0,0,1.288,0,0,0.974
2024-11-03 01:00,2.501,0.006,0,0,1.284,0,0,0.974
2024-11-03 02:00,2.843,0.010,0,0,1.281,0,0,0.991
2024-11-03 03:00,3.087,0.021,0,0,1.277,0,0,0.954
2024-11-03 04:00,3.372,0.084,0,0,1.273,0,0,0.827
2024-11-03 05:00,3.842,0.179,0,0,1.268,0,0,0.922
2024-11-03 06:00,4.509,0.046,0,0,1.262,2.316,13.104,0.776
2024-11-03 07:00,5.393,0.003,0,0,1.257,34.142,132.980,0.919
2024-11-03 08:00,6.630,0.002,0,0,1.250,70.988,251.341,0.924
2024-11-03 09:00,8.217,0.001,0,0,1.241,140.536,331.507,0.951
2024-11-03 10:00,9.667,0,0,0,1.234,205.489,367.887,0.897
2024-11-03 11:00,10.556,0,0,0,1.228,194.876,358.090,0.833
2024-11-03 12:00,11.034,0,0,0,1.225,142.932,302.736,0.846
2024-11-03 13:00,11.131,0,0,0,1.225,88.579,205.563,0.560
2024-11-03 14:00,10.609,0,0,0,1.229,29.454,73.273,0.562
2024-11-03 15:00,9.596,0,0,0,1.237,0.005,0.024,0.467
2024-11-03 16:00,8.371,0,0,0,1.247,0,0,0.612
2024-11-03 17:00,7.209,0,0,0,1.256,0,0,0.851
2024-11-03 18:00,6.239,0,0,0,1.263,0,0,0.419
2024-11-03 19:00,5.400,0,0,0,1.269,0,0,0.164
2024-11-03 20:00,4.619,0,0,0,1.275,0,0,0.199
2024-11-03 21:00,3.970,0,0,0,1.280,0,0,0.136
2024-11-03 22:00,3.322,0,0,0,1.283,0,0,0.009
2024-11-03 23:00,2.760,0,0,0,1.287,0,0,0.002
2024-11-04 00:00,2.303,0,0,0,1.290,0,0,0.012
2024-11-04 01:00,1.867,0,0,0,1.293,0,0,0.183
2024-11-04 02:00,1.862,0,0,0,1.295,0,0,0.434
2024-11-04 03:00,1.980,0,0,0,1.296,0,0,0.428
2024-11-04 04:00,1.474,0,0,0,1.297,0,0,0.577
2024-11-04 05:00,1.405,0,0,0,1.299,0,0,0.844
2024-11-04 06:00,1.571,0,0,0,1.300,2.484,10.503,0.937
2024-11-04 07:00,1.924,0,0,0,1.299,40.606,126.167,0.916
2024-11-04 08:00,2.570,0,0,0,1.297,107.907,244.403,0.729
2024-11-04 09:00,3.847,0,0,0,1.292,176.009,324.433,0.597
2024-11-04 10:00,5.060,0,0,0,1.286,214.446,360.847,0.539
2024-11-04 11:00,5.824,0,0,0,1.281,206.312,351.016,0.579
2024-11-04 12:00,6.105,0,0,0,1.279,157.912,295.740,0.569
2024-11-04 13:00,5.860,0,0,0,1.278,95.003,198.689,0.492
2024-11-04 14:00,5.000,0,0,0,1.278,25.064,66.816,0.486
2024-11-04 15:00,4.724,0.001,0,0,1.279,0.001,0.003,0.718
2024-11-04 16:00,4.833,0.001,0,0,1.280,0,0,0.701
2024-11-04 17:00,4.682,0.001,0,0,1.280,0,0,0.287
2024-11-04 18:00,4.375,0,0,0,1.281,0,0,0.155
2024-11-04 19:00,4.354,0,0,0,1.281,0,0,0.088
2024-11-04 20:00,4.036,0,0,0,1.282,0,0,0.046
2024-11-04 21:00,3.764,0,0,0,1.283,0,0,0.053
2024-11-04 22:00,3.714,0,0,0,1.283,0,0,0.132
2024-11-04 23:00,3.778,0.001,0,0,1.283,0,0,0.356
2024-11-05 00:00,3.990,0.002,0,0,1.282,0,0,0.592
2024-11-05 01:00,4.338,0.004,0,0,1.280,0,0,0.722
2024-11-05 02:00,4.559,0.007,0,0,1.279,0,0,0.912
2024-11-05 03:00,4.863,0.014,0,0,1.277,0,0,0.987
2024-11-05 04:00,5.139,0.016,0,0,1.275,0,0,0.995
2024-11-05 05:00,5.295,0.012,0,0,1.274,0,0,0.998
2024-11-05 06:00,5.407,0.008,0,0,1.274,0.521,8.204,0.997
2024-11-05 07:00,5.626,0.006,0,0,1.273,13.360,119.438,0.968
2024-11-05 08:00,5.889,0.006,0,0,1.272,37.633,237.550,0.916
2024-11-05 09:00,6.274,0.003,0,0,1.271,82.479,317.551,0.817
2024-11-05 10:00,6.989,0.001,0,0,1.267,119.605,353.887,0.571
2024-11-05 11:00,7.751,0,0,0,1.263,164.967,344.130,0.360
2024-11-05 12:00,8.137,0,0,0,1.260,154.426,288.865,0.225
2024-11-05 13:00,7.921,0,0,0,1.260,94.016,191.897,0.214
2024-11-05 14:00,6.942,0,0,0,1.261,22.613,60.676,0.232
2024-11-05 15:00,6.192,0.001,0,0,1.264,0,0,0.431
2024-11-05 16:00,6.233,0.002,0,0,1.267,0,0,0.691
2024-11-05 17:00,6.110,0.006,0,0,1.270,0,0,0.836
2024-11-05 18:00,5.854,0.008,0,0,1.271,0,0,0.873
2024-11-05 19:00,5.592,0.015,0,0,1.273,0,0,0.916
2024-11-05 20:00,5.365,0.017,0,0,1.275,0,0,0.974
2024-11-05 21:00,5.319,0.019,0,0,1.275,0,0,0.992
2024-11-05 22:00,5.279,0.024,0,0,1.276,0,0,0.965
2024-11-05 23:00,5.161,0.024,0,0,1.276,0,0,0.995
2024-11-06 00:00,5.019,0.022,0,0,1.277,0,0,0.995
2024-11-06 01:00,4.870,0.020,0,0,1.278,0,0,0.994
2024-11-06 02:00,4.728,0.019,0,0,1.279,0,0,0.990
2024-11-06 03:00,4.565,0.021,0,0,1.281,0,0,0.976
2024-11-06 04:00,4.378,0.023,0,0,1.282,0,0,0.972
2024-11-06 05:00,4.219,0.023,0,0,1.283,0,0,0.967
2024-11-06 06:00,4.100,0.023,0,0,1.284,0.403,6.226,0.967
2024-11-06 07:00,3.883,0.021,0,0,1.286,12.288,112.783,0.952
2024-11-06 08:00,3.806,0.016,0,0,1.287,32.516,230.800,0.926
2024-11-06 09:00,4.012,0.013,0,0,1.286,51.154,310.676,0.914
2024-11-06 10:00,4.306,0.009,0,0,1.285,65.340,347.012,0.916
2024-11-06 11:00,4.592,0.007,0,0,1.284,70.886,337.255,0.886
2024-11-06 12:00,4.815,0.006,0,0,1.282,61.516,282.030,0.892
2024-11-06 13:00,4.877,0.006,0,0,1.281,34.752,185.172,0.925
2024-11-06 14:00,4.787,0.008,0,0,1.281,7.450,54.898,0.969
2024-11-06 15:00,4.796,0.009,0,0,1.280,0,0,0.972
2024-11-06 16:00,4.920,0.006,0,0,1.280,0,0,0.984
2024-11-06 17:00,5.053,0.004,0,0,1.279,0,0,0.996
2024-11-06 18:00,5.199,0.003,0,0,1.278,0,0,0.998
2024-11-06 19:00,5.346,0.003,0,0,1.277,0,0,0.998
2024-11-06 20:00,5.482,0.004,0,0,1.277,0,0,0.990
2024-11-06 21:00,5.489,0.005,0,0,1.277,0,0,0.939
2024-11-06 22:00,5.197,0.006,0,0,1.279,0,0,0.837
2024-11-06 23:00,4.914,0.009,0,0,1.281,0,0,0.851
2024-11-07 00:00,4.700,0.011,0,0,1.282,0,0,0.791
2024-11-07 01:00,4.443,0.011,0,0,1.284,0,0,0.789
2024-11-07 02:00,4.221,0.006,0,0,1.285,0,0,0.761
2024-11-07 03:00,3.998,0.002,0,0,1.287,0,0,0.509
2024-11-07 04:00,3.430,0.001,0,0,1.290,0,0,0.540
2024-11-07 05:00,3.167,0.003,0,0,1.292,0,0,0.652
2024-11-07 06:00,3.144,0.005,0,0,1.293,0.624,4.539,0.713
2024-11-07 07:00,3.343,0.006,0,0,1.294,19.447,106.231,0.839
2024-11-07 08:00,3.866,0.004,0,0,1.293,56.078,224.113,0.844
2024-11-07 09:00,4.656,0.001,0,0,1.290,105.868,303.926,0.662
2024-11-07 10:00,5.771,0,0,0,1.285,160.473,340.188,0.329
2024-11-07 11:00,6.861,0,0,0,1.279,206.846,330.431,0.142
2024-11-07 12:00,7.419,0,0,0,1.275,165.682,275.290,0.551
2024-11-07 13:00,7.072,0,0,0,1.274,91.257,178.544,0.544
2024-11-07 14:00,5.479,0,0,0,1.275,18.813,49.459,0.426
2024-11-07 15:00,4.903,0,0,0,1.278,0,0,0.321
2024-11-07 16:00,4.766,0,0,0,1.281,0,0,0.273
2024-11-07 17:00,4.674,0.001,0,0,1.284,0,0,0.421
2024-11-07 18:00,4.774,0.004,0,0,1.286,0,0,0.625
2024-11-07 19:00,4.983,0.006,0,0,1.288,0,0,0.728
2024-11-07 20:00,4.945,0.007,0,0,1.289,0,0,0.780
2024-11-07 21:00,4.933,0.007,0,0,1.291,0,0,0.809
2024-11-07 22:00,4.955,0.004,0,0,1.291,0,0,0.727
2024-11-07 23:00,4.981,0.003,0,0,1.291,0,0,0.747
2024-11-08 00:00,4.774,0.003,0,0,1.291,0,0,0.808
2024-11-08 01:00,4.715,0.004,0,0,1.292,0,0,0.894
2024-11-08 02:00,4.332,0.003,0,0,1.292,0,0,0.894
2024-11-08 03:00,4.437,0.003,0,0,1.293,0,0,0.834
2024-11-08 04:00,4.336,0.002,0,0,1.293,0,0,0.758
2024-11-08 05:00,4.219,0.003,0,0,1.293,0,0,0.711
2024-11-08 06:00,4.119,0.004,0,0,1.294,0.674,3.128,0.753
2024-11-08 07:00,4.462,0.004,0,0,1.294,21.924,99.744,0.690
2024-11-08 08:00,4.794,0.003,0,0,1.293,70.666,217.513,0.706
2024-11-08 09:00,5.242,0.002,0,0,1.291,104.641,297.301,0.674
2024-11-08 10:00,6.402,0.001,0,0,1.285,166.967,333.512,0.509
2024-11-08 11:00,7.189,0.001,0,0,1.280,190.496,323.759,0.510
2024-11-08 12:00,7.343,0.001,0,0,1.279,151.569,268.658,0.519
2024-11-08 13:00,6.946,0.001,0,0,1.279,86.257,172.044,0.554
2024-11-08 14:00,5.608,0.001,0,0,1.281,16.712,44.359,0.625
2024-11-08 15:00,5.056,0.002,0,0,1.284,0,0,0.707
2024-11-08 16:00,5.303,0.004,0,0,1.286,0,0,0.779
2024-11-08 17:00,5.344,0.008,0,0,1.287,0,0,0.924
2024-11-08 18:00,5.196,0.010,0,0,1.289,0,0,0.954
2024-11-08 19:00,4.907,0.009,0,0,1.290,0,0,0.891
2024-11-08 20:00,4.635,0.010,0,0,1.292,0,0,0.875
2024-11-08 21:00,4.322,0.010,0,0,1.293,0,0,0.856
2024-11-08 22:00,4.034,0.010,0,0,1.295,0,0,0.795
2024-11-08 23:00,3.832,0.012,0,0,1.296,0,0,0.758
2024-11-09 00:00,3.661,0.016,0,0,1.296,0,0,0.740
2024-11-09 01:00,3.562,0.021,0,0,1.297,0,0,0.722
2024-11-09 02:00,3.470,0.017,0,0,1.297,0,0,0.717
2024-11-09 03:00,3.405,0.013,0,0,1.297,0,0,0.730
2024-11-09 04:00,3.381,0.012,0,0,1.297,0,0,0.758
2024-11-09 05:00,3.428,0.013,0,0,1.296,0,0,0.805
2024-11-09 06:00,3.296,0.017,0,0,1.296,0.221,2.014,0.907
2024-11-09 07:00,3.504,0.024,0,0,1.296,15.029,93.370,0.948
2024-11-09 08:00,3.906,0.023,0,0,1.295,43.131,211.015,0.894
2024-11-09 09:00,4.431,0.020,0,0,1.293,73.507,290.676,0.745
2024-11-09 10:00,4.872,0.015,0,0,1.290,93.850,326.891,0.744
2024-11-09 11:00,5.164,0.009,0,0,1.289,107.961,317.181,0.925
2024-11-09 12:00,5.284,0.011,0,0,1.288,79.280,262.158,0.980
2024-11-09 13:00,5.141,0.014,0,0,1.287,42.101,165.606,0.990
2024-11-09 14:00,4.811,0.033,0,0,1.287,7.244,39.593,0.991
2024-11-09 15:00,4.618,0.033,0,0,1.287,0,0,0.989
2024-11-09 16:00,4.482,0.027,0,0,1.287,0,0,0.988
2024-11-09 17:00,4.369,0.024,0,0,1.288,0,0,0.977
2024-11-09 18:00,4.256,0.024,0,0,1.288,0,0,0.953
2024-11-09 19:00,4.101,0.023,0,0,1.289,0,0,0.888
2024-11-09 20:00,3.909,0.022,0,0,1.289,0,0,0.804
2024-11-09 21:00,3.735,0.022,0,0,1.290,0,0,0.803
2024-11-09 22:00,3.540,0.022,0,0,1.291,0,0,0.846
2024-11-09 23:00,3.339,0.022,0,0,1.292,0,0,0.903
2024-11-10 00:00,3.172,0.020,0,0,1.293,0,0,0.934
2024-11-10 01:00,3.046,0.020,0,0,1.293,0,0,0.946
2024-11-10 02:00,2.928,0.020,0,0,1.293,0,0,0.975
2024-11-10 03:00,2.884,0.019,0,0,1.293,0,0,0.983
2024-11-10 04:00,2.893,0.020,0,0,1.293,0,0,0.981
2024-11-10 05:00,2.915,0.021,0,0,1.292,0,0,0.980
2024-11-10 06:00,2.918,0.023,0,0,1.292,0.152,1.162,0.979
2024-11-10 07:00,3.110,0.021,0,0,1.291,21.726,87.099,0.980
2024-11-10 08:00,4.039,0.018,0,0,1.290,62.489,204.636,0.979
2024-11-10 09:00,4.630,0.019,0,0,1.289,94.269,284.219,0.978
2024-11-10 10:00,5.124,0.019,0,0,1.286,109.829,320.431,0.975
2024-11-10 11:00,5.483,0.018,0,0,1.283,104.957,310.681,0.973
2024-11-10 12:00,5.635,0.023,0,0,1.281,78.447,255.739,0.973
2024-11-10 13:00,5.232,0.026,0,0,1.280,41.298,159.253,0.970
2024-11-10 14:00,4.340,0.036,0,0,1.279,7.318,35.150,0.971
2024-11-10 15:00,4.149,0.031,0,0,1.278,0,0,0.974
2024-11-10 16:00,4.322,0.037,0,0,1.278,0,0,0.976
2024-11-10 17:00,4.480,0.044,0,0,1.278,0,0,0.978
2024-11-10 18:00,4.592,0.045,0,0,1.278,0,0,0.979
2024-11-10 19:00,4.597,0.043,0,0,1.278,0,0,0.983
2024-11-10 20:00,4.774,0.059,0,0,1.278,0,0,0.986
2024-11-10 21:00,4.941,0.055,0,0,1.277,0,0,0.988
2024-11-10 22:00,4.976,0.050,0,0,1.277,0,0,0.987
2024-11-10 23:00,4.949,0.069,0,0,1.277,0,0,0.963
2024-11-11 00:00,4.840,0.069,0,0,1.276,0,0,0.837
2024-11-11 01:00,4.667,0.065,0,0,1.276,0,0,0.805
2024-11-11 02:00,4.702,0.072,0,0,1.276,0,0,0.841
2024-11-11 03:00,4.746,0.061,0,0,1.277,0,0,0.855
2024-11-11 04:00,4.634,0.050,0,0,1.277,0,0,0.754
2024-11-11 05:00,4.406,0.048,0,0,1.277,0,0,0.714
2024-11-11 06:00,4.168,0.042,0,0,1.278,0.051,0.565,0.633
2024-11-11 07:00,4.164,0.026,0,0,1.279,17.658,80.922,0.623
2024-11-11 08:00,4.575,0.015,0,0,1.279,53.558,198.344,0.665
2024-11-11 09:00,4.739,0.009,0,0,1.279,73.297,277.844,0.619
2024-11-11 10:00,4.810,0.008,0,0,1.279,121.099,313.938,0.547
2024-11-11 11:00,4.802,0.013,0,0,1.280,98.221,304.299,0.639
2024-11-11 12:00,4.719,0.014,0,0,1.280,73.011,249.368,0.643
2024-11-11 13:00,4.498,0.009,0,0,1.281,36.021,153.062,0.616
2024-11-11 14:00,3.732,0.008,0,0,1.282,5.513,31.029,0.632
2024-11-11 15:00,3.583,0.008,0,0,1.284,0,0,0.671
2024-11-11 16:00,3.581,0.008,0,0,1.286,0,0,0.691
2024-11-11 17:00,3.460,0.006,0,0,1.287,0,0,0.622
2024-11-11 18:00,3.187,0.004,0,0,1.289,0,0,0.500
2024-11-11 19:00,2.895,0.003,0,0,1.291,0,0,0.562
2024-11-11 20:00,2.794,0.006,0,0,1.293,0,0,0.684
2024-11-11 21:00,2.652,0.008,0,0,1.294,0,0,0.713
2024-11-11 22:00,2.665,0.009,0,0,1.295,0,0,0.730
2024-11-11 23:00,2.615,0.008,0,0,1.296,0,0,0.702
2024-11-12 00:00,2.500,0.007,0,0,1.296,0,0,0.717
2024-11-12 01:00,2.417,0.006,0,0,1.297,0,0,0.713
2024-11-12 02:00,2.339,0.006,0,0,1.298,0,0,0.649
2024-11-12 03:00,2.091,0.004,0,0,1.299,0,0,0.546
2024-11-12 04:00,1.856,0.002,0,0,1.300,0,0,0.526
2024-11-12 05:00,1.850,0.002,0,0,1.301,0,0,0.557
2024-11-12 06:00,1.724,0.005,0,0,1.303,0.034,0.215,0.806
2024-11-12 07:00,1.697,0.009,0,0,1.303,11.283,74.864,0.850
2024-11-12 08:00,1.865,0.013,0,0,1.303,30.748,192.156,0.850
2024-11-12 09:00,2.238,0.012,0,0,1.301,46.626,271.594,0.855
2024-11-12 10:00,2.675,0.009,0,0,1.299,73.600,307.681,0.854
2024-11-12 11:00,3.053,0.006,0,0,1.298,83.841,297.935,0.861
2024-11-12 12:00,3.326,0.004,0,0,1.296,69.981,243.178,0.834
2024-11-12 13:00,3.443,0.004,0,0,1.294,39.422,146.900,0.797
2024-11-12 14:00,3.309,0.004,0,0,1.293,5.848,27.214,0.770
2024-11-12 15:00,3.157,0.005,0,0,1.293,0,0,0.792
2024-11-12 16:00,3.097,0.004,0,0,1.293,0,0,0.781
2024-11-12 17:00,3.041,0.002,0,0,1.293,0,0,0.793
2024-11-12 18:00,2.774,0.002,0,0,1.294,0,0,0.737
2024-11-12 19:00,2.369,0.003,0,0,1.297,0,0,0.862
2024-11-12 20:00,2.584,0.004,0,0,1.298,0,0,0.891
2024-11-12 21:00,2.484,0.003,0,0,1.298,0,0,0.876
2024-11-12 22:00,2.363,0.004,0,0,1.298,0,0,0.923
2024-11-12 23:00,2.223,0.005,0,0,1.298,0,0,0.960
2024-11-13 00:00,2.064,0.007,0,0,1.299,0,0,0.972
2024-11-13 01:00,1.931,0.009,0,0,1.299,0,0,0.992
2024-11-13 02:00,1.863,0.009,0,0,1.299,0,0,0.998
2024-11-13 03:00,1.926,0.008,0,0,1.297,0,0,0.995
2024-11-13 04:00,2.118,0.005,0,0,1.295,0,0,0.990
2024-11-13 05:00,2.401,0.004,0,0,1.293,0,0,0.989
2024-11-13 06:00,2.647,0.003,0,0,1.291,0.014,0.060,0.992
2024-11-13 07:00,2.935,0.003,0,0,1.289,10.173,68.931,0.987
2024-11-13 08:00,3.353,0.003,0,0,1.286,36.520,186.057,0.921
2024-11-13 09:00,3.926,0.003,0,0,1.283,66.631,265.351,0.900
2024-11-13 10:00,4.473,0.010,0,0,1.279,82.609,301.435,0.965
2024-11-13 11:00,4.704,0.022,0,0,1.276,64.219,291.803,0.967
2024-11-13 12:00,4.874,0.012,0,0,1.274,64.320,237.013,0.892
2024-11-13 13:00,4.889,0.011,0,0,1.272,34.073,140.900,0.791
2024-11-13 14:00,4.827,0.014,0,0,1.271,2.727,23.699,0.849
2024-11-13 15:00,4.839,0.019,0,0,1.270,0,0,0.858
2024-11-13 16:00,4.882,0.052,0,0,1.269,0,0,0.878
2024-11-13 17:00,4.932,0.062,0,0,1.268,0,0,0.917
2024-11-13 18:00,4.952,0.032,0,0,1.267,0,0,0.886
2024-11-13 19:00,4.913,0.022,0,0,1.267,0,0,0.882
2024-11-13 20:00,4.841,0.016,0,0,1.266,0,0,0.910
2024-11-13 21:00,4.830,0.013,0,0,1.266,0,0,0.950
2024-11-13 22:00,4.782,0.009,0,0,1.266,0,0,0.895
2024-11-13 23:00,4.566,0.005,0,0,1.266,0,0,0.731
2024-11-14 00:00,4.262,0.003,0,0,1.267,0,0,0.595
2024-11-14 01:00,4.006,0.003,0,0,1.268,0,0,0.605
2024-11-14 02:00,3.860,0.005,0,0,1.269,0,0,0.754
2024-11-14 03:00,3.659,0.007,0,0,1.271,0,0,0.772
2024-11-14 04:00,3.172,0.003,0,0,1.274,0,0,0.607
2024-11-14 05:00,2.632,0,0,0,1.276,0,0,0.402
2024-11-14 06:00,2.219,0,0,0,1.278,0.002,0.016,0.402
2024-11-14 07:00,2.158,0,0,0,1.279,20.670,63.258,0.371
2024-11-14 08:00,2.802,0,0,0,1.277,81.041,180.059,0.048
2024-11-14 09:00,3.678,0,0,0,1.273,158.681,259.344,0.021
2024-11-14 10:00,4.812,0,0,0,1.268,185.932,295.357,0.084
2024-11-14 11:00,5.564,0,0,0,1.264,173.426,285.685,0.437
2024-11-14 12:00,5.676,0,0,0,1.262,113.198,231.013,0.584
2024-11-14 13:00,5.227,0,0,0,1.263,54.981,134.982,0.556
2024-11-14 14:00,4.061,0,0,0,1.266,6.356,20.478,0.589
2024-11-14 15:00,3.216,0,0,0,1.270,0,0,0.552
2024-11-14 16:00,2.852,0,0,0,1.273,0,0,0.409
2024-11-14 17:00,2.817,0,0,0,1.274,0,0,0.699
2024-11-14 18:00,2.548,0,0,0,1.275,0,0,0.876
2024-11-14 19:00,2.366,0,0,0,1.277,0,0,0.945
2024-11-14 20:00,2.255,0,0,0,1.277,0,0,0.881
2024-11-14 21:00,2.216,0,0,0,1.277,0,0,0.655
2024-11-14 22:00,2.253,0.001,0,0,1.276,0,0,0.653
2024-11-14 23:00,2.373,0.001,0,0,1.275,0,0,0.677
2024-11-15 00:00,2.376,0.002,0,0,1.274,0,0,0.854
2024-11-15 01:00,2.439,0.001,0,0,1.273,0,0,0.914
2024-11-15 02:00,2.901,0.001,0,0,1.271,0,0,0.883
2024-11-15 03:00,3.776,0.001,0,0,1.266,0,0,0.852
2024-11-15 04:00,3.872,0.001,0,0,1.265,0,0,0.838
2024-11-15 05:00,3.745,0.001,0,0,1.266,0,0,0.748
2024-11-15 06:00,3.577,0,0,0,1.266,0,0,0.458
2024-11-15 07:00,3.511,0,0,0,1.266,19.881,57.873,0.080
2024-11-15 08:00,3.898,0,0,0,1.265,90.756,174.184,0.030
2024-11-15 09:00,4.769,0,0,0,1.261,150.411,253.391,0.062
2024-11-15 10:00,5.688,0,0,0,1.256,178.727,289.357,0.626
2024-11-15 11:00,6.295,0,0,0,1.252,169.248,279.725,0.939
2024-11-15 12:00,6.375,0,0,0,1.250,114.317,225.132,0.944
2024-11-15 13:00,6.009,0,0,0,1.250,42.602,129.190,0.945
2024-11-15 14:00,5.549,0,0,0,1.250,3.906,17.536,0.943
2024-11-15 15:00,5.286,0,0,0,1.251,0,0,0.943
2024-11-15 16:00,5.136,0,0,0,1.252,0,0,0.950
2024-11-15 17:00,5.208,0.001,0,0,1.251,0,0,0.970
2024-11-15 18:00,5.433,0.003,0,0,1.249,0,0,0.988
2024-11-15 19:00,5.696,0.006,0,0,1.247,0,0,0.996
2024-11-15 20:00,5.993,0.010,0,0,1.245,0,0,0.998
2024-11-15 21:00,6.332,0.014,0,0,1.241,0,0,0.997
2024-11-15 22:00,6.749,0.024,0,0,1.238,0,0,0.990
2024-11-15 23:00,7.358,0.024,0,0,1.233,0,0,0.954
2024-11-16 00:00,7.704,0.026,0,0,1.230,0,0,0.912
2024-11-16 01:00,7.755,0.025,0,0,1.229,0,0,0.924
2024-11-16 02:00,7.715,0.024,0,0,1.228,0,0,0.920
2024-11-16 03:00,7.862,0.015,0,0,1.226,0,0,0.826
2024-11-16 04:00,8.296,0.007,0,0,1.223,0,0,0.678
2024-11-16 05:00,8.893,0.008,0,0,1.218,0,0,0.601
2024-11-16 06:00,9.232,0.021,0,0,1.215,0,0,0.656
2024-11-16 07:00,9.474,0.046,0,0,1.214,8.500,52.801,0.682
2024-11-16 08:00,9.667,0.060,0,0,1.212,36.617,168.454,0.697
2024-11-16 09:00,9.755,0.027,0,0,1.212,78.985,247.557,0.906
2024-11-16 10:00,9.669,0.006,0,0,1.214,114.058,283.482,0.700
2024-11-16 11:00,9.239,0.001,0,0,1.216,128.483,273.928,0.304
2024-11-16 12:00,8.771,0.001,0,0,1.218,117.045,219.325,0.197
2024-11-16 13:00,8.288,0,0,0,1.220,53.660,123.503,0.174
2024-11-16 14:00,7.659,0,0,0,1.222,4.274,14.871,0.068
2024-11-16 15:00,7.030,0,0,0,1.225,0,0,0.058
2024-11-16 16:00,6.420,0,0,0,1.229,0,0,0.019
2024-11-16 17:00,5.826,0,0,0,1.231,0,0,0.068
2024-11-16 18:00,5.327,0,0,0,1.233,0,0,0.053
2024-11-16 19:00,5.000,0,0,0,1.234,0,0,0.031
2024-11-16 20:00,4.848,0,0,0,1.233,0,0,0.013
2024-11-16 21:00,4.798,0,0,0,1.233,0,0,0.014
2024-11-16 22:00,4.791,0,0,0,1.232,0,0,0.059
2024-11-16 23:00,4.887,0.001,0,0,1.231,0,0,0.285
2024-11-17 00:00,5.143,0.002,0,0,1.229,0,0,0.399
2024-11-17 01:00,5.290,0.001,0,0,1.228,0,0,0.280
2024-11-17 02:00,5.216,0,0,0,1.227,0,0,0.074
2024-11-17 03:00,5.043,0,0,0,1.228,0,0,0.074
2024-11-17 04:00,4.878,0,0,0,1.228,0,0,0.110
2024-11-17 05:00,4.692,0,0,0,1.229,0,0,0.170
2024-11-17 06:00,4.580,0,0,0,1.229,0,0,0.185
2024-11-17 07:00,4.628,0,0,0,1.228,18.358,48.050,0.178
2024-11-17 08:00,5.161,0.001,0,0,1.226,73.965,162.829,0.494
2024-11-17 09:00,5.761,0.008,0,0,1.223,81.413,241.866,0.694
2024-11-17 10:00,6.100,0.007,0,0,1.220,89.813,277.732,0.717
2024-11-17 11:00,6.319,0.006,0,0,1.218,82.553,268.178,0.647
2024-11-17 12:00,6.467,0.002,0,0,1.217,83.915,213.658,0.341
2024-11-17 13:00,6.239,0.003,0,0,1.217,51.705,117.949,0.261
2024-11-17 14:00,5.830,0.005,0,0,1.218,3.128,12.465,0.396
2024-11-17 15:00,5.418,0.008,0,0,1.220,0,0,0.342
2024-11-17 16:00,4.954,0.002,0,0,1.223,0,0,0.378
2024-11-17 17:00,4.605,0.003,0,0,1.225,0,0,0.651
2024-11-17 18:00,4.443,0.002,0,0,1.227,0,0,0.878
2024-11-17 19:00,4.068,0.002,0,0,1.229,0,0,0.959
2024-11-17 20:00,3.753,0.001,0,0,1.231,0,0,0.921
2024-11-17 21:00,3.485,0.001,0,0,1.233,0,0,0.849
2024-11-17 22:00,3.266,0.001,0,0,1.235,0,0,0.846
2024-11-17 23:00,3.078,0.002,0,0,1.237,0,0,0.859
2024-11-18 00:00,2.834,0.001,0,0,1.239,0,0,0.884
2024-11-18 01:00,2.498,0.001,0,0,1.242,0,0,0.934
2024-11-18 02:00,1.983,0.001,0,0,1.245,0,0,0.968
2024-11-18 03:00,1.647,0,0,0,1.247,0,0,0.968
2024-11-18 04:00,1.318,0,0,0,1.249,0,0,0.963
2024-11-18 05:00,0.981,0,0,0,1.251,0,0,0.971
2024-11-18 06:00,0.698,0,0,0,1.254,0,0,0.983
2024-11-18 07:00,0.639,0,0,0,1.255,11.059,43.592,0.976
2024-11-18 08:00,0.847,0,0,0,1.255,62.100,157.329,0.892
2024-11-18 09:00,1.369,0,0,0,1.254,126.129,236.246,0.584
2024-11-18 10:00,2.077,0,0,0,1.251,165.925,272.110,0.526
2024-11-18 11:00,2.513,0,0,0,1.249,159.807,262.593,0.605
2024-11-18 12:00,2.453,0,0,0,1.249,119.137,208.097,0.680
2024-11-18 13:00,1.862,0,0,0,1.251,53.767,112.493,0.728
2024-11-18 14:00,0.859,0,0,0,1.255,3.173,10.315,0.791
2024-11-18 15:00,0.199,0,0,0,1.258,0,0,0.769
2024-11-18 16:00,-0.264,0,0,0,1.261,0,0,0.668
2024-11-18 17:00,-0.536,0.001,0.001,0,1.263,0,0,0.629
2024-11-18 18:00,-0.620,0.004,0.004,0,1.266,0,0,0.634
2024-11-18 19:00,-0.432,0.002,0.002,0,1.266,0,0,0.324
2024-11-18 20:00,-1.229,0.002,0.002,0,1.267,0,0,0.378
2024-11-18 21:00,-1.325,0.006,0.006,0.001,1.269,0,0,0.654
2024-11-18 22:00,-1.225,0.008,0.008,0.001,1.271,0,0,0.848
2024-11-18 23:00,-1.281,0.011,0.011,0.001,1.272,0,0,0.898
2024-11-19 00:00,-1.369,0.013,0.013,0.002,1.273,0,0,0.801
2024-11-19 01:00,-1.397,0.013,0.013,0.002,1.273,0,0,0.667
2024-11-19 02:00,-1.431,0.013,0.013,0.002,1.273,0,0,0.604
2024-11-19 03:00,-1.485,0.011,0.011,0.001,1.273,0,0,0.595
2024-11-19 04:00,-1.587,0.011,0.011,0.001,1.273,0,0,0.619
2024-11-19 05:00,-1.586,0.012,0.012,0.001,1.273,0,0,0.677
2024-11-19 06:00,-1.605,0.013,0.013,0.002,1.274,0,0,0.730
2024-11-19 07:00,-1.542,0.013,0.013,0.002,1.275,10.055,39.445,0.764
2024-11-19 08:00,-1.240,0.012,0.012,0.002,1.274,49.446,151.913,0.774
2024-11-19 09:00,-0.776,0.009,0.009,0.001,1.273,82.892,230.804,0.768
2024-11-19 10:00,-0.211,0.007,0.007,0.001,1.270,98.533,266.650,0.808
2024-11-19 11:00,0.179,0.004,0.004,0,1.268,87.726,257.096,0.884
2024-11-19 12:00,0.449,0.002,0.002,0,1.265,62.270,202.717,0.902
2024-11-19 13:00,0.145,0.002,0.001,0,1.263,28.028,107.178,0.857
2024-11-19 14:00,-0.712,0.002,0.001,0,1.262,1.764,8.405,0.722
2024-11-19 15:00,-0.807,0.001,0.001,0,1.261,0,0,0.686
2024-11-19 16:00,-0.873,0.002,0.001,0,1.260,0,0,0.670
2024-11-19 17:00,-1.006,0.003,0.001,0,1.260,0,0,0.631
2024-11-19 18:00,-0.845,0.005,0.001,0,1.260,0,0,0.758
2024-11-19 19:00,-0.384,0.009,0.001,0,1.260,0,0,0.920
2024-11-19 20:00,0.328,0.013,0.002,0,1.260,0,0,0.951
2024-11-19 21:00,0.370,0.016,0.004,0,1.259,0,0,0.981
2024-11-19 22:00,0.456,0.021,0.006,0.001,1.258,0,0,0.986
2024-11-19 23:00,0.522,0.024,0.007,0.001,1.257,0,0,0.975
2024-11-20 00:00,0.537,0.032,0.009,0.001,1.256,0,0,0.957
2024-11-20 01:00,0.431,0.066,0.019,0.002,1.256,0,0,0.968
2024-11-20 02:00,0.399,0.132,0.035,0.005,1.255,0,0,0.994
2024-11-20 03:00,0.431,0.196,0.070,0.021,1.254,0,0,0.996
2024-11-20 04:00,0.490,0.264,0.115,0.090,1.253,0,0,0.996
2024-11-20 05:00,0.505,0.326,0.172,0.229,1.252,0,0,0.997
2024-11-20 06:00,0.502,0.443,0.297,0.459,1.252,0,0,0.997
2024-11-20 07:00,0.505,0.556,0.438,0.836,1.251,2.153,35.574,0.997
2024-11-20 08:00,0.641,0.544,0.452,1.281,1.250,12.392,146.663,0.997
2024-11-20 09:00,0.887,0.449,0.375,1.670,1.249,21.306,225.454,0.997
2024-11-20 10:00,1.015,0.320,0.210,1.911,1.247,26.290,261.350,0.998
2024-11-20 11:00,1.040,0.215,0.071,1.990,1.246,27.826,251.725,0.998
2024-11-20 12:00,1.076,0.172,0.041,1.984,1.245,22.875,197.404,0.998
2024-11-20 13:00,1.089,0.173,0.040,1.963,1.244,10.261,102.001,0.998
2024-11-20 14:00,1.023,0.209,0.039,1.949,1.244,0.358,6.729,0.998
2024-11-20 15:00,0.910,0.266,0.162,2.006,1.244,0,0,0.998
2024-11-20 16:00,0.858,0.355,0.287,2.222,1.244,0,0,0.998
2024-11-20 17:00,0.842,0.407,0.354,2.532,1.244,0,0,0.998
2024-11-20 18:00,0.786,0.381,0.349,2.870,1.243,0,0,0.998
2024-11-20 19:00,0.650,0.376,0.350,3.202,1.244,0,0,0.998
2024-11-20 20:00,0.568,0.357,0.331,3.526,1.244,0,0,0.998
2024-11-20 21:00,0.566,0.340,0.314,3.831,1.243,0,0,0.996
2024-11-20 22:00,0.553,0.310,0.281,4.106,1.243,0,0,0.987
2024-11-20 23:00,0.510,0.291,0.262,4.354,1.243,0,0,0.991
2024-11-21 00:00,0.371,0.273,0.252,4.582,1.243,0,0,0.996
2024-11-21 01:00,0.104,0.236,0.221,4.796,1.244,0,0,0.996
2024-11-21 02:00,-0.256,0.166,0.155,4.945,1.246,0,0,0.997
2024-11-21 03:00,-0.684,0.140,0.139,5.051,1.248,0,0,0.997
2024-11-21 04:00,-1.100,0.158,0.158,5.157,1.251,0,0,0.988
2024-11-21 05:00,-1.455,0.184,0.184,5.292,1.253,0,0,0.983
2024-11-21 06:00,-1.716,0.189,0.189,5.444,1.255,0,0,0.983
2024-11-21 07:00,-1.929,0.186,0.186,5.592,1.256,2.743,31.984,0.976
2024-11-21 08:00,-2.123,0.216,0.216,5.752,1.258,17.281,141.540,0.964
2024-11-21 09:00,-2.250,0.271,0.271,5.958,1.259,28.977,220.266,0.958
2024-11-21 10:00,-2.406,0.259,0.259,6.181,1.260,34.461,256.062,0.951
2024-11-21 11:00,-2.625,0.217,0.217,6.373,1.262,34.426,246.532,0.943
2024-11-21 12:00,-2.865,0.170,0.170,6.520,1.263,26.865,192.242,0.934
2024-11-21 13:00,-3.140,0.099,0.099,6.607,1.264,12.726,96.939,0.878
2024-11-21 14:00,-3.462,0.051,0.051,6.635,1.266,0.561,5.268,0.860
2024-11-21 15:00,-3.758,0.025,0.025,6.636,1.268,0,0,0.836
2024-11-21 16:00,-4.047,0.017,0.017,6.626,1.269,0,0,0.780
2024-11-21 17:00,-4.270,0.016,0.016,6.619,1.269,0,0,0.709
2024-11-21 18:00,-4.478,0.020,0.020,6.620,1.270,0,0,0.688
2024-11-21 19:00,-4.655,0.020,0.020,6.626,1.271,0,0,0.679
2024-11-21 20:00,-4.841,0.018,0.018,6.633,1.271,0,0,0.705
2024-11-21 21:00,-5.044,0.015,0.015,6.641,1.272,0,0,0.704
2024-11-21 22:00,-5.137,0.013,0.013,6.647,1.272,0,0,0.704
2024-11-21 23:00,-5.173,0.011,0.011,6.651,1.273,0,0,0.722
2024-11-22 00:00,-5.239,0.008,0.008,6.652,1.273,0,0,0.744
2024-11-22 01:00,-5.379,0.006,0.006,6.652,1.274,0,0,0.760
2024-11-22 02:00,-5.600,0.005,0.005,6.651,1.274,0,0,0.710
2024-11-22 03:00,-5.843,0.003,0.003,6.652,1.276,0,0,0.590
2024-11-22 04:00,-6.279,0.002,0.002,6.654,1.277,0,0,0.437
2024-11-22 05:00,-6.802,0.002,0.002,6.657,1.278,0,0,0.369
2024-11-22 06:00,-6.932,0.001,0.001,6.661,1.279,0,0,0.373
2024-11-22 07:00,-6.894,0.001,0.001,6.663,1.280,8.746,28.663,0.345
2024-11-22 08:00,-6.230,0.001,0.001,6.663,1.280,57.161,136.540,0.397
2024-11-22 09:00,-5.320,0.001,0.001,6.646,1.278,103.493,215.204,0.555
2024-11-22 10:00,-4.786,0.002,0.002,6.614,1.277,123.773,250.975,0.806
2024-11-22 11:00,-4.418,0.002,0.002,6.578,1.276,110.205,241.432,0.747
2024-11-22 12:00,-4.250,0.002,0.002,6.544,1.275,77.457,187.218,0.605
2024-11-22 13:00,-4.368,0.002,0.002,6.519,1.276,33.016,92.012,0.617
2024-11-22 14:00,-4.894,0.001,0.001,6.510,1.277,0.944,4.023,0.665
2024-11-22 15:00,-5.560,0,0,6.509,1.279,0,0,0.594
2024-11-22 16:00,-6.009,0,0,6.511,1.281,0,0,0.451
2024-11-22 17:00,-6.198,0,0,6.512,1.283,0,0,0.468
2024-11-22 18:00,-6.451,0,0,6.514,1.284,0,0,0.431
2024-11-22 19:00,-6.621,0,0,6.516,1.285,0,0,0.340
2024-11-22 20:00,-6.765,0,0,6.518,1.286,0,0,0.288
2024-11-22 21:00,-6.775,0,0,6.519,1.287,0,0,0.291
2024-11-22 22:00,-6.795,0,0,6.521,1.287,0,0,0.282
2024-11-22 23:00,-6.822,0,0,6.523,1.288,0,0,0.269
2024-11-23 00:00,-6.856,0,0,6.524,1.288,0,0,0.336
2024-11-23 01:00,-6.900,0,0,6.526,1.288,0,0,0.330
2024-11-23 02:00,-7.007,0.002,0.002,6.529,1.289,0,0,0.318
2024-11-23 03:00,-6.772,0.015,0.015,6.539,1.289,0,0,0.659
2024-11-23 04:00,-5.527,0.029,0.029,6.567,1.287,0,0,0.782
2024-11-23 05:00,-4.737,0.002,0.002,6.574,1.286,0,0,0.607
2024-11-23 06:00,-5.201,0,0,6.567,1.289,0,0,0.321
2024-11-23 07:00,-6.077,0,0,6.568,1.293,8.708,25.596,0.260
2024-11-23 08:00,-5.882,0,0,6.569,1.295,63.134,131.667,0.273
2024-11-23 09:00,-4.756,0,0,6.564,1.293,114.173,210.268,0.326
2024-11-23 10:00,-3.754,0,0,6.546,1.289,136.187,246.000,0.377
2024-11-23 11:00,-3.170,0.001,0.001,6.523,1.287,118.994,236.495,0.458
2024-11-23 12:00,-2.943,0,0,6.504,1.287,83.733,182.306,0.183
2024-11-23 13:00,-3.606,0,0,6.496,1.288,39.566,87.229,0.075
2024-11-23 14:00,-4.882,0,0,6.498,1.291,0.779,2.969,0.056
2024-11-23 15:00,-5.530,0,0,6.501,1.294,0,0,0.050
2024-11-23 16:00,-5.890,0,0,6.504,1.297,0,0,0.070
2024-11-23 17:00,-6.133,0,0,6.506,1.299,0,0,0.225
2024-11-23 18:00,-5.861,0.002,0.002,6.510,1.300,0,0,0.309
2024-11-23 19:00,-5.737,0.001,0.001,6.515,1.301,0,0,0.329
2024-11-23 20:00,-5.560,0.001,0.001,6.519,1.301,0,0,0.328
2024-11-23 21:00,-5.416,0.002,0.002,6.525,1.302,0,0,0.346
2024-11-23 22:00,-5.415,0.002,0.002,6.530,1.302,0,0,0.421
2024-11-23 23:00,-5.427,0.002,0.002,6.534,1.302,0,0,0.501
2024-11-24 00:00,-5.326,0.003,0.003,6.539,1.302,0,0,0.863
2024-11-24 01:00,-5.170,0.004,0.004,6.544,1.302,0,0,0.958
2024-11-24 02:00,-4.829,0.005,0.005,6.551,1.302,0,0,0.875
2024-11-24 03:00,-4.675,0.005,0.005,6.557,1.300,0,0,0.819
2024-11-24 04:00,-4.420,0.008,0.008,6.565,1.300,0,0,0.824
2024-11-24 05:00,-3.773,0.009,0.009,6.575,1.298,0,0,0.569
2024-11-24 06:00,-3.341,0.012,0.012,6.586,1.295,0,0,0.675
2024-11-24 07:00,-2.426,0.019,0.017,6.586,1.291,5.027,22.774,0.837
2024-11-24 08:00,-0.898,0.018,0.014,6.568,1.285,34.947,126.959,0.981
2024-11-24 09:00,0.382,0.013,0.008,6.530,1.279,52.574,205.476,0.984
2024-11-24 10:00,1.144,0.011,0.002,6.363,1.274,49.228,241.186,0.990
2024-11-24 11:00,1.761,0.009,0.002,6.155,1.270,54.859,231.682,0.991
2024-11-24 12:00,2.159,0.007,0,5.919,1.267,38.329,177.576,0.994
2024-11-24 13:00,2.315,0.041,0,5.654,1.265,7.462,82.582,0.992
2024-11-24 14:00,2.380,0.185,0,5.343,1.264,0.089,2.102,0.992
2024-11-24 15:00,2.442,0.506,0,4.962,1.262,0,0,0.996
2024-11-24 16:00,2.461,0.772,0,4.494,1.261,0,0,0.995
2024-11-24 17:00,2.496,1.775,0.001,3.954,1.260,0,0,0.994
2024-11-24 18:00,2.409,1.807,0.003,3.431,1.259,0,0,0.993
2024-11-24 19:00,2.715,0.796,0,2.986,1.256,0,0,0.987
2024-11-24 20:00,3.300,0.217,0,2.590,1.250,0,0,0.985
2024-11-24 21:00,3.934,0.150,0,2.267,1.245,0,0,0.991
2024-11-24 22:00,4.448,0.083,0,2.019,1.241,0,0,0.983
2024-11-24 23:00,4.802,0.021,0,1.834,1.239,0,0,0.974
2024-11-25 00:00,5.026,0.006,0,1.695,1.237,0,0,0.971
2024-11-25 01:00,5.144,0.004,0,1.576,1.236,0,0,0.978
2024-11-25 02:00,5.214,0.005,0,1.460,1.236,0,0,0.986
2024-11-25 03:00,5.355,0.008,0,1.345,1.235,0,0,0.993
2024-11-25 04:00,5.496,0.005,0,1.232,1.235,0,0,0.991
2024-11-25 05:00,5.559,0.006,0,1.125,1.235,0,0,0.990
2024-11-25 06:00,5.573,0.007,0,1.034,1.235,0,0,0.985
2024-11-25 07:00,5.536,0.030,0,0.957,1.235,3.260,20.187,0.979
2024-11-25 08:00,5.617,0.276,0,0.887,1.235,18.087,122.376,0.982
2024-11-25 09:00,5.908,0.659,0,0.817,1.234,34.698,200.794,0.973
2024-11-25 10:00,6.201,0.488,0,0.749,1.232,42.120,236.502,0.968
2024-11-25 11:00,6.413,0.139,0,0.687,1.231,41.756,227.015,0.984
2024-11-25 12:00,6.483,0.098,0,0.633,1.231,27.348,172.988,0.993
2024-11-25 13:00,6.421,0.361,0,0.587,1.231,7.802,78.064,0.993
2024-11-25 14:00,6.652,0.618,0,0.542,1.229,0.038,1.413,0.995
2024-11-25 15:00,6.727,0.438,0,0.498,1.229,0,0,0.994
2024-11-25 16:00,6.704,0.348,0,0.459,1.229,0,0,0.993
2024-11-25 17:00,6.670,0.326,0,0.423,1.229,0,0,0.993
2024-11-25 18:00,6.642,0.348,0,0.391,1.229,0,0,0.994
2024-11-25 19:00,6.652,0.427,0,0.363,1.230,0,0,0.996
2024-11-25 20:00,6.642,0.997,0,0.339,1.230,0,0,0.994
2024-11-25 21:00,6.811,0.678,0,0.316,1.229,0,0,0.992
2024-11-25 22:00,6.742,0.223,0,0.296,1.230,0,0,0.978
2024-11-25 23:00,6.644,0.024,0,0.278,1.231,0,0,0.974
2024-11-26 00:00,6.498,0.010,0,0.261,1.233,0,0,0.981
2024-11-26 01:00,6.356,0.014,0,0.245,1.235,0,0,0.983
2024-11-26 02:00,6.229,0.015,0,0.231,1.236,0,0,0.979
2024-11-26 03:00,6.085,0.015,0,0.217,1.238,0,0,0.980
2024-11-26 04:00,5.898,0.018,0,0.205,1.240,0,0,0.971
2024-11-26 05:00,5.700,0.019,0,0.194,1.241,0,0,0.997
2024-11-26 06:00,5.569,0.016,0,0.185,1.243,0,0,0.994
2024-11-26 07:00,5.418,0.018,0,0.176,1.245,2.272,17.824,0.983
2024-11-26 08:00,5.265,0.021,0,0.167,1.247,20.582,117.939,0.900
2024-11-26 09:00,5.197,0.020,0,0.158,1.248,40.421,196.310,0.854
2024-11-26 10:00,5.254,0.017,0,0.149,1.248,47.671,231.998,0.863
2024-11-26 11:00,5.434,0.014,0,0.140,1.248,41.777,222.495,0.943
2024-11-26 12:00,5.657,0.010,0,0.131,1.246,26.310,168.514,0.947
2024-11-26 13:00,5.814,0.008,0,0.123,1.245,11.527,73.708,0.918
2024-11-26 14:00,5.882,0.007,0,0.116,1.245,0.081,0.881,0.760
2024-11-26 15:00,5.850,0.009,0,0.110,1.246,0,0,0.664
2024-11-26 16:00,5.795,0.011,0,0.105,1.246,0,0,0.660
2024-11-26 17:00,5.761,0.020,0,0.100,1.247,0,0,0.651
2024-11-26 18:00,5.695,0.051,0,0.096,1.248,0,0,0.636
2024-11-26 19:00,5.541,0.140,0,0.092,1.249,0,0,0.603
2024-11-26 20:00,5.333,0.287,0,0.089,1.250,0,0,0.755
2024-11-26 21:00,5.233,0.492,0,0.086,1.251,0,0,0.870
2024-11-26 22:00,5.164,0.674,0,0.083,1.252,0,0,0.913
2024-11-26 23:00,5.049,0.673,0,0.080,1.253,0,0,0.900
2024-11-27 00:00,4.986,0.464,0,0.077,1.254,0,0,0.889
2024-11-27 01:00,5.036,0.216,0,0.073,1.254,0,0,0.850
2024-11-27 02:00,5.046,0.122,0,0.070,1.254,0,0,0.860
2024-11-27 03:00,5.088,0.102,0,0.068,1.255,0,0,0.910
2024-11-27 04:00,5.223,0.095,0,0.066,1.255,0,0,0.957
2024-11-27 05:00,5.298,0.099,0,0.063,1.255,0,0,0.980
2024-11-27 06:00,5.242,0.102,0,0.061,1.255,0,0,0.992
2024-11-27 07:00,5.171,0.099,0,0.060,1.256,0.673,15.676,0.992
2024-11-27 08:00,5.173,0.098,0,0.058,1.257,7.918,113.658,0.982
2024-11-27 09:00,5.189,0.100,0,0.056,1.259,20.942,191.978,0.958
2024-11-27 10:00,5.140,0.100,0,0.055,1.260,24.840,227.586,0.911
2024-11-27 11:00,5.014,0.099,0,0.053,1.261,25.048,218.142,0.856
2024-11-27 12:00,4.789,0.091,0,0.052,1.263,19.836,164.201,0.837
2024-11-27 13:00,4.370,0.085,0,0.050,1.265,5.927,69.481,0.844
2024-11-27 14:00,3.920,0.069,0,0.050,1.268,0.011,0.496,0.863
2024-11-27 15:00,3.620,0.062,0,0.049,1.270,0,0,0.903
2024-11-27 16:00,3.344,0.067,0,0.049,1.272,0,0,0.927
2024-11-27 17:00,3.110,0.079,0,0.048,1.274,0,0,0.927
2024-11-27 18:00,2.874,0.088,0,0.048,1.276,0,0,0.920
2024-11-27 19:00,2.673,0.086,0,0.047,1.277,0,0,0.877
2024-11-27 20:00,2.489,0.067,0,0.047,1.279,0,0,0.832
2024-11-27 21:00,2.345,0.048,0,0.046,1.279,0,0,0.814
2024-11-27 22:00,2.232,0.043,0.003,0.047,1.280,0,0,0.827
2024-11-27 23:00,2.153,0.048,0.005,0.052,1.280,0,0,0.871
2024-11-28 00:00,2.110,0.058,0.008,0.058,1.281,0,0,0.912
2024-11-28 01:00,2.075,0.066,0.009,0.066,1.281,0,0,0.937
2024-11-28 02:00,2.049,0.086,0.010,0.075,1.281,0,0,0.906
2024-11-28 03:00,1.975,0.085,0.010,0.085,1.282,0,0,0.843
2024-11-28 04:00,1.858,0.077,0.008,0.093,1.283,0,0,0.844
2024-11-28 05:00,1.737,0.063,0.005,0.099,1.284,0,0,0.877
2024-11-28 06:00,1.608,0.048,0.003,0.103,1.285,0,0,0.907
2024-11-28 07:00,1.480,0.037,0.002,0.105,1.286,0.870,13.726,0.913
2024-11-28 08:00,1.401,0.032,0.002,0.107,1.288,12.748,109.512,0.875
2024-11-28 09:00,1.450,0.033,0.002,0.109,1.288,30.483,187.753,0.833
2024-11-28 10:00,1.581,0.044,0.004,0.111,1.288,42.030,223.393,0.811
2024-11-28 11:00,1.646,0.051,0.004,0.114,1.288,43.291,213.929,0.753
2024-11-28 12:00,1.563,0.047,0.003,0.116,1.289,34.546,160.073,0.673
2024-11-28 13:00,1.296,0.041,0.002,0.118,1.290,12.505,65.426,0.678
2024-11-28 14:00,0.929,0.033,0.006,0.120,1.293,0.023,0.251,0.678
2024-11-28 15:00,0.581,0.025,0.020,0.130,1.295,0,0,0.660
2024-11-28 16:00,0.135,0.018,0.012,0.141,1.299,0,0,0.596
2024-11-28 17:00,-0.363,0.009,0.005,0.147,1.302,0,0,0.515
2024-11-28 18:00,-0.915,0.003,0.001,0.148,1.305,0,0,0.358
2024-11-28 19:00,-1.620,0.001,0.001,0.148,1.308,0,0,0.355
2024-11-28 20:00,-2.060,0.001,0.001,0.149,1.311,0,0,0.377
2024-11-28 21:00,-2.437,0.001,0,0.149,1.314,0,0,0.249
2024-11-28 22:00,-3.290,0,0,0.150,1.316,0,0,0.065
2024-11-28 23:00,-3.929,0,0,0.150,1.317,0,0,0.007
2024-11-29 00:00,-4.060,0,0,0.150,1.318,0,0,0.024
2024-11-29 01:00,-4.069,0,0,0.150,1.319,0,0,0.376
2024-11-29 02:00,-4.270,0,0,0.150,1.320,0,0,0.870
2024-11-29 03:00,-4.339,0,0,0.150,1.321,0,0,0.950
2024-11-29 04:00,-4.321,0,0,0.150,1.323,0,0,0.940
2024-11-29 05:00,-4.155,0,0,0.150,1.324,0,0,0.949
2024-11-29 06:00,-3.732,0,0,0.150,1.323,0,0,0.982
2024-11-29 07:00,-3.400,0,0,0.150,1.322,2.383,11.964,0.992
2024-11-29 08:00,-3.055,0,0,0.150,1.320,24.850,105.533,0.963
2024-11-29 09:00,-2.454,0,0,0.150,1.317,62.057,183.728,0.815
2024-11-29 10:00,-1.786,0,0,0.150,1.313,98.800,219.331,0.963
2024-11-29 11:00,-1.277,0,0,0.149,1.310,90.077,209.888,0.969
2024-11-29 12:00,-0.894,0,0,0.149,1.307,55.438,156.073,0.975
2024-11-29 13:00,-0.462,0,0,0.149,1.304,11.465,61.518,0.991
2024-11-29 14:00,0.273,0.002,0.002,0.150,1.300,0.004,0.115,0.996
2024-11-29 15:00,0.935,0.004,0,0.150,1.296,0,0,0.995
2024-11-29 16:00,1.294,0.006,0,0.148,1.294,0,0,0.990
2024-11-29 17:00,1.483,0.016,0,0.144,1.293,0,0,0.953
2024-11-29 18:00,1.621,0.056,0,0.140,1.292,0,0,0.987
2024-11-29 19:00,1.748,0.048,0,0.137,1.292,0,0,0.984
2024-11-29 20:00,1.910,0.031,0,0.133,1.291,0,0,0.990
2024-11-29 21:00,2.036,0.018,0,0.130,1.291,0,0,0.992
2024-11-29 22:00,2.067,0.013,0,0.128,1.291,0,0,0.991
2024-11-29 23:00,2.172,0.013,0,0.126,1.290,0,0,0.994
2024-11-30 00:00,2.429,0.018,0,0.123,1.288,0,0,0.995
2024-11-30 01:00,2.662,0.024,0,0.121,1.286,0,0,0.996
2024-11-30 02:00,2.934,0.024,0,0.118,1.284,0,0,0.986
2024-11-30 03:00,3.079,0.015,0,0.114,1.283,0,0,0.954
2024-11-30 04:00,3.147,0.027,0,0.112,1.283,0,0,0.933
2024-11-30 05:00,3.187,0.148,0,0.109,1.282,0,0,0.946
2024-11-30 06:00,3.379,0.281,0,0.105,1.281,0,0,0.978
2024-11-30 07:00,3.595,0.204,0,0.102,1.280,0.695,10.384,0.979
2024-11-30 08:00,3.754,0.054,0,0.098,1.279,13.131,101.700,0.976
2024-11-30 09:00,3.892,0.007,0,0.093,1.278,29.564,179.816,0.978
2024-11-30 10:00,4.006,0.006,0,0.087,1.277,47.288,215.399,0.970
2024-11-30 11:00,3.895,0.011,0,0.080,1.277,43.493,205.954,0.990
2024-11-30 12:00,3.648,0.011,0,0.072,1.278,22.601,152.198,0.993
2024-11-30 13:00,3.428,0.008,0,0.066,1.279,6.807,57.810,0.991
2024-11-30 14:00,3.304,0.005,0,0.060,1.279,0.005,0.046,0.987
2024-11-30 15:00,3.147,0.005,0,0.055,1.280,0,0,0.983
2024-11-30 16:00,3.029,0.022,0,0.050,1.280,0,0,0.932
2024-11-30 17:00,2.969,0.002,0,0.046,1.280,0,0,0.789
2024-11-30 18:00,2.861,0.001,0,0.043,1.281,0,0,0.758
2024-11-30 19:00,2.786,0.001,0,0.040,1.281,0,0,0.857
2024-11-30 20:00,2.730,0.001,0,0.038,1.281,0,0,0.948
2024-11-30 21:00,2.760,0.001,0,0.036,1.281,0,0,0.977
2024-11-30 22:00,2.841,0.001,0,0.035,1.281,0,0,0.981
2024-11-30 23:00,2.905,0.001,0,0.033,1.280,0,0,0.965
2024-12-01 00:00,2.926,0.002,0,0.032,1.280,0,0,0.955
2024-12-01 01:00,2.993,0.002,0,0.031,1.279,0,0,0.854
2024-12-01 02:00,3.099,0.004,0,0.030,1.279,0,0,0.651
2024-12-01 03:00,3.427,0.009,0,0.029,1.277,0,0,0.736
2024-12-01 04:00,3.583,0.018,0,0.028,1.275,0,0,0.880
2024-12-01 05:00,3.893,0.031,0,0.027,1.274,0,0,0.904
2024-12-01 06:00,4.162,0.037,0,0.026,1.272,0,0,0.885
2024-12-01 07:00,4.460,0.037,0,0.025,1.271,0.558,8.972,0.907
2024-12-01 08:00,4.741,0.036,0,0.024,1.269,10.376,98.014,0.924
2024-12-01 09:00,5.044,0.025,0,0.023,1.268,23.055,176.103,0.911
2024-12-01 10:00,5.275,0.015,0,0.022,1.266,34.219,211.645,0.856
2024-12-01 11:00,5.451,0.008,0,0.020,1.265,42.033,202.263,0.766
2024-12-01 12:00,5.505,0.006,0,0.013,1.264,35.352,148.510,0.779
2024-12-01 13:00,5.348,0.009,0,0.013,1.264,9.857,54.327,0.888
2024-12-01 14:00,5.161,0.013,0,0.012,1.265,0.001,0.014,0.949
2024-12-01 15:00,5.161,0.017,0,0.012,1.264,0,0,0.935
2024-12-01 16:00,5.257,0.016,0,0.011,1.263,0,0,0.913
2024-12-01 17:00,5.307,0.010,0,0.011,1.262,0,0,0.897
2024-12-01 18:00,5.256,0.005,0,0.010,1.261,0,0,0.970
2024-12-01 19:00,5.072,0.002,0,0.010,1.262,0,0,0.929
2024-12-01 20:00,4.779,0.003,0,0.010,1.262,0,0,0.931
2024-12-01 21:00,4.531,0.004,0,0.009,1.263,0,0,0.975
2024-12-01 22:00,4.295,0.004,0,0.009,1.264,0,0,0.983
2024-12-01 23:00,3.998,0.003,0,0.009,1.265,0,0,0.977
2024-12-02 00:00,3.582,0.001,0,0.008,1.266,0,0,0.961
2024-12-02 01:00,3.014,0,0,0.008,1.267,0,0,0.952
2024-12-02 02:00,2.723,0,0,0.008,1.268,0,0,0.957
2024-12-02 03:00,2.679,0,0,0.008,1.267,0,0,0.967
2024-12-02 04:00,2.787,0.001,0,0.008,1.266,0,0,0.987
2024-12-02 05:00,2.946,0.003,0,0.008,1.264,0,0,0.996
2024-12-02 06:00,3.068,0.026,0,0.007,1.263,0,0,0.996
2024-12-02 07:00,3.164,0.046,0,0.007,1.262,0.467,7.715,0.996
2024-12-02 08:00,3.257,0.048,0,0.007,1.261,8.989,94.494,0.978
2024-12-02 09:00,3.380,0.066,0,0.007,1.260,25.995,172.503,0.946
2024-12-02 10:00,3.454,0.039,0,0.007,1.259,28.720,208.044,0.976
2024-12-02 11:00,3.476,0.040,0,0.007,1.259,21.140,198.662,0.993
2024-12-02 12:00,3.505,0.069,0,0.006,1.259,10.720,144.970,0.993
2024-12-02 13:00,3.542,0.106,0,0.006,1.258,2.946,51.066,0.992
2024-12-02 14:00,3.590,0.103,0,0.006,1.258,0,0.004,0.992
2024-12-02 15:00,3.717,0.083,0,0.006,1.257,0,0,0.985
2024-12-02 16:00,3.946,0.093,0,0.006,1.255,0,0,0.892
2024-12-02 17:00,4.089,0.144,0,0.006,1.254,0,0,0.832
2024-12-02 18:00,4.087,0.217,0,0.006,1.253,0,0,0.793
2024-12-02 19:00,4.148,0.423,0,0.006,1.253,0,0,0.824
2024-12-02 20:00,3.957,0.709,0.002,0.007,1.253,0,0,0.872
2024-12-02 21:00,4.166,0.954,0.005,0.010,1.253,0,0,0.938
2024-12-02 22:00,3.875,0.887,0.010,0.016,1.254,0,0,0.953
2024-12-02 23:00,3.423,0.625,0.052,0.035,1.258,0,0,0.934
2024-12-03 00:00,2.660,0.431,0.073,0.088,1.264,0,0,0.907
2024-12-03 01:00,1.682,0.329,0.153,0.178,1.271,0,0,0.879
2024-12-03 02:00,0.947,0.270,0.193,0.352,1.275,0,0,0.741
2024-12-03 03:00,0.512,0.322,0.277,0.579,1.279,0,0,0.749
2024-12-03 04:00,0.299,0.486,0.432,0.931,1.281,0,0,0.845
2024-12-03 05:00,0.114,0.690,0.601,1.435,1.283,0,0,0.910
2024-12-03 06:00,-0.068,0.909,0.805,2.165,1.285,0,0,0.932
2024-12-03 07:00,-0.268,0.756,0.633,2.898,1.288,0.374,6.603,0.886
2024-12-03 08:00,-0.461,0.325,0.228,3.295,1.290,12.578,91.149,0.776
2024-12-03 09:00,-0.394,0.101,0.020,3.379,1.292,44.690,169.125,0.329
2024-12-03 10:00,-0.385,0.023,0,3.375,1.293,100.922,204.608,0.113
2024-12-03 11:00,-0.613,0.002,0,3.366,1.296,104.829,195.263,0.055
2024-12-03 12:00,-1.228,0.001,0,3.358,1.299,72.620,141.595,0.035
2024-12-03 13:00,-2.394,0,0,3.355,1.304,19.830,48.036,0.018
2024-12-03 14:00,-3.850,0,0,3.356,1.308,0,0.002,0.013
2024-12-03 15:00,-4.744,0,0,3.357,1.313,0,0,0.007
2024-12-03 16:00,-5.371,0,0,3.358,1.317,0,0,0.003
2024-12-03 17:00,-5.806,0,0,3.359,1.320,0,0,0.001
2024-12-03 18:00,-5.828,0,0,3.360,1.322,0,0,0.001
2024-12-03 19:00,-5.838,0,0,3.361,1.324,0,0,0.003
2024-12-03 20:00,-5.868,0,0,3.362,1.325,0,0,0.006
2024-12-03 21:00,-5.855,0,0,3.363,1.326,0,0,0.054
2024-12-03 22:00,-5.822,0,0,3.363,1.327,0,0,0.166
2024-12-03 23:00,-5.760,0,0,3.364,1.328,0,0,0.435
2024-12-04 00:00,-5.458,0,0,3.365,1.328,0,0,0.525
2024-12-04 01:00,-5.337,0,0,3.366,1.327,0,0,0.592
2024-12-04 02:00,-5.025,0,0,3.367,1.327,0,0,0.584
2024-12-04 03:00,-5.091,0,0,3.367,1.327,0,0,0.545
2024-12-04 04:00,-5.185,0,0,3.368,1.327,0,0,0.550
2024-12-04 05:00,-5.079,0,0,3.369,1.326,0,0,0.524
2024-12-04 06:00,-4.943,0,0,3.370,1.325,0,0,0.475
2024-12-04 07:00,-4.670,0,0,3.370,1.323,1.581,5.624,0.393
2024-12-04 08:00,-3.696,0,0,3.371,1.320,41.025,87.943,0.295
2024-12-04 09:00,-2.233,0,0,3.371,1.317,92.808,165.875,0.246
2024-12-04 10:00,-1.230,0,0,3.370,1.314,119.222,201.358,0.301
2024-12-04 11:00,-0.893,0,0,3.369,1.312,112.285,192.013,0.453
2024-12-04 12:00,-1.404,0,0,3.368,1.311,73.337,138.407,0.628
2024-12-04 13:00,-2.465,0,0,3.368,1.310,18.110,45.231,0.828
2024-12-04 14:00,-3.063,0,0,3.369,1.309,0,0.001,0.899
2024-12-04 15:00,-3.053,0,0,3.370,1.307,0,0,0.904
2024-12-04 16:00,-2.785,0,0,3.370,1.305,0,0,0.889
2024-12-04 17:00,-2.604,0,0,3.371,1.303,0,0,0.838
2024-12-04 18:00,-2.482,0,0,3.372,1.302,0,0,0.635
2024-12-04 19:00,-2.252,0,0,3.373,1.301,0,0,0.370
2024-12-04 20:00,-1.876,0,0,3.373,1.301,0,0,0.224
2024-12-04 21:00,-1.626,0,0,3.374,1.302,0,0,0.114
2024-12-04 22:00,-1.766,0,0,3.374,1.303,0,0,0.033
2024-12-04 23:00,-1.915,0,0,3.375,1.303,0,0,0.014
2024-12-05 00:00,-2.079,0,0,3.376,1.302,0,0,0.005
2024-12-05 01:00,-2.149,0,0,3.376,1.301,0,0,0.002
2024-12-05 02:00,-2.155,0,0,3.377,1.300,0,0,0.008
2024-12-05 03:00,-2.295,0.001,0,3.378,1.299,0,0,0.088
2024-12-05 04:00,-2.573,0.006,0,3.378,1.298,0,0,0.191
2024-12-05 05:00,-2.321,0.012,0,3.378,1.297,0,0,0.301
2024-12-05 06:00,-2.114,0.022,0,3.380,1.297,0,0,0.356
2024-12-05 07:00,-1.556,0.033,0,3.384,1.295,0.653,4.768,0.553
2024-12-05 08:00,-0.458,0.040,0.001,3.389,1.293,17.599,84.912,0.623
2024-12-05 09:00,0.310,0.046,0.003,3.384,1.291,40.978,162.812,0.618
2024-12-05 10:00,0.810,0.051,0.005,3.357,1.289,50.151,198.290,0.646
2024-12-05 11:00,1.064,0.054,0.006,3.320,1.288,45.218,188.914,0.648
2024-12-05 12:00,0.766,0.059,0.005,3.299,1.287,28.578,135.402,0.620
2024-12-05 13:00,0.300,0.051,0.004,3.302,1.286,6.994,42.649,0.559
2024-12-05 14:00,-0.083,0.040,0.003,3.310,1.285,0,0,0.529
2024-12-05 15:00,-0.211,0.028,0.002,3.317,1.284,0,0,0.511
2024-12-05 16:00,-0.104,0.026,0.003,3.323,1.284,0,0,0.482
2024-12-05 17:00,0.087,0.026,0.003,3.330,1.285,0,0,0.513
2024-12-05 18:00,0.248,0.025,0.004,3.337,1.286,0,0,0.495
2024-12-05 19:00,0.010,0.021,0.004,3.342,1.287,0,0,0.445
2024-12-05 20:00,-0.276,0.023,0.004,3.347,1.287,0,0,0.433
2024-12-05 21:00,-0.330,0.017,0.005,3.355,1.287,0,0,0.516
2024-12-05 22:00,-0.576,0.012,0.004,3.362,1.284,0,0,0.727
2024-12-05 23:00,-0.117,0.014,0.004,3.358,1.281,0,0,0.886
2024-12-06 00:00,0.771,0.017,0.004,3.330,1.278,0,0,0.866
2024-12-06 01:00,1.210,0.014,0.003,3.280,1.276,0,0,0.734
2024-12-06 02:00,1.246,0.011,0.002,3.231,1.276,0,0,0.602
2024-12-06 03:00,1.253,0.011,0,3.152,1.275,0,0,0.580
2024-12-06 04:00,1.102,0.012,0,3.073,1.276,0,0,0.652
2024-12-06 05:00,0.924,0.013,0,3.030,1.276,0,0,0.748
2024-12-06 06:00,1.172,0.015,0,2.968,1.275,0,0,0.833
2024-12-06 07:00,1.468,0.027,0,2.872,1.274,0.661,4.024,0.866
2024-12-06 08:00,1.731,0.031,0,2.756,1.273,19.109,82.056,0.883
2024-12-06 09:00,1.908,0.025,0,2.659,1.273,43.930,159.900,0.924
2024-12-06 10:00,1.998,0.023,0,2.598,1.274,58.528,195.358,0.967
2024-12-06 11:00,2.077,0.021,0,2.541,1.274,59.479,186.033,0.969
2024-12-06 12:00,1.958,0.019,0,2.498,1.274,39.940,132.530,0.965
2024-12-06 13:00,1.515,0.016,0,2.476,1.274,9.840,40.261,0.960
2024-12-06 14:00,1.720,0.013,0.001,2.452,1.274,0,0,0.961
2024-12-06 15:00,1.616,0.013,0.004,2.432,1.275,0,0,0.969
2024-12-06 16:00,1.823,0.017,0.005,2.405,1.275,0,0,0.981
2024-12-06 17:00,1.875,0.022,0.004,2.373,1.275,0,0,0.976
2024-12-06 18:00,1.982,0.027,0.001,2.332,1.275,0,0,0.931
2024-12-06 19:00,1.958,0.029,0.001,2.286,1.275,0,0,0.866
2024-12-06 20:00,1.897,0.032,0,2.246,1.276,0,0,0.786
2024-12-06 21:00,1.781,0.038,0.003,2.216,1.277,0,0,0.764
2024-12-06 22:00,1.636,0.045,0.002,2.184,1.278,0,0,0.826
2024-12-06 23:00,1.374,0.030,0,2.163,1.280,0,0,0.900
2024-12-07 00:00,1.228,0.023,0,2.141,1.280,0,0,0.926
2024-12-07 01:00,0.989,0.018,0.002,2.121,1.281,0,0,0.744
2024-12-07 02:00,0.577,0.026,0.003,2.111,1.282,0,0,0.511
2024-12-07 03:00,0.430,0.029,0.004,2.113,1.283,0,0,0.577
2024-12-07 04:00,0.343,0.033,0.003,2.116,1.283,0,0,0.593
2024-12-07 05:00,0.248,0.032,0.002,2.117,1.283,0,0,0.603
2024-12-07 06:00,0.187,0.033,0.002,2.116,1.282,0,0,0.571
2024-12-07 07:00,0.171,0.030,0.001,2.115,1.282,0.413,3.381,0.565
2024-12-07 08:00,0.418,0.032,0.001,2.114,1.281,18.268,79.350,0.587
2024-12-07 09:00,0.802,0.036,0.002,2.104,1.280,44.285,157.150,0.630
2024-12-07 10:00,1.158,0.049,0.002,2.080,1.279,55.552,192.608,0.611
2024-12-07 11:00,1.264,0.037,0.002,2.053,1.278,52.872,183.289,0.586
2024-12-07 12:00,1.061,0.025,0,2.036,1.278,34.300,129.821,0.666
2024-12-07 13:00,0.831,0.020,0.001,2.029,1.277,7.603,38.087,0.855
2024-12-07 14:00,0.394,0.018,0.003,2.028,1.278,0,0,0.944
2024-12-07 15:00,0.781,0.021,0.003,2.027,1.278,0,0,0.973
2024-12-07 16:00,0.671,0.026,0.004,2.027,1.279,0,0,0.975
2024-12-07 17:00,0.684,0.033,0.004,2.030,1.279,0,0,0.977
2024-12-07 18:00,0.485,0.036,0.004,2.033,1.279,0,0,0.976
2024-12-07 19:00,0.455,0.036,0.004,2.038,1.279,0,0,0.976
2024-12-07 20:00,0.384,0.026,0.003,2.041,1.280,0,0,0.973
2024-12-07 21:00,0.279,0.020,0.002,2.044,1.280,0,0,0.921
2024-12-07 22:00,0.379,0.028,0.002,2.046,1.280,0,0,0.921
2024-12-07 23:00,0.735,0.036,0.003,2.048,1.281,0,0,0.930
2024-12-08 00:00,0.805,0.049,0.004,2.050,1.281,0,0,0.952
2024-12-08 01:00,0.777,0.061,0.005,2.053,1.281,0,0,0.978
2024-12-08 02:00,0.790,0.067,0.006,2.059,1.282,0,0,0.982
2024-12-08 03:00,0.803,0.075,0.006,2.067,1.283,0,0,0.984
2024-12-08 04:00,0.856,0.079,0.005,2.075,1.283,0,0,0.985
2024-12-08 05:00,0.831,0.085,0.006,2.083,1.284,0,0,0.987
2024-12-08 06:00,0.901,0.081,0.006,2.091,1.286,0,0,0.989
2024-12-08 07:00,1.019,0.071,0.005,2.095,1.287,0.232,2.833,0.992
2024-12-08 08:00,1.212,0.056,0.004,2.092,1.288,10.591,76.830,0.995
2024-12-08 09:00,1.573,0.036,0.003,2.076,1.290,23.519,154.587,0.998
2024-12-08 10:00,1.654,0.025,0.003,2.054,1.291,27.791,190.046,0.999
2024-12-08 11:00,1.635,0.022,0.003,2.032,1.292,24.975,180.726,0.998
2024-12-08 12:00,1.558,0.020,0.003,2.015,1.294,15.676,127.282,0.999
2024-12-08 13:00,1.429,0.020,0.003,2.003,1.295,3.302,36.095,0.999
2024-12-08 14:00,1.315,0.024,0.003,1.993,1.297,0,0,1.000
2024-12-08 15:00,1.204,0.026,0.004,1.982,1.299,0,0,1.000
2024-12-08 16:00,1.046,0.029,0.005,1.971,1.301,0,0,1.000
2024-12-08 17:00,0.871,0.027,0.016,1.968,1.302,0,0,1.000
2024-12-08 18:00,0.722,0.029,0.023,1.980,1.304,0,0,0.999
2024-12-08 19:00,0.571,0.028,0.024,1.999,1.306,0,0,0.999
2024-12-08 20:00,0.358,0.022,0.020,2.019,1.308,0,0,0.985
2024-12-08 21:00,0.038,0.011,0.009,2.031,1.310,0,0,0.922
2024-12-08 22:00,-0.396,0.009,0.005,2.037,1.313,0,0,0.785
2024-12-08 23:00,-0.896,0.008,0.004,2.041,1.316,0,0,0.617
2024-12-09 00:00,-1.473,0.007,0.006,2.046,1.319,0,0,0.503
2024-12-09 01:00,-1.777,0.013,0.012,2.056,1.321,0,0,0.543
2024-12-09 02:00,-1.647,0.014,0.013,2.070,1.321,0,0,0.594
2024-12-09 03:00,-1.316,0.013,0.012,2.083,1.319,0,0,0.527
2024-12-09 04:00,-0.907,0.019,0.018,2.100,1.318,0,0,0.576
2024-12-09 05:00,-0.453,0.022,0.020,2.119,1.316,0,0,0.561
2024-12-09 06:00,-0.302,0.018,0.011,2.132,1.317,0,0,0.570
2024-12-09 07:00,-0.371,0.017,0.013,2.142,1.318,0.352,2.369,0.662
2024-12-09 08:00,-0.402,0.022,0.017,2.156,1.320,18.185,74.485,0.686
2024-12-09 09:00,-0.102,0.018,0.013,2.169,1.319,44.629,152.212,0.647
2024-12-09 10:00,0.120,0.014,0.009,2.168,1.318,63.692,187.665,0.614
2024-12-09 11:00,0.214,0.013,0.007,2.159,1.318,62.010,178.348,0.631
2024-12-09 12:00,0.074,0.019,0.011,2.161,1.319,38.107,124.949,0.664
2024-12-09 13:00,-0.311,0.027,0.018,2.175,1.320,7.449,34.283,0.696
2024-12-09 14:00,-0.632,0.027,0.019,2.195,1.322,0,0,0.693
2024-12-09 15:00,-0.860,0.021,0.014,2.211,1.324,0,0,0.668
2024-12-09 16:00,-1.201,0.012,0.008,2.221,1.325,0,0,0.649
2024-12-09 17:00,-1.645,0.010,0.009,2.229,1.327,0,0,0.706
2024-12-09 18:00,-1.829,0.026,0.024,2.247,1.329,0,0,0.797
2024-12-09 19:00,-2.297,0.031,0.029,2.273,1.331,0,0,0.806
2024-12-09 20:00,-2.758,0.028,0.027,2.302,1.334,0,0,0.747
2024-12-09 21:00,-3.115,0.021,0.021,2.326,1.336,0,0,0.651
2024-12-09 22:00,-3.258,0.011,0.011,2.341,1.336,0,0,0.442
2024-12-09 23:00,-3.515,0.004,0.004,2.348,1.336,0,0,0.262
2024-12-10 00:00,-4.003,0.002,0.002,2.351,1.336,0,0,0.246
2024-12-10 01:00,-4.202,0.001,0.001,2.353,1.336,0,0,0.182
2024-12-10 02:00,-4.498,0,0,2.354,1.337,0,0,0.111
2024-12-10 03:00,-4.682,0,0,2.356,1.336,0,0,0.205
2024-12-10 04:00,-4.820,0,0,2.357,1.336,0,0,0.434
2024-12-10 05:00,-4.993,0,0,2.358,1.336,0,0,0.593
2024-12-10 06:00,-5.109,0,0,2.359,1.336,0,0,0.652
2024-12-10 07:00,-5.183,0,0,2.360,1.336,0.522,1.977,0.675
2024-12-10 08:00,-4.877,0,0,2.360,1.335,32.285,72.298,0.681
2024-12-10 09:00,-3.981,0,0,2.360,1.331,81.697,150.021,0.545
2024-12-10 10:00,-3.181,0,0,2.355,1.327,106.783,185.441,0.291
2024-12-10 11:00,-2.702,0,0,2.349,1.324,99.998,176.160,0.116
2024-12-10 12:00,-2.703,0,0,2.345,1.323,63.433,122.762,0.107
2024-12-10 13:00,-3.430,0,0,2.345,1.324,13.013,32.638,0.173
2024-12-10 14:00,-4.213,0,0,2.346,1.326,0,0,0.349
2024-12-10 15:00,-4.771,0,0,2.347,1.329,0,0,0.594
2024-12-10 16:00,-5.256,0,0,2.348,1.332,0,0,0.521
2024-12-10 17:00,-5.575,0,0,2.348,1.333,0,0,0.139
2024-12-10 18:00,-5.734,0,0,2.349,1.334,0,0,0.025
2024-12-10 19:00,-5.742,0,0,2.349,1.334,0,0,0.030
2024-12-10 20:00,-5.692,0,0,2.350,1.333,0,0,0.176
2024-12-10 21:00,-5.267,0,0,2.350,1.330,0,0,0.180
2024-12-10 22:00,-4.718,0,0,2.350,1.326,0,0,0.043
2024-12-10 23:00,-4.275,0,0,2.351,1.323,0,0,0.358
2024-12-11 00:00,-4.092,0,0,2.351,1.322,0,0,0.223
2024-12-11 01:00,-4.114,0,0,2.352,1.321,0,0,0.038
2024-12-11 02:00,-4.246,0,0,2.352,1.321,0,0,0.002
2024-12-11 03:00,-4.348,0,0,2.353,1.322,0,0,0.016
2024-12-11 04:00,-4.354,0,0,2.354,1.322,0,0,0.145
2024-12-11 05:00,-4.233,0.003,0.003,2.357,1.322,0,0,0.330
2024-12-11 06:00,-4.059,0.007,0.007,2.363,1.323,0,0,0.419
2024-12-11 07:00,-4.051,0.006,0.006,2.371,1.324,0.384,1.648,0.433
2024-12-11 08:00,-3.620,0.002,0.002,2.375,1.322,26.776,70.298,0.675
2024-12-11 09:00,-2.753,0,0,2.375,1.319,50.117,147.984,0.959
2024-12-11 10:00,-2.092,0,0,2.372,1.316,56.223,183.417,0.812
2024-12-11 11:00,-1.558,0,0,2.369,1.312,72.839,174.121,0.389
2024-12-11 12:00,-1.364,0,0,2.366,1.310,55.120,120.772,0.362
2024-12-11 13:00,-1.734,0,0,2.366,1.310,10.803,31.175,0.106
2024-12-11 14:00,-2.191,0,0,2.368,1.311,0,0,0.005
2024-12-11 15:00,-2.460,0,0,2.370,1.312,0,0,0.005
2024-12-11 16:00,-2.794,0,0,2.372,1.314,0,0,0.040
2024-12-11 17:00,-3.076,0,0,2.375,1.316,0,0,0.168
2024-12-11 18:00,-3.211,0.001,0.001,2.377,1.318,0,0,0.311
2024-12-11 19:00,-3.290,0.004,0.004,2.381,1.320,0,0,0.457
2024-12-11 20:00,-3.131,0.004,0.004,2.388,1.321,0,0,0.441
2024-12-11 21:00,-3.580,0.002,0.002,2.391,1.322,0,0,0.294
2024-12-11 22:00,-4.086,0.003,0.003,2.395,1.324,0,0,0.382
2024-12-11 23:00,-4.144,0.002,0.002,2.398,1.326,0,0,0.388
2024-12-12 00:00,-4.468,0.003,0.003,2.401,1.327,0,0,0.419
2024-12-12 01:00,-4.245,0.002,0.002,2.406,1.327,0,0,0.291
2024-12-12 02:00,-4.829,0,0,2.407,1.325,0,0,0.197
2024-12-12 03:00,-5.092,0.002,0.002,2.409,1.328,0,0,0.700
2024-12-12 04:00,-4.223,0.001,0.001,2.412,1.326,0,0,0.873
2024-12-12 05:00,-3.790,0,0,2.411,1.324,0,0,0.917
2024-12-12 06:00,-3.757,0,0,2.410,1.324,0,0,0.960
2024-12-12 07:00,-3.818,0,0,2.410,1.324,0.211,1.379,0.985
2024-12-12 08:00,-3.673,0,0,2.410,1.324,17.600,68.485,0.970
2024-12-12 09:00,-3.132,0,0,2.408,1.321,51.865,146.146,0.793
2024-12-12 10:00,-2.627,0,0,2.404,1.319,80.200,181.546,0.710
2024-12-12 11:00,-2.296,0,0,2.400,1.318,66.790,172.285,0.869
2024-12-12 12:00,-2.307,0,0,2.397,1.317,41.368,118.959,0.768
2024-12-12 13:00,-2.920,0,0,2.398,1.319,8.571,29.859,0.931
2024-12-12 14:00,-3.160,0,0,2.399,1.322,0,0,0.984
2024-12-12 15:00,-3.319,0,0,2.400,1.323,0,0,0.576
2024-12-12 16:00,-4.174,0,0,2.401,1.325,0,0,0.099
2024-12-12 17:00,-4.884,0,0,2.402,1.327,0,0,0.088
2024-12-12 18:00,-5.299,0,0,2.403,1.329,0,0,0.163
2024-12-12 19:00,-5.494,0.001,0.001,2.405,1.331,0,0,0.272
2024-12-12 20:00,-5.479,0.002,0.002,2.408,1.333,0,0,0.333
2024-12-12 21:00,-5.467,0.005,0.005,2.411,1.334,0,0,0.379
2024-12-12 22:00,-5.372,0.001,0.001,2.415,1.335,0,0,0.486
2024-12-12 23:00,-5.917,0,0,2.415,1.335,0,0,0.803
2024-12-13 00:00,-5.925,0,0,2.416,1.336,0,0,0.959
2024-12-13 01:00,-5.680,0,0,2.417,1.335,0,0,0.975
2024-12-13 02:00,-5.272,0,0,2.417,1.334,0,0,0.987
2024-12-13 03:00,-4.836,0,0,2.418,1.332,0,0,0.994
2024-12-13 04:00,-4.330,0,0,2.418,1.329,0,0,0.996
2024-12-13 05:00,-3.611,0,0,2.418,1.324,0,0,0.996
2024-12-13 06:00,-3.201,0,0,2.416,1.321,0,0,0.989
2024-12-13 07:00,-3.262,0,0,2.414,1.320,0.194,1.158,0.976
2024-12-13 08:00,-3.156,0,0,2.412,1.319,14.827,66.819,0.981
2024-12-13 09:00,-2.936,0,0,2.408,1.317,30.398,144.462,0.990
2024-12-13 10:00,-2.730,0.003,0.003,2.404,1.315,38.394,179.878,0.994
2024-12-13 11:00,-2.431,0.011,0.010,2.404,1.312,30.632,170.621,0.995
2024-12-13 12:00,-2.078,0.023,0.021,2.413,1.309,17.618,117.333,0.995
2024-12-13 13:00,-1.677,0.052,0.045,2.443,1.305,2.840,28.700,0.997
2024-12-13 14:00,-1.153,0.063,0.045,2.480,1.301,0,0,0.999
2024-12-13 15:00,-0.555,0.039,0.021,2.505,1.297,0,0,0.999
2024-12-13 16:00,-0.005,0.016,0.008,2.512,1.292,0,0,0.999
2024-12-13 17:00,0.480,0.012,0.005,2.505,1.289,0,0,0.999
2024-12-13 18:00,0.869,0.014,0.001,2.466,1.285,0,0,0.999
2024-12-13 19:00,1.189,0.012,0,2.393,1.283,0,0,0.999
2024-12-13 20:00,1.495,0.015,0,2.304,1.280,0,0,0.999
2024-12-13 21:00,1.743,0.019,0,2.215,1.277,0,0,1.000
2024-12-13 22:00,1.903,0.022,0,2.134,1.275,0,0,0.999
2024-12-13 23:00,1.995,0.026,0,2.051,1.273,0,0,0.998
2024-12-14 00:00,1.999,0.041,0,1.964,1.272,0,0,0.997
2024-12-14 01:00,1.910,0.060,0,1.868,1.271,0,0,0.998
2024-12-14 02:00,1.716,0.017,0,1.762,1.271,0,0,0.999
2024-12-14 03:00,1.487,0.015,0,1.664,1.271,0,0,0.999
2024-12-14 04:00,1.289,0.016,0,1.582,1.271,0,0,0.998
2024-12-14 05:00,1.119,0.014,0,1.519,1.270,0,0,0.998
2024-12-14 06:00,0.945,0.014,0.003,1.472,1.269,0,0,0.998
2024-12-14 07:00,0.771,0.030,0.019,1.449,1.269,0.090,0.980,0.997
2024-12-14 08:00,0.680,0.109,0.096,1.482,1.268,7.278,65.351,0.996
2024-12-14 09:00,0.667,0.319,0.310,1.676,1.266,15.582,142.984,0.983
2024-12-14 10:00,0.708,0.521,0.482,2.082,1.264,17.001,178.380,0.956
2024-12-14 11:00,0.807,0.369,0.210,2.399,1.261,15.179,169.160,0.929
2024-12-14 12:00,0.922,0.168,0.002,2.393,1.259,13.369,115.866,0.846
2024-12-14 13:00,1.193,0.053,0.001,2.301,1.256,2.056,27.683,0.884
2024-12-14 14:00,1.528,0.020,0.001,2.176,1.253,0,0,0.856
2024-12-14 15:00,1.689,0.024,0.001,2.035,1.252,0,0,0.862
2024-12-14 16:00,1.494,0.032,0.001,1.915,1.253,0,0,0.832
2024-12-14 17:00,1.165,0.028,0.003,1.832,1.255,0,0,0.718
2024-12-14 18:00,0.727,0.016,0.003,1.795,1.257,0,0,0.608
2024-12-14 19:00,0.151,0.006,0.005,1.793,1.260,0,0,0.437
2024-12-14 20:00,-0.303,0.003,0.003,1.795,1.262,0,0,0.326
2024-12-14 21:00,-0.613,0.003,0.003,1.796,1.264,0,0,0.318
2024-12-14 22:00,-0.681,0.011,0.011,1.799,1.264,0,0,0.438
2024-12-14 23:00,-0.654,0.027,0.027,1.814,1.265,0,0,0.608
2024-12-15 00:00,-0.679,0.031,0.030,1.837,1.266,0,0,0.707
2024-12-15 01:00,-0.837,0.016,0.015,1.845,1.268,0,0,0.527
2024-12-15 02:00,-1.015,0.013,0.012,1.846,1.270,0,0,0.449
2024-12-15 03:00,-1.112,0.016,0.016,1.847,1.272,0,0,0.541
2024-12-15 04:00,-1.179,0.023,0.023,1.854,1.275,0,0,0.592
2024-12-15 05:00,-1.253,0.013,0.013,1.858,1.277,0,0,0.499
2024-12-15 06:00,-1.511,0.004,0.004,1.853,1.279,0,0,0.331
2024-12-15 07:00,-2.019,0.001,0.001,1.848,1.283,0.144,0.838,0.267
2024-12-15 08:00,-2.663,0,0,1.845,1.287,24.646,64.059,0.777
2024-12-15 09:00,-2.860,0,0,1.843,1.290,59.037,141.672,0.946
2024-12-15 10:00,-2.737,0,0,1.841,1.290,66.147,177.067,0.981
2024-12-15 11:00,-2.683,0,0,1.840,1.289,43.846,167.848,0.993
2024-12-15 12:00,-2.790,0,0,1.840,1.289,19.208,114.584,0.994
2024-12-15 13:00,-2.987,0,0,1.840,1.288,2.657,26.815,0.994
2024-12-15 14:00,-3.019,0.001,0.001,1.840,1.286,0,0,0.995
2024-12-15 15:00,-2.855,0.043,0.043,1.858,1.284,0,0,0.995
2024-12-15 16:00,-2.407,0.229,0.221,1.998,1.280,0,0,0.995
2024-12-15 17:00,-1.674,0.217,0.195,2.202,1.274,0,0,0.996
2024-12-15 18:00,-0.809,0.452,0.394,2.489,1.267,0,0,0.997
2024-12-15 19:00,-0.066,0.473,0.317,2.843,1.260,0,0,0.998
2024-12-15 20:00,0.523,0.694,0.399,3.161,1.253,0,0,0.996
2024-12-15 21:00,1.009,0.531,0.155,3.391,1.247,0,0,0.994
2024-12-15 22:00,1.715,0.043,0,3.231,1.239,0,0,0.979
2024-12-15 23:00,2.738,0.020,0,2.929,1.230,0,0,0.810
2024-12-16 00:00,4.134,0.007,0,2.453,1.221,0,0,0.633
2024-12-16 01:00,5.108,0.012,0,1.921,1.216,0,0,0.531
2024-12-16 02:00,4.949,0.024,0,1.573,1.219,0,0,0.469
2024-12-16 03:00,4.173,0.039,0,1.403,1.225,0,0,0.634
2024-12-16 04:00,3.348,0.101,0,1.255,1.233,0,0,0.738
2024-12-16 05:00,2.530,0.030,0,1.141,1.240,0,0,0.679
2024-12-16 06:00,1.906,0,0,1.085,1.244,0,0,0.294
2024-12-16 07:00,1.594,0,0,1.032,1.248,0.162,0.728,0.268
2024-12-16 08:00,1.549,0,0,0.966,1.250,22.753,62.944,0.362
2024-12-16 09:00,1.696,0.001,0,0.882,1.250,56.871,140.584,0.330
2024-12-16 10:00,1.983,0,0,0.787,1.250,80.224,175.980,0.225
2024-12-16 11:00,2.213,0,0,0.701,1.250,80.875,166.742,0.146
2024-12-16 12:00,2.320,0,0,0.634,1.250,51.853,113.502,0.243
2024-12-16 13:00,2.198,0,0,0.584,1.251,8.473,26.070,0.778
2024-12-16 14:00,1.988,0,0,0.553,1.252,0,0,0.932
2024-12-16 15:00,1.773,0,0,0.531,1.253,0,0,0.934
2024-12-16 16:00,1.411,0,0,0.517,1.255,0,0,0.527
2024-12-16 17:00,0.915,0.054,0,0.511,1.256,0,0,0.781
2024-12-16 18:00,0.994,0.135,0,0.504,1.256,0,0,0.780
2024-12-16 19:00,1.205,0.032,0,0.492,1.255,0,0,0.763
2024-12-16 20:00,1.344,0.001,0,0.478,1.254,0,0,0.646
2024-12-16 21:00,1.247,0.001,0,0.465,1.255,0,0,0.616
2024-12-16 22:00,1.113,0.003,0,0.452,1.257,0,0,0.728
2024-12-16 23:00,1.100,0.004,0.001,0.440,1.258,0,0,0.736
2024-12-17 00:00,1.172,0.003,0.001,0.427,1.258,0,0,0.571
2024-12-17 01:00,1.027,0.001,0,0.415,1.259,0,0,0.384
2024-12-17 02:00,0.916,0,0,0.408,1.260,0,0,0.184
2024-12-17 03:00,0.744,0,0,0.405,1.261,0,0,0.025
2024-12-17 04:00,0.613,0,0,0.403,1.262,0,0,0.030
2024-12-17 05:00,0.546,0,0,0.401,1.263,0,0,0.101
2024-12-17 06:00,0.506,0,0,0.398,1.265,0,0,0.167
2024-12-17 07:00,0.455,0,0,0.396,1.267,0.136,0.639,0.153
2024-12-17 08:00,0.345,0,0,0.393,1.269,24.296,62.009,0.101
2024-12-17 09:00,0.474,0,0,0.391,1.270,69.412,139.646,0.058
2024-12-17 10:00,0.771,0,0,0.388,1.270,95.393,175.062,0.025
2024-12-17 11:00,0.933,0,0,0.385,1.270,90.274,165.810,0.012
2024-12-17 12:00,0.874,0,0,0.381,1.271,54.810,112.595,0.012
2024-12-17 13:00,0.434,0,0,0.379,1.274,9.201,25.467,0.012
2024-12-17 14:00,-0.042,0,0,0.377,1.277,0,0,0.016
2024-12-17 15:00,-0.457,0,0,0.376,1.280,0,0,0.019
2024-12-17 16:00,-0.867,0,0,0.376,1.283,0,0,0.019
2024-12-17 17:00,-1.281,0,0,0.376,1.285,0,0,0.016
2024-12-17 18:00,-1.792,0,0,0.376,1.288,0,0,0.014
2024-12-17 19:00,-2.116,0,0,0.376,1.290,0,0,0.027
2024-12-17 20:00,-2.476,0,0,0.376,1.293,0,0,0.383
2024-12-17 21:00,-2.754,0,0,0.376,1.295,0,0,0.893
2024-12-17 22:00,-2.934,0,0,0.377,1.296,0,0,0.947
2024-12-17 23:00,-3.061,0,0,0.377,1.298,0,0,0.949
2024-12-18 00:00,-3.294,0,0,0.377,1.298,0,0,0.944
2024-12-18 01:00,-3.338,0,0,0.377,1.298,0,0,0.965
2024-12-18 02:00,-2.369,0,0,0.377,1.296,0,0,0.988
2024-12-18 03:00,-1.861,0,0,0.377,1.293,0,0,0.988
2024-12-18 04:00,-1.620,0,0,0.377,1.291,0,0,0.990
2024-12-18 05:00,-1.410,0.001,0,0.378,1.289,0,0,0.990
2024-12-18 06:00,-1.191,0.003,0.002,0.379,1.287,0,0,0.989
2024-12-18 07:00,-0.927,0.018,0.016,0.387,1.284,0.027,0.575,0.988
2024-12-18 08:00,-0.540,0.067,0.033,0.414,1.280,5.064,61.269,0.988
2024-12-18 09:00,0.080,0.254,0.137,0.490,1.275,13.240,138.896,0.990
2024-12-18 10:00,0.727,0.798,0.237,0.680,1.270,15.624,174.312,0.991
2024-12-18 11:00,1.014,1.297,0.407,1.017,1.267,11.897,165.098,0.995
2024-12-18 12:00,1.392,1.104,0.110,1.228,1.263,7.012,111.877,0.993
2024-12-18 13:00,1.938,0.831,0.032,1.243,1.257,1.211,24.992,0.993
2024-12-18 14:00,2.413,0.463,0.001,1.206,1.253,0,0,0.994
2024-12-18 15:00,2.727,0.207,0,1.157,1.249,0,0,0.993
2024-12-18 16:00,2.943,0.114,0,1.104,1.246,0,0,0.990
2024-12-18 17:00,3.110,0.084,0,1.046,1.242,0,0,0.988
2024-12-18 18:00,3.293,0.077,0,0.995,1.239,0,0,0.988
2024-12-18 19:00,3.535,0.048,0,0.950,1.236,0,0,0.986
2024-12-18 20:00,3.754,0.077,0,0.909,1.234,0,0,0.969
2024-12-18 21:00,3.758,0.344,0,0.874,1.232,0,0,0.908
2024-12-18 22:00,3.709,0.378,0,0.843,1.231,0,0,0.940
2024-12-18 23:00,3.998,0.048,0,0.804,1.228,0,0,0.991
2024-12-19 00:00,4.220,0.028,0,0.765,1.226,0,0,0.912
2024-12-19 01:00,4.629,0.033,0,0.725,1.223,0,0,0.874
2024-12-19 02:00,5.398,0.033,0,0.668,1.218,0,0,0.988
2024-12-19 03:00,5.562,0.031,0,0.611,1.218,0,0,0.990
2024-12-19 04:00,5.373,0.023,0,0.560,1.219,0,0,0.989
2024-12-19 05:00,5.120,0.021,0,0.510,1.221,0,0,0.985
2024-12-19 06:00,4.880,0.016,0,0.467,1.223,0,0,0.987
2024-12-19 07:00,4.685,0.016,0,0.431,1.224,0.050,0.529,0.986
2024-12-19 08:00,4.587,0.012,0,0.402,1.224,7.009,60.697,0.995
2024-12-19 09:00,4.584,0.007,0,0.376,1.224,13.496,138.334,0.994
2024-12-19 10:00,4.510,0.012,0,0.355,1.224,18.619,173.753,0.994
2024-12-19 11:00,4.344,0.086,0,0.340,1.223,13.028,164.555,0.991
2024-12-19 12:00,4.114,0.507,0,0.329,1.223,7.019,111.334,0.994
2024-12-19 13:00,3.667,0.649,0,0.320,1.224,0.710,24.637,0.996
2024-12-19 14:00,3.279,0.311,0,0.312,1.225,0,0,0.971
2024-12-19 15:00,3.098,0.155,0,0.304,1.225,0,0,0.908
2024-12-19 16:00,2.979,0.044,0,0.297,1.226,0,0,0.830
2024-12-19 17:00,2.846,0.012,0,0.292,1.227,0,0,0.848
2024-12-19 18:00,2.640,0.006,0,0.287,1.229,0,0,0.821
2024-12-19 19:00,2.601,0.018,0,0.281,1.230,0,0,0.840
2024-12-19 20:00,2.541,0.012,0,0.276,1.231,0,0,0.889
2024-12-19 21:00,2.479,0.010,0,0.272,1.232,0,0,0.935
2024-12-19 22:00,2.371,0.018,0,0.267,1.233,0,0,0.929
2024-12-19 23:00,2.244,0.032,0,0.262,1.234,0,0,0.919
2024-12-20 00:00,2.157,0.051,0,0.257,1.235,0,0,0.942
2024-12-20 01:00,2.127,0.087,0,0.253,1.235,0,0,0.969
2024-12-20 02:00,2.116,0.121,0,0.249,1.236,0,0,0.951
2024-12-20 03:00,2.141,0.123,0,0.246,1.236,0,0,0.942
2024-12-20 04:00,2.080,0.119,0,0.244,1.236,0,0,0.896
2024-12-20 05:00,1.953,0.098,0,0.242,1.238,0,0,0.908
2024-12-20 06:00,1.676,0.056,0.003,0.241,1.242,0,0,0.933
2024-12-20 07:00,1.233,0.060,0.014,0.249,1.246,0.018,0.500,0.917
2024-12-20 08:00,0.799,0.059,0.027,0.266,1.251,5.734,60.321,0.871
2024-12-20 09:00,0.622,0.054,0.045,0.304,1.254,19.706,137.959,0.809
2024-12-20 10:00,0.495,0.036,0.027,0.338,1.257,37.908,173.380,0.679
2024-12-20 11:00,0.229,0.021,0.013,0.356,1.260,45.280,164.182,0.505
2024-12-20 12:00,-0.127,0.005,0.002,0.361,1.263,32.071,110.989,0.290
2024-12-20 13:00,-0.572,0.002,0.001,0.363,1.266,6.522,24.405,0.211
2024-12-20 14:00,-0.831,0.001,0.001,0.364,1.269,0,0,0.202
2024-12-20 15:00,-0.884,0.001,0.001,0.364,1.271,0,0,0.164
2024-12-20 16:00,-0.934,0.001,0.001,0.365,1.272,0,0,0.179
2024-12-20 17:00,-1.151,0.002,0.002,0.367,1.273,0,0,0.213
2024-12-20 18:00,-1.340,0.002,0.002,0.369,1.275,0,0,0.206
2024-12-20 19:00,-1.562,0.002,0.001,0.370,1.277,0,0,0.256
2024-12-20 20:00,-1.926,0.002,0.002,0.372,1.279,0,0,0.388
2024-12-20 21:00,-2.112,0.004,0.004,0.376,1.281,0,0,0.458
2024-12-20 22:00,-2.356,0.002,0.002,0.379,1.282,0,0,0.418
2024-12-20 23:00,-2.470,0.002,0.002,0.382,1.283,0,0,0.526
2024-12-21 00:00,-2.534,0.002,0.002,0.384,1.284,0,0,0.793
2024-12-21 01:00,-2.209,0.011,0.011,0.390,1.282,0,0,0.983
2024-12-21 02:00,-1.843,0.080,0.079,0.431,1.279,0,0,0.995
2024-12-21 03:00,-1.557,0.251,0.239,0.591,1.277,0,0,0.996
2024-12-21 04:00,-1.239,0.661,0.593,0.999,1.273,0,0,0.997
2024-12-21 05:00,-0.837,1.300,1.071,1.871,1.268,0,0,0.998
2024-12-21 06:00,-0.355,0.923,0.581,2.716,1.265,0,0,0.993
2024-12-21 07:00,0.156,0.212,0.104,2.953,1.261,0.004,0.484,0.908
2024-12-21 08:00,0.445,0.040,0.014,2.946,1.259,6.490,60.124,0.745
2024-12-21 09:00,0.534,0.026,0.006,2.913,1.259,25.013,137.771,0.716
2024-12-21 10:00,0.683,0.031,0.005,2.890,1.259,33.076,173.192,0.733
2024-12-21 11:00,0.829,0.039,0.008,2.874,1.259,29.218,163.998,0.760
2024-12-21 12:00,0.895,0.061,0.024,2.868,1.258,14.318,110.814,0.761
2024-12-21 13:00,0.572,0.104,0.061,2.894,1.256,1.750,24.297,0.800
2024-12-21 14:00,0.733,0.139,0.030,2.932,1.254,0,0,0.967
2024-12-21 15:00,1.398,0.145,0.003,2.924,1.252,0,0,1.000
2024-12-21 16:00,1.908,0.131,0.003,2.888,1.249,0,0,1.000
2024-12-21 17:00,2.419,0.098,0.005,2.834,1.246,0,0,0.992
2024-12-21 18:00,2.793,0.051,0.004,2.768,1.243,0,0,0.919
2024-12-21 19:00,2.981,0.019,0,2.688,1.241,0,0,0.944
2024-12-21 20:00,2.989,0.018,0,2.606,1.240,0,0,0.987
2024-12-21 21:00,3.130,0.083,0,2.494,1.238,0,0,0.997
2024-12-21 22:00,3.215,0.396,0,2.337,1.236,0,0,0.999
2024-12-21 23:00,3.268,0.959,0.002,2.106,1.234,0,0,0.998
2024-12-22 00:00,3.216,1.246,0,1.848,1.233,0,0,0.998
2024-12-22 01:00,3.167,0.747,0,1.633,1.232,0,0,0.998
2024-12-22 02:00,3.268,0.132,0,1.482,1.230,0,0,0.998
2024-12-22 03:00,3.409,0.019,0,1.396,1.229,0,0,0.998
2024-12-22 04:00,3.470,0.012,0,1.339,1.228,0,0,0.996
2024-12-22 05:00,3.393,0.008,0,1.298,1.228,0,0,0.993
2024-12-22 06:00,3.318,0.012,0,1.262,1.229,0,0,0.993
2024-12-22 07:00,3.271,0.020,0,1.229,1.230,0.034,0.482,0.992
2024-12-22 08:00,3.288,0.024,0,1.196,1.231,4.270,60.103,0.997
2024-12-22 09:00,3.378,0.020,0,1.161,1.231,11.361,137.771,0.998
2024-12-22 10:00,3.503,0.016,0,1.125,1.230,16.546,173.192,0.998
2024-12-22 11:00,3.568,0.014,0,1.087,1.230,16.607,164.055,0.995
2024-12-22 12:00,3.579,0.013,0,1.053,1.230,11.038,110.845,0.994
2024-12-22 13:00,3.488,0.011,0,1.023,1.231,1.885,24.305,0.991
2024-12-22 14:00,3.421,0.009,0,0.998,1.231,0,0,0.988
2024-12-22 15:00,3.358,0.009,0,0.974,1.233,0,0,0.984
2024-12-22 16:00,3.231,0.009,0,0.953,1.234,0,0,0.955
2024-12-22 17:00,2.968,0.009,0,0.933,1.236,0,0,0.882
2024-12-22 18:00,2.834,0.010,0,0.915,1.238,0,0,0.835
2024-12-22 19:00,2.757,0.015,0,0.899,1.241,0,0,0.834
2024-12-22 20:00,2.524,0.017,0,0.884,1.244,0,0,0.798
2024-12-22 21:00,2.290,0.014,0,0.873,1.246,0,0,0.859
2024-12-22 22:00,2.164,0.017,0,0.863,1.248,0,0,0.973
2024-12-22 23:00,1.977,0.017,0,0.853,1.250,0,0,0.997
2024-12-23 00:00,1.817,0.024,0,0.843,1.252,0,0,0.997
2024-12-23 01:00,1.666,0.031,0,0.836,1.254,0,0,0.997
2024-12-23 02:00,1.523,0.031,0,0.831,1.256,0,0,0.995
2024-12-23 03:00,1.426,0.025,0.002,0.829,1.256,0,0,0.995
2024-12-23 04:00,1.545,0.020,0.003,0.829,1.256,0,0,0.994
2024-12-23 05:00,1.608,0.027,0.003,0.830,1.254,0,0,0.994
2024-12-23 06:00,1.696,0.044,0.002,0.829,1.252,0,0,0.993
2024-12-23 07:00,1.966,0.076,0.001,0.825,1.251,0.048,0.494,0.992
2024-12-23 08:00,2.258,0.124,0,0.819,1.250,9.355,60.279,0.991
2024-12-23 09:00,2.718,0.192,0.003,0.808,1.251,22.594,137.959,0.994
2024-12-23 10:00,2.899,0.259,0.007,0.801,1.252,24.379,173.437,0.994
2024-12-23 11:00,2.865,0.334,0.007,0.794,1.253,18.805,164.244,0.994
2024-12-23 12:00,2.620,0.460,0.006,0.790,1.255,9.396,111.051,0.990
2024-12-23 13:00,2.224,0.593,0.006,0.791,1.258,1.218,24.444,0.985
2024-12-23 14:00,1.927,0.620,0.045,0.810,1.261,0,0,0.971
2024-12-23 15:00,1.735,0.516,0.059,0.864,1.263,0,0,0.940
2024-12-23 16:00,1.657,0.391,0.032,0.912,1.265,0,0,0.904
2024-12-23 17:00,1.578,0.287,0.022,0.938,1.267,0,0,0.863
2024-12-23 18:00,1.544,0.197,0.014,0.954,1.268,0,0,0.831
2024-12-23 19:00,1.768,0.124,0.011,0.961,1.270,0,0,0.777
2024-12-23 20:00,1.595,0.088,0.009,0.967,1.272,0,0,0.744
2024-12-23 21:00,1.447,0.084,0.009,0.972,1.274,0,0,0.757
2024-12-23 22:00,1.355,0.080,0.008,0.978,1.276,0,0,0.771
2024-12-23 23:00,1.289,0.068,0.005,0.982,1.278,0,0,0.766
2024-12-24 00:00,1.189,0.055,0.004,0.984,1.279,0,0,0.762
2024-12-24 01:00,1.026,0.052,0.005,0.987,1.279,0,0,0.757
2024-12-24 02:00,0.965,0.069,0.009,0.994,1.281,0,0,0.769
2024-12-24 03:00,0.851,0.083,0.008,1.004,1.283,0,0,0.773
2024-12-24 04:00,0.529,0.052,0.008,1.012,1.285,0,0,0.881
2024-12-24 05:00,0.322,0.035,0.011,1.021,1.287,0,0,0.991
2024-12-24 06:00,0.315,0.056,0.038,1.045,1.289,0,0,0.997
2024-12-24 07:00,0.219,0.025,0.021,1.079,1.290,0.011,0.519,0.999
2024-12-24 08:00,0.209,0.020,0.007,1.089,1.289,5.189,60.623,0.955
2024-12-24 09:00,0.229,0.028,0.023,1.100,1.291,23.968,138.334,0.843
2024-12-24 10:00,0.065,0.017,0.014,1.117,1.293,36.974,173.816,0.832
2024-12-24 11:00,-0.202,0.005,0.003,1.123,1.295,45.984,164.623,0.928
2024-12-24 12:00,-0.367,0.003,0.003,1.124,1.296,26.694,111.439,0.992
2024-12-24 13:00,-0.463,0.004,0.003,1.127,1.297,4.439,24.698,0.968
2024-12-24 14:00,-0.524,0.003,0.002,1.130,1.298,0,0,0.976
2024-12-24 15:00,-0.527,0.002,0.002,1.131,1.298,0,0,0.980
2024-12-24 16:00,-0.443,0.003,0.003,1.134,1.298,0,0,0.987
2024-12-24 17:00,-0.289,0.005,0.005,1.137,1.297,0,0,0.979
2024-12-24 18:00,-0.124,0.007,0.007,1.143,1.296,0,0,0.906
2024-12-24 19:00,0.068,0.008,0.008,1.150,1.295,0,0,0.966
2024-12-24 20:00,0.371,0.006,0.005,1.154,1.293,0,0,0.961
2024-12-24 21:00,0.796,0.021,0.005,1.147,1.291,0,0,0.973
2024-12-24 22:00,1.194,0.044,0.002,1.124,1.288,0,0,0.991
2024-12-24 23:00,1.440,0.018,0.001,1.094,1.287,0,0,0.985
2024-12-25 00:00,1.751,0.022,0.001,1.050,1.285,0,0,0.986
2024-12-25 01:00,2.191,0.042,0,0.989,1.283,0,0,0.986
2024-12-25 02:00,2.666,0.048,0,0.931,1.280,0,0,0.988
2024-12-25 03:00,3.064,0.051,0,0.884,1.277,0,0,0.991
2024-12-25 04:00,3.249,0.062,0,0.840,1.276,0,0,0.990
2024-12-25 05:00,3.387,0.050,0,0.805,1.275,0,0,0.979
2024-12-25 06:00,3.636,0.026,0,0.771,1.274,0,0,0.889
2024-12-25 07:00,3.942,0.028,0,0.738,1.272,0.039,0.560,0.956
2024-12-25 08:00,4.230,0.040,0,0.703,1.272,4.456,61.154,0.964
2024-12-25 09:00,4.486,0.044,0,0.668,1.271,10.905,138.896,0.962
2024-12-25 10:00,4.733,0.043,0,0.632,1.270,13.764,174.380,0.958
2024-12-25 11:00,4.978,0.042,0,0.598,1.269,14.081,165.243,0.964
2024-12-25 12:00,5.187,0.046,0,0.565,1.268,8.555,112.031,0.957
2024-12-25 13:00,5.310,0.050,0,0.536,1.267,1.356,25.077,0.939
2024-12-25 14:00,5.391,0.045,0,0.508,1.267,0,0,0.919
2024-12-25 15:00,5.497,0.033,0,0.481,1.267,0,0,0.925
2024-12-25 16:00,5.609,0.029,0,0.456,1.267,0,0,0.943
2024-12-25 17:00,5.691,0.029,0,0.431,1.267,0,0,0.946
2024-12-25 18:00,5.793,0.029,0,0.407,1.266,0,0,0.920
2024-12-25 19:00,5.903,0.028,0,0.383,1.266,0,0,0.929
2024-12-25 20:00,5.961,0.038,0,0.360,1.266,0,0,0.961
2024-12-25 21:00,5.888,0.039,0,0.338,1.266,0,0,0.961
2024-12-25 22:00,5.763,0.036,0,0.318,1.267,0,0,0.962
2024-12-25 23:00,5.677,0.035,0,0.300,1.268,0,0,0.962
2024-12-26 00:00,5.590,0.033,0,0.284,1.269,0,0,0.965
2024-12-26 01:00,5.566,0.028,0,0.268,1.269,0,0,0.970
2024-12-26 02:00,5.621,0.024,0,0.254,1.269,0,0,0.979
2024-12-26 03:00,5.680,0.028,0,0.240,1.269,0,0,0.970
2024-12-26 04:00,5.697,0.033,0,0.227,1.269,0,0,0.966
2024-12-26 05:00,5.685,0.030,0,0.215,1.269,0,0,0.981
2024-12-26 06:00,5.720,0.020,0,0.203,1.270,0,0,0.992
2024-12-26 07:00,5.822,0.014,0,0.191,1.270,0.015,0.617,0.984
2024-12-26 08:00,5.941,0.014,0,0.179,1.270,6.202,61.873,0.959
2024-12-26 09:00,6.056,0.014,0,0.168,1.270,19.812,139.646,0.912
2024-12-26 10:00,6.104,0.011,0,0.157,1.270,29.008,175.187,0.916
2024-12-26 11:00,6.134,0.008,0,0.146,1.270,26.637,165.998,0.985
2024-12-26 12:00,6.174,0.006,0,0.137,1.271,13.039,112.783,0.997
2024-12-26 13:00,6.206,0.005,0,0.128,1.271,1.989,25.582,0.996
2024-12-26 14:00,6.200,0.006,0,0.122,1.271,0,0,0.991
2024-12-26 15:00,6.165,0.012,0,0.116,1.272,0,0,0.973
2024-12-26 16:00,6.134,0.018,0,0.112,1.274,0,0,0.988
2024-12-26 17:00,6.055,0.020,0,0.107,1.275,0,0,0.999
2024-12-26 18:00,5.963,0.022,0,0.103,1.276,0,0,0.999
2024-12-26 19:00,5.902,0.024,0,0.100,1.276,0,0,0.998
2024-12-26 20:00,5.866,0.024,0,0.096,1.276,0,0,0.995
2024-12-26 21:00,5.852,0.025,0,0.093,1.276,0,0,0.993
2024-12-26 22:00,5.806,0.033,0,0.090,1.276,0,0,0.990
2024-12-26 23:00,5.783,0.039,0,0.087,1.277,0,0,0.981
2024-12-27 00:00,5.734,0.051,0,0.084,1.277,0,0,0.965
2024-12-27 01:00,5.665,0.052,0,0.081,1.277,0,0,0.899
2024-12-27 02:00,5.469,0.016,0,0.079,1.278,0,0,0.778
2024-12-27 03:00,5.393,0.009,0,0.076,1.279,0,0,0.829
2024-12-27 04:00,5.294,0.015,0,0.074,1.280,0,0,0.967
2024-12-27 05:00,5.207,0.019,0,0.072,1.281,0,0,0.968
2024-12-27 06:00,5.048,0.021,0,0.070,1.282,0,0,0.975
2024-12-27 07:00,4.810,0.025,0,0.068,1.284,0.027,0.700,0.970
2024-12-27 08:00,4.593,0.035,0,0.066,1.285,4.411,62.778,0.976
2024-12-27 09:00,4.469,0.027,0,0.065,1.286,16.279,140.584,0.989
2024-12-27 10:00,4.456,0.018,0,0.063,1.287,24.390,176.128,0.987
2024-12-27 11:00,4.431,0.015,0,0.061,1.287,25.469,166.973,0.985
2024-12-27 12:00,4.319,0.014,0,0.060,1.287,15.310,113.742,0.987
2024-12-27 13:00,4.068,0.012,0,0.058,1.287,2.514,26.212,0.987
2024-12-27 14:00,4.030,0.008,0,0.057,1.286,0,0,0.990
2024-12-27 15:00,4.095,0.012,0,0.056,1.286,0,0,0.994
2024-12-27 16:00,4.088,0.029,0,0.055,1.286,0,0,0.995
2024-12-27 17:00,4.109,0.107,0,0.054,1.285,0,0,0.995
2024-12-27 18:00,4.126,0.314,0,0.053,1.285,0,0,0.989
2024-12-27 19:00,4.038,0.567,0,0.052,1.285,0,0,0.977
2024-12-27 20:00,3.807,0.496,0,0.051,1.285,0,0,0.937
2024-12-27 21:00,3.577,0.080,0,0.051,1.284,0,0,0.772
2024-12-27 22:00,3.220,0.074,0,0.050,1.283,0,0,0.759
2024-12-27 23:00,3.455,0.319,0,0.050,1.283,0,0,0.916
2024-12-28 00:00,3.506,0.377,0,0.049,1.284,0,0,0.878
2024-12-28 01:00,3.272,0.350,0,0.049,1.284,0,0,0.882
2024-12-28 02:00,3.069,0.154,0,0.048,1.284,0,0,0.964
2024-12-28 03:00,2.923,0.028,0,0.048,1.283,0,0,0.986
2024-12-28 04:00,2.995,0.007,0,0.047,1.283,0,0,0.993
2024-12-28 05:00,3.006,0.007,0,0.047,1.282,0,0,0.996
2024-12-28 06:00,3.310,0.009,0,0.046,1.282,0,0,0.997
2024-12-28 07:00,3.538,0.013,0,0.045,1.281,0.044,0.804,0.997
2024-12-28 08:00,3.830,0.018,0,0.044,1.279,4.939,63.862,0.997
2024-12-28 09:00,4.045,0.021,0,0.043,1.279,10.177,141.709,0.998
2024-12-28 10:00,4.126,0.022,0,0.041,1.278,13.121,177.255,0.998
2024-12-28 11:00,4.140,0.026,0,0.040,1.277,12.391,168.119,0.998
2024-12-28 12:00,4.084,0.034,0,0.039,1.277,7.344,114.877,0.998
2024-12-28 13:00,3.970,0.042,0,0.038,1.277,1.193,26.984,0.997
2024-12-28 14:00,3.864,0.055,0,0.037,1.277,0,0,0.995
2024-12-28 15:00,3.800,0.043,0,0.036,1.277,0,0,0.997
2024-12-28 16:00,3.784,0.042,0,0.035,1.276,0,0,0.997
2024-12-28 17:00,3.786,0.038,0,0.034,1.275,0,0,0.997
2024-12-28 18:00,3.796,0.035,0,0.032,1.274,0,0,0.998
2024-12-28 19:00,3.822,0.032,0,0.031,1.273,0,0,0.998
2024-12-28 20:00,3.850,0.029,0,0.030,1.272,0,0,0.998
2024-12-28 21:00,3.878,0.035,0,0.029,1.271,0,0,0.997
2024-12-28 22:00,3.921,0.032,0,0.028,1.270,0,0,0.996
2024-12-28 23:00,3.867,0.020,0,0.025,1.269,0,0,0.995
2024-12-29 00:00,3.766,0.031,0,0.024,1.269,0,0,0.991
2024-12-29 01:00,3.608,0.032,0,0.023,1.268,0,0,0.988
2024-12-29 02:00,3.556,0.013,0,0.022,1.268,0,0,0.976
2024-12-29 03:00,3.743,0.011,0,0.021,1.265,0,0,0.970
2024-12-29 04:00,3.799,0.017,0,0.020,1.264,0,0,0.983
2024-12-29 05:00,3.926,0.015,0,0.019,1.263,0,0,0.995
2024-12-29 06:00,4.065,0.016,0,0.013,1.261,0,0,0.993
2024-12-29 07:00,4.188,0.015,0,0.011,1.260,0.039,0.936,0.994
2024-12-29 08:00,4.340,0.014,0,0.010,1.258,6.119,65.131,0.997
2024-12-29 09:00,4.564,0.010,0,0.009,1.256,16.240,143.021,0.996
2024-12-29 10:00,4.858,0.008,0,0.009,1.254,28.977,178.624,0.993
2024-12-29 11:00,5.130,0.007,0,0.008,1.251,26.595,169.435,0.978
2024-12-29 12:00,5.400,0.005,0,0.007,1.249,19.028,116.208,0.956
2024-12-29 13:00,5.695,0.004,0,0.007,1.246,3.698,27.883,0.957
2024-12-29 14:00,5.874,0.004,0,0.006,1.245,0,0,0.986
2024-12-29 15:00,5.912,0.006,0,0.006,1.245,0,0,0.993
2024-12-29 16:00,5.903,0.011,0,0.006,1.245,0,0,0.996
2024-12-29 17:00,5.936,0.015,0,0.005,1.244,0,0,0.994
2024-12-29 18:00,5.963,0.033,0,0.005,1.243,0,0,0.995
2024-12-29 19:00,6.074,0.121,0,0.005,1.241,0,0,0.996
2024-12-29 20:00,6.328,0.351,0,0.004,1.238,0,0,0.995
2024-12-29 21:00,6.625,0.767,0,0.004,1.235,0,0,0.994
2024-12-29 22:00,6.758,0.714,0,0.003,1.233,0,0,0.997
2024-12-29 23:00,6.718,0.588,0,0.003,1.233,0,0,0.991
2024-12-30 00:00,6.508,0.846,0,0.003,1.233,0,0,0.993
2024-12-30 01:00,6.129,0.418,0,0.003,1.235,0,0,0.994
2024-12-30 02:00,5.670,0.100,0,0.003,1.238,0,0,0.985
2024-12-30 03:00,5.051,0.034,0,0.003,1.243,0,0,0.941
2024-12-30 04:00,4.207,0.023,0,0.003,1.249,0,0,0.886
2024-12-30 05:00,3.481,0.003,0,0.003,1.254,0,0,0.919
2024-12-30 06:00,2.921,0,0,0.003,1.259,0,0,0.831
2024-12-30 07:00,2.275,0,0,0.003,1.263,0.216,1.105,0.697
2024-12-30 08:00,1.749,0,0,0.003,1.268,24.865,66.579,0.492
2024-12-30 09:00,1.553,0,0,0.003,1.271,70.804,144.521,0.324
2024-12-30 10:00,1.527,0,0,0.003,1.272,96.974,180.128,0.326
2024-12-30 11:00,1.413,0,0,0.003,1.273,91.104,170.992,0.559
2024-12-30 12:00,1.024,0,0,0.003,1.274,53.673,117.709,0.876
2024-12-30 13:00,0.311,0,0,0.003,1.277,9.540,28.942,0.966
2024-12-30 14:00,-0.202,0,0,0.003,1.279,0,0,0.977
2024-12-30 15:00,-0.361,0,0,0.003,1.281,0,0,0.985
2024-12-30 16:00,-0.496,0,0,0.003,1.282,0,0,0.990
2024-12-30 17:00,-0.544,0,0,0.003,1.282,0,0,0.990
2024-12-30 18:00,-0.556,0,0,0.003,1.282,0,0,0.942
2024-12-30 19:00,-0.615,0,0,0.003,1.282,0,0,0.846
2024-12-30 20:00,-0.701,0,0,0.003,1.282,0,0,0.860
2024-12-30 21:00,-0.857,0,0,0.003,1.282,0,0,0.881
2024-12-30 22:00,-0.967,0.002,0.002,0.003,1.284,0,0,0.723
2024-12-30 23:00,-1.171,0.002,0.002,0.003,1.286,0,0,0.414
2024-12-31 00:00,-2.300,0.003,0.003,0.004,1.289,0,0,0.508
2024-12-31 01:00,-2.273,0.003,0.003,0.004,1.292,0,0,0.572
2024-12-31 02:00,-2.721,0.001,0.001,0.003,1.294,0,0,0.622
2024-12-31 03:00,-2.852,0.001,0.001,0.004,1.295,0,0,0.964
2024-12-31 04:00,-2.440,0,0,0.004,1.295,0,0,0.973
2024-12-31 05:00,-2.500,0,0,0.004,1.295,0,0,0.979
2024-12-31 06:00,-2.525,0,0,0.004,1.296,0,0,0.983
2024-12-31 07:00,-2.562,0,0,0.004,1.297,0.235,1.313,0.981
2024-12-31 08:00,-2.577,0,0,0.004,1.298,22.397,68.215,0.587
2024-12-31 09:00,-2.327,0,0,0.004,1.298,78.363,146.209,0.525
2024-12-31 10:00,-1.999,0,0,0.004,1.297,105.092,181.817,0.877
2024-12-31 11:00,-1.988,0,0,0.004,1.297,99.487,172.685,0.949
2024-12-31 12:00,-2.474,0,0,0.004,1.298,62.331,119.397,0.950
2024-12-31 13:00,-3.882,0,0,0.004,1.300,11.260,30.132,0.951
2024-12-31 14:00,-4.508,0,0,0.004,1.301,0,0,0.960
2024-12-31 15:00,-3.820,0,0,0.004,1.301,0,0,0.991
2024-12-31 16:00,-3.112,0,0,0.004,1.299,0,0,0.994
2024-12-31 17:00,-2.710,0.002,0.002,0.004,1.296,0,0,0.994
2024-12-31 18:00,-2.372,0.010,0.009,0.006,1.293,0,0,0.996
2024-12-31 19:00,-2.210,0.085,0.085,0.029,1.290,0,0,0.995
2024-12-31 20:00,-2.130,0.512,0.512,0.329,1.288,0,0,0.994
2024-12-31 21:00,-2.231,0.936,0.934,1.072,1.286,0,0,0.995
2024-12-31 22:00,-2.072,1.170,1.145,2.153,1.281,0,0,0.997
2024-12-31 23:00,-1.613,1.316,1.191,3.306,1.274,0,0,0.994
