# Renewables.ninja Solar photovoltaic power (PV) (Point API) - 59.325, 18.071 - Version: 1.4 (gsee f9b6961) - License: https://creativecommons.org/licenses/by-nc/4.0/ - Reference: https://doi.org/10.1016/j.energy.2016.08.060
# Units: time in UTC, electricity in kW
# {"units": {"time": "UTC", "electricity": "kW"}, "params": {"lat": "59.3251172", "lon": "18.0710935", "date_from": "2024-01-01", "date_to": "2024-12-31", "dataset": "merra2", "header": "true", "local_time": "false", "capacity": "1000", "system_loss": "0.1", "tracking": "0", "tilt": "35", "azim": "180", "raw": "false"}}
time,electricity
2024-01-01 00:00,0
2024-01-01 01:00,0
2024-01-01 02:00,0
2024-01-01 03:00,0
2024-01-01 04:00,0
2024-01-01 05:00,0
2024-01-01 06:00,0
2024-01-01 07:00,0
2024-01-01 08:00,8.096
2024-01-01 09:00,33.779
2024-01-01 10:00,48.665
2024-01-01 11:00,37.914
2024-01-01 12:00,13.379
2024-01-01 13:00,0
2024-01-01 14:00,0
2024-01-01 15:00,0
2024-01-01 16:00,0
2024-01-01 17:00,0
2024-01-01 18:00,0
2024-01-01 19:00,0
2024-01-01 20:00,0
2024-01-01 21:00,0
2024-01-01 22:00,0
2024-01-01 23:00,0
2024-01-02 00:00,0
2024-01-02 01:00,0
2024-01-02 02:00,0
2024-01-02 03:00,0
2024-01-02 04:00,0
2024-01-02 05:00,0
2024-01-02 06:00,0
2024-01-02 07:00,0
2024-01-02 08:00,5.645
2024-01-02 09:00,31.293
2024-01-02 10:00,47.487
2024-01-02 11:00,41.506
2024-01-02 12:00,24.940
2024-01-02 13:00,0
2024-01-02 14:00,0
2024-01-02 15:00,0
2024-01-02 16:00,0
2024-01-02 17:00,0
2024-01-02 18:00,0
2024-01-02 19:00,0
2024-01-02 20:00,0
2024-01-02 21:00,0
2024-01-02 22:00,0
2024-01-02 23:00,0
2024-01-03 00:00,0
2024-01-03 01:00,0
2024-01-03 02:00,0
2024-01-03 03:00,0
2024-01-03 04:00,0
2024-01-03 05:00,0
2024-01-03 06:00,0
2024-01-03 07:00,0
2024-01-03 08:00,15.493
2024-01-03 09:00,47.136
2024-01-03 10:00,65.217
2024-01-03 11:00,67.821
2024-01-03 12:00,46.544
2024-01-03 13:00,0.542
2024-01-03 14:00,0
2024-01-03 15:00,0
2024-01-03 16:00,0
2024-01-03 17:00,0
2024-01-03 18:00,0
2024-01-03 19:00,0
2024-01-03 20:00,0
2024-01-03 21:00,0
2024-01-03 22:00,0
2024-01-03 23:00,0
2024-01-04 00:00,0
2024-01-04 01:00,0
2024-01-04 02:00,0
2024-01-04 03:00,0
2024-01-04 04:00,0
2024-01-04 05:00,0
2024-01-04 06:00,0
2024-01-04 07:00,0
2024-01-04 08:00,5.507
2024-01-04 09:00,30.623
2024-01-04 10:00,49.085
2024-01-04 11:00,39.419
2024-01-04 12:00,15.541
2024-01-04 13:00,0
2024-01-04 14:00,0
2024-01-04 15:00,0
2024-01-04 16:00,0
2024-01-04 17:00,0
2024-01-04 18:00,0
2024-01-04 19:00,0
2024-01-04 20:00,0
2024-01-04 21:00,0
2024-01-04 22:00,0
2024-01-04 23:00,0
2024-01-05 00:00,0
2024-01-05 01:00,0
2024-01-05 02:00,0
2024-01-05 03:00,0
2024-01-05 04:00,0
2024-01-05 05:00,0
2024-01-05 06:00,0
2024-01-05 07:00,0
2024-01-05 08:00,14.111
2024-01-05 09:00,66.156
2024-01-05 10:00,104.215
2024-01-05 11:00,105.026
2024-01-05 12:00,67.791
2024-01-05 13:00,9.642
2024-01-05 14:00,0
2024-01-05 15:00,0
2024-01-05 16:00,0
2024-01-05 17:00,0
2024-01-05 18:00,0
2024-01-05 19:00,0
2024-01-05 20:00,0
2024-01-05 21:00,0
2024-01-05 22:00,0
2024-01-05 23:00,0
2024-01-06 00:00,0
2024-01-06 01:00,0
2024-01-06 02:00,0
2024-01-06 03:00,0
2024-01-06 04:00,0
2024-01-06 05:00,0
2024-01-06 06:00,0
2024-01-06 07:00,0
2024-01-06 08:00,85.603
2024-01-06 09:00,205.229
2024-01-06 10:00,259.366
2024-01-06 11:00,228.398
2024-01-06 12:00,129.062
2024-01-06 13:00,22.699
2024-01-06 14:00,0
2024-01-06 15:00,0
2024-01-06 16:00,0
2024-01-06 17:00,0
2024-01-06 18:00,0
2024-01-06 19:00,0
2024-01-06 20:00,0
2024-01-06 21:00,0
2024-01-06 22:00,0
2024-01-06 23:00,0
2024-01-07 00:00,0
2024-01-07 01:00,0
2024-01-07 02:00,0
2024-01-07 03:00,0
2024-01-07 04:00,0
2024-01-07 05:00,0
2024-01-07 06:00,0
2024-01-07 07:00,0
2024-01-07 08:00,49.568
2024-01-07 09:00,118.846
2024-01-07 10:00,159.503
2024-01-07 11:00,148.160
2024-01-07 12:00,87.858
2024-01-07 13:00,10.977
2024-01-07 14:00,0
2024-01-07 15:00,0
2024-01-07 16:00,0
2024-01-07 17:00,0
2024-01-07 18:00,0
2024-01-07 19:00,0
2024-01-07 20:00,0
2024-01-07 21:00,0
2024-01-07 22:00,0
2024-01-07 23:00,0
2024-01-08 00:00,0
2024-01-08 01:00,0
2024-01-08 02:00,0
2024-01-08 03:00,0
2024-01-08 04:00,0
2024-01-08 05:00,0
2024-01-08 06:00,0
2024-01-08 07:00,0
2024-01-08 08:00,36.785
2024-01-08 09:00,93.976
2024-01-08 10:00,124.915
2024-01-08 11:00,114.404
2024-01-08 12:00,90.420
2024-01-08 13:00,15.320
2024-01-08 14:00,0
2024-01-08 15:00,0
2024-01-08 16:00,0
2024-01-08 17:00,0
2024-01-08 18:00,0
2024-01-08 19:00,0
2024-01-08 20:00,0
2024-01-08 21:00,0
2024-01-08 22:00,0
2024-01-08 23:00,0
2024-01-09 00:00,0
2024-01-09 01:00,0
2024-01-09 02:00,0
2024-01-09 03:00,0
2024-01-09 04:00,0
2024-01-09 05:00,0
2024-01-09 06:00,0
2024-01-09 07:00,0
2024-01-09 08:00,54.752
2024-01-09 09:00,176.321
2024-01-09 10:00,255.077
2024-01-09 11:00,241.197
2024-01-09 12:00,143.219
2024-01-09 13:00,23.283
2024-01-09 14:00,0
2024-01-09 15:00,0
2024-01-09 16:00,0
2024-01-09 17:00,0
2024-01-09 18:00,0
2024-01-09 19:00,0
2024-01-09 20:00,0
2024-01-09 21:00,0
2024-01-09 22:00,0
2024-01-09 23:00,0
2024-01-10 00:00,0
2024-01-10 01:00,0
2024-01-10 02:00,0
2024-01-10 03:00,0
2024-01-10 04:00,0
2024-01-10 05:00,0
2024-01-10 06:00,0
2024-01-10 07:00,0
2024-01-10 08:00,22.710
2024-01-10 09:00,75.702
2024-01-10 10:00,154.759
2024-01-10 11:00,131.951
2024-01-10 12:00,72.443
2024-01-10 13:00,8.939
2024-01-10 14:00,0
2024-01-10 15:00,0
2024-01-10 16:00,0
2024-01-10 17:00,0
2024-01-10 18:00,0
2024-01-10 19:00,0
2024-01-10 20:00,0
2024-01-10 21:00,0
2024-01-10 22:00,0
2024-01-10 23:00,0
2024-01-11 00:00,0
2024-01-11 01:00,0
2024-01-11 02:00,0
2024-01-11 03:00,0
2024-01-11 04:00,0
2024-01-11 05:00,0
2024-01-11 06:00,0
2024-01-11 07:00,0
2024-01-11 08:00,27.081
2024-01-11 09:00,67.621
2024-01-11 10:00,87.731
2024-01-11 11:00,89.660
2024-01-11 12:00,40.886
2024-01-11 13:00,0.517
2024-01-11 14:00,0
2024-01-11 15:00,0
2024-01-11 16:00,0
2024-01-11 17:00,0
2024-01-11 18:00,0
2024-01-11 19:00,0
2024-01-11 20:00,0
2024-01-11 21:00,0
2024-01-11 22:00,0
2024-01-11 23:00,0
2024-01-12 00:00,0
2024-01-12 01:00,0
2024-01-12 02:00,0
2024-01-12 03:00,0
2024-01-12 04:00,0
2024-01-12 05:00,0
2024-01-12 06:00,0
2024-01-12 07:00,0
2024-01-12 08:00,34.037
2024-01-12 09:00,107.074
2024-01-12 10:00,157.256
2024-01-12 11:00,126.774
2024-01-12 12:00,63.093
2024-01-12 13:00,2.972
2024-01-12 14:00,0
2024-01-12 15:00,0
2024-01-12 16:00,0
2024-01-12 17:00,0
2024-01-12 18:00,0
2024-01-12 19:00,0
2024-01-12 20:00,0
2024-01-12 21:00,0
2024-01-12 22:00,0
2024-01-12 23:00,0
2024-01-13 00:00,0
2024-01-13 01:00,0
2024-01-13 02:00,0
2024-01-13 03:00,0
2024-01-13 04:00,0
2024-01-13 05:00,0
2024-01-13 06:00,0
2024-01-13 07:00,0
2024-01-13 08:00,0
2024-01-13 09:00,0
2024-01-13 10:00,2.602
2024-01-13 11:00,1.639
2024-01-13 12:00,0
2024-01-13 13:00,0
2024-01-13 14:00,0
2024-01-13 15:00,0
2024-01-13 16:00,0
2024-01-13 17:00,0
2024-01-13 18:00,0
2024-01-13 19:00,0
2024-01-13 20:00,0
2024-01-13 21:00,0
2024-01-13 22:00,0
2024-01-13 23:00,0
2024-01-14 00:00,0
2024-01-14 01:00,0
2024-01-14 02:00,0
2024-01-14 03:00,0
2024-01-14 04:00,0
2024-01-14 05:00,0
2024-01-14 06:00,0
2024-01-14 07:00,0
2024-01-14 08:00,34.035
2024-01-14 09:00,92.924
2024-01-14 10:00,93.308
2024-01-14 11:00,59.505
2024-01-14 12:00,29.651
2024-01-14 13:00,2.600
2024-01-14 14:00,0
2024-01-14 15:00,0
2024-01-14 16:00,0
2024-01-14 17:00,0
2024-01-14 18:00,0
2024-01-14 19:00,0
2024-01-14 20:00,0
2024-01-14 21:00,0
2024-01-14 22:00,0
2024-01-14 23:00,0
2024-01-15 00:00,0
2024-01-15 01:00,0
2024-01-15 02:00,0
2024-01-15 03:00,0
2024-01-15 04:00,0
2024-01-15 05:00,0
2024-01-15 06:00,0
2024-01-15 07:00,0
2024-01-15 08:00,4.567
2024-01-15 09:00,28.617
2024-01-15 10:00,46.320
2024-01-15 11:00,45.467
2024-01-15 12:00,30.954
2024-01-15 13:00,3.756
2024-01-15 14:00,0
2024-01-15 15:00,0
2024-01-15 16:00,0
2024-01-15 17:00,0
2024-01-15 18:00,0
2024-01-15 19:00,0
2024-01-15 20:00,0
2024-01-15 21:00,0
2024-01-15 22:00,0
2024-01-15 23:00,0
2024-01-16 00:00,0
2024-01-16 01:00,0
2024-01-16 02:00,0
2024-01-16 03:00,0
2024-01-16 04:00,0
2024-01-16 05:00,0
2024-01-16 06:00,0
2024-01-16 07:00,0
2024-01-16 08:00,131.572
2024-01-16 09:00,285.884
2024-01-16 10:00,378.485
2024-01-16 11:00,379.870
2024-01-16 12:00,270.639
2024-01-16 13:00,75.524
2024-01-16 14:00,0
2024-01-16 15:00,0
2024-01-16 16:00,0
2024-01-16 17:00,0
2024-01-16 18:00,0
2024-01-16 19:00,0
2024-01-16 20:00,0
2024-01-16 21:00,0
2024-01-16 22:00,0
2024-01-16 23:00,0
2024-01-17 00:00,0
2024-01-17 01:00,0
2024-01-17 02:00,0
2024-01-17 03:00,0
2024-01-17 04:00,0
2024-01-17 05:00,0
2024-01-17 06:00,0
2024-01-17 07:00,0
2024-01-17 08:00,5.064
2024-01-17 09:00,15.729
2024-01-17 10:00,17.242
2024-01-17 11:00,8.038
2024-01-17 12:00,0.526
2024-01-17 13:00,0
2024-01-17 14:00,0
2024-01-17 15:00,0
2024-01-17 16:00,0
2024-01-17 17:00,0
2024-01-17 18:00,0
2024-01-17 19:00,0
2024-01-17 20:00,0
2024-01-17 21:00,0
2024-01-17 22:00,0
2024-01-17 23:00,0
2024-01-18 00:00,0
2024-01-18 01:00,0
2024-01-18 02:00,0
2024-01-18 03:00,0
2024-01-18 04:00,0
2024-01-18 05:00,0
2024-01-18 06:00,0
2024-01-18 07:00,0
2024-01-18 08:00,43.404
2024-01-18 09:00,114.173
2024-01-18 10:00,130.159
2024-01-18 11:00,107.602
2024-01-18 12:00,59.581
2024-01-18 13:00,9.821
2024-01-18 14:00,0
2024-01-18 15:00,0
2024-01-18 16:00,0
2024-01-18 17:00,0
2024-01-18 18:00,0
2024-01-18 19:00,0
2024-01-18 20:00,0
2024-01-18 21:00,0
2024-01-18 22:00,0
2024-01-18 23:00,0
2024-01-19 00:00,0
2024-01-19 01:00,0
2024-01-19 02:00,0
2024-01-19 03:00,0
2024-01-19 04:00,0
2024-01-19 05:00,0
2024-01-19 06:00,0
2024-01-19 07:00,1.898
2024-01-19 08:00,101.972
2024-01-19 09:00,262.351
2024-01-19 10:00,343.635
2024-01-19 11:00,323.515
2024-01-19 12:00,243.864
2024-01-19 13:00,82.868
2024-01-19 14:00,0
2024-01-19 15:00,0
2024-01-19 16:00,0
2024-01-19 17:00,0
2024-01-19 18:00,0
2024-01-19 19:00,0
2024-01-19 20:00,0
2024-01-19 21:00,0
2024-01-19 22:00,0
2024-01-19 23:00,0
2024-01-20 00:00,0
2024-01-20 01:00,0
2024-01-20 02:00,0
2024-01-20 03:00,0
2024-01-20 04:00,0
2024-01-20 05:00,0
2024-01-20 06:00,0
2024-01-20 07:00,0
2024-01-20 08:00,60.131
2024-01-20 09:00,129.551
2024-01-20 10:00,155.846
2024-01-20 11:00,144.845
2024-01-20 12:00,101.596
2024-01-20 13:00,30.388
2024-01-20 14:00,0
2024-01-20 15:00,0
2024-01-20 16:00,0
2024-01-20 17:00,0
2024-01-20 18:00,0
2024-01-20 19:00,0
2024-01-20 20:00,0
2024-01-20 21:00,0
2024-01-20 22:00,0
2024-01-20 23:00,0
2024-01-21 00:00,0
2024-01-21 01:00,0
2024-01-21 02:00,0
2024-01-21 03:00,0
2024-01-21 04:00,0
2024-01-21 05:00,0
2024-01-21 06:00,0
2024-01-21 07:00,0
2024-01-21 08:00,9.589
2024-01-21 09:00,38.257
2024-01-21 10:00,75.398
2024-01-21 11:00,83.965
2024-01-21 12:00,35.067
2024-01-21 13:00,4.208
2024-01-21 14:00,0
2024-01-21 15:00,0
2024-01-21 16:00,0
2024-01-21 17:00,0
2024-01-21 18:00,0
2024-01-21 19:00,0
2024-01-21 20:00,0
2024-01-21 21:00,0
2024-01-21 22:00,0
2024-01-21 23:00,0
2024-01-22 00:00,0
2024-01-22 01:00,0
2024-01-22 02:00,0
2024-01-22 03:00,0
2024-01-22 04:00,0
2024-01-22 05:00,0
2024-01-22 06:00,0
2024-01-22 07:00,0
2024-01-22 08:00,0
2024-01-22 09:00,9.077
2024-01-22 10:00,26.110
2024-01-22 11:00,39.194
2024-01-22 12:00,33.788
2024-01-22 13:00,9.592
2024-01-22 14:00,0
2024-01-22 15:00,0
2024-01-22 16:00,0
2024-01-22 17:00,0
2024-01-22 18:00,0
2024-01-22 19:00,0
2024-01-22 20:00,0
2024-01-22 21:00,0
2024-01-22 22:00,0
2024-01-22 23:00,0
2024-01-23 00:00,0
2024-01-23 01:00,0
2024-01-23 02:00,0
2024-01-23 03:00,0
2024-01-23 04:00,0
2024-01-23 05:00,0
2024-01-23 06:00,0
2024-01-23 07:00,0
2024-01-23 08:00,10.877
2024-01-23 09:00,34.348
2024-01-23 10:00,75.278
2024-01-23 11:00,88.738
2024-01-23 12:00,39.422
2024-01-23 13:00,0.464
2024-01-23 14:00,0
2024-01-23 15:00,0
2024-01-23 16:00,0
2024-01-23 17:00,0
2024-01-23 18:00,0
2024-01-23 19:00,0
2024-01-23 20:00,0
2024-01-23 21:00,0
2024-01-23 22:00,0
2024-01-23 23:00,0
2024-01-24 00:00,0
2024-01-24 01:00,0
2024-01-24 02:00,0
2024-01-24 03:00,0
2024-01-24 04:00,0
2024-01-24 05:00,0
2024-01-24 06:00,0
2024-01-24 07:00,0
2024-01-24 08:00,3.210
2024-01-24 09:00,12.844
2024-01-24 10:00,19.709
2024-01-24 11:00,12.909
2024-01-24 12:00,4.531
2024-01-24 13:00,0
2024-01-24 14:00,0
2024-01-24 15:00,0
2024-01-24 16:00,0
2024-01-24 17:00,0
2024-01-24 18:00,0
2024-01-24 19:00,0
2024-01-24 20:00,0
2024-01-24 21:00,0
2024-01-24 22:00,0
2024-01-24 23:00,0
2024-01-25 00:00,0
2024-01-25 01:00,0
2024-01-25 02:00,0
2024-01-25 03:00,0
2024-01-25 04:00,0
2024-01-25 05:00,0
2024-01-25 06:00,0
2024-01-25 07:00,0
2024-01-25 08:00,32.295
2024-01-25 09:00,70.977
2024-01-25 10:00,89.414
2024-01-25 11:00,93.443
2024-01-25 12:00,75.189
2024-01-25 13:00,28.440
2024-01-25 14:00,0
2024-01-25 15:00,0
2024-01-25 16:00,0
2024-01-25 17:00,0
2024-01-25 18:00,0
2024-01-25 19:00,0
2024-01-25 20:00,0
2024-01-25 21:00,0
2024-01-25 22:00,0
2024-01-25 23:00,0
2024-01-26 00:00,0
2024-01-26 01:00,0
2024-01-26 02:00,0
2024-01-26 03:00,0
2024-01-26 04:00,0
2024-01-26 05:00,0
2024-01-26 06:00,0
2024-01-26 07:00,4.249
2024-01-26 08:00,41.959
2024-01-26 09:00,74.513
2024-01-26 10:00,81.846
2024-01-26 11:00,102.824
2024-01-26 12:00,51.157
2024-01-26 13:00,6.720
2024-01-26 14:00,0
2024-01-26 15:00,0
2024-01-26 16:00,0
2024-01-26 17:00,0
2024-01-26 18:00,0
2024-01-26 19:00,0
2024-01-26 20:00,0
2024-01-26 21:00,0
2024-01-26 22:00,0
2024-01-26 23:00,0
2024-01-27 00:00,0
2024-01-27 01:00,0
2024-01-27 02:00,0
2024-01-27 03:00,0
2024-01-27 04:00,0
2024-01-27 05:00,0
2024-01-27 06:00,0
2024-01-27 07:00,16.329
2024-01-27 08:00,100.950
2024-01-27 09:00,225.000
2024-01-27 10:00,369.019
2024-01-27 11:00,425.515
2024-01-27 12:00,325.903
2024-01-27 13:00,142.444
2024-01-27 14:00,0
2024-01-27 15:00,0
2024-01-27 16:00,0
2024-01-27 17:00,0
2024-01-27 18:00,0
2024-01-27 19:00,0
2024-01-27 20:00,0
2024-01-27 21:00,0
2024-01-27 22:00,0
2024-01-27 23:00,0
2024-01-28 00:00,0
2024-01-28 01:00,0
2024-01-28 02:00,0
2024-01-28 03:00,0
2024-01-28 04:00,0
2024-01-28 05:00,0
2024-01-28 06:00,0
2024-01-28 07:00,0
2024-01-28 08:00,1.835
2024-01-28 09:00,18.140
2024-01-28 10:00,27.597
2024-01-28 11:00,45.346
2024-01-28 12:00,34.374
2024-01-28 13:00,6.269
2024-01-28 14:00,0
2024-01-28 15:00,0
2024-01-28 16:00,0
2024-01-28 17:00,0
2024-01-28 18:00,0
2024-01-28 19:00,0
2024-01-28 20:00,0
2024-01-28 21:00,0
2024-01-28 22:00,0
2024-01-28 23:00,0
2024-01-29 00:00,0
2024-01-29 01:00,0
2024-01-29 02:00,0
2024-01-29 03:00,0
2024-01-29 04:00,0
2024-01-29 05:00,0
2024-01-29 06:00,0
2024-01-29 07:00,0
2024-01-29 08:00,10.681
2024-01-29 09:00,19.343
2024-01-29 10:00,17.881
2024-01-29 11:00,9.848
2024-01-29 12:00,5.118
2024-01-29 13:00,0
2024-01-29 14:00,0
2024-01-29 15:00,0
2024-01-29 16:00,0
2024-01-29 17:00,0
2024-01-29 18:00,0
2024-01-29 19:00,0
2024-01-29 20:00,0
2024-01-29 21:00,0
2024-01-29 22:00,0
2024-01-29 23:00,0
2024-01-30 00:00,0
2024-01-30 01:00,0
2024-01-30 02:00,0
2024-01-30 03:00,0
2024-01-30 04:00,0
2024-01-30 05:00,0
2024-01-30 06:00,0
2024-01-30 07:00,1.729
2024-01-30 08:00,24.769
2024-01-30 09:00,59.789
2024-01-30 10:00,78.040
2024-01-30 11:00,63.587
2024-01-30 12:00,37.243
2024-01-30 13:00,10.071
2024-01-30 14:00,0
2024-01-30 15:00,0
2024-01-30 16:00,0
2024-01-30 17:00,0
2024-01-30 18:00,0
2024-01-30 19:00,0
2024-01-30 20:00,0
2024-01-30 21:00,0
2024-01-30 22:00,0
2024-01-30 23:00,0
2024-01-31 00:00,0
2024-01-31 01:00,0
2024-01-31 02:00,0
2024-01-31 03:00,0
2024-01-31 04:00,0
2024-01-31 05:00,0
2024-01-31 06:00,0
2024-01-31 07:00,0
2024-01-31 08:00,9.047
2024-01-31 09:00,27.361
2024-01-31 10:00,53.308
2024-01-31 11:00,137.693
2024-01-31 12:00,184.305
2024-01-31 13:00,51.046
2024-01-31 14:00,0
2024-01-31 15:00,0
2024-01-31 16:00,0
2024-01-31 17:00,0
2024-01-31 18:00,0
2024-01-31 19:00,0
2024-01-31 20:00,0
2024-01-31 21:00,0
2024-01-31 22:00,0
2024-01-31 23:00,0
2024-02-01 00:00,0
2024-02-01 01:00,0
2024-02-01 02:00,0
2024-02-01 03:00,0
2024-02-01 04:00,0
2024-02-01 05:00,0
2024-02-01 06:00,0
2024-02-01 07:00,15.041
2024-02-01 08:00,87.992
2024-02-01 09:00,241.113
2024-02-01 10:00,270.209
2024-02-01 11:00,262.443
2024-02-01 12:00,236.177
2024-02-01 13:00,75.970
2024-02-01 14:00,0
2024-02-01 15:00,0
2024-02-01 16:00,0
2024-02-01 17:00,0
2024-02-01 18:00,0
2024-02-01 19:00,0
2024-02-01 20:00,0
2024-02-01 21:00,0
2024-02-01 22:00,0
2024-02-01 23:00,0
2024-02-02 00:00,0
2024-02-02 01:00,0
2024-02-02 02:00,0
2024-02-02 03:00,0
2024-02-02 04:00,0
2024-02-02 05:00,0
2024-02-02 06:00,0
2024-02-02 07:00,40.012
2024-02-02 08:00,136.886
2024-02-02 09:00,165.913
2024-02-02 10:00,128.900
2024-02-02 11:00,63.744
2024-02-02 12:00,11.782
2024-02-02 13:00,0
2024-02-02 14:00,0
2024-02-02 15:00,0
2024-02-02 16:00,0
2024-02-02 17:00,0
2024-02-02 18:00,0
2024-02-02 19:00,0
2024-02-02 20:00,0
2024-02-02 21:00,0
2024-02-02 22:00,0
2024-02-02 23:00,0
2024-02-03 00:00,0
2024-02-03 01:00,0
2024-02-03 02:00,0
2024-02-03 03:00,0
2024-02-03 04:00,0
2024-02-03 05:00,0
2024-02-03 06:00,0
2024-02-03 07:00,12.488
2024-02-03 08:00,74.894
2024-02-03 09:00,195.351
2024-02-03 10:00,300.705
2024-02-03 11:00,287.938
2024-02-03 12:00,271.568
2024-02-03 13:00,150.924
2024-02-03 14:00,15.933
2024-02-03 15:00,0
2024-02-03 16:00,0
2024-02-03 17:00,0
2024-02-03 18:00,0
2024-02-03 19:00,0
2024-02-03 20:00,0
2024-02-03 21:00,0
2024-02-03 22:00,0
2024-02-03 23:00,0
2024-02-04 00:00,0
2024-02-04 01:00,0
2024-02-04 02:00,0
2024-02-04 03:00,0
2024-02-04 04:00,0
2024-02-04 05:00,0
2024-02-04 06:00,0
2024-02-04 07:00,138.737
2024-02-04 08:00,324.533
2024-02-04 09:00,445.719
2024-02-04 10:00,493.223
2024-02-04 11:00,469.864
2024-02-04 12:00,377.314
2024-02-04 13:00,211.897
2024-02-04 14:00,31.377
2024-02-04 15:00,0
2024-02-04 16:00,0
2024-02-04 17:00,0
2024-02-04 18:00,0
2024-02-04 19:00,0
2024-02-04 20:00,0
2024-02-04 21:00,0
2024-02-04 22:00,0
2024-02-04 23:00,0
2024-02-05 00:00,0
2024-02-05 01:00,0
2024-02-05 02:00,0
2024-02-05 03:00,0
2024-02-05 04:00,0
2024-02-05 05:00,0
2024-02-05 06:00,0
2024-02-05 07:00,105.774
2024-02-05 08:00,313.819
2024-02-05 09:00,455.935
2024-02-05 10:00,508.661
2024-02-05 11:00,491.910
2024-02-05 12:00,403.510
2024-02-05 13:00,237.049
2024-02-05 14:00,37.265
2024-02-05 15:00,0
2024-02-05 16:00,0
2024-02-05 17:00,0
2024-02-05 18:00,0
2024-02-05 19:00,0
2024-02-05 20:00,0
2024-02-05 21:00,0
2024-02-05 22:00,0
2024-02-05 23:00,0
2024-02-06 00:00,0
2024-02-06 01:00,0
2024-02-06 02:00,0
2024-02-06 03:00,0
2024-02-06 04:00,0
2024-02-06 05:00,0
2024-02-06 06:00,0
2024-02-06 07:00,116.215
2024-02-06 08:00,312.276
2024-02-06 09:00,397.951
2024-02-06 10:00,356.968
2024-02-06 11:00,178.935
2024-02-06 12:00,68.288
2024-02-06 13:00,18.450
2024-02-06 14:00,0
2024-02-06 15:00,0
2024-02-06 16:00,0
2024-02-06 17:00,0
2024-02-06 18:00,0
2024-02-06 19:00,0
2024-02-06 20:00,0
2024-02-06 21:00,0
2024-02-06 22:00,0
2024-02-06 23:00,0
2024-02-07 00:00,0
2024-02-07 01:00,0
2024-02-07 02:00,0
2024-02-07 03:00,0
2024-02-07 04:00,0
2024-02-07 05:00,0
2024-02-07 06:00,0
2024-02-07 07:00,62.368
2024-02-07 08:00,168.880
2024-02-07 09:00,232.432
2024-02-07 10:00,215.480
2024-02-07 11:00,135.829
2024-02-07 12:00,79.231
2024-02-07 13:00,44.023
2024-02-07 14:00,2.980
2024-02-07 15:00,0
2024-02-07 16:00,0
2024-02-07 17:00,0
2024-02-07 18:00,0
2024-02-07 19:00,0
2024-02-07 20:00,0
2024-02-07 21:00,0
2024-02-07 22:00,0
2024-02-07 23:00,0
2024-02-08 00:00,0
2024-02-08 01:00,0
2024-02-08 02:00,0
2024-02-08 03:00,0
2024-02-08 04:00,0
2024-02-08 05:00,0
2024-02-08 06:00,0
2024-02-08 07:00,27.879
2024-02-08 08:00,110.648
2024-02-08 09:00,177.768
2024-02-08 10:00,157.269
2024-02-08 11:00,108.887
2024-02-08 12:00,99.345
2024-02-08 13:00,48.068
2024-02-08 14:00,7.367
2024-02-08 15:00,0
2024-02-08 16:00,0
2024-02-08 17:00,0
2024-02-08 18:00,0
2024-02-08 19:00,0
2024-02-08 20:00,0
2024-02-08 21:00,0
2024-02-08 22:00,0
2024-02-08 23:00,0
2024-02-09 00:00,0
2024-02-09 01:00,0
2024-02-09 02:00,0
2024-02-09 03:00,0
2024-02-09 04:00,0
2024-02-09 05:00,0
2024-02-09 06:00,0
2024-02-09 07:00,21.948
2024-02-09 08:00,66.728
2024-02-09 09:00,107.811
2024-02-09 10:00,125.687
2024-02-09 11:00,132.387
2024-02-09 12:00,119.414
2024-02-09 13:00,68.911
2024-02-09 14:00,14.549
2024-02-09 15:00,0
2024-02-09 16:00,0
2024-02-09 17:00,0
2024-02-09 18:00,0
2024-02-09 19:00,0
2024-02-09 20:00,0
2024-02-09 21:00,0
2024-02-09 22:00,0
2024-02-09 23:00,0
2024-02-10 00:00,0
2024-02-10 01:00,0
2024-02-10 02:00,0
2024-02-10 03:00,0
2024-02-10 04:00,0
2024-02-10 05:00,0
2024-02-10 06:00,0
2024-02-10 07:00,72.003
2024-02-10 08:00,179.773
2024-02-10 09:00,242.180
2024-02-10 10:00,196.915
2024-02-10 11:00,137.737
2024-02-10 12:00,107.270
2024-02-10 13:00,68.191
2024-02-10 14:00,17.469
2024-02-10 15:00,0
2024-02-10 16:00,0
2024-02-10 17:00,0
2024-02-10 18:00,0
2024-02-10 19:00,0
2024-02-10 20:00,0
2024-02-10 21:00,0
2024-02-10 22:00,0
2024-02-10 23:00,0
2024-02-11 00:00,0
2024-02-11 01:00,0
2024-02-11 02:00,0
2024-02-11 03:00,0
2024-02-11 04:00,0
2024-02-11 05:00,0
2024-02-11 06:00,0
2024-02-11 07:00,32.435
2024-02-11 08:00,84.885
2024-02-11 09:00,113.409
2024-02-11 10:00,115.058
2024-02-11 11:00,107.026
2024-02-11 12:00,76.296
2024-02-11 13:00,36.596
2024-02-11 14:00,2.813
2024-02-11 15:00,0
2024-02-11 16:00,0
2024-02-11 17:00,0
2024-02-11 18:00,0
2024-02-11 19:00,0
2024-02-11 20:00,0
2024-02-11 21:00,0
2024-02-11 22:00,0
2024-02-11 23:00,0
2024-02-12 00:00,0
2024-02-12 01:00,0
2024-02-12 02:00,0
2024-02-12 03:00,0
2024-02-12 04:00,0
2024-02-12 05:00,0
2024-02-12 06:00,0
2024-02-12 07:00,17.526
2024-02-12 08:00,56.754
2024-02-12 09:00,91.336
2024-02-12 10:00,102.659
2024-02-12 11:00,94.597
2024-02-12 12:00,59.386
2024-02-12 13:00,29.883
2024-02-12 14:00,0.571
2024-02-12 15:00,0
2024-02-12 16:00,0
2024-02-12 17:00,0
2024-02-12 18:00,0
2024-02-12 19:00,0
2024-02-12 20:00,0
2024-02-12 21:00,0
2024-02-12 22:00,0
2024-02-12 23:00,0
2024-02-13 00:00,0
2024-02-13 01:00,0
2024-02-13 02:00,0
2024-02-13 03:00,0
2024-02-13 04:00,0
2024-02-13 05:00,0
2024-02-13 06:00,0
2024-02-13 07:00,0
2024-02-13 08:00,9.256
2024-02-13 09:00,18.964
2024-02-13 10:00,23.206
2024-02-13 11:00,21.065
2024-02-13 12:00,14.951
2024-02-13 13:00,4.859
2024-02-13 14:00,0
2024-02-13 15:00,0
2024-02-13 16:00,0
2024-02-13 17:00,0
2024-02-13 18:00,0
2024-02-13 19:00,0
2024-02-13 20:00,0
2024-02-13 21:00,0
2024-02-13 22:00,0
2024-02-13 23:00,0
2024-02-14 00:00,0
2024-02-14 01:00,0
2024-02-14 02:00,0
2024-02-14 03:00,0
2024-02-14 04:00,0
2024-02-14 05:00,0
2024-02-14 06:00,0
2024-02-14 07:00,19.259
2024-02-14 08:00,57.186
2024-02-14 09:00,89.145
2024-02-14 10:00,109.355
2024-02-14 11:00,112.392
2024-02-14 12:00,106.299
2024-02-14 13:00,57.786
2024-02-14 14:00,9.154
2024-02-14 15:00,0
2024-02-14 16:00,0
2024-02-14 17:00,0
2024-02-14 18:00,0
2024-02-14 19:00,0
2024-02-14 20:00,0
2024-02-14 21:00,0
2024-02-14 22:00,0
2024-02-14 23:00,0
2024-02-15 00:00,0
2024-02-15 01:00,0
2024-02-15 02:00,0
2024-02-15 03:00,0
2024-02-15 04:00,0
2024-02-15 05:00,0
2024-02-15 06:00,0
2024-02-15 07:00,11.746
2024-02-15 08:00,35.413
2024-02-15 09:00,59.281
2024-02-15 10:00,77.749
2024-02-15 11:00,82.066
2024-02-15 12:00,68.659
2024-02-15 13:00,39.126
2024-02-15 14:00,7.446
2024-02-15 15:00,0
2024-02-15 16:00,0
2024-02-15 17:00,0
2024-02-15 18:00,0
2024-02-15 19:00,0
2024-02-15 20:00,0
2024-02-15 21:00,0
2024-02-15 22:00,0
2024-02-15 23:00,0
2024-02-16 00:00,0
2024-02-16 01:00,0
2024-02-16 02:00,0
2024-02-16 03:00,0
2024-02-16 04:00,0
2024-02-16 05:00,0
2024-02-16 06:00,0
2024-02-16 07:00,0
2024-02-16 08:00,2.632
2024-02-16 09:00,9.705
2024-02-16 10:00,15.041
2024-02-16 11:00,7.969
2024-02-16 12:00,3.230
2024-02-16 13:00,2.247
2024-02-16 14:00,0
2024-02-16 15:00,0
2024-02-16 16:00,0
2024-02-16 17:00,0
2024-02-16 18:00,0
2024-02-16 19:00,0
2024-02-16 20:00,0
2024-02-16 21:00,0
2024-02-16 22:00,0
2024-02-16 23:00,0
2024-02-17 00:00,0
2024-02-17 01:00,0
2024-02-17 02:00,0
2024-02-17 03:00,0
2024-02-17 04:00,0
2024-02-17 05:00,0
2024-02-17 06:00,0
2024-02-17 07:00,119.589
2024-02-17 08:00,357.390
2024-02-17 09:00,509.479
2024-02-17 10:00,555.664
2024-02-17 11:00,528.799
2024-02-17 12:00,440.166
2024-02-17 13:00,300.802
2024-02-17 14:00,111.276
2024-02-17 15:00,0
2024-02-17 16:00,0
2024-02-17 17:00,0
2024-02-17 18:00,0
2024-02-17 19:00,0
2024-02-17 20:00,0
2024-02-17 21:00,0
2024-02-17 22:00,0
2024-02-17 23:00,0
2024-02-18 00:00,0
2024-02-18 01:00,0
2024-02-18 02:00,0
2024-02-18 03:00,0
2024-02-18 04:00,0
2024-02-18 05:00,0
2024-02-18 06:00,41.157
2024-02-18 07:00,245.328
2024-02-18 08:00,423.614
2024-02-18 09:00,516.490
2024-02-18 10:00,463.835
2024-02-18 11:00,402.020
2024-02-18 12:00,312.651
2024-02-18 13:00,191.787
2024-02-18 14:00,56.992
2024-02-18 15:00,0
2024-02-18 16:00,0
2024-02-18 17:00,0
2024-02-18 18:00,0
2024-02-18 19:00,0
2024-02-18 20:00,0
2024-02-18 21:00,0
2024-02-18 22:00,0
2024-02-18 23:00,0
2024-02-19 00:00,0
2024-02-19 01:00,0
2024-02-19 02:00,0
2024-02-19 03:00,0
2024-02-19 04:00,0
2024-02-19 05:00,0
2024-02-19 06:00,0
2024-02-19 07:00,1.306
2024-02-19 08:00,12.106
2024-02-19 09:00,22.895
2024-02-19 10:00,28.493
2024-02-19 11:00,26.751
2024-02-19 12:00,17.869
2024-02-19 13:00,7.199
2024-02-19 14:00,0
2024-02-19 15:00,0
2024-02-19 16:00,0
2024-02-19 17:00,0
2024-02-19 18:00,0
2024-02-19 19:00,0
2024-02-19 20:00,0
2024-02-19 21:00,0
2024-02-19 22:00,0
2024-02-19 23:00,0
2024-02-20 00:00,0
2024-02-20 01:00,0
2024-02-20 02:00,0
2024-02-20 03:00,0
2024-02-20 04:00,0
2024-02-20 05:00,0
2024-02-20 06:00,1.334
2024-02-20 07:00,43.861
2024-02-20 08:00,110.374
2024-02-20 09:00,162.338
2024-02-20 10:00,197.554
2024-02-20 11:00,201.208
2024-02-20 12:00,160.867
2024-02-20 13:00,119.141
2024-02-20 14:00,45.159
2024-02-20 15:00,0
2024-02-20 16:00,0
2024-02-20 17:00,0
2024-02-20 18:00,0
2024-02-20 19:00,0
2024-02-20 20:00,0
2024-02-20 21:00,0
2024-02-20 22:00,0
2024-02-20 23:00,0
2024-02-21 00:00,0
2024-02-21 01:00,0
2024-02-21 02:00,0
2024-02-21 03:00,0
2024-02-21 04:00,0
2024-02-21 05:00,0
2024-02-21 06:00,0
2024-02-21 07:00,0
2024-02-21 08:00,1.472
2024-02-21 09:00,7.709
2024-02-21 10:00,17.536
2024-02-21 11:00,23.057
2024-02-21 12:00,21.137
2024-02-21 13:00,11.503
2024-02-21 14:00,0
2024-02-21 15:00,0
2024-02-21 16:00,0
2024-02-21 17:00,0
2024-02-21 18:00,0
2024-02-21 19:00,0
2024-02-21 20:00,0
2024-02-21 21:00,0
2024-02-21 22:00,0
2024-02-21 23:00,0
2024-02-22 00:00,0
2024-02-22 01:00,0
2024-02-22 02:00,0
2024-02-22 03:00,0
2024-02-22 04:00,0
2024-02-22 05:00,0
2024-02-22 06:00,0
2024-02-22 07:00,13.513
2024-02-22 08:00,30.842
2024-02-22 09:00,36.615
2024-02-22 10:00,41.795
2024-02-22 11:00,24.095
2024-02-22 12:00,22.292
2024-02-22 13:00,12.495
2024-02-22 14:00,0.520
2024-02-22 15:00,0
2024-02-22 16:00,0
2024-02-22 17:00,0
2024-02-22 18:00,0
2024-02-22 19:00,0
2024-02-22 20:00,0
2024-02-22 21:00,0
2024-02-22 22:00,0
2024-02-22 23:00,0
2024-02-23 00:00,0
2024-02-23 01:00,0
2024-02-23 02:00,0
2024-02-23 03:00,0
2024-02-23 04:00,0
2024-02-23 05:00,0
2024-02-23 06:00,0
2024-02-23 07:00,0
2024-02-23 08:00,6.229
2024-02-23 09:00,14.333
2024-02-23 10:00,36.063
2024-02-23 11:00,102.969
2024-02-23 12:00,154.575
2024-02-23 13:00,134.053
2024-02-23 14:00,100.744
2024-02-23 15:00,0.110
2024-02-23 16:00,0
2024-02-23 17:00,0
2024-02-23 18:00,0
2024-02-23 19:00,0
2024-02-23 20:00,0
2024-02-23 21:00,0
2024-02-23 22:00,0
2024-02-23 23:00,0
2024-02-24 00:00,0
2024-02-24 01:00,0
2024-02-24 02:00,0
2024-02-24 03:00,0
2024-02-24 04:00,0
2024-02-24 05:00,0
2024-02-24 06:00,5.304
2024-02-24 07:00,40.264
2024-02-24 08:00,69.612
2024-02-24 09:00,86.216
2024-02-24 10:00,89.348
2024-02-24 11:00,75.991
2024-02-24 12:00,53.130
2024-02-24 13:00,28.563
2024-02-24 14:00,6.293
2024-02-24 15:00,0
2024-02-24 16:00,0
2024-02-24 17:00,0
2024-02-24 18:00,0
2024-02-24 19:00,0
2024-02-24 20:00,0
2024-02-24 21:00,0
2024-02-24 22:00,0
2024-02-24 23:00,0
2024-02-25 00:00,0
2024-02-25 01:00,0
2024-02-25 02:00,0
2024-02-25 03:00,0
2024-02-25 04:00,0
2024-02-25 05:00,0
2024-02-25 06:00,0
2024-02-25 07:00,9.389
2024-02-25 08:00,21.132
2024-02-25 09:00,24.385
2024-02-25 10:00,41.104
2024-02-25 11:00,79.572
2024-02-25 12:00,95.150
2024-02-25 13:00,74.980
2024-02-25 14:00,35.514
2024-02-25 15:00,0
2024-02-25 16:00,0
2024-02-25 17:00,0
2024-02-25 18:00,0
2024-02-25 19:00,0
2024-02-25 20:00,0
2024-02-25 21:00,0
2024-02-25 22:00,0
2024-02-25 23:00,0
2024-02-26 00:00,0
2024-02-26 01:00,0
2024-02-26 02:00,0
2024-02-26 03:00,0
2024-02-26 04:00,0
2024-02-26 05:00,0
2024-02-26 06:00,1.986
2024-02-26 07:00,28.857
2024-02-26 08:00,55.398
2024-02-26 09:00,75.724
2024-02-26 10:00,106.587
2024-02-26 11:00,109.440
2024-02-26 12:00,88.225
2024-02-26 13:00,54.989
2024-02-26 14:00,19.367
2024-02-26 15:00,0
2024-02-26 16:00,0
2024-02-26 17:00,0
2024-02-26 18:00,0
2024-02-26 19:00,0
2024-02-26 20:00,0
2024-02-26 21:00,0
2024-02-26 22:00,0
2024-02-26 23:00,0
2024-02-27 00:00,0
2024-02-27 01:00,0
2024-02-27 02:00,0
2024-02-27 03:00,0
2024-02-27 04:00,0
2024-02-27 05:00,0
2024-02-27 06:00,14.840
2024-02-27 07:00,60.491
2024-02-27 08:00,112.522
2024-02-27 09:00,146.973
2024-02-27 10:00,173.523
2024-02-27 11:00,189.239
2024-02-27 12:00,221.143
2024-02-27 13:00,111.221
2024-02-27 14:00,44.530
2024-02-27 15:00,0
2024-02-27 16:00,0
2024-02-27 17:00,0
2024-02-27 18:00,0
2024-02-27 19:00,0
2024-02-27 20:00,0
2024-02-27 21:00,0
2024-02-27 22:00,0
2024-02-27 23:00,0
2024-02-28 00:00,0
2024-02-28 01:00,0
2024-02-28 02:00,0
2024-02-28 03:00,0
2024-02-28 04:00,0
2024-02-28 05:00,0
2024-02-28 06:00,15.923
2024-02-28 07:00,78.349
2024-02-28 08:00,153.921
2024-02-28 09:00,238.376
2024-02-28 10:00,199.311
2024-02-28 11:00,175.112
2024-02-28 12:00,190.856
2024-02-28 13:00,142.829
2024-02-28 14:00,77.468
2024-02-28 15:00,2.023
2024-02-28 16:00,0
2024-02-28 17:00,0
2024-02-28 18:00,0
2024-02-28 19:00,0
2024-02-28 20:00,0
2024-02-28 21:00,0
2024-02-28 22:00,0
2024-02-28 23:00,0
2024-02-29 00:00,0
2024-02-29 01:00,0
2024-02-29 02:00,0
2024-02-29 03:00,0
2024-02-29 04:00,0
2024-02-29 05:00,0
2024-02-29 06:00,5.235
2024-02-29 07:00,54.199
2024-02-29 08:00,141.999
2024-02-29 09:00,235.638
2024-02-29 10:00,339.279
2024-02-29 11:00,330.481
2024-02-29 12:00,218.836
2024-02-29 13:00,105.579
2024-02-29 14:00,50.812
2024-02-29 15:00,4.812
2024-02-29 16:00,0
2024-02-29 17:00,0
2024-02-29 18:00,0
2024-02-29 19:00,0
2024-02-29 20:00,0
2024-02-29 21:00,0
2024-02-29 22:00,0
2024-02-29 23:00,0
2024-03-01 00:00,0
2024-03-01 01:00,0
2024-03-01 02:00,0
2024-03-01 03:00,0
2024-03-01 04:00,0
2024-03-01 05:00,0
2024-03-01 06:00,0.320
2024-03-01 07:00,16.269
2024-03-01 08:00,26.342
2024-03-01 09:00,32.049
2024-03-01 10:00,32.988
2024-03-01 11:00,29.109
2024-03-01 12:00,27.533
2024-03-01 13:00,23.520
2024-03-01 14:00,15.264
2024-03-01 15:00,0
2024-03-01 16:00,0
2024-03-01 17:00,0
2024-03-01 18:00,0
2024-03-01 19:00,0
2024-03-01 20:00,0
2024-03-01 21:00,0
2024-03-01 22:00,0
2024-03-01 23:00,0
2024-03-02 00:00,0
2024-03-02 01:00,0
2024-03-02 02:00,0
2024-03-02 03:00,0
2024-03-02 04:00,0
2024-03-02 05:00,0
2024-03-02 06:00,0
2024-03-02 07:00,2.303
2024-03-02 08:00,8.662
2024-03-02 09:00,15.826
2024-03-02 10:00,28.216
2024-03-02 11:00,43.852
2024-03-02 12:00,32.597
2024-03-02 13:00,14.324
2024-03-02 14:00,1.663
2024-03-02 15:00,0
2024-03-02 16:00,0
2024-03-02 17:00,0
2024-03-02 18:00,0
2024-03-02 19:00,0
2024-03-02 20:00,0
2024-03-02 21:00,0
2024-03-02 22:00,0
2024-03-02 23:00,0
2024-03-03 00:00,0
2024-03-03 01:00,0
2024-03-03 02:00,0
2024-03-03 03:00,0
2024-03-03 04:00,0
2024-03-03 05:00,0
2024-03-03 06:00,2.822
2024-03-03 07:00,23.871
2024-03-03 08:00,46.707
2024-03-03 09:00,62.893
2024-03-03 10:00,78.916
2024-03-03 11:00,90.948
2024-03-03 12:00,98.818
2024-03-03 13:00,87.301
2024-03-03 14:00,52.194
2024-03-03 15:00,6.949
2024-03-03 16:00,0
2024-03-03 17:00,0
2024-03-03 18:00,0
2024-03-03 19:00,0
2024-03-03 20:00,0
2024-03-03 21:00,0
2024-03-03 22:00,0
2024-03-03 23:00,0
2024-03-04 00:00,0
2024-03-04 01:00,0
2024-03-04 02:00,0
2024-03-04 03:00,0
2024-03-04 04:00,0
2024-03-04 05:00,0
2024-03-04 06:00,14.932
2024-03-04 07:00,64.923
2024-03-04 08:00,127.103
2024-03-04 09:00,181.334
2024-03-04 10:00,448.966
2024-03-04 11:00,560.690
2024-03-04 12:00,516.898
2024-03-04 13:00,386.456
2024-03-04 14:00,188.359
2024-03-04 15:00,27.500
2024-03-04 16:00,0
2024-03-04 17:00,0
2024-03-04 18:00,0
2024-03-04 19:00,0
2024-03-04 20:00,0
2024-03-04 21:00,0
2024-03-04 22:00,0
2024-03-04 23:00,0
2024-03-05 00:00,0
2024-03-05 01:00,0
2024-03-05 02:00,0
2024-03-05 03:00,0
2024-03-05 04:00,0
2024-03-05 05:00,0
2024-03-05 06:00,37.545
2024-03-05 07:00,111.840
2024-03-05 08:00,195.341
2024-03-05 09:00,345.667
2024-03-05 10:00,515.442
2024-03-05 11:00,568.839
2024-03-05 12:00,541.393
2024-03-05 13:00,425.536
2024-03-05 14:00,198.638
2024-03-05 15:00,29.791
2024-03-05 16:00,0
2024-03-05 17:00,0
2024-03-05 18:00,0
2024-03-05 19:00,0
2024-03-05 20:00,0
2024-03-05 21:00,0
2024-03-05 22:00,0
2024-03-05 23:00,0
2024-03-06 00:00,0
2024-03-06 01:00,0
2024-03-06 02:00,0
2024-03-06 03:00,0
2024-03-06 04:00,0
2024-03-06 05:00,0
2024-03-06 06:00,73.945
2024-03-06 07:00,280.189
2024-03-06 08:00,514.645
2024-03-06 09:00,622.311
2024-03-06 10:00,664.311
2024-03-06 11:00,651.577
2024-03-06 12:00,585.668
2024-03-06 13:00,463.684
2024-03-06 14:00,285.934
2024-03-06 15:00,78.719
2024-03-06 16:00,0
2024-03-06 17:00,0
2024-03-06 18:00,0
2024-03-06 19:00,0
2024-03-06 20:00,0
2024-03-06 21:00,0
2024-03-06 22:00,0
2024-03-06 23:00,0
2024-03-07 00:00,0
2024-03-07 01:00,0
2024-03-07 02:00,0
2024-03-07 03:00,0
2024-03-07 04:00,0
2024-03-07 05:00,2.726
2024-03-07 06:00,125.480
2024-03-07 07:00,390.190
2024-03-07 08:00,544.256
2024-03-07 09:00,639.882
2024-03-07 10:00,677.308
2024-03-07 11:00,662.479
2024-03-07 12:00,596.334
2024-03-07 13:00,474.991
2024-03-07 14:00,299.335
2024-03-07 15:00,90.405
2024-03-07 16:00,0
2024-03-07 17:00,0
2024-03-07 18:00,0
2024-03-07 19:00,0
2024-03-07 20:00,0
2024-03-07 21:00,0
2024-03-07 22:00,0
2024-03-07 23:00,0
2024-03-08 00:00,0
2024-03-08 01:00,0
2024-03-08 02:00,0
2024-03-08 03:00,0
2024-03-08 04:00,0
2024-03-08 05:00,0
2024-03-08 06:00,67.202
2024-03-08 07:00,188.984
2024-03-08 08:00,452.213
2024-03-08 09:00,621.175
2024-03-08 10:00,666.779
2024-03-08 11:00,652.461
2024-03-08 12:00,582.987
2024-03-08 13:00,458.365
2024-03-08 14:00,275.424
2024-03-08 15:00,70.150
2024-03-08 16:00,0
2024-03-08 17:00,0
2024-03-08 18:00,0
2024-03-08 19:00,0
2024-03-08 20:00,0
2024-03-08 21:00,0
2024-03-08 22:00,0
2024-03-08 23:00,0
2024-03-09 00:00,0
2024-03-09 01:00,0
2024-03-09 02:00,0
2024-03-09 03:00,0
2024-03-09 04:00,0
2024-03-09 05:00,0
2024-03-09 06:00,56.870
2024-03-09 07:00,133.458
2024-03-09 08:00,208.700
2024-03-09 09:00,255.135
2024-03-09 10:00,311.459
2024-03-09 11:00,276.364
2024-03-09 12:00,235.073
2024-03-09 13:00,167.817
2024-03-09 14:00,82.712
2024-03-09 15:00,14.890
2024-03-09 16:00,0
2024-03-09 17:00,0
2024-03-09 18:00,0
2024-03-09 19:00,0
2024-03-09 20:00,0
2024-03-09 21:00,0
2024-03-09 22:00,0
2024-03-09 23:00,0
2024-03-10 00:00,0
2024-03-10 01:00,0
2024-03-10 02:00,0
2024-03-10 03:00,0
2024-03-10 04:00,0
2024-03-10 05:00,0
2024-03-10 06:00,61.067
2024-03-10 07:00,157.169
2024-03-10 08:00,288.325
2024-03-10 09:00,362.971
2024-03-10 10:00,407.776
2024-03-10 11:00,455.460
2024-03-10 12:00,405.685
2024-03-10 13:00,296.064
2024-03-10 14:00,160.984
2024-03-10 15:00,34.305
2024-03-10 16:00,0
2024-03-10 17:00,0
2024-03-10 18:00,0
2024-03-10 19:00,0
2024-03-10 20:00,0
2024-03-10 21:00,0
2024-03-10 22:00,0
2024-03-10 23:00,0
2024-03-11 00:00,0
2024-03-11 01:00,0
2024-03-11 02:00,0
2024-03-11 03:00,0
2024-03-11 04:00,0
2024-03-11 05:00,5.587
2024-03-11 06:00,110.054
2024-03-11 07:00,295.016
2024-03-11 08:00,491.984
2024-03-11 09:00,616.947
2024-03-11 10:00,668.310
2024-03-11 11:00,661.068
2024-03-11 12:00,601.856
2024-03-11 13:00,483.105
2024-03-11 14:00,308.849
2024-03-11 15:00,104.129
2024-03-11 16:00,0
2024-03-11 17:00,0
2024-03-11 18:00,0
2024-03-11 19:00,0
2024-03-11 20:00,0
2024-03-11 21:00,0
2024-03-11 22:00,0
2024-03-11 23:00,0
2024-03-12 00:00,0
2024-03-12 01:00,0
2024-03-12 02:00,0
2024-03-12 03:00,0
2024-03-12 04:00,0
2024-03-12 05:00,5.556
2024-03-12 06:00,112.669
2024-03-12 07:00,382.436
2024-03-12 08:00,549.712
2024-03-12 09:00,635.351
2024-03-12 10:00,632.054
2024-03-12 11:00,574.420
2024-03-12 12:00,441.274
2024-03-12 13:00,304.173
2024-03-12 14:00,192.648
2024-03-12 15:00,70.396
2024-03-12 16:00,0
2024-03-12 17:00,0
2024-03-12 18:00,0
2024-03-12 19:00,0
2024-03-12 20:00,0
2024-03-12 21:00,0
2024-03-12 22:00,0
2024-03-12 23:00,0
2024-03-13 00:00,0
2024-03-13 01:00,0
2024-03-13 02:00,0
2024-03-13 03:00,0
2024-03-13 04:00,0
2024-03-13 05:00,0
2024-03-13 06:00,38.147
2024-03-13 07:00,81.073
2024-03-13 08:00,143.526
2024-03-13 09:00,183.534
2024-03-13 10:00,167.304
2024-03-13 11:00,156.424
2024-03-13 12:00,143.752
2024-03-13 13:00,119.574
2024-03-13 14:00,80.372
2024-03-13 15:00,26.268
2024-03-13 16:00,0
2024-03-13 17:00,0
2024-03-13 18:00,0
2024-03-13 19:00,0
2024-03-13 20:00,0
2024-03-13 21:00,0
2024-03-13 22:00,0
2024-03-13 23:00,0
2024-03-14 00:00,0
2024-03-14 01:00,0
2024-03-14 02:00,0
2024-03-14 03:00,0
2024-03-14 04:00,0
2024-03-14 05:00,0
2024-03-14 06:00,7.781
2024-03-14 07:00,22.863
2024-03-14 08:00,39.854
2024-03-14 09:00,51.376
2024-03-14 10:00,67.659
2024-03-14 11:00,100.594
2024-03-14 12:00,117.146
2024-03-14 13:00,85.903
2024-03-14 14:00,33.477
2024-03-14 15:00,3.454
2024-03-14 16:00,0
2024-03-14 17:00,0
2024-03-14 18:00,0
2024-03-14 19:00,0
2024-03-14 20:00,0
2024-03-14 21:00,0
2024-03-14 22:00,0
2024-03-14 23:00,0
2024-03-15 00:00,0
2024-03-15 01:00,0
2024-03-15 02:00,0
2024-03-15 03:00,0
2024-03-15 04:00,0
2024-03-15 05:00,0
2024-03-15 06:00,20.773
2024-03-15 07:00,70.668
2024-03-15 08:00,138.103
2024-03-15 09:00,212.706
2024-03-15 10:00,327.618
2024-03-15 11:00,250.986
2024-03-15 12:00,134.882
2024-03-15 13:00,172.824
2024-03-15 14:00,179.895
2024-03-15 15:00,56.058
2024-03-15 16:00,0
2024-03-15 17:00,0
2024-03-15 18:00,0
2024-03-15 19:00,0
2024-03-15 20:00,0
2024-03-15 21:00,0
2024-03-15 22:00,0
2024-03-15 23:00,0
2024-03-16 00:00,0
2024-03-16 01:00,0
2024-03-16 02:00,0
2024-03-16 03:00,0
2024-03-16 04:00,0
2024-03-16 05:00,0
2024-03-16 06:00,7.956
2024-03-16 07:00,23.376
2024-03-16 08:00,43.014
2024-03-16 09:00,74.963
2024-03-16 10:00,100.408
2024-03-16 11:00,81.433
2024-03-16 12:00,47.835
2024-03-16 13:00,32.583
2024-03-16 14:00,11.561
2024-03-16 15:00,2.948
2024-03-16 16:00,0
2024-03-16 17:00,0
2024-03-16 18:00,0
2024-03-16 19:00,0
2024-03-16 20:00,0
2024-03-16 21:00,0
2024-03-16 22:00,0
2024-03-16 23:00,0
2024-03-17 00:00,0
2024-03-17 01:00,0
2024-03-17 02:00,0
2024-03-17 03:00,0
2024-03-17 04:00,0
2024-03-17 05:00,0
2024-03-17 06:00,37.237
2024-03-17 07:00,156.592
2024-03-17 08:00,358.363
2024-03-17 09:00,539.360
2024-03-17 10:00,666.920
2024-03-17 11:00,693.229
2024-03-17 12:00,644.366
2024-03-17 13:00,532.757
2024-03-17 14:00,364.235
2024-03-17 15:00,156.687
2024-03-17 16:00,4.763
2024-03-17 17:00,0
2024-03-17 18:00,0
2024-03-17 19:00,0
2024-03-17 20:00,0
2024-03-17 21:00,0
2024-03-17 22:00,0
2024-03-17 23:00,0
2024-03-18 00:00,0
2024-03-18 01:00,0
2024-03-18 02:00,0
2024-03-18 03:00,0
2024-03-18 04:00,0
2024-03-18 05:00,34.033
2024-03-18 06:00,212.214
2024-03-18 07:00,431.722
2024-03-18 08:00,600.162
2024-03-18 09:00,693.829
2024-03-18 10:00,722.648
2024-03-18 11:00,681.789
2024-03-18 12:00,551.768
2024-03-18 13:00,357.213
2024-03-18 14:00,193.201
2024-03-18 15:00,73.795
2024-03-18 16:00,0.723
2024-03-18 17:00,0
2024-03-18 18:00,0
2024-03-18 19:00,0
2024-03-18 20:00,0
2024-03-18 21:00,0
2024-03-18 22:00,0
2024-03-18 23:00,0
2024-03-19 00:00,0
2024-03-19 01:00,0
2024-03-19 02:00,0
2024-03-19 03:00,0
2024-03-19 04:00,0
2024-03-19 05:00,36.364
2024-03-19 06:00,180.082
2024-03-19 07:00,347.793
2024-03-19 08:00,505.385
2024-03-19 09:00,615.953
2024-03-19 10:00,627.384
2024-03-19 11:00,557.263
2024-03-19 12:00,465.083
2024-03-19 13:00,350.985
2024-03-19 14:00,232.731
2024-03-19 15:00,105.686
2024-03-19 16:00,5.845
2024-03-19 17:00,0
2024-03-19 18:00,0
2024-03-19 19:00,0
2024-03-19 20:00,0
2024-03-19 21:00,0
2024-03-19 22:00,0
2024-03-19 23:00,0
2024-03-20 00:00,0
2024-03-20 01:00,0
2024-03-20 02:00,0
2024-03-20 03:00,0
2024-03-20 04:00,0
2024-03-20 05:00,5.189
2024-03-20 06:00,30.490
2024-03-20 07:00,52.577
2024-03-20 08:00,76.428
2024-03-20 09:00,97.473
2024-03-20 10:00,118.585
2024-03-20 11:00,103.721
2024-03-20 12:00,68.055
2024-03-20 13:00,62.143
2024-03-20 14:00,48.280
2024-03-20 15:00,19.846
2024-03-20 16:00,0
2024-03-20 17:00,0
2024-03-20 18:00,0
2024-03-20 19:00,0
2024-03-20 20:00,0
2024-03-20 21:00,0
2024-03-20 22:00,0
2024-03-20 23:00,0
2024-03-21 00:00,0
2024-03-21 01:00,0
2024-03-21 02:00,0
2024-03-21 03:00,0
2024-03-21 04:00,0
2024-03-21 05:00,0
2024-03-21 06:00,11.754
2024-03-21 07:00,45.887
2024-03-21 08:00,98.828
2024-03-21 09:00,180.183
2024-03-21 10:00,270.341
2024-03-21 11:00,372.822
2024-03-21 12:00,386.256
2024-03-21 13:00,272.500
2024-03-21 14:00,144.274
2024-03-21 15:00,64.086
2024-03-21 16:00,1.721
2024-03-21 17:00,0
2024-03-21 18:00,0
2024-03-21 19:00,0
2024-03-21 20:00,0
2024-03-21 21:00,0
2024-03-21 22:00,0
2024-03-21 23:00,0
2024-03-22 00:00,0
2024-03-22 01:00,0
2024-03-22 02:00,0
2024-03-22 03:00,0
2024-03-22 04:00,0
2024-03-22 05:00,0
2024-03-22 06:00,0
2024-03-22 07:00,11.067
2024-03-22 08:00,33.960
2024-03-22 09:00,39.930
2024-03-22 10:00,49.862
2024-03-22 11:00,64.623
2024-03-22 12:00,107.319
2024-03-22 13:00,150.224
2024-03-22 14:00,69.673
2024-03-22 15:00,9.652
2024-03-22 16:00,0
2024-03-22 17:00,0
2024-03-22 18:00,0
2024-03-22 19:00,0
2024-03-22 20:00,0
2024-03-22 21:00,0
2024-03-22 22:00,0
2024-03-22 23:00,0
2024-03-23 00:00,0
2024-03-23 01:00,0
2024-03-23 02:00,0
2024-03-23 03:00,0
2024-03-23 04:00,0
2024-03-23 05:00,4.991
2024-03-23 06:00,34.581
2024-03-23 07:00,99.718
2024-03-23 08:00,187.639
2024-03-23 09:00,508.343
2024-03-23 10:00,642.712
2024-03-23 11:00,600.482
2024-03-23 12:00,397.670
2024-03-23 13:00,241.482
2024-03-23 14:00,133.093
2024-03-23 15:00,58.691
2024-03-23 16:00,3.014
2024-03-23 17:00,0
2024-03-23 18:00,0
2024-03-23 19:00,0
2024-03-23 20:00,0
2024-03-23 21:00,0
2024-03-23 22:00,0
2024-03-23 23:00,0
2024-03-24 00:00,0
2024-03-24 01:00,0
2024-03-24 02:00,0
2024-03-24 03:00,0
2024-03-24 04:00,0
2024-03-24 05:00,8.471
2024-03-24 06:00,47.592
2024-03-24 07:00,104.464
2024-03-24 08:00,164.654
2024-03-24 09:00,211.331
2024-03-24 10:00,272.504
2024-03-24 11:00,273.786
2024-03-24 12:00,191.958
2024-03-24 13:00,147.825
2024-03-24 14:00,93.804
2024-03-24 15:00,38.355
2024-03-24 16:00,0.984
2024-03-24 17:00,0
2024-03-24 18:00,0
2024-03-24 19:00,0
2024-03-24 20:00,0
2024-03-24 21:00,0
2024-03-24 22:00,0
2024-03-24 23:00,0
2024-03-25 00:00,0
2024-03-25 01:00,0
2024-03-25 02:00,0
2024-03-25 03:00,0
2024-03-25 04:00,0
2024-03-25 05:00,50.133
2024-03-25 06:00,206.037
2024-03-25 07:00,395.944
2024-03-25 08:00,515.095
2024-03-25 09:00,588.167
2024-03-25 10:00,582.669
2024-03-25 11:00,454.138
2024-03-25 12:00,272.696
2024-03-25 13:00,127.024
2024-03-25 14:00,58.446
2024-03-25 15:00,15.867
2024-03-25 16:00,0
2024-03-25 17:00,0
2024-03-25 18:00,0
2024-03-25 19:00,0
2024-03-25 20:00,0
2024-03-25 21:00,0
2024-03-25 22:00,0
2024-03-25 23:00,0
2024-03-26 00:00,0
2024-03-26 01:00,0
2024-03-26 02:00,0
2024-03-26 03:00,0
2024-03-26 04:00,0
2024-03-26 05:00,17.270
2024-03-26 06:00,64.563
2024-03-26 07:00,114.812
2024-03-26 08:00,131.551
2024-03-26 09:00,144.950
2024-03-26 10:00,121.779
2024-03-26 11:00,120.722
2024-03-26 12:00,95.901
2024-03-26 13:00,69.138
2024-03-26 14:00,36.321
2024-03-26 15:00,10.252
2024-03-26 16:00,0
2024-03-26 17:00,0
2024-03-26 18:00,0
2024-03-26 19:00,0
2024-03-26 20:00,0
2024-03-26 21:00,0
2024-03-26 22:00,0
2024-03-26 23:00,0
2024-03-27 00:00,0
2024-03-27 01:00,0
2024-03-27 02:00,0
2024-03-27 03:00,0
2024-03-27 04:00,0
2024-03-27 05:00,11.619
2024-03-27 06:00,57.860
2024-03-27 07:00,124.337
2024-03-27 08:00,228.221
2024-03-27 09:00,404.091
2024-03-27 10:00,513.314
2024-03-27 11:00,454.856
2024-03-27 12:00,443.061
2024-03-27 13:00,453.840
2024-03-27 14:00,335.568
2024-03-27 15:00,161.365
2024-03-27 16:00,22.696
2024-03-27 17:00,0
2024-03-27 18:00,0
2024-03-27 19:00,0
2024-03-27 20:00,0
2024-03-27 21:00,0
2024-03-27 22:00,0
2024-03-27 23:00,0
2024-03-28 00:00,0
2024-03-28 01:00,0
2024-03-28 02:00,0
2024-03-28 03:00,0
2024-03-28 04:00,0
2024-03-28 05:00,18.061
2024-03-28 06:00,72.491
2024-03-28 07:00,134.146
2024-03-28 08:00,228.890
2024-03-28 09:00,387.397
2024-03-28 10:00,298.064
2024-03-28 11:00,268.855
2024-03-28 12:00,285.701
2024-03-28 13:00,263.533
2024-03-28 14:00,127.901
2024-03-28 15:00,30.993
2024-03-28 16:00,0
2024-03-28 17:00,0
2024-03-28 18:00,0
2024-03-28 19:00,0
2024-03-28 20:00,0
2024-03-28 21:00,0
2024-03-28 22:00,0
2024-03-28 23:00,0
2024-03-29 00:00,0
2024-03-29 01:00,0
2024-03-29 02:00,0
2024-03-29 03:00,0
2024-03-29 04:00,0
2024-03-29 05:00,9.888
2024-03-29 06:00,35.255
2024-03-29 07:00,49.295
2024-03-29 08:00,56.855
2024-03-29 09:00,94.454
2024-03-29 10:00,159.297
2024-03-29 11:00,217.836
2024-03-29 12:00,188.701
2024-03-29 13:00,178.697
2024-03-29 14:00,159.668
2024-03-29 15:00,81.865
2024-03-29 16:00,21.775
2024-03-29 17:00,0
2024-03-29 18:00,0
2024-03-29 19:00,0
2024-03-29 20:00,0
2024-03-29 21:00,0
2024-03-29 22:00,0
2024-03-29 23:00,0
2024-03-30 00:00,0
2024-03-30 01:00,0
2024-03-30 02:00,0
2024-03-30 03:00,0
2024-03-30 04:00,0
2024-03-30 05:00,11.451
2024-03-30 06:00,49.993
2024-03-30 07:00,90.681
2024-03-30 08:00,192.950
2024-03-30 09:00,377.985
2024-03-30 10:00,546.788
2024-03-30 11:00,645.592
2024-03-30 12:00,591.242
2024-03-30 13:00,510.035
2024-03-30 14:00,334.933
2024-03-30 15:00,120.886
2024-03-30 16:00,12.739
2024-03-30 17:00,0
2024-03-30 18:00,0
2024-03-30 19:00,0
2024-03-30 20:00,0
2024-03-30 21:00,0
2024-03-30 22:00,0
2024-03-30 23:00,0
2024-03-31 00:00,0
2024-03-31 01:00,0
2024-03-31 02:00,0
2024-03-31 03:00,0
2024-03-31 04:00,0
2024-03-31 05:00,15.116
2024-03-31 06:00,59.004
2024-03-31 07:00,122.054
2024-03-31 08:00,199.757
2024-03-31 09:00,350.338
2024-03-31 10:00,410.490
2024-03-31 11:00,434.540
2024-03-31 12:00,414.035
2024-03-31 13:00,312.285
2024-03-31 14:00,193.519
2024-03-31 15:00,75.667
2024-03-31 16:00,12.161
2024-03-31 17:00,0
2024-03-31 18:00,0
2024-03-31 19:00,0
2024-03-31 20:00,0
2024-03-31 21:00,0
2024-03-31 22:00,0
2024-03-31 23:00,0
2024-04-01 00:00,0
2024-04-01 01:00,0
2024-04-01 02:00,0
2024-04-01 03:00,0
2024-04-01 04:00,0
2024-04-01 05:00,7.131
2024-04-01 06:00,38.628
2024-04-01 07:00,70.197
2024-04-01 08:00,100.521
2024-04-01 09:00,123.828
2024-04-01 10:00,155.033
2024-04-01 11:00,232.675
2024-04-01 12:00,369.427
2024-04-01 13:00,380.530
2024-04-01 14:00,267.986
2024-04-01 15:00,109.831
2024-04-01 16:00,19.338
2024-04-01 17:00,0
2024-04-01 18:00,0
2024-04-01 19:00,0
2024-04-01 20:00,0
2024-04-01 21:00,0
2024-04-01 22:00,0
2024-04-01 23:00,0
2024-04-02 00:00,0
2024-04-02 01:00,0
2024-04-02 02:00,0
2024-04-02 03:00,0
2024-04-02 04:00,0
2024-04-02 05:00,2.095
2024-04-02 06:00,16.197
2024-04-02 07:00,33.831
2024-04-02 08:00,53.121
2024-04-02 09:00,64.535
2024-04-02 10:00,65.185
2024-04-02 11:00,59.329
2024-04-02 12:00,51.431
2024-04-02 13:00,40.127
2024-04-02 14:00,25.007
2024-04-02 15:00,8.979
2024-04-02 16:00,0
2024-04-02 17:00,0
2024-04-02 18:00,0
2024-04-02 19:00,0
2024-04-02 20:00,0
2024-04-02 21:00,0
2024-04-02 22:00,0
2024-04-02 23:00,0
2024-04-03 00:00,0
2024-04-03 01:00,0
2024-04-03 02:00,0
2024-04-03 03:00,0
2024-04-03 04:00,0
2024-04-03 05:00,13.244
2024-04-03 06:00,51.735
2024-04-03 07:00,116.210
2024-04-03 08:00,225.035
2024-04-03 09:00,329.712
2024-04-03 10:00,424.891
2024-04-03 11:00,462.659
2024-04-03 12:00,435.663
2024-04-03 13:00,348.457
2024-04-03 14:00,218.531
2024-04-03 15:00,105.412
2024-04-03 16:00,31.048
2024-04-03 17:00,0
2024-04-03 18:00,0
2024-04-03 19:00,0
2024-04-03 20:00,0
2024-04-03 21:00,0
2024-04-03 22:00,0
2024-04-03 23:00,0
2024-04-04 00:00,0
2024-04-04 01:00,0
2024-04-04 02:00,0
2024-04-04 03:00,0
2024-04-04 04:00,0
2024-04-04 05:00,52.545
2024-04-04 06:00,107.378
2024-04-04 07:00,147.151
2024-04-04 08:00,208.912
2024-04-04 09:00,272.776
2024-04-04 10:00,340.768
2024-04-04 11:00,395.868
2024-04-04 12:00,370.618
2024-04-04 13:00,264.238
2024-04-04 14:00,161.103
2024-04-04 15:00,62.831
2024-04-04 16:00,5.536
2024-04-04 17:00,0
2024-04-04 18:00,0
2024-04-04 19:00,0
2024-04-04 20:00,0
2024-04-04 21:00,0
2024-04-04 22:00,0
2024-04-04 23:00,0
2024-04-05 00:00,0
2024-04-05 01:00,0
2024-04-05 02:00,0
2024-04-05 03:00,0
2024-04-05 04:00,0
2024-04-05 05:00,4.732
2024-04-05 06:00,27.284
2024-04-05 07:00,51.563
2024-04-05 08:00,64.259
2024-04-05 09:00,88.631
2024-04-05 10:00,90.945
2024-04-05 11:00,95.559
2024-04-05 12:00,115.069
2024-04-05 13:00,124.453
2024-04-05 14:00,104.829
2024-04-05 15:00,62.914
2024-04-05 16:00,20.649
2024-04-05 17:00,0
2024-04-05 18:00,0
2024-04-05 19:00,0
2024-04-05 20:00,0
2024-04-05 21:00,0
2024-04-05 22:00,0
2024-04-05 23:00,0
2024-04-06 00:00,0
2024-04-06 01:00,0
2024-04-06 02:00,0
2024-04-06 03:00,0
2024-04-06 04:00,0
2024-04-06 05:00,22.853
2024-04-06 06:00,74.719
2024-04-06 07:00,149.046
2024-04-06 08:00,276.707
2024-04-06 09:00,303.512
2024-04-06 10:00,324.925
2024-04-06 11:00,333.866
2024-04-06 12:00,336.221
2024-04-06 13:00,256.957
2024-04-06 14:00,159.829
2024-04-06 15:00,74.497
2024-04-06 16:00,27.271
2024-04-06 17:00,0
2024-04-06 18:00,0
2024-04-06 19:00,0
2024-04-06 20:00,0
2024-04-06 21:00,0
2024-04-06 22:00,0
2024-04-06 23:00,0
2024-04-07 00:00,0
2024-04-07 01:00,0
2024-04-07 02:00,0
2024-04-07 03:00,0
2024-04-07 04:00,0
2024-04-07 05:00,18.778
2024-04-07 06:00,49.875
2024-04-07 07:00,88.172
2024-04-07 08:00,113.588
2024-04-07 09:00,77.775
2024-04-07 10:00,91.725
2024-04-07 11:00,120.756
2024-04-07 12:00,312.926
2024-04-07 13:00,374.397
2024-04-07 14:00,324.098
2024-04-07 15:00,155.676
2024-04-07 16:00,57.982
2024-04-07 17:00,0
2024-04-07 18:00,0
2024-04-07 19:00,0
2024-04-07 20:00,0
2024-04-07 21:00,0
2024-04-07 22:00,0
2024-04-07 23:00,0
2024-04-08 00:00,0
2024-04-08 01:00,0
2024-04-08 02:00,0
2024-04-08 03:00,0
2024-04-08 04:00,6.146
2024-04-08 05:00,86.916
2024-04-08 06:00,292.549
2024-04-08 07:00,470.387
2024-04-08 08:00,583.926
2024-04-08 09:00,588.610
2024-04-08 10:00,585.636
2024-04-08 11:00,353.692
2024-04-08 12:00,350.449
2024-04-08 13:00,370.774
2024-04-08 14:00,265.543
2024-04-08 15:00,111.145
2024-04-08 16:00,25.850
2024-04-08 17:00,0
2024-04-08 18:00,0
2024-04-08 19:00,0
2024-04-08 20:00,0
2024-04-08 21:00,0
2024-04-08 22:00,0
2024-04-08 23:00,0
2024-04-09 00:00,0
2024-04-09 01:00,0
2024-04-09 02:00,0
2024-04-09 03:00,0
2024-04-09 04:00,10.583
2024-04-09 05:00,106.430
2024-04-09 06:00,246.878
2024-04-09 07:00,424.663
2024-04-09 08:00,578.815
2024-04-09 09:00,657.813
2024-04-09 10:00,628.533
2024-04-09 11:00,533.128
2024-04-09 12:00,334.152
2024-04-09 13:00,183.992
2024-04-09 14:00,112.166
2024-04-09 15:00,118.808
2024-04-09 16:00,61.086
2024-04-09 17:00,0
2024-04-09 18:00,0
2024-04-09 19:00,0
2024-04-09 20:00,0
2024-04-09 21:00,0
2024-04-09 22:00,0
2024-04-09 23:00,0
2024-04-10 00:00,0
2024-04-10 01:00,0
2024-04-10 02:00,0
2024-04-10 03:00,0
2024-04-10 04:00,4.966
2024-04-10 05:00,63.842
2024-04-10 06:00,215.969
2024-04-10 07:00,316.848
2024-04-10 08:00,325.342
2024-04-10 09:00,484.568
2024-04-10 10:00,338.765
2024-04-10 11:00,272.640
2024-04-10 12:00,250.534
2024-04-10 13:00,244.103
2024-04-10 14:00,153.899
2024-04-10 15:00,69.675
2024-04-10 16:00,55.314
2024-04-10 17:00,0
2024-04-10 18:00,0
2024-04-10 19:00,0
2024-04-10 20:00,0
2024-04-10 21:00,0
2024-04-10 22:00,0
2024-04-10 23:00,0
2024-04-11 00:00,0
2024-04-11 01:00,0
2024-04-11 02:00,0
2024-04-11 03:00,0
2024-04-11 04:00,5.705
2024-04-11 05:00,33.359
2024-04-11 06:00,49.228
2024-04-11 07:00,86.719
2024-04-11 08:00,164.062
2024-04-11 09:00,223.226
2024-04-11 10:00,141.450
2024-04-11 11:00,65.942
2024-04-11 12:00,141.235
2024-04-11 13:00,128.149
2024-04-11 14:00,121.233
2024-04-11 15:00,73.662
2024-04-11 16:00,14.532
2024-04-11 17:00,0
2024-04-11 18:00,0
2024-04-11 19:00,0
2024-04-11 20:00,0
2024-04-11 21:00,0
2024-04-11 22:00,0
2024-04-11 23:00,0
2024-04-12 00:00,0
2024-04-12 01:00,0
2024-04-12 02:00,0
2024-04-12 03:00,0
2024-04-12 04:00,16.931
2024-04-12 05:00,64.624
2024-04-12 06:00,136.164
2024-04-12 07:00,156.109
2024-04-12 08:00,184.332
2024-04-12 09:00,259.922
2024-04-12 10:00,250.692
2024-04-12 11:00,189.911
2024-04-12 12:00,166.856
2024-04-12 13:00,114.858
2024-04-12 14:00,80.312
2024-04-12 15:00,35.558
2024-04-12 16:00,7.055
2024-04-12 17:00,0
2024-04-12 18:00,0
2024-04-12 19:00,0
2024-04-12 20:00,0
2024-04-12 21:00,0
2024-04-12 22:00,0
2024-04-12 23:00,0
2024-04-13 00:00,0
2024-04-13 01:00,0
2024-04-13 02:00,0
2024-04-13 03:00,0
2024-04-13 04:00,1.264
2024-04-13 05:00,21.621
2024-04-13 06:00,48.693
2024-04-13 07:00,112.957
2024-04-13 08:00,213.742
2024-04-13 09:00,339.308
2024-04-13 10:00,265.502
2024-04-13 11:00,207.679
2024-04-13 12:00,208.622
2024-04-13 13:00,284.061
2024-04-13 14:00,295.399
2024-04-13 15:00,243.309
2024-04-13 16:00,85.358
2024-04-13 17:00,2.570
2024-04-13 18:00,0
2024-04-13 19:00,0
2024-04-13 20:00,0
2024-04-13 21:00,0
2024-04-13 22:00,0
2024-04-13 23:00,0
2024-04-14 00:00,0
2024-04-14 01:00,0
2024-04-14 02:00,0
2024-04-14 03:00,0
2024-04-14 04:00,0
2024-04-14 05:00,22.296
2024-04-14 06:00,117.122
2024-04-14 07:00,209.400
2024-04-14 08:00,218.561
2024-04-14 09:00,211.403
2024-04-14 10:00,232.677
2024-04-14 11:00,263.041
2024-04-14 12:00,245.518
2024-04-14 13:00,127.747
2024-04-14 14:00,73.992
2024-04-14 15:00,56.747
2024-04-14 16:00,41.257
2024-04-14 17:00,0
2024-04-14 18:00,0
2024-04-14 19:00,0
2024-04-14 20:00,0
2024-04-14 21:00,0
2024-04-14 22:00,0
2024-04-14 23:00,0
2024-04-15 00:00,0
2024-04-15 01:00,0
2024-04-15 02:00,0
2024-04-15 03:00,0
2024-04-15 04:00,1.516
2024-04-15 05:00,58.587
2024-04-15 06:00,208.340
2024-04-15 07:00,412.287
2024-04-15 08:00,620.303
2024-04-15 09:00,719.641
2024-04-15 10:00,744.371
2024-04-15 11:00,711.559
2024-04-15 12:00,651.891
2024-04-15 13:00,583.983
2024-04-15 14:00,453.414
2024-04-15 15:00,269.487
2024-04-15 16:00,80.423
2024-04-15 17:00,4.604
2024-04-15 18:00,0
2024-04-15 19:00,0
2024-04-15 20:00,0
2024-04-15 21:00,0
2024-04-15 22:00,0
2024-04-15 23:00,0
2024-04-16 00:00,0
2024-04-16 01:00,0
2024-04-16 02:00,0
2024-04-16 03:00,0
2024-04-16 04:00,8.841
2024-04-16 05:00,67.595
2024-04-16 06:00,173.623
2024-04-16 07:00,281.620
2024-04-16 08:00,333.628
2024-04-16 09:00,306.778
2024-04-16 10:00,300.568
2024-04-16 11:00,217.591
2024-04-16 12:00,170.002
2024-04-16 13:00,143.366
2024-04-16 14:00,124.639
2024-04-16 15:00,91.231
2024-04-16 16:00,49.988
2024-04-16 17:00,3.643
2024-04-16 18:00,0
2024-04-16 19:00,0
2024-04-16 20:00,0
2024-04-16 21:00,0
2024-04-16 22:00,0
2024-04-16 23:00,0
2024-04-17 00:00,0
2024-04-17 01:00,0
2024-04-17 02:00,0
2024-04-17 03:00,0
2024-04-17 04:00,23.884
2024-04-17 05:00,134.574
2024-04-17 06:00,298.761
2024-04-17 07:00,478.039
2024-04-17 08:00,603.114
2024-04-17 09:00,653.430
2024-04-17 10:00,645.616
2024-04-17 11:00,604.107
2024-04-17 12:00,570.407
2024-04-17 13:00,518.799
2024-04-17 14:00,427.904
2024-04-17 15:00,256.858
2024-04-17 16:00,95.101
2024-04-17 17:00,8.593
2024-04-17 18:00,0
2024-04-17 19:00,0
2024-04-17 20:00,0
2024-04-17 21:00,0
2024-04-17 22:00,0
2024-04-17 23:00,0
2024-04-18 00:00,0
2024-04-18 01:00,0
2024-04-18 02:00,0
2024-04-18 03:00,0
2024-04-18 04:00,21.665
2024-04-18 05:00,85.005
2024-04-18 06:00,143.553
2024-04-18 07:00,192.177
2024-04-18 08:00,223.377
2024-04-18 09:00,283.052
2024-04-18 10:00,354.612
2024-04-18 11:00,371.272
2024-04-18 12:00,359.824
2024-04-18 13:00,303.475
2024-04-18 14:00,210.996
2024-04-18 15:00,118.930
2024-04-18 16:00,48.390
2024-04-18 17:00,2.258
2024-04-18 18:00,0
2024-04-18 19:00,0
2024-04-18 20:00,0
2024-04-18 21:00,0
2024-04-18 22:00,0
2024-04-18 23:00,0
2024-04-19 00:00,0
2024-04-19 01:00,0
2024-04-19 02:00,0
2024-04-19 03:00,0
2024-04-19 04:00,8.254
2024-04-19 05:00,48.879
2024-04-19 06:00,102.109
2024-04-19 07:00,151.960
2024-04-19 08:00,186.976
2024-04-19 09:00,277.240
2024-04-19 10:00,361.624
2024-04-19 11:00,374.197
2024-04-19 12:00,362.681
2024-04-19 13:00,249.121
2024-04-19 14:00,180.429
2024-04-19 15:00,96.274
2024-04-19 16:00,52.915
2024-04-19 17:00,7.441
2024-04-19 18:00,0
2024-04-19 19:00,0
2024-04-19 20:00,0
2024-04-19 21:00,0
2024-04-19 22:00,0
2024-04-19 23:00,0
2024-04-20 00:00,0
2024-04-20 01:00,0
2024-04-20 02:00,0
2024-04-20 03:00,0
2024-04-20 04:00,6.907
2024-04-20 05:00,35.062
2024-04-20 06:00,72.800
2024-04-20 07:00,107.849
2024-04-20 08:00,142.330
2024-04-20 09:00,161.633
2024-04-20 10:00,172.526
2024-04-20 11:00,194.253
2024-04-20 12:00,193.096
2024-04-20 13:00,164.714
2024-04-20 14:00,134.198
2024-04-20 15:00,88.885
2024-04-20 16:00,37.182
2024-04-20 17:00,1.447
2024-04-20 18:00,0
2024-04-20 19:00,0
2024-04-20 20:00,0
2024-04-20 21:00,0
2024-04-20 22:00,0
2024-04-20 23:00,0
2024-04-21 00:00,0
2024-04-21 01:00,0
2024-04-21 02:00,0
2024-04-21 03:00,0
2024-04-21 04:00,23.041
2024-04-21 05:00,81.102
2024-04-21 06:00,181.136
2024-04-21 07:00,273.341
2024-04-21 08:00,431.359
2024-04-21 09:00,429.083
2024-04-21 10:00,429.595
2024-04-21 11:00,398.803
2024-04-21 12:00,417.440
2024-04-21 13:00,328.534
2024-04-21 14:00,248.167
2024-04-21 15:00,160.048
2024-04-21 16:00,71.592
2024-04-21 17:00,9.867
2024-04-21 18:00,0
2024-04-21 19:00,0
2024-04-21 20:00,0
2024-04-21 21:00,0
2024-04-21 22:00,0
2024-04-21 23:00,0
2024-04-22 00:00,0
2024-04-22 01:00,0
2024-04-22 02:00,0
2024-04-22 03:00,0
2024-04-22 04:00,39.392
2024-04-22 05:00,172.495
2024-04-22 06:00,333.293
2024-04-22 07:00,445.708
2024-04-22 08:00,498.961
2024-04-22 09:00,484.466
2024-04-22 10:00,445.655
2024-04-22 11:00,394.922
2024-04-22 12:00,381.413
2024-04-22 13:00,356.013
2024-04-22 14:00,248.240
2024-04-22 15:00,111.637
2024-04-22 16:00,38.680
2024-04-22 17:00,1.954
2024-04-22 18:00,0
2024-04-22 19:00,0
2024-04-22 20:00,0
2024-04-22 21:00,0
2024-04-22 22:00,0
2024-04-22 23:00,0
2024-04-23 00:00,0
2024-04-23 01:00,0
2024-04-23 02:00,0
2024-04-23 03:00,0
2024-04-23 04:00,18.989
2024-04-23 05:00,78.136
2024-04-23 06:00,189.162
2024-04-23 07:00,367.196
2024-04-23 08:00,546.850
2024-04-23 09:00,635.272
2024-04-23 10:00,655.229
2024-04-23 11:00,610.033
2024-04-23 12:00,579.869
2024-04-23 13:00,362.624
2024-04-23 14:00,265.016
2024-04-23 15:00,133.677
2024-04-23 16:00,70.924
2024-04-23 17:00,16.674
2024-04-23 18:00,0
2024-04-23 19:00,0
2024-04-23 20:00,0
2024-04-23 21:00,0
2024-04-23 22:00,0
2024-04-23 23:00,0
2024-04-24 00:00,0
2024-04-24 01:00,0
2024-04-24 02:00,0
2024-04-24 03:00,0
2024-04-24 04:00,34.089
2024-04-24 05:00,109.621
2024-04-24 06:00,210.284
2024-04-24 07:00,338.015
2024-04-24 08:00,521.145
2024-04-24 09:00,612.820
2024-04-24 10:00,543.883
2024-04-24 11:00,566.421
2024-04-24 12:00,491.318
2024-04-24 13:00,417.155
2024-04-24 14:00,287.436
2024-04-24 15:00,241.958
2024-04-24 16:00,110.525
2024-04-24 17:00,20.572
2024-04-24 18:00,0
2024-04-24 19:00,0
2024-04-24 20:00,0
2024-04-24 21:00,0
2024-04-24 22:00,0
2024-04-24 23:00,0
2024-04-25 00:00,0
2024-04-25 01:00,0
2024-04-25 02:00,0
2024-04-25 03:00,0
2024-04-25 04:00,1.504
2024-04-25 05:00,20.856
2024-04-25 06:00,43.025
2024-04-25 07:00,67.137
2024-04-25 08:00,93.391
2024-04-25 09:00,112.036
2024-04-25 10:00,133.206
2024-04-25 11:00,163.274
2024-04-25 12:00,151.162
2024-04-25 13:00,123.745
2024-04-25 14:00,93.344
2024-04-25 15:00,66.360
2024-04-25 16:00,36.768
2024-04-25 17:00,7.120
2024-04-25 18:00,0
2024-04-25 19:00,0
2024-04-25 20:00,0
2024-04-25 21:00,0
2024-04-25 22:00,0
2024-04-25 23:00,0
2024-04-26 00:00,0
2024-04-26 01:00,0
2024-04-26 02:00,0
2024-04-26 03:00,0
2024-04-26 04:00,1.391
2024-04-26 05:00,19.402
2024-04-26 06:00,46.291
2024-04-26 07:00,76.876
2024-04-26 08:00,111.028
2024-04-26 09:00,144.607
2024-04-26 10:00,169.304
2024-04-26 11:00,196.629
2024-04-26 12:00,212.298
2024-04-26 13:00,201.417
2024-04-26 14:00,155.244
2024-04-26 15:00,102.421
2024-04-26 16:00,64.274
2024-04-26 17:00,13.528
2024-04-26 18:00,0
2024-04-26 19:00,0
2024-04-26 20:00,0
2024-04-26 21:00,0
2024-04-26 22:00,0
2024-04-26 23:00,0
2024-04-27 00:00,0
2024-04-27 01:00,0
2024-04-27 02:00,0
2024-04-27 03:00,0
2024-04-27 04:00,13.105
2024-04-27 05:00,27.436
2024-04-27 06:00,53.287
2024-04-27 07:00,102.075
2024-04-27 08:00,149.962
2024-04-27 09:00,143.170
2024-04-27 10:00,141.318
2024-04-27 11:00,138.241
2024-04-27 12:00,131.780
2024-04-27 13:00,129.584
2024-04-27 14:00,127.907
2024-04-27 15:00,92.915
2024-04-27 16:00,45.597
2024-04-27 17:00,10.097
2024-04-27 18:00,0
2024-04-27 19:00,0
2024-04-27 20:00,0
2024-04-27 21:00,0
2024-04-27 22:00,0
2024-04-27 23:00,0
2024-04-28 00:00,0
2024-04-28 01:00,0
2024-04-28 02:00,0
2024-04-28 03:00,0
2024-04-28 04:00,26.602
2024-04-28 05:00,93.454
2024-04-28 06:00,301.839
2024-04-28 07:00,458.947
2024-04-28 08:00,476.596
2024-04-28 09:00,467.784
2024-04-28 10:00,492.074
2024-04-28 11:00,347.897
2024-04-28 12:00,222.833
2024-04-28 13:00,192.321
2024-04-28 14:00,208.494
2024-04-28 15:00,234.254
2024-04-28 16:00,123.671
2024-04-28 17:00,27.328
2024-04-28 18:00,0
2024-04-28 19:00,0
2024-04-28 20:00,0
2024-04-28 21:00,0
2024-04-28 22:00,0
2024-04-28 23:00,0
2024-04-29 00:00,0
2024-04-29 01:00,0
2024-04-29 02:00,0
2024-04-29 03:00,0
2024-04-29 04:00,5.000
2024-04-29 05:00,32.509
2024-04-29 06:00,80.818
2024-04-29 07:00,120.297
2024-04-29 08:00,143.522
2024-04-29 09:00,149.772
2024-04-29 10:00,261.110
2024-04-29 11:00,441.935
2024-04-29 12:00,284.834
2024-04-29 13:00,250.929
2024-04-29 14:00,223.398
2024-04-29 15:00,141.348
2024-04-29 16:00,85.269
2024-04-29 17:00,31.286
2024-04-29 18:00,0
2024-04-29 19:00,0
2024-04-29 20:00,0
2024-04-29 21:00,0
2024-04-29 22:00,0
2024-04-29 23:00,0
2024-04-30 00:00,0
2024-04-30 01:00,0
2024-04-30 02:00,0
2024-04-30 03:00,4.143
2024-04-30 04:00,51.056
2024-04-30 05:00,201.153
2024-04-30 06:00,374.771
2024-04-30 07:00,522.274
2024-04-30 08:00,639.046
2024-04-30 09:00,700.759
2024-04-30 10:00,693.257
2024-04-30 11:00,646.480
2024-04-30 12:00,571.074
2024-04-30 13:00,421.233
2024-04-30 14:00,337.879
2024-04-30 15:00,249.707
2024-04-30 16:00,111.353
2024-04-30 17:00,27.257
2024-04-30 18:00,0
2024-04-30 19:00,0
2024-04-30 20:00,0
2024-04-30 21:00,0
2024-04-30 22:00,0
2024-04-30 23:00,0
2024-05-01 00:00,0
2024-05-01 01:00,0
2024-05-01 02:00,0
2024-05-01 03:00,4.882
2024-05-01 04:00,52.789
2024-05-01 05:00,199.255
2024-05-01 06:00,370.385
2024-05-01 07:00,520.743
2024-05-01 08:00,634.381
2024-05-01 09:00,708.419
2024-05-01 10:00,738.610
2024-05-01 11:00,727.892
2024-05-01 12:00,672.123
2024-05-01 13:00,579.294
2024-05-01 14:00,448.000
2024-05-01 15:00,286.156
2024-05-01 16:00,123.340
2024-05-01 17:00,26.950
2024-05-01 18:00,0
2024-05-01 19:00,0
2024-05-01 20:00,0
2024-05-01 21:00,0
2024-05-01 22:00,0
2024-05-01 23:00,0
2024-05-02 00:00,0
2024-05-02 01:00,0
2024-05-02 02:00,0
2024-05-02 03:00,3.671
2024-05-02 04:00,50.837
2024-05-02 05:00,152.652
2024-05-02 06:00,305.272
2024-05-02 07:00,460.776
2024-05-02 08:00,581.649
2024-05-02 09:00,660.496
2024-05-02 10:00,690.847
2024-05-02 11:00,675.032
2024-05-02 12:00,611.389
2024-05-02 13:00,501.932
2024-05-02 14:00,349.507
2024-05-02 15:00,207.264
2024-05-02 16:00,96.968
2024-05-02 17:00,27.426
2024-05-02 18:00,0
2024-05-02 19:00,0
2024-05-02 20:00,0
2024-05-02 21:00,0
2024-05-02 22:00,0
2024-05-02 23:00,0
2024-05-03 00:00,0
2024-05-03 01:00,0
2024-05-03 02:00,0
2024-05-03 03:00,7.119
2024-05-03 04:00,56.097
2024-05-03 05:00,202.806
2024-05-03 06:00,374.387
2024-05-03 07:00,525.387
2024-05-03 08:00,642.402
2024-05-03 09:00,717.929
2024-05-03 10:00,749.113
2024-05-03 11:00,740.439
2024-05-03 12:00,691.073
2024-05-03 13:00,600.555
2024-05-03 14:00,470.049
2024-05-03 15:00,306.473
2024-05-03 16:00,132.661
2024-05-03 17:00,24.522
2024-05-03 18:00,0
2024-05-03 19:00,0
2024-05-03 20:00,0
2024-05-03 21:00,0
2024-05-03 22:00,0
2024-05-03 23:00,0
2024-05-04 00:00,0
2024-05-04 01:00,0
2024-05-04 02:00,0
2024-05-04 03:00,8.349
2024-05-04 04:00,56.054
2024-05-04 05:00,214.301
2024-05-04 06:00,385.785
2024-05-04 07:00,530.145
2024-05-04 08:00,637.773
2024-05-04 09:00,707.134
2024-05-04 10:00,733.034
2024-05-04 11:00,719.191
2024-05-04 12:00,666.801
2024-05-04 13:00,575.528
2024-05-04 14:00,446.728
2024-05-04 15:00,287.382
2024-05-04 16:00,126.175
2024-05-04 17:00,27.394
2024-05-04 18:00,0
2024-05-04 19:00,0
2024-05-04 20:00,0
2024-05-04 21:00,0
2024-05-04 22:00,0
2024-05-04 23:00,0
2024-05-05 00:00,0
2024-05-05 01:00,0
2024-05-05 02:00,0
2024-05-05 03:00,6.478
2024-05-05 04:00,52.510
2024-05-05 05:00,116.068
2024-05-05 06:00,152.119
2024-05-05 07:00,188.432
2024-05-05 08:00,215.532
2024-05-05 09:00,228.643
2024-05-05 10:00,212.061
2024-05-05 11:00,173.093
2024-05-05 12:00,136.722
2024-05-05 13:00,107.824
2024-05-05 14:00,78.496
2024-05-05 15:00,49.877
2024-05-05 16:00,26.077
2024-05-05 17:00,7.659
2024-05-05 18:00,0
2024-05-05 19:00,0
2024-05-05 20:00,0
2024-05-05 21:00,0
2024-05-05 22:00,0
2024-05-05 23:00,0
2024-05-06 00:00,0
2024-05-06 01:00,0
2024-05-06 02:00,0
2024-05-06 03:00,3.292
2024-05-06 04:00,47.350
2024-05-06 05:00,118.054
2024-05-06 06:00,210.123
2024-05-06 07:00,310.615
2024-05-06 08:00,434.715
2024-05-06 09:00,558.479
2024-05-06 10:00,640.643
2024-05-06 11:00,677.622
2024-05-06 12:00,664.885
2024-05-06 13:00,593.297
2024-05-06 14:00,471.809
2024-05-06 15:00,305.476
2024-05-06 16:00,133.706
2024-05-06 17:00,36.897
2024-05-06 18:00,0
2024-05-06 19:00,0
2024-05-06 20:00,0
2024-05-06 21:00,0
2024-05-06 22:00,0
2024-05-06 23:00,0
2024-05-07 00:00,0
2024-05-07 01:00,0
2024-05-07 02:00,0
2024-05-07 03:00,11.739
2024-05-07 04:00,61.986
2024-05-07 05:00,235.822
2024-05-07 06:00,420.595
2024-05-07 07:00,577.492
2024-05-07 08:00,693.492
2024-05-07 09:00,765.934
2024-05-07 10:00,794.429
2024-05-07 11:00,781.451
2024-05-07 12:00,727.341
2024-05-07 13:00,631.456
2024-05-07 14:00,495.056
2024-05-07 15:00,313.922
2024-05-07 16:00,135.588
2024-05-07 17:00,31.728
2024-05-07 18:00,0
2024-05-07 19:00,0
2024-05-07 20:00,0
2024-05-07 21:00,0
2024-05-07 22:00,0
2024-05-07 23:00,0
2024-05-08 00:00,0
2024-05-08 01:00,0
2024-05-08 02:00,0
2024-05-08 03:00,5.694
2024-05-08 04:00,23.864
2024-05-08 05:00,34.188
2024-05-08 06:00,55.119
2024-05-08 07:00,81.620
2024-05-08 08:00,104.642
2024-05-08 09:00,120.032
2024-05-08 10:00,153.765
2024-05-08 11:00,155.886
2024-05-08 12:00,115.865
2024-05-08 13:00,105.680
2024-05-08 14:00,125.569
2024-05-08 15:00,92.434
2024-05-08 16:00,47.695
2024-05-08 17:00,17.424
2024-05-08 18:00,0
2024-05-08 19:00,0
2024-05-08 20:00,0
2024-05-08 21:00,0
2024-05-08 22:00,0
2024-05-08 23:00,0
2024-05-09 00:00,0
2024-05-09 01:00,0
2024-05-09 02:00,0
2024-05-09 03:00,1.073
2024-05-09 04:00,27.413
2024-05-09 05:00,64.484
2024-05-09 06:00,121.311
2024-05-09 07:00,195.542
2024-05-09 08:00,270.323
2024-05-09 09:00,313.085
2024-05-09 10:00,381.746
2024-05-09 11:00,392.197
2024-05-09 12:00,264.452
2024-05-09 13:00,165.996
2024-05-09 14:00,127.060
2024-05-09 15:00,95.321
2024-05-09 16:00,37.812
2024-05-09 17:00,5.132
2024-05-09 18:00,0
2024-05-09 19:00,0
2024-05-09 20:00,0
2024-05-09 21:00,0
2024-05-09 22:00,0
2024-05-09 23:00,0
2024-05-10 00:00,0
2024-05-10 01:00,0
2024-05-10 02:00,0
2024-05-10 03:00,16.090
2024-05-10 04:00,69.294
2024-05-10 05:00,234.714
2024-05-10 06:00,416.737
2024-05-10 07:00,572.263
2024-05-10 08:00,687.510
2024-05-10 09:00,759.212
2024-05-10 10:00,787.880
2024-05-10 11:00,774.427
2024-05-10 12:00,719.984
2024-05-10 13:00,623.902
2024-05-10 14:00,482.703
2024-05-10 15:00,301.909
2024-05-10 16:00,129.367
2024-05-10 17:00,38.147
2024-05-10 18:00,0
2024-05-10 19:00,0
2024-05-10 20:00,0
2024-05-10 21:00,0
2024-05-10 22:00,0
2024-05-10 23:00,0
2024-05-11 00:00,0
2024-05-11 01:00,0
2024-05-11 02:00,0
2024-05-11 03:00,9.627
2024-05-11 04:00,63.919
2024-05-11 05:00,204.594
2024-05-11 06:00,392.366
2024-05-11 07:00,555.239
2024-05-11 08:00,667.537
2024-05-11 09:00,737.333
2024-05-11 10:00,765.793
2024-05-11 11:00,754.648
2024-05-11 12:00,703.679
2024-05-11 13:00,613.336
2024-05-11 14:00,484.131
2024-05-11 15:00,322.903
2024-05-11 16:00,148.529
2024-05-11 17:00,29.576
2024-05-11 18:00,4.610
2024-05-11 19:00,0
2024-05-11 20:00,0
2024-05-11 21:00,0
2024-05-11 22:00,0
2024-05-11 23:00,0
2024-05-12 00:00,0
2024-05-12 01:00,0
2024-05-12 02:00,0
2024-05-12 03:00,19.768
2024-05-12 04:00,75.806
2024-05-12 05:00,223.388
2024-05-12 06:00,373.107
2024-05-12 07:00,483.853
2024-05-12 08:00,572.167
2024-05-12 09:00,614.993
2024-05-12 10:00,615.812
2024-05-12 11:00,591.401
2024-05-12 12:00,577.984
2024-05-12 13:00,356.772
2024-05-12 14:00,243.722
2024-05-12 15:00,152.332
2024-05-12 16:00,70.113
2024-05-12 17:00,30.375
2024-05-12 18:00,0
2024-05-12 19:00,0
2024-05-12 20:00,0
2024-05-12 21:00,0
2024-05-12 22:00,0
2024-05-12 23:00,0
2024-05-13 00:00,0
2024-05-13 01:00,0
2024-05-13 02:00,0
2024-05-13 03:00,13.344
2024-05-13 04:00,58.264
2024-05-13 05:00,138.669
2024-05-13 06:00,239.320
2024-05-13 07:00,390.040
2024-05-13 08:00,501.979
2024-05-13 09:00,620.254
2024-05-13 10:00,688.447
2024-05-13 11:00,691.626
2024-05-13 12:00,624.922
2024-05-13 13:00,552.531
2024-05-13 14:00,438.150
2024-05-13 15:00,300.287
2024-05-13 16:00,146.971
2024-05-13 17:00,37.095
2024-05-13 18:00,6.980
2024-05-13 19:00,0
2024-05-13 20:00,0
2024-05-13 21:00,0
2024-05-13 22:00,0
2024-05-13 23:00,0
2024-05-14 00:00,0
2024-05-14 01:00,0
2024-05-14 02:00,0
2024-05-14 03:00,19.888
2024-05-14 04:00,74.473
2024-05-14 05:00,222.373
2024-05-14 06:00,391.742
2024-05-14 07:00,533.812
2024-05-14 08:00,639.793
2024-05-14 09:00,707.425
2024-05-14 10:00,734.765
2024-05-14 11:00,723.401
2024-05-14 12:00,667.716
2024-05-14 13:00,568.453
2024-05-14 14:00,428.957
2024-05-14 15:00,267.921
2024-05-14 16:00,129.830
2024-05-14 17:00,43.643
2024-05-14 18:00,4.651
2024-05-14 19:00,0
2024-05-14 20:00,0
2024-05-14 21:00,0
2024-05-14 22:00,0
2024-05-14 23:00,0
2024-05-15 00:00,0
2024-05-15 01:00,0
2024-05-15 02:00,0
2024-05-15 03:00,18.995
2024-05-15 04:00,75.232
2024-05-15 05:00,222.730
2024-05-15 06:00,396.899
2024-05-15 07:00,540.902
2024-05-15 08:00,646.299
2024-05-15 09:00,712.041
2024-05-15 10:00,739.351
2024-05-15 11:00,729.297
2024-05-15 12:00,680.851
2024-05-15 13:00,594.618
2024-05-15 14:00,470.452
2024-05-15 15:00,305.546
2024-05-15 16:00,146.194
2024-05-15 17:00,35.564
2024-05-15 18:00,8.439
2024-05-15 19:00,0
2024-05-15 20:00,0
2024-05-15 21:00,0
2024-05-15 22:00,0
2024-05-15 23:00,0
2024-05-16 00:00,0
2024-05-16 01:00,0
2024-05-16 02:00,0
2024-05-16 03:00,21.045
2024-05-16 04:00,76.968
2024-05-16 05:00,220.097
2024-05-16 06:00,385.348
2024-05-16 07:00,530.626
2024-05-16 08:00,639.371
2024-05-16 09:00,707.061
2024-05-16 10:00,735.851
2024-05-16 11:00,727.041
2024-05-16 12:00,676.555
2024-05-16 13:00,591.544
2024-05-16 14:00,469.287
2024-05-16 15:00,316.412
2024-05-16 16:00,151.815
2024-05-16 17:00,32.480
2024-05-16 18:00,9.249
2024-05-16 19:00,0
2024-05-16 20:00,0
2024-05-16 21:00,0
2024-05-16 22:00,0
2024-05-16 23:00,0
2024-05-17 00:00,0
2024-05-17 01:00,0
2024-05-17 02:00,0
2024-05-17 03:00,18.906
2024-05-17 04:00,74.736
2024-05-17 05:00,232.880
2024-05-17 06:00,397.935
2024-05-17 07:00,538.491
2024-05-17 08:00,644.681
2024-05-17 09:00,713.035
2024-05-17 10:00,742.143
2024-05-17 11:00,733.434
2024-05-17 12:00,685.679
2024-05-17 13:00,600.639
2024-05-17 14:00,477.708
2024-05-17 15:00,323.051
2024-05-17 16:00,154.696
2024-05-17 17:00,30.540
2024-05-17 18:00,9.783
2024-05-17 19:00,0
2024-05-17 20:00,0
2024-05-17 21:00,0
2024-05-17 22:00,0
2024-05-17 23:00,0
2024-05-18 00:00,0
2024-05-18 01:00,0
2024-05-18 02:00,0
2024-05-18 03:00,20.136
2024-05-18 04:00,76.509
2024-05-18 05:00,232.611
2024-05-18 06:00,395.373
2024-05-18 07:00,532.606
2024-05-18 08:00,636.516
2024-05-18 09:00,702.263
2024-05-18 10:00,729.402
2024-05-18 11:00,719.648
2024-05-18 12:00,672.357
2024-05-18 13:00,588.014
2024-05-18 14:00,467.077
2024-05-18 15:00,316.155
2024-05-18 16:00,153.195
2024-05-18 17:00,33.039
2024-05-18 18:00,10.831
2024-05-18 19:00,0
2024-05-18 20:00,0
2024-05-18 21:00,0
2024-05-18 22:00,0
2024-05-18 23:00,0
2024-05-19 00:00,0
2024-05-19 01:00,0
2024-05-19 02:00,0
2024-05-19 03:00,21.074
2024-05-19 04:00,77.920
2024-05-19 05:00,233.638
2024-05-19 06:00,396.144
2024-05-19 07:00,535.055
2024-05-19 08:00,639.110
2024-05-19 09:00,705.308
2024-05-19 10:00,732.951
2024-05-19 11:00,723.235
2024-05-19 12:00,675.612
2024-05-19 13:00,590.422
2024-05-19 14:00,468.624
2024-05-19 15:00,316.721
2024-05-19 16:00,151.647
2024-05-19 17:00,34.655
2024-05-19 18:00,11.668
2024-05-19 19:00,0
2024-05-19 20:00,0
2024-05-19 21:00,0
2024-05-19 22:00,0
2024-05-19 23:00,0
2024-05-20 00:00,0
2024-05-20 01:00,0
2024-05-20 02:00,0
2024-05-20 03:00,26.359
2024-05-20 04:00,82.921
2024-05-20 05:00,201.987
2024-05-20 06:00,335.151
2024-05-20 07:00,457.749
2024-05-20 08:00,586.437
2024-05-20 09:00,689.716
2024-05-20 10:00,727.073
2024-05-20 11:00,725.201
2024-05-20 12:00,687.590
2024-05-20 13:00,605.923
2024-05-20 14:00,484.290
2024-05-20 15:00,329.279
2024-05-20 16:00,162.012
2024-05-20 17:00,36.927
2024-05-20 18:00,13.562
2024-05-20 19:00,0
2024-05-20 20:00,0
2024-05-20 21:00,0
2024-05-20 22:00,0
2024-05-20 23:00,0
2024-05-21 00:00,0
2024-05-21 01:00,0
2024-05-21 02:00,0
2024-05-21 03:00,21.084
2024-05-21 04:00,81.220
2024-05-21 05:00,245.515
2024-05-21 06:00,413.668
2024-05-21 07:00,556.515
2024-05-21 08:00,662.669
2024-05-21 09:00,731.167
2024-05-21 10:00,759.023
2024-05-21 11:00,749.411
2024-05-21 12:00,700.885
2024-05-21 13:00,615.361
2024-05-21 14:00,492.228
2024-05-21 15:00,336.747
2024-05-21 16:00,164.050
2024-05-21 17:00,28.785
2024-05-21 18:00,12.339
2024-05-21 19:00,0
2024-05-21 20:00,0
2024-05-21 21:00,0
2024-05-21 22:00,0
2024-05-21 23:00,0
2024-05-22 00:00,0
2024-05-22 01:00,0
2024-05-22 02:00,0
2024-05-22 03:00,20.069
2024-05-22 04:00,81.322
2024-05-22 05:00,247.762
2024-05-22 06:00,415.913
2024-05-22 07:00,557.725
2024-05-22 08:00,662.108
2024-05-22 09:00,727.288
2024-05-22 10:00,753.426
2024-05-22 11:00,742.038
2024-05-22 12:00,693.361
2024-05-22 13:00,607.838
2024-05-22 14:00,485.712
2024-05-22 15:00,332.367
2024-05-22 16:00,163.523
2024-05-22 17:00,30.417
2024-05-22 18:00,13.301
2024-05-22 19:00,0
2024-05-22 20:00,0
2024-05-22 21:00,0
2024-05-22 22:00,0
2024-05-22 23:00,0
2024-05-23 00:00,0
2024-05-23 01:00,0
2024-05-23 02:00,0
2024-05-23 03:00,24.488
2024-05-23 04:00,83.949
2024-05-23 05:00,243.415
2024-05-23 06:00,406.878
2024-05-23 07:00,544.620
2024-05-23 08:00,645.433
2024-05-23 09:00,706.836
2024-05-23 10:00,730.511
2024-05-23 11:00,717.299
2024-05-23 12:00,665.873
2024-05-23 13:00,579.297
2024-05-23 14:00,456.568
2024-05-23 15:00,304.630
2024-05-23 16:00,152.306
2024-05-23 17:00,47.628
2024-05-23 18:00,14.529
2024-05-23 19:00,0
2024-05-23 20:00,0
2024-05-23 21:00,0
2024-05-23 22:00,0
2024-05-23 23:00,0
2024-05-24 00:00,0
2024-05-24 01:00,0
2024-05-24 02:00,0
2024-05-24 03:00,0.077
2024-05-24 04:00,12.020
2024-05-24 05:00,39.656
2024-05-24 06:00,107.315
2024-05-24 07:00,258.948
2024-05-24 08:00,445.981
2024-05-24 09:00,556.090
2024-05-24 10:00,561.635
2024-05-24 11:00,519.478
2024-05-24 12:00,447.814
2024-05-24 13:00,344.351
2024-05-24 14:00,241.064
2024-05-24 15:00,152.255
2024-05-24 16:00,86.457
2024-05-24 17:00,36.290
2024-05-24 18:00,5.245
2024-05-24 19:00,0
2024-05-24 20:00,0
2024-05-24 21:00,0
2024-05-24 22:00,0
2024-05-24 23:00,0
2024-05-25 00:00,0
2024-05-25 01:00,0
2024-05-25 02:00,0
2024-05-25 03:00,30.189
2024-05-25 04:00,87.843
2024-05-25 05:00,225.662
2024-05-25 06:00,380.358
2024-05-25 07:00,513.455
2024-05-25 08:00,612.746
2024-05-25 09:00,668.718
2024-05-25 10:00,693.036
2024-05-25 11:00,681.546
2024-05-25 12:00,633.816
2024-05-25 13:00,533.329
2024-05-25 14:00,392.309
2024-05-25 15:00,256.803
2024-05-25 16:00,150.424
2024-05-25 17:00,48.273
2024-05-25 18:00,17.275
2024-05-25 19:00,0
2024-05-25 20:00,0
2024-05-25 21:00,0
2024-05-25 22:00,0
2024-05-25 23:00,0
2024-05-26 00:00,0
2024-05-26 01:00,0
2024-05-26 02:00,0
2024-05-26 03:00,31.341
2024-05-26 04:00,89.163
2024-05-26 05:00,191.055
2024-05-26 06:00,299.831
2024-05-26 07:00,398.651
2024-05-26 08:00,495.255
2024-05-26 09:00,621.207
2024-05-26 10:00,710.158
2024-05-26 11:00,708.542
2024-05-26 12:00,664.651
2024-05-26 13:00,581.875
2024-05-26 14:00,461.589
2024-05-26 15:00,316.272
2024-05-26 16:00,162.532
2024-05-26 17:00,45.015
2024-05-26 18:00,18.710
2024-05-26 19:00,0
2024-05-26 20:00,0
2024-05-26 21:00,0
2024-05-26 22:00,0
2024-05-26 23:00,0
2024-05-27 00:00,0
2024-05-27 01:00,0
2024-05-27 02:00,0.172
2024-05-27 03:00,30.516
2024-05-27 04:00,89.765
2024-05-27 05:00,233.015
2024-05-27 06:00,381.092
2024-05-27 07:00,507.186
2024-05-27 08:00,599.976
2024-05-27 09:00,658.142
2024-05-27 10:00,682.636
2024-05-27 11:00,671.090
2024-05-27 12:00,620.904
2024-05-27 13:00,531.971
2024-05-27 14:00,406.345
2024-05-27 15:00,264.034
2024-05-27 16:00,142.347
2024-05-27 17:00,55.897
2024-05-27 18:00,17.559
2024-05-27 19:00,0
2024-05-27 20:00,0
2024-05-27 21:00,0
2024-05-27 22:00,0
2024-05-27 23:00,0
2024-05-28 00:00,0
2024-05-28 01:00,0
2024-05-28 02:00,0.617
2024-05-28 03:00,31.029
2024-05-28 04:00,89.712
2024-05-28 05:00,226.252
2024-05-28 06:00,369.413
2024-05-28 07:00,497.176
2024-05-28 08:00,590.405
2024-05-28 09:00,658.118
2024-05-28 10:00,677.640
2024-05-28 11:00,675.386
2024-05-28 12:00,646.067
2024-05-28 13:00,572.005
2024-05-28 14:00,461.562
2024-05-28 15:00,320.328
2024-05-28 16:00,165.332
2024-05-28 17:00,39.563
2024-05-28 18:00,18.897
2024-05-28 19:00,0
2024-05-28 20:00,0
2024-05-28 21:00,0
2024-05-28 22:00,0
2024-05-28 23:00,0
2024-05-29 00:00,0
2024-05-29 01:00,0
2024-05-29 02:00,1.262
2024-05-29 03:00,35.745
2024-05-29 04:00,92.962
2024-05-29 05:00,193.460
2024-05-29 06:00,319.200
2024-05-29 07:00,399.997
2024-05-29 08:00,497.522
2024-05-29 09:00,502.474
2024-05-29 10:00,362.627
2024-05-29 11:00,176.945
2024-05-29 12:00,246.214
2024-05-29 13:00,393.033
2024-05-29 14:00,427.537
2024-05-29 15:00,305.285
2024-05-29 16:00,165.086
2024-05-29 17:00,47.093
2024-05-29 18:00,22.066
2024-05-29 19:00,0
2024-05-29 20:00,0
2024-05-29 21:00,0
2024-05-29 22:00,0
2024-05-29 23:00,0
2024-05-30 00:00,0
2024-05-30 01:00,0
2024-05-30 02:00,2.354
2024-05-30 03:00,28.753
2024-05-30 04:00,90.866
2024-05-30 05:00,245.283
2024-05-30 06:00,403.689
2024-05-30 07:00,537.955
2024-05-30 08:00,638.346
2024-05-30 09:00,700.308
2024-05-30 10:00,725.428
2024-05-30 11:00,711.285
2024-05-30 12:00,652.400
2024-05-30 13:00,547.824
2024-05-30 14:00,406.920
2024-05-30 15:00,263.904
2024-05-30 16:00,143.056
2024-05-30 17:00,57.634
2024-05-30 18:00,18.737
2024-05-30 19:00,0
2024-05-30 20:00,0
2024-05-30 21:00,0
2024-05-30 22:00,0
2024-05-30 23:00,0
2024-05-31 00:00,0
2024-05-31 01:00,0
2024-05-31 02:00,0
2024-05-31 03:00,26.702
2024-05-31 04:00,79.501
2024-05-31 05:00,143.466
2024-05-31 06:00,175.956
2024-05-31 07:00,211.961
2024-05-31 08:00,269.574
2024-05-31 09:00,330.704
2024-05-31 10:00,375.307
2024-05-31 11:00,414.550
2024-05-31 12:00,465.390
2024-05-31 13:00,418.312
2024-05-31 14:00,350.201
2024-05-31 15:00,252.375
2024-05-31 16:00,152.673
2024-05-31 17:00,64.858
2024-05-31 18:00,22.221
2024-05-31 19:00,0
2024-05-31 20:00,0
2024-05-31 21:00,0
2024-05-31 22:00,0
2024-05-31 23:00,0
2024-06-01 00:00,0
2024-06-01 01:00,0
2024-06-01 02:00,3.053
2024-06-01 03:00,38.288
2024-06-01 04:00,99.176
2024-06-01 05:00,232.689
2024-06-01 06:00,376.339
2024-06-01 07:00,439.558
2024-06-01 08:00,430.034
2024-06-01 09:00,398.366
2024-06-01 10:00,393.618
2024-06-01 11:00,406.551
2024-06-01 12:00,385.829
2024-06-01 13:00,340.639
2024-06-01 14:00,294.223
2024-06-01 15:00,226.751
2024-06-01 16:00,137.782
2024-06-01 17:00,59.600
2024-06-01 18:00,15.107
2024-06-01 19:00,0
2024-06-01 20:00,0
2024-06-01 21:00,0
2024-06-01 22:00,0
2024-06-01 23:00,0
2024-06-02 00:00,0
2024-06-02 01:00,0
2024-06-02 02:00,2.094
2024-06-02 03:00,37.319
2024-06-02 04:00,97.057
2024-06-02 05:00,180.757
2024-06-02 06:00,235.667
2024-06-02 07:00,285.646
2024-06-02 08:00,329.249
2024-06-02 09:00,351.468
2024-06-02 10:00,384.228
2024-06-02 11:00,447.474
2024-06-02 12:00,517.655
2024-06-02 13:00,520.981
2024-06-02 14:00,449.451
2024-06-02 15:00,316.431
2024-06-02 16:00,170.958
2024-06-02 17:00,51.891
2024-06-02 18:00,24.647
2024-06-02 19:00,0
2024-06-02 20:00,0
2024-06-02 21:00,0
2024-06-02 22:00,0
2024-06-02 23:00,0
2024-06-03 00:00,0
2024-06-03 01:00,0
2024-06-03 02:00,5.092
2024-06-03 03:00,37.305
2024-06-03 04:00,97.773
2024-06-03 05:00,226.704
2024-06-03 06:00,374.326
2024-06-03 07:00,499.182
2024-06-03 08:00,578.690
2024-06-03 09:00,620.729
2024-06-03 10:00,627.739
2024-06-03 11:00,554.237
2024-06-03 12:00,374.177
2024-06-03 13:00,365.721
2024-06-03 14:00,249.138
2024-06-03 15:00,151.756
2024-06-03 16:00,83.556
2024-06-03 17:00,32.355
2024-06-03 18:00,15.586
2024-06-03 19:00,0
2024-06-03 20:00,0
2024-06-03 21:00,0
2024-06-03 22:00,0
2024-06-03 23:00,0
2024-06-04 00:00,0
2024-06-04 01:00,0
2024-06-04 02:00,4.558
2024-06-04 03:00,26.040
2024-06-04 04:00,90.122
2024-06-04 05:00,251.694
2024-06-04 06:00,417.159
2024-06-04 07:00,557.829
2024-06-04 08:00,662.472
2024-06-04 09:00,724.866
2024-06-04 10:00,748.742
2024-06-04 11:00,738.941
2024-06-04 12:00,695.206
2024-06-04 13:00,610.774
2024-06-04 14:00,490.476
2024-06-04 15:00,339.706
2024-06-04 16:00,175.337
2024-06-04 17:00,38.982
2024-06-04 18:00,22.815
2024-06-04 19:00,0
2024-06-04 20:00,0
2024-06-04 21:00,0
2024-06-04 22:00,0
2024-06-04 23:00,0
2024-06-05 00:00,0
2024-06-05 01:00,0
2024-06-05 02:00,5.085
2024-06-05 03:00,39.565
2024-06-05 04:00,99.280
2024-06-05 05:00,232.716
2024-06-05 06:00,382.787
2024-06-05 07:00,494.383
2024-06-05 08:00,597.553
2024-06-05 09:00,662.819
2024-06-05 10:00,630.276
2024-06-05 11:00,530.378
2024-06-05 12:00,309.714
2024-06-05 13:00,307.073
2024-06-05 14:00,269.602
2024-06-05 15:00,211.407
2024-06-05 16:00,131.632
2024-06-05 17:00,65.766
2024-06-05 18:00,26.182
2024-06-05 19:00,0
2024-06-05 20:00,0
2024-06-05 21:00,0
2024-06-05 22:00,0
2024-06-05 23:00,0
2024-06-06 00:00,0
2024-06-06 01:00,0
2024-06-06 02:00,5.359
2024-06-06 03:00,34.019
2024-06-06 04:00,97.788
2024-06-06 05:00,239.859
2024-06-06 06:00,371.332
2024-06-06 07:00,470.345
2024-06-06 08:00,539.411
2024-06-06 09:00,597.848
2024-06-06 10:00,632.767
2024-06-06 11:00,628.141
2024-06-06 12:00,607.341
2024-06-06 13:00,552.393
2024-06-06 14:00,436.306
2024-06-06 15:00,279.842
2024-06-06 16:00,155.568
2024-06-06 17:00,64.795
2024-06-06 18:00,21.445
2024-06-06 19:00,0
2024-06-06 20:00,0
2024-06-06 21:00,0
2024-06-06 22:00,0
2024-06-06 23:00,0
2024-06-07 00:00,0
2024-06-07 01:00,0
2024-06-07 02:00,5.307
2024-06-07 03:00,39.971
2024-06-07 04:00,100.625
2024-06-07 05:00,253.086
2024-06-07 06:00,410.830
2024-06-07 07:00,546.182
2024-06-07 08:00,648.045
2024-06-07 09:00,710.018
2024-06-07 10:00,730.288
2024-06-07 11:00,720.174
2024-06-07 12:00,652.511
2024-06-07 13:00,535.099
2024-06-07 14:00,380.675
2024-06-07 15:00,229.746
2024-06-07 16:00,117.903
2024-06-07 17:00,50.110
2024-06-07 18:00,12.740
2024-06-07 19:00,0
2024-06-07 20:00,0
2024-06-07 21:00,0
2024-06-07 22:00,0
2024-06-07 23:00,0
2024-06-08 00:00,0
2024-06-08 01:00,0
2024-06-08 02:00,6.036
2024-06-08 03:00,44.621
2024-06-08 04:00,103.370
2024-06-08 05:00,187.347
2024-06-08 06:00,269.464
2024-06-08 07:00,347.689
2024-06-08 08:00,387.747
2024-06-08 09:00,491.552
2024-06-08 10:00,581.237
2024-06-08 11:00,619.458
2024-06-08 12:00,580.672
2024-06-08 13:00,365.781
2024-06-08 14:00,234.770
2024-06-08 15:00,151.707
2024-06-08 16:00,106.182
2024-06-08 17:00,44.364
2024-06-08 18:00,6.576
2024-06-08 19:00,0
2024-06-08 20:00,0
2024-06-08 21:00,0
2024-06-08 22:00,0
2024-06-08 23:00,0
2024-06-09 00:00,0
2024-06-09 01:00,0
2024-06-09 02:00,3.326
2024-06-09 03:00,42.833
2024-06-09 04:00,107.704
2024-06-09 05:00,247.408
2024-06-09 06:00,378.411
2024-06-09 07:00,440.386
2024-06-09 08:00,494.248
2024-06-09 09:00,546.116
2024-06-09 10:00,558.227
2024-06-09 11:00,493.004
2024-06-09 12:00,432.585
2024-06-09 13:00,315.403
2024-06-09 14:00,222.100
2024-06-09 15:00,208.548
2024-06-09 16:00,141.454
2024-06-09 17:00,64.512
2024-06-09 18:00,19.792
2024-06-09 19:00,0
2024-06-09 20:00,0
2024-06-09 21:00,0
2024-06-09 22:00,0
2024-06-09 23:00,0
2024-06-10 00:00,0
2024-06-10 01:00,0
2024-06-10 02:00,6.531
2024-06-10 03:00,47.644
2024-06-10 04:00,110.151
2024-06-10 05:00,236.143
2024-06-10 06:00,361.770
2024-06-10 07:00,429.393
2024-06-10 08:00,370.354
2024-06-10 09:00,216.151
2024-06-10 10:00,188.161
2024-06-10 11:00,152.416
2024-06-10 12:00,138.898
2024-06-10 13:00,102.986
2024-06-10 14:00,87.226
2024-06-10 15:00,103.064
2024-06-10 16:00,137.187
2024-06-10 17:00,76.285
2024-06-10 18:00,30.692
2024-06-10 19:00,0
2024-06-10 20:00,0
2024-06-10 21:00,0
2024-06-10 22:00,0
2024-06-10 23:00,0
2024-06-11 00:00,0
2024-06-11 01:00,0
2024-06-11 02:00,9.464
2024-06-11 03:00,36.663
2024-06-11 04:00,102.153
2024-06-11 05:00,258.629
2024-06-11 06:00,413.300
2024-06-11 07:00,548.336
2024-06-11 08:00,636.017
2024-06-11 09:00,646.178
2024-06-11 10:00,476.997
2024-06-11 11:00,440.980
2024-06-11 12:00,386.030
2024-06-11 13:00,295.575
2024-06-11 14:00,194.682
2024-06-11 15:00,184.259
2024-06-11 16:00,85.279
2024-06-11 17:00,31.333
2024-06-11 18:00,12.109
2024-06-11 19:00,0
2024-06-11 20:00,0
2024-06-11 21:00,0
2024-06-11 22:00,0
2024-06-11 23:00,0
2024-06-12 00:00,0
2024-06-12 01:00,0
2024-06-12 02:00,9.144
2024-06-12 03:00,36.236
2024-06-12 04:00,100.375
2024-06-12 05:00,250.387
2024-06-12 06:00,400.448
2024-06-12 07:00,520.058
2024-06-12 08:00,600.169
2024-06-12 09:00,622.597
2024-06-12 10:00,595.865
2024-06-12 11:00,587.552
2024-06-12 12:00,513.278
2024-06-12 13:00,324.460
2024-06-12 14:00,274.267
2024-06-12 15:00,211.642
2024-06-12 16:00,149.465
2024-06-12 17:00,70.295
2024-06-12 18:00,26.984
2024-06-12 19:00,0
2024-06-12 20:00,0
2024-06-12 21:00,0
2024-06-12 22:00,0
2024-06-12 23:00,0
2024-06-13 00:00,0
2024-06-13 01:00,0
2024-06-13 02:00,9.466
2024-06-13 03:00,39.709
2024-06-13 04:00,103.783
2024-06-13 05:00,222.041
2024-06-13 06:00,333.357
2024-06-13 07:00,442.008
2024-06-13 08:00,470.080
2024-06-13 09:00,428.997
2024-06-13 10:00,530.364
2024-06-13 11:00,544.325
2024-06-13 12:00,517.322
2024-06-13 13:00,483.049
2024-06-13 14:00,406.671
2024-06-13 15:00,289.162
2024-06-13 16:00,155.540
2024-06-13 17:00,71.631
2024-06-13 18:00,26.698
2024-06-13 19:00,0
2024-06-13 20:00,0
2024-06-13 21:00,0
2024-06-13 22:00,0
2024-06-13 23:00,0
2024-06-14 00:00,0
2024-06-14 01:00,0
2024-06-14 02:00,3.824
2024-06-14 03:00,42.360
2024-06-14 04:00,102.534
2024-06-14 05:00,215.578
2024-06-14 06:00,354.551
2024-06-14 07:00,488.183
2024-06-14 08:00,583.640
2024-06-14 09:00,644.622
2024-06-14 10:00,673.406
2024-06-14 11:00,669.555
2024-06-14 12:00,614.504
2024-06-14 13:00,518.272
2024-06-14 14:00,419.605
2024-06-14 15:00,275.832
2024-06-14 16:00,154.648
2024-06-14 17:00,68.133
2024-06-14 18:00,29.758
2024-06-14 19:00,0
2024-06-14 20:00,0
2024-06-14 21:00,0
2024-06-14 22:00,0
2024-06-14 23:00,0
2024-06-15 00:00,0
2024-06-15 01:00,0
2024-06-15 02:00,9.522
2024-06-15 03:00,41.255
2024-06-15 04:00,102.839
2024-06-15 05:00,239.026
2024-06-15 06:00,384.465
2024-06-15 07:00,511.753
2024-06-15 08:00,600.863
2024-06-15 09:00,672.808
2024-06-15 10:00,706.013
2024-06-15 11:00,681.190
2024-06-15 12:00,596.009
2024-06-15 13:00,502.890
2024-06-15 14:00,261.661
2024-06-15 15:00,141.870
2024-06-15 16:00,83.531
2024-06-15 17:00,36.456
2024-06-15 18:00,24.401
2024-06-15 19:00,0
2024-06-15 20:00,0
2024-06-15 21:00,0
2024-06-15 22:00,0
2024-06-15 23:00,0
2024-06-16 00:00,0
2024-06-16 01:00,0
2024-06-16 02:00,4.818
2024-06-16 03:00,42.171
2024-06-16 04:00,100.416
2024-06-16 05:00,240.630
2024-06-16 06:00,358.148
2024-06-16 07:00,493.285
2024-06-16 08:00,576.640
2024-06-16 09:00,624.848
2024-06-16 10:00,716.758
2024-06-16 11:00,712.716
2024-06-16 12:00,665.480
2024-06-16 13:00,587.091
2024-06-16 14:00,481.817
2024-06-16 15:00,333.364
2024-06-16 16:00,175.947
2024-06-16 17:00,66.811
2024-06-16 18:00,27.418
2024-06-16 19:00,0
2024-06-16 20:00,0
2024-06-16 21:00,0
2024-06-16 22:00,0
2024-06-16 23:00,0
2024-06-17 00:00,0
2024-06-17 01:00,0
2024-06-17 02:00,2.458
2024-06-17 03:00,31.369
2024-06-17 04:00,77.409
2024-06-17 05:00,152.601
2024-06-17 06:00,283.631
2024-06-17 07:00,501.649
2024-06-17 08:00,636.149
2024-06-17 09:00,701.004
2024-06-17 10:00,724.725
2024-06-17 11:00,706.218
2024-06-17 12:00,639.870
2024-06-17 13:00,532.322
2024-06-17 14:00,402.841
2024-06-17 15:00,292.352
2024-06-17 16:00,172.258
2024-06-17 17:00,70.166
2024-06-17 18:00,28.136
2024-06-17 19:00,0
2024-06-17 20:00,0
2024-06-17 21:00,0
2024-06-17 22:00,0
2024-06-17 23:00,0
2024-06-18 00:00,0
2024-06-18 01:00,0
2024-06-18 02:00,5.547
2024-06-18 03:00,40.961
2024-06-18 04:00,97.153
2024-06-18 05:00,247.932
2024-06-18 06:00,405.775
2024-06-18 07:00,539.562
2024-06-18 08:00,639.333
2024-06-18 09:00,695.729
2024-06-18 10:00,720.306
2024-06-18 11:00,705.896
2024-06-18 12:00,658.854
2024-06-18 13:00,572.092
2024-06-18 14:00,421.086
2024-06-18 15:00,294.870
2024-06-18 16:00,173.576
2024-06-18 17:00,61.222
2024-06-18 18:00,28.474
2024-06-18 19:00,0
2024-06-18 20:00,0
2024-06-18 21:00,0
2024-06-18 22:00,0
2024-06-18 23:00,0
2024-06-19 00:00,0
2024-06-19 01:00,0
2024-06-19 02:00,6.388
2024-06-19 03:00,41.044
2024-06-19 04:00,104.813
2024-06-19 05:00,177.892
2024-06-19 06:00,236.431
2024-06-19 07:00,309.121
2024-06-19 08:00,394.738
2024-06-19 09:00,519.515
2024-06-19 10:00,589.051
2024-06-19 11:00,646.228
2024-06-19 12:00,615.486
2024-06-19 13:00,525.784
2024-06-19 14:00,360.475
2024-06-19 15:00,186.168
2024-06-19 16:00,121.460
2024-06-19 17:00,72.891
2024-06-19 18:00,30.464
2024-06-19 19:00,0
2024-06-19 20:00,0
2024-06-19 21:00,0
2024-06-19 22:00,0
2024-06-19 23:00,0
2024-06-20 00:00,0
2024-06-20 01:00,0
2024-06-20 02:00,8.966
2024-06-20 03:00,40.707
2024-06-20 04:00,96.183
2024-06-20 05:00,230.315
2024-06-20 06:00,379.511
2024-06-20 07:00,537.121
2024-06-20 08:00,632.374
2024-06-20 09:00,701.656
2024-06-20 10:00,728.995
2024-06-20 11:00,721.100
2024-06-20 12:00,679.006
2024-06-20 13:00,601.235
2024-06-20 14:00,489.136
2024-06-20 15:00,346.108
2024-06-20 16:00,187.571
2024-06-20 17:00,46.837
2024-06-20 18:00,24.486
2024-06-20 19:00,0
2024-06-20 20:00,0
2024-06-20 21:00,0
2024-06-20 22:00,0
2024-06-20 23:00,0
2024-06-21 00:00,0
2024-06-21 01:00,0
2024-06-21 02:00,9.169
2024-06-21 03:00,30.691
2024-06-21 04:00,93.297
2024-06-21 05:00,241.637
2024-06-21 06:00,410.032
2024-06-21 07:00,545.781
2024-06-21 08:00,646.969
2024-06-21 09:00,706.952
2024-06-21 10:00,688.964
2024-06-21 11:00,693.512
2024-06-21 12:00,637.427
2024-06-21 13:00,566.454
2024-06-21 14:00,473.490
2024-06-21 15:00,339.046
2024-06-21 16:00,184.758
2024-06-21 17:00,47.879
2024-06-21 18:00,24.589
2024-06-21 19:00,0
2024-06-21 20:00,0
2024-06-21 21:00,0
2024-06-21 22:00,0
2024-06-21 23:00,0
2024-06-22 00:00,0
2024-06-22 01:00,0
2024-06-22 02:00,5.566
2024-06-22 03:00,28.750
2024-06-22 04:00,92.486
2024-06-22 05:00,201.659
2024-06-22 06:00,312.959
2024-06-22 07:00,430.835
2024-06-22 08:00,512.493
2024-06-22 09:00,553.904
2024-06-22 10:00,552.686
2024-06-22 11:00,530.603
2024-06-22 12:00,448.594
2024-06-22 13:00,371.258
2024-06-22 14:00,291.074
2024-06-22 15:00,228.604
2024-06-22 16:00,155.954
2024-06-22 17:00,72.935
2024-06-22 18:00,25.641
2024-06-22 19:00,0
2024-06-22 20:00,0
2024-06-22 21:00,0
2024-06-22 22:00,0
2024-06-22 23:00,0
2024-06-23 00:00,0
2024-06-23 01:00,0
2024-06-23 02:00,1.949
2024-06-23 03:00,31.655
2024-06-23 04:00,88.755
2024-06-23 05:00,178.383
2024-06-23 06:00,270.600
2024-06-23 07:00,338.268
2024-06-23 08:00,411.058
2024-06-23 09:00,497.955
2024-06-23 10:00,631.002
2024-06-23 11:00,697.276
2024-06-23 12:00,656.585
2024-06-23 13:00,573.870
2024-06-23 14:00,454.316
2024-06-23 15:00,314.653
2024-06-23 16:00,176.097
2024-06-23 17:00,65.308
2024-06-23 18:00,29.731
2024-06-23 19:00,0
2024-06-23 20:00,0
2024-06-23 21:00,0
2024-06-23 22:00,0
2024-06-23 23:00,0
2024-06-24 00:00,0
2024-06-24 01:00,0
2024-06-24 02:00,9.368
2024-06-24 03:00,37.585
2024-06-24 04:00,94.641
2024-06-24 05:00,242.872
2024-06-24 06:00,394.622
2024-06-24 07:00,522.914
2024-06-24 08:00,614.517
2024-06-24 09:00,658.863
2024-06-24 10:00,563.553
2024-06-24 11:00,499.082
2024-06-24 12:00,437.141
2024-06-24 13:00,404.007
2024-06-24 14:00,294.988
2024-06-24 15:00,264.187
2024-06-24 16:00,156.900
2024-06-24 17:00,65.406
2024-06-24 18:00,28.222
2024-06-24 19:00,0
2024-06-24 20:00,0
2024-06-24 21:00,0
2024-06-24 22:00,0
2024-06-24 23:00,0
2024-06-25 00:00,0
2024-06-25 01:00,0
2024-06-25 02:00,8.952
2024-06-25 03:00,30.928
2024-06-25 04:00,90.169
2024-06-25 05:00,242.008
2024-06-25 06:00,394.824
2024-06-25 07:00,525.318
2024-06-25 08:00,623.784
2024-06-25 09:00,686.954
2024-06-25 10:00,714.850
2024-06-25 11:00,708.140
2024-06-25 12:00,666.118
2024-06-25 13:00,585.720
2024-06-25 14:00,460.172
2024-06-25 15:00,295.486
2024-06-25 16:00,171.698
2024-06-25 17:00,54.240
2024-06-25 18:00,24.393
2024-06-25 19:00,0
2024-06-25 20:00,0
2024-06-25 21:00,0
2024-06-25 22:00,0
2024-06-25 23:00,0
2024-06-26 00:00,0
2024-06-26 01:00,0
2024-06-26 02:00,8.646
2024-06-26 03:00,30.940
2024-06-26 04:00,88.569
2024-06-26 05:00,241.303
2024-06-26 06:00,396.487
2024-06-26 07:00,528.552
2024-06-26 08:00,627.543
2024-06-26 09:00,691.256
2024-06-26 10:00,717.481
2024-06-26 11:00,708.513
2024-06-26 12:00,662.977
2024-06-26 13:00,584.587
2024-06-26 14:00,472.877
2024-06-26 15:00,333.208
2024-06-26 16:00,177.798
2024-06-26 17:00,48.144
2024-06-26 18:00,23.638
2024-06-26 19:00,0
2024-06-26 20:00,0
2024-06-26 21:00,0
2024-06-26 22:00,0
2024-06-26 23:00,0
2024-06-27 00:00,0
2024-06-27 01:00,0
2024-06-27 02:00,8.499
2024-06-27 03:00,29.543
2024-06-27 04:00,87.758
2024-06-27 05:00,241.028
2024-06-27 06:00,394.841
2024-06-27 07:00,525.835
2024-06-27 08:00,623.731
2024-06-27 09:00,686.717
2024-06-27 10:00,713.277
2024-06-27 11:00,705.190
2024-06-27 12:00,661.049
2024-06-27 13:00,582.762
2024-06-27 14:00,470.440
2024-06-27 15:00,330.489
2024-06-27 16:00,179.478
2024-06-27 17:00,51.970
2024-06-27 18:00,25.405
2024-06-27 19:00,0
2024-06-27 20:00,0
2024-06-27 21:00,0
2024-06-27 22:00,0
2024-06-27 23:00,0
2024-06-28 00:00,0
2024-06-28 01:00,0
2024-06-28 02:00,10.032
2024-06-28 03:00,43.885
2024-06-28 04:00,102.065
2024-06-28 05:00,228.115
2024-06-28 06:00,370.615
2024-06-28 07:00,501.322
2024-06-28 08:00,588.811
2024-06-28 09:00,559.446
2024-06-28 10:00,366.941
2024-06-28 11:00,213.260
2024-06-28 12:00,200.859
2024-06-28 13:00,157.938
2024-06-28 14:00,142.164
2024-06-28 15:00,121.412
2024-06-28 16:00,70.444
2024-06-28 17:00,16.707
2024-06-28 18:00,0.890
2024-06-28 19:00,0
2024-06-28 20:00,0
2024-06-28 21:00,0
2024-06-28 22:00,0
2024-06-28 23:00,0
2024-06-29 00:00,0
2024-06-29 01:00,0
2024-06-29 02:00,8.789
2024-06-29 03:00,32.934
2024-06-29 04:00,90.973
2024-06-29 05:00,243.773
2024-06-29 06:00,401.910
2024-06-29 07:00,539.638
2024-06-29 08:00,643.034
2024-06-29 09:00,711.576
2024-06-29 10:00,738.765
2024-06-29 11:00,728.619
2024-06-29 12:00,655.475
2024-06-29 13:00,451.657
2024-06-29 14:00,294.454
2024-06-29 15:00,212.222
2024-06-29 16:00,120.649
2024-06-29 17:00,67.397
2024-06-29 18:00,28.229
2024-06-29 19:00,0
2024-06-29 20:00,0
2024-06-29 21:00,0
2024-06-29 22:00,0
2024-06-29 23:00,0
2024-06-30 00:00,0
2024-06-30 01:00,0
2024-06-30 02:00,5.814
2024-06-30 03:00,36.340
2024-06-30 04:00,58.826
2024-06-30 05:00,90.691
2024-06-30 06:00,171.774
2024-06-30 07:00,223.786
2024-06-30 08:00,278.132
2024-06-30 09:00,271.973
2024-06-30 10:00,175.740
2024-06-30 11:00,152.051
2024-06-30 12:00,156.445
2024-06-30 13:00,130.974
2024-06-30 14:00,119.927
2024-06-30 15:00,75.423
2024-06-30 16:00,32.147
2024-06-30 17:00,9.887
2024-06-30 18:00,0
2024-06-30 19:00,0
2024-06-30 20:00,0
2024-06-30 21:00,0
2024-06-30 22:00,0
2024-06-30 23:00,0
2024-07-01 00:00,0
2024-07-01 01:00,0
2024-07-01 02:00,2.191
2024-07-01 03:00,31.177
2024-07-01 04:00,77.285
2024-07-01 05:00,182.348
2024-07-01 06:00,351.913
2024-07-01 07:00,507.961
2024-07-01 08:00,593.946
2024-07-01 09:00,632.906
2024-07-01 10:00,634.910
2024-07-01 11:00,612.881
2024-07-01 12:00,529.512
2024-07-01 13:00,477.218
2024-07-01 14:00,417.674
2024-07-01 15:00,250.468
2024-07-01 16:00,149.931
2024-07-01 17:00,65.560
2024-07-01 18:00,27.593
2024-07-01 19:00,0
2024-07-01 20:00,0
2024-07-01 21:00,0
2024-07-01 22:00,0
2024-07-01 23:00,0
2024-07-02 00:00,0
2024-07-02 01:00,0
2024-07-02 02:00,8.060
2024-07-02 03:00,36.873
2024-07-02 04:00,91.965
2024-07-02 05:00,238.900
2024-07-02 06:00,391.905
2024-07-02 07:00,512.423
2024-07-02 08:00,609.628
2024-07-02 09:00,679.472
2024-07-02 10:00,663.328
2024-07-02 11:00,550.729
2024-07-02 12:00,497.992
2024-07-02 13:00,415.345
2024-07-02 14:00,339.835
2024-07-02 15:00,197.924
2024-07-02 16:00,120.179
2024-07-02 17:00,64.110
2024-07-02 18:00,19.877
2024-07-02 19:00,0
2024-07-02 20:00,0
2024-07-02 21:00,0
2024-07-02 22:00,0
2024-07-02 23:00,0
2024-07-03 00:00,0
2024-07-03 01:00,0
2024-07-03 02:00,3.585
2024-07-03 03:00,38.934
2024-07-03 04:00,89.606
2024-07-03 05:00,112.810
2024-07-03 06:00,106.227
2024-07-03 07:00,144.505
2024-07-03 08:00,186.250
2024-07-03 09:00,192.935
2024-07-03 10:00,254.781
2024-07-03 11:00,307.889
2024-07-03 12:00,317.306
2024-07-03 13:00,233.045
2024-07-03 14:00,258.576
2024-07-03 15:00,217.964
2024-07-03 16:00,160.434
2024-07-03 17:00,74.798
2024-07-03 18:00,27.422
2024-07-03 19:00,0
2024-07-03 20:00,0
2024-07-03 21:00,0
2024-07-03 22:00,0
2024-07-03 23:00,0
2024-07-04 00:00,0
2024-07-04 01:00,0
2024-07-04 02:00,7.779
2024-07-04 03:00,38.815
2024-07-04 04:00,95.279
2024-07-04 05:00,223.819
2024-07-04 06:00,377.530
2024-07-04 07:00,501.414
2024-07-04 08:00,591.035
2024-07-04 09:00,650.195
2024-07-04 10:00,642.281
2024-07-04 11:00,539.073
2024-07-04 12:00,399.109
2024-07-04 13:00,289.864
2024-07-04 14:00,151.515
2024-07-04 15:00,86.398
2024-07-04 16:00,72.767
2024-07-04 17:00,71.952
2024-07-04 18:00,27.937
2024-07-04 19:00,0
2024-07-04 20:00,0
2024-07-04 21:00,0
2024-07-04 22:00,0
2024-07-04 23:00,0
2024-07-05 00:00,0
2024-07-05 01:00,0
2024-07-05 02:00,7.513
2024-07-05 03:00,34.634
2024-07-05 04:00,89.219
2024-07-05 05:00,246.714
2024-07-05 06:00,403.581
2024-07-05 07:00,528.225
2024-07-05 08:00,611.715
2024-07-05 09:00,660.596
2024-07-05 10:00,677.658
2024-07-05 11:00,657.576
2024-07-05 12:00,589.858
2024-07-05 13:00,456.889
2024-07-05 14:00,285.534
2024-07-05 15:00,137.432
2024-07-05 16:00,78.425
2024-07-05 17:00,52.383
2024-07-05 18:00,23.292
2024-07-05 19:00,0
2024-07-05 20:00,0
2024-07-05 21:00,0
2024-07-05 22:00,0
2024-07-05 23:00,0
2024-07-06 00:00,0
2024-07-06 01:00,0
2024-07-06 02:00,0
2024-07-06 03:00,22.631
2024-07-06 04:00,102.589
2024-07-06 05:00,228.114
2024-07-06 06:00,392.809
2024-07-06 07:00,527.693
2024-07-06 08:00,620.667
2024-07-06 09:00,663.965
2024-07-06 10:00,566.440
2024-07-06 11:00,409.962
2024-07-06 12:00,344.297
2024-07-06 13:00,381.168
2024-07-06 14:00,304.210
2024-07-06 15:00,142.148
2024-07-06 16:00,41.914
2024-07-06 17:00,12.623
2024-07-06 18:00,1.706
2024-07-06 19:00,0
2024-07-06 20:00,0
2024-07-06 21:00,0
2024-07-06 22:00,0
2024-07-06 23:00,0
2024-07-07 00:00,0
2024-07-07 01:00,0
2024-07-07 02:00,0
2024-07-07 03:00,6.955
2024-07-07 04:00,84.378
2024-07-07 05:00,213.234
2024-07-07 06:00,396.943
2024-07-07 07:00,524.992
2024-07-07 08:00,621.245
2024-07-07 09:00,689.153
2024-07-07 10:00,716.053
2024-07-07 11:00,706.692
2024-07-07 12:00,666.709
2024-07-07 13:00,584.248
2024-07-07 14:00,469.163
2024-07-07 15:00,331.359
2024-07-07 16:00,181.816
2024-07-07 17:00,54.500
2024-07-07 18:00,23.991
2024-07-07 19:00,0
2024-07-07 20:00,0
2024-07-07 21:00,0
2024-07-07 22:00,0
2024-07-07 23:00,0
2024-07-08 00:00,0
2024-07-08 01:00,0
2024-07-08 02:00,1.644
2024-07-08 03:00,30.378
2024-07-08 04:00,97.861
2024-07-08 05:00,241.216
2024-07-08 06:00,399.539
2024-07-08 07:00,499.686
2024-07-08 08:00,437.822
2024-07-08 09:00,407.250
2024-07-08 10:00,491.495
2024-07-08 11:00,572.915
2024-07-08 12:00,522.845
2024-07-08 13:00,409.646
2024-07-08 14:00,241.140
2024-07-08 15:00,123.882
2024-07-08 16:00,61.376
2024-07-08 17:00,26.920
2024-07-08 18:00,5.113
2024-07-08 19:00,0
2024-07-08 20:00,0
2024-07-08 21:00,0
2024-07-08 22:00,0
2024-07-08 23:00,0
2024-07-09 00:00,0
2024-07-09 01:00,0
2024-07-09 02:00,4.626
2024-07-09 03:00,31.745
2024-07-09 04:00,81.867
2024-07-09 05:00,239.024
2024-07-09 06:00,401.093
2024-07-09 07:00,538.462
2024-07-09 08:00,641.834
2024-07-09 09:00,707.975
2024-07-09 10:00,734.295
2024-07-09 11:00,721.109
2024-07-09 12:00,657.291
2024-07-09 13:00,549.200
2024-07-09 14:00,385.578
2024-07-09 15:00,289.392
2024-07-09 16:00,153.544
2024-07-09 17:00,59.648
2024-07-09 18:00,22.886
2024-07-09 19:00,0
2024-07-09 20:00,0
2024-07-09 21:00,0
2024-07-09 22:00,0
2024-07-09 23:00,0
2024-07-10 00:00,0
2024-07-10 01:00,0
2024-07-10 02:00,3.250
2024-07-10 03:00,41.711
2024-07-10 04:00,96.656
2024-07-10 05:00,191.433
2024-07-10 06:00,278.559
2024-07-10 07:00,334.469
2024-07-10 08:00,336.282
2024-07-10 09:00,318.350
2024-07-10 10:00,280.906
2024-07-10 11:00,243.504
2024-07-10 12:00,229.357
2024-07-10 13:00,230.586
2024-07-10 14:00,229.654
2024-07-10 15:00,202.824
2024-07-10 16:00,143.321
2024-07-10 17:00,62.594
2024-07-10 18:00,12.047
2024-07-10 19:00,0
2024-07-10 20:00,0
2024-07-10 21:00,0
2024-07-10 22:00,0
2024-07-10 23:00,0
2024-07-11 00:00,0
2024-07-11 01:00,0
2024-07-11 02:00,0
2024-07-11 03:00,2.260
2024-07-11 04:00,22.079
2024-07-11 05:00,64.671
2024-07-11 06:00,99.029
2024-07-11 07:00,134.699
2024-07-11 08:00,158.089
2024-07-11 09:00,191.442
2024-07-11 10:00,247.827
2024-07-11 11:00,320.085
2024-07-11 12:00,272.572
2024-07-11 13:00,201.946
2024-07-11 14:00,160.910
2024-07-11 15:00,105.976
2024-07-11 16:00,68.935
2024-07-11 17:00,43.422
2024-07-11 18:00,14.976
2024-07-11 19:00,0
2024-07-11 20:00,0
2024-07-11 21:00,0
2024-07-11 22:00,0
2024-07-11 23:00,0
2024-07-12 00:00,0
2024-07-12 01:00,0
2024-07-12 02:00,0.043
2024-07-12 03:00,33.493
2024-07-12 04:00,87.801
2024-07-12 05:00,205.760
2024-07-12 06:00,347.482
2024-07-12 07:00,480.317
2024-07-12 08:00,582.693
2024-07-12 09:00,641.892
2024-07-12 10:00,647.223
2024-07-12 11:00,589.027
2024-07-12 12:00,472.923
2024-07-12 13:00,341.095
2024-07-12 14:00,287.461
2024-07-12 15:00,243.615
2024-07-12 16:00,133.189
2024-07-12 17:00,56.283
2024-07-12 18:00,18.967
2024-07-12 19:00,0
2024-07-12 20:00,0
2024-07-12 21:00,0
2024-07-12 22:00,0
2024-07-12 23:00,0
2024-07-13 00:00,0
2024-07-13 01:00,0
2024-07-13 02:00,2.916
2024-07-13 03:00,41.332
2024-07-13 04:00,97.912
2024-07-13 05:00,186.057
2024-07-13 06:00,222.357
2024-07-13 07:00,281.004
2024-07-13 08:00,307.694
2024-07-13 09:00,273.724
2024-07-13 10:00,203.682
2024-07-13 11:00,190.308
2024-07-13 12:00,179.812
2024-07-13 13:00,145.476
2024-07-13 14:00,103.672
2024-07-13 15:00,66.096
2024-07-13 16:00,36.603
2024-07-13 17:00,13.078
2024-07-13 18:00,0
2024-07-13 19:00,0
2024-07-13 20:00,0
2024-07-13 21:00,0
2024-07-13 22:00,0
2024-07-13 23:00,0
2024-07-14 00:00,0
2024-07-14 01:00,0
2024-07-14 02:00,0
2024-07-14 03:00,21.051
2024-07-14 04:00,73.368
2024-07-14 05:00,143.357
2024-07-14 06:00,216.891
2024-07-14 07:00,300.431
2024-07-14 08:00,356.476
2024-07-14 09:00,301.711
2024-07-14 10:00,369.587
2024-07-14 11:00,519.032
2024-07-14 12:00,442.019
2024-07-14 13:00,408.755
2024-07-14 14:00,340.181
2024-07-14 15:00,249.321
2024-07-14 16:00,167.435
2024-07-14 17:00,60.299
2024-07-14 18:00,22.633
2024-07-14 19:00,0
2024-07-14 20:00,0
2024-07-14 21:00,0
2024-07-14 22:00,0
2024-07-14 23:00,0
2024-07-15 00:00,0
2024-07-15 01:00,0
2024-07-15 02:00,0.949
2024-07-15 03:00,36.684
2024-07-15 04:00,89.498
2024-07-15 05:00,215.114
2024-07-15 06:00,360.050
2024-07-15 07:00,499.162
2024-07-15 08:00,594.002
2024-07-15 09:00,586.927
2024-07-15 10:00,495.735
2024-07-15 11:00,422.903
2024-07-15 12:00,406.428
2024-07-15 13:00,277.159
2024-07-15 14:00,154.055
2024-07-15 15:00,90.057
2024-07-15 16:00,43.929
2024-07-15 17:00,14.104
2024-07-15 18:00,0
2024-07-15 19:00,0
2024-07-15 20:00,0
2024-07-15 21:00,0
2024-07-15 22:00,0
2024-07-15 23:00,0
2024-07-16 00:00,0
2024-07-16 01:00,0
2024-07-16 02:00,1.255
2024-07-16 03:00,33.887
2024-07-16 04:00,82.731
2024-07-16 05:00,226.658
2024-07-16 06:00,380.569
2024-07-16 07:00,500.257
2024-07-16 08:00,558.788
2024-07-16 09:00,622.871
2024-07-16 10:00,671.957
2024-07-16 11:00,582.866
2024-07-16 12:00,303.039
2024-07-16 13:00,173.166
2024-07-16 14:00,124.379
2024-07-16 15:00,76.215
2024-07-16 16:00,39.510
2024-07-16 17:00,17.284
2024-07-16 18:00,2.229
2024-07-16 19:00,0
2024-07-16 20:00,0
2024-07-16 21:00,0
2024-07-16 22:00,0
2024-07-16 23:00,0
2024-07-17 00:00,0
2024-07-17 01:00,0
2024-07-17 02:00,0
2024-07-17 03:00,23.313
2024-07-17 04:00,78.969
2024-07-17 05:00,193.001
2024-07-17 06:00,339.343
2024-07-17 07:00,470.711
2024-07-17 08:00,547.747
2024-07-17 09:00,563.172
2024-07-17 10:00,561.336
2024-07-17 11:00,487.804
2024-07-17 12:00,441.502
2024-07-17 13:00,400.082
2024-07-17 14:00,346.068
2024-07-17 15:00,256.746
2024-07-17 16:00,162.233
2024-07-17 17:00,59.432
2024-07-17 18:00,16.741
2024-07-17 19:00,0
2024-07-17 20:00,0
2024-07-17 21:00,0
2024-07-17 22:00,0
2024-07-17 23:00,0
2024-07-18 00:00,0
2024-07-18 01:00,0
2024-07-18 02:00,0
2024-07-18 03:00,21.615
2024-07-18 04:00,55.897
2024-07-18 05:00,167.308
2024-07-18 06:00,309.645
2024-07-18 07:00,427.744
2024-07-18 08:00,426.209
2024-07-18 09:00,367.736
2024-07-18 10:00,321.320
2024-07-18 11:00,387.111
2024-07-18 12:00,437.795
2024-07-18 13:00,369.291
2024-07-18 14:00,308.189
2024-07-18 15:00,224.907
2024-07-18 16:00,149.511
2024-07-18 17:00,60.575
2024-07-18 18:00,17.705
2024-07-18 19:00,0
2024-07-18 20:00,0
2024-07-18 21:00,0
2024-07-18 22:00,0
2024-07-18 23:00,0
2024-07-19 00:00,0
2024-07-19 01:00,0
2024-07-19 02:00,0
2024-07-19 03:00,26.309
2024-07-19 04:00,70.575
2024-07-19 05:00,221.932
2024-07-19 06:00,380.993
2024-07-19 07:00,518.022
2024-07-19 08:00,620.429
2024-07-19 09:00,683.749
2024-07-19 10:00,711.222
2024-07-19 11:00,695.267
2024-07-19 12:00,638.233
2024-07-19 13:00,483.546
2024-07-19 14:00,342.784
2024-07-19 15:00,203.770
2024-07-19 16:00,121.850
2024-07-19 17:00,53.955
2024-07-19 18:00,15.826
2024-07-19 19:00,0
2024-07-19 20:00,0
2024-07-19 21:00,0
2024-07-19 22:00,0
2024-07-19 23:00,0
2024-07-20 00:00,0
2024-07-20 01:00,0
2024-07-20 02:00,0
2024-07-20 03:00,25.568
2024-07-20 04:00,69.016
2024-07-20 05:00,218.874
2024-07-20 06:00,376.440
2024-07-20 07:00,512.271
2024-07-20 08:00,613.690
2024-07-20 09:00,676.069
2024-07-20 10:00,693.510
2024-07-20 11:00,654.904
2024-07-20 12:00,535.575
2024-07-20 13:00,347.358
2024-07-20 14:00,332.226
2024-07-20 15:00,243.325
2024-07-20 16:00,156.072
2024-07-20 17:00,47.333
2024-07-20 18:00,15.099
2024-07-20 19:00,0
2024-07-20 20:00,0
2024-07-20 21:00,0
2024-07-20 22:00,0
2024-07-20 23:00,0
2024-07-21 00:00,0
2024-07-21 01:00,0
2024-07-21 02:00,0
2024-07-21 03:00,24.927
2024-07-21 04:00,68.150
2024-07-21 05:00,213.664
2024-07-21 06:00,371.373
2024-07-21 07:00,505.374
2024-07-21 08:00,607.262
2024-07-21 09:00,669.632
2024-07-21 10:00,686.322
2024-07-21 11:00,670.831
2024-07-21 12:00,600.814
2024-07-21 13:00,509.890
2024-07-21 14:00,368.278
2024-07-21 15:00,269.281
2024-07-21 16:00,153.571
2024-07-21 17:00,46.149
2024-07-21 18:00,14.017
2024-07-21 19:00,0
2024-07-21 20:00,0
2024-07-21 21:00,0
2024-07-21 22:00,0
2024-07-21 23:00,0
2024-07-22 00:00,0
2024-07-22 01:00,0
2024-07-22 02:00,0
2024-07-22 03:00,25.740
2024-07-22 04:00,72.472
2024-07-22 05:00,149.108
2024-07-22 06:00,248.909
2024-07-22 07:00,351.846
2024-07-22 08:00,461.816
2024-07-22 09:00,572.204
2024-07-22 10:00,626.963
2024-07-22 11:00,635.072
2024-07-22 12:00,567.963
2024-07-22 13:00,442.593
2024-07-22 14:00,307.284
2024-07-22 15:00,184.028
2024-07-22 16:00,96.240
2024-07-22 17:00,40.944
2024-07-22 18:00,7.281
2024-07-22 19:00,0
2024-07-22 20:00,0
2024-07-22 21:00,0
2024-07-22 22:00,0
2024-07-22 23:00,0
2024-07-23 00:00,0
2024-07-23 01:00,0
2024-07-23 02:00,0
2024-07-23 03:00,3.990
2024-07-23 04:00,22.281
2024-07-23 05:00,44.591
2024-07-23 06:00,67.512
2024-07-23 07:00,99.327
2024-07-23 08:00,134.388
2024-07-23 09:00,160.482
2024-07-23 10:00,196.504
2024-07-23 11:00,229.604
2024-07-23 12:00,240.628
2024-07-23 13:00,248.807
2024-07-23 14:00,243.592
2024-07-23 15:00,208.882
2024-07-23 16:00,143.058
2024-07-23 17:00,58.251
2024-07-23 18:00,13.962
2024-07-23 19:00,0
2024-07-23 20:00,0
2024-07-23 21:00,0
2024-07-23 22:00,0
2024-07-23 23:00,0
2024-07-24 00:00,0
2024-07-24 01:00,0
2024-07-24 02:00,0
2024-07-24 03:00,26.674
2024-07-24 04:00,72.557
2024-07-24 05:00,201.242
2024-07-24 06:00,340.468
2024-07-24 07:00,453.261
2024-07-24 08:00,529.381
2024-07-24 09:00,559.856
2024-07-24 10:00,561.394
2024-07-24 11:00,541.960
2024-07-24 12:00,409.780
2024-07-24 13:00,319.699
2024-07-24 14:00,250.184
2024-07-24 15:00,159.524
2024-07-24 16:00,124.147
2024-07-24 17:00,51.377
2024-07-24 18:00,10.743
2024-07-24 19:00,0
2024-07-24 20:00,0
2024-07-24 21:00,0
2024-07-24 22:00,0
2024-07-24 23:00,0
2024-07-25 00:00,0
2024-07-25 01:00,0
2024-07-25 02:00,0
2024-07-25 03:00,24.943
2024-07-25 04:00,72.163
2024-07-25 05:00,173.311
2024-07-25 06:00,298.960
2024-07-25 07:00,444.233
2024-07-25 08:00,546.583
2024-07-25 09:00,615.221
2024-07-25 10:00,611.141
2024-07-25 11:00,578.509
2024-07-25 12:00,537.803
2024-07-25 13:00,485.464
2024-07-25 14:00,354.778
2024-07-25 15:00,260.128
2024-07-25 16:00,144.679
2024-07-25 17:00,46.952
2024-07-25 18:00,10.457
2024-07-25 19:00,0
2024-07-25 20:00,0
2024-07-25 21:00,0
2024-07-25 22:00,0
2024-07-25 23:00,0
2024-07-26 00:00,0
2024-07-26 01:00,0
2024-07-26 02:00,0
2024-07-26 03:00,24.611
2024-07-26 04:00,68.283
2024-07-26 05:00,207.041
2024-07-26 06:00,358.185
2024-07-26 07:00,489.733
2024-07-26 08:00,590.600
2024-07-26 09:00,655.426
2024-07-26 10:00,670.219
2024-07-26 11:00,645.368
2024-07-26 12:00,540.672
2024-07-26 13:00,355.539
2024-07-26 14:00,199.511
2024-07-26 15:00,114.159
2024-07-26 16:00,68.750
2024-07-26 17:00,32.203
2024-07-26 18:00,3.669
2024-07-26 19:00,0
2024-07-26 20:00,0
2024-07-26 21:00,0
2024-07-26 22:00,0
2024-07-26 23:00,0
2024-07-27 00:00,0
2024-07-27 01:00,0
2024-07-27 02:00,0
2024-07-27 03:00,13.465
2024-07-27 04:00,66.364
2024-07-27 05:00,152.924
2024-07-27 06:00,232.152
2024-07-27 07:00,229.563
2024-07-27 08:00,249.998
2024-07-27 09:00,354.433
2024-07-27 10:00,481.646
2024-07-27 11:00,413.907
2024-07-27 12:00,399.989
2024-07-27 13:00,355.899
2024-07-27 14:00,343.971
2024-07-27 15:00,227.757
2024-07-27 16:00,138.252
2024-07-27 17:00,48.978
2024-07-27 18:00,10.166
2024-07-27 19:00,0
2024-07-27 20:00,0
2024-07-27 21:00,0
2024-07-27 22:00,0
2024-07-27 23:00,0
2024-07-28 00:00,0
2024-07-28 01:00,0
2024-07-28 02:00,0
2024-07-28 03:00,24.644
2024-07-28 04:00,72.086
2024-07-28 05:00,155.672
2024-07-28 06:00,228.242
2024-07-28 07:00,281.090
2024-07-28 08:00,323.859
2024-07-28 09:00,465.546
2024-07-28 10:00,595.215
2024-07-28 11:00,383.324
2024-07-28 12:00,282.663
2024-07-28 13:00,193.601
2024-07-28 14:00,149.555
2024-07-28 15:00,103.106
2024-07-28 16:00,56.373
2024-07-28 17:00,26.007
2024-07-28 18:00,2.483
2024-07-28 19:00,0
2024-07-28 20:00,0
2024-07-28 21:00,0
2024-07-28 22:00,0
2024-07-28 23:00,0
2024-07-29 00:00,0
2024-07-29 01:00,0
2024-07-29 02:00,0
2024-07-29 03:00,20.603
2024-07-29 04:00,65.955
2024-07-29 05:00,195.955
2024-07-29 06:00,363.520
2024-07-29 07:00,498.053
2024-07-29 08:00,600.605
2024-07-29 09:00,628.819
2024-07-29 10:00,669.384
2024-07-29 11:00,655.605
2024-07-29 12:00,559.478
2024-07-29 13:00,461.303
2024-07-29 14:00,342.923
2024-07-29 15:00,232.855
2024-07-29 16:00,128.206
2024-07-29 17:00,43.289
2024-07-29 18:00,6.741
2024-07-29 19:00,0
2024-07-29 20:00,0
2024-07-29 21:00,0
2024-07-29 22:00,0
2024-07-29 23:00,0
2024-07-30 00:00,0
2024-07-30 01:00,0
2024-07-30 02:00,0
2024-07-30 03:00,17.886
2024-07-30 04:00,55.451
2024-07-30 05:00,206.817
2024-07-30 06:00,369.564
2024-07-30 07:00,510.383
2024-07-30 08:00,615.988
2024-07-30 09:00,683.518
2024-07-30 10:00,712.326
2024-07-30 11:00,703.521
2024-07-30 12:00,657.616
2024-07-30 13:00,574.395
2024-07-30 14:00,455.548
2024-07-30 15:00,303.092
2024-07-30 16:00,146.503
2024-07-30 17:00,36.301
2024-07-30 18:00,5.238
2024-07-30 19:00,0
2024-07-30 20:00,0
2024-07-30 21:00,0
2024-07-30 22:00,0
2024-07-30 23:00,0
2024-07-31 00:00,0
2024-07-31 01:00,0
2024-07-31 02:00,0
2024-07-31 03:00,19.341
2024-07-31 04:00,63.565
2024-07-31 05:00,169.455
2024-07-31 06:00,308.127
2024-07-31 07:00,457.829
2024-07-31 08:00,553.495
2024-07-31 09:00,605.506
2024-07-31 10:00,623.433
2024-07-31 11:00,613.105
2024-07-31 12:00,572.532
2024-07-31 13:00,493.596
2024-07-31 14:00,364.114
2024-07-31 15:00,265.737
2024-07-31 16:00,136.483
2024-07-31 17:00,41.245
2024-07-31 18:00,3.635
2024-07-31 19:00,0
2024-07-31 20:00,0
2024-07-31 21:00,0
2024-07-31 22:00,0
2024-07-31 23:00,0
2024-08-01 00:00,0
2024-08-01 01:00,0
2024-08-01 02:00,0
2024-08-01 03:00,16.275
2024-08-01 04:00,59.100
2024-08-01 05:00,201.686
2024-08-01 06:00,368.665
2024-08-01 07:00,511.231
2024-08-01 08:00,618.182
2024-08-01 09:00,679.858
2024-08-01 10:00,692.175
2024-08-01 11:00,681.093
2024-08-01 12:00,605.041
2024-08-01 13:00,471.905
2024-08-01 14:00,343.655
2024-08-01 15:00,240.241
2024-08-01 16:00,137.591
2024-08-01 17:00,36.374
2024-08-01 18:00,3.912
2024-08-01 19:00,0
2024-08-01 20:00,0
2024-08-01 21:00,0
2024-08-01 22:00,0
2024-08-01 23:00,0
2024-08-02 00:00,0
2024-08-02 01:00,0
2024-08-02 02:00,0
2024-08-02 03:00,16.672
2024-08-02 04:00,55.948
2024-08-02 05:00,198.363
2024-08-02 06:00,336.001
2024-08-02 07:00,468.220
2024-08-02 08:00,595.111
2024-08-02 09:00,675.860
2024-08-02 10:00,704.798
2024-08-02 11:00,684.480
2024-08-02 12:00,585.248
2024-08-02 13:00,477.446
2024-08-02 14:00,263.678
2024-08-02 15:00,224.514
2024-08-02 16:00,128.005
2024-08-02 17:00,37.760
2024-08-02 18:00,0.372
2024-08-02 19:00,0
2024-08-02 20:00,0
2024-08-02 21:00,0
2024-08-02 22:00,0
2024-08-02 23:00,0
2024-08-03 00:00,0
2024-08-03 01:00,0
2024-08-03 02:00,0
2024-08-03 03:00,15.108
2024-08-03 04:00,60.420
2024-08-03 05:00,165.724
2024-08-03 06:00,305.649
2024-08-03 07:00,464.667
2024-08-03 08:00,573.324
2024-08-03 09:00,632.923
2024-08-03 10:00,645.734
2024-08-03 11:00,628.318
2024-08-03 12:00,575.449
2024-08-03 13:00,456.724
2024-08-03 14:00,309.256
2024-08-03 15:00,228.715
2024-08-03 16:00,127.438
2024-08-03 17:00,38.123
2024-08-03 18:00,0.357
2024-08-03 19:00,0
2024-08-03 20:00,0
2024-08-03 21:00,0
2024-08-03 22:00,0
2024-08-03 23:00,0
2024-08-04 00:00,0
2024-08-04 01:00,0
2024-08-04 02:00,0
2024-08-04 03:00,9.838
2024-08-04 04:00,53.591
2024-08-04 05:00,126.357
2024-08-04 06:00,201.784
2024-08-04 07:00,159.834
2024-08-04 08:00,182.921
2024-08-04 09:00,220.012
2024-08-04 10:00,222.122
2024-08-04 11:00,227.643
2024-08-04 12:00,212.083
2024-08-04 13:00,177.368
2024-08-04 14:00,148.690
2024-08-04 15:00,95.803
2024-08-04 16:00,76.316
2024-08-04 17:00,34.551
2024-08-04 18:00,0.206
2024-08-04 19:00,0
2024-08-04 20:00,0
2024-08-04 21:00,0
2024-08-04 22:00,0
2024-08-04 23:00,0
2024-08-05 00:00,0
2024-08-05 01:00,0
2024-08-05 02:00,0
2024-08-05 03:00,12.649
2024-08-05 04:00,50.242
2024-08-05 05:00,189.488
2024-08-05 06:00,344.849
2024-08-05 07:00,483.446
2024-08-05 08:00,589.095
2024-08-05 09:00,658.183
2024-08-05 10:00,685.554
2024-08-05 11:00,672.862
2024-08-05 12:00,611.833
2024-08-05 13:00,535.916
2024-08-05 14:00,361.213
2024-08-05 15:00,253.541
2024-08-05 16:00,124.839
2024-08-05 17:00,33.097
2024-08-05 18:00,0
2024-08-05 19:00,0
2024-08-05 20:00,0
2024-08-05 21:00,0
2024-08-05 22:00,0
2024-08-05 23:00,0
2024-08-06 00:00,0
2024-08-06 01:00,0
2024-08-06 02:00,0
2024-08-06 03:00,11.246
2024-08-06 04:00,46.598
2024-08-06 05:00,192.301
2024-08-06 06:00,353.534
2024-08-06 07:00,489.640
2024-08-06 08:00,588.216
2024-08-06 09:00,651.713
2024-08-06 10:00,680.450
2024-08-06 11:00,677.039
2024-08-06 12:00,634.452
2024-08-06 13:00,547.647
2024-08-06 14:00,422.649
2024-08-06 15:00,259.879
2024-08-06 16:00,110.852
2024-08-06 17:00,31.884
2024-08-06 18:00,0
2024-08-06 19:00,0
2024-08-06 20:00,0
2024-08-06 21:00,0
2024-08-06 22:00,0
2024-08-06 23:00,0
2024-08-07 00:00,0
2024-08-07 01:00,0
2024-08-07 02:00,0
2024-08-07 03:00,9.697
2024-08-07 04:00,49.908
2024-08-07 05:00,180.684
2024-08-07 06:00,331.311
2024-08-07 07:00,450.896
2024-08-07 08:00,535.683
2024-08-07 09:00,591.351
2024-08-07 10:00,615.982
2024-08-07 11:00,626.067
2024-08-07 12:00,605.786
2024-08-07 13:00,516.364
2024-08-07 14:00,411.314
2024-08-07 15:00,275.278
2024-08-07 16:00,130.658
2024-08-07 17:00,29.530
2024-08-07 18:00,0
2024-08-07 19:00,0
2024-08-07 20:00,0
2024-08-07 21:00,0
2024-08-07 22:00,0
2024-08-07 23:00,0
2024-08-08 00:00,0
2024-08-08 01:00,0
2024-08-08 02:00,0
2024-08-08 03:00,0.809
2024-08-08 04:00,29.818
2024-08-08 05:00,86.351
2024-08-08 06:00,176.106
2024-08-08 07:00,291.104
2024-08-08 08:00,394.500
2024-08-08 09:00,468.570
2024-08-08 10:00,484.741
2024-08-08 11:00,487.827
2024-08-08 12:00,415.798
2024-08-08 13:00,286.384
2024-08-08 14:00,168.208
2024-08-08 15:00,87.086
2024-08-08 16:00,36.977
2024-08-08 17:00,5.962
2024-08-08 18:00,0
2024-08-08 19:00,0
2024-08-08 20:00,0
2024-08-08 21:00,0
2024-08-08 22:00,0
2024-08-08 23:00,0
2024-08-09 00:00,0
2024-08-09 01:00,0
2024-08-09 02:00,0
2024-08-09 03:00,5.416
2024-08-09 04:00,40.292
2024-08-09 05:00,76.007
2024-08-09 06:00,117.915
2024-08-09 07:00,181.946
2024-08-09 08:00,368.855
2024-08-09 09:00,651.622
2024-08-09 10:00,663.760
2024-08-09 11:00,491.025
2024-08-09 12:00,183.269
2024-08-09 13:00,179.529
2024-08-09 14:00,262.946
2024-08-09 15:00,72.720
2024-08-09 16:00,13.793
2024-08-09 17:00,0
2024-08-09 18:00,0
2024-08-09 19:00,0
2024-08-09 20:00,0
2024-08-09 21:00,0
2024-08-09 22:00,0
2024-08-09 23:00,0
2024-08-10 00:00,0
2024-08-10 01:00,0
2024-08-10 02:00,0
2024-08-10 03:00,7.394
2024-08-10 04:00,45.119
2024-08-10 05:00,186.612
2024-08-10 06:00,350.645
2024-08-10 07:00,498.443
2024-08-10 08:00,601.436
2024-08-10 09:00,656.984
2024-08-10 10:00,656.916
2024-08-10 11:00,611.991
2024-08-10 12:00,525.114
2024-08-10 13:00,343.304
2024-08-10 14:00,193.669
2024-08-10 15:00,178.285
2024-08-10 16:00,107.818
2024-08-10 17:00,27.806
2024-08-10 18:00,0
2024-08-10 19:00,0
2024-08-10 20:00,0
2024-08-10 21:00,0
2024-08-10 22:00,0
2024-08-10 23:00,0
2024-08-11 00:00,0
2024-08-11 01:00,0
2024-08-11 02:00,0
2024-08-11 03:00,5.917
2024-08-11 04:00,42.821
2024-08-11 05:00,178.928
2024-08-11 06:00,326.542
2024-08-11 07:00,489.068
2024-08-11 08:00,605.048
2024-08-11 09:00,678.969
2024-08-11 10:00,711.144
2024-08-11 11:00,694.284
2024-08-11 12:00,501.201
2024-08-11 13:00,403.809
2024-08-11 14:00,382.362
2024-08-11 15:00,266.867
2024-08-11 16:00,121.981
2024-08-11 17:00,26.754
2024-08-11 18:00,0
2024-08-11 19:00,0
2024-08-11 20:00,0
2024-08-11 21:00,0
2024-08-11 22:00,0
2024-08-11 23:00,0
2024-08-12 00:00,0
2024-08-12 01:00,0
2024-08-12 02:00,0
2024-08-12 03:00,4.798
2024-08-12 04:00,36.642
2024-08-12 05:00,192.918
2024-08-12 06:00,363.464
2024-08-12 07:00,508.902
2024-08-12 08:00,611.594
2024-08-12 09:00,673.845
2024-08-12 10:00,678.677
2024-08-12 11:00,605.958
2024-08-12 12:00,615.358
2024-08-12 13:00,534.666
2024-08-12 14:00,340.755
2024-08-12 15:00,196.055
2024-08-12 16:00,109.987
2024-08-12 17:00,25.231
2024-08-12 18:00,0
2024-08-12 19:00,0
2024-08-12 20:00,0
2024-08-12 21:00,0
2024-08-12 22:00,0
2024-08-12 23:00,0
2024-08-13 00:00,0
2024-08-13 01:00,0
2024-08-13 02:00,0
2024-08-13 03:00,3.087
2024-08-13 04:00,38.962
2024-08-13 05:00,183.106
2024-08-13 06:00,342.364
2024-08-13 07:00,481.648
2024-08-13 08:00,590.470
2024-08-13 09:00,658.879
2024-08-13 10:00,682.851
2024-08-13 11:00,645.223
2024-08-13 12:00,532.241
2024-08-13 13:00,430.352
2024-08-13 14:00,287.274
2024-08-13 15:00,153.164
2024-08-13 16:00,71.821
2024-08-13 17:00,16.192
2024-08-13 18:00,0
2024-08-13 19:00,0
2024-08-13 20:00,0
2024-08-13 21:00,0
2024-08-13 22:00,0
2024-08-13 23:00,0
2024-08-14 00:00,0
2024-08-14 01:00,0
2024-08-14 02:00,0
2024-08-14 03:00,0.834
2024-08-14 04:00,45.979
2024-08-14 05:00,133.145
2024-08-14 06:00,178.182
2024-08-14 07:00,182.721
2024-08-14 08:00,214.962
2024-08-14 09:00,290.853
2024-08-14 10:00,416.594
2024-08-14 11:00,509.980
2024-08-14 12:00,456.384
2024-08-14 13:00,352.468
2024-08-14 14:00,257.570
2024-08-14 15:00,178.041
2024-08-14 16:00,86.463
2024-08-14 17:00,17.742
2024-08-14 18:00,0
2024-08-14 19:00,0
2024-08-14 20:00,0
2024-08-14 21:00,0
2024-08-14 22:00,0
2024-08-14 23:00,0
2024-08-15 00:00,0
2024-08-15 01:00,0
2024-08-15 02:00,0
2024-08-15 03:00,0.329
2024-08-15 04:00,42.050
2024-08-15 05:00,120.807
2024-08-15 06:00,148.610
2024-08-15 07:00,166.557
2024-08-15 08:00,203.995
2024-08-15 09:00,231.464
2024-08-15 10:00,278.883
2024-08-15 11:00,377.510
2024-08-15 12:00,422.018
2024-08-15 13:00,400.012
2024-08-15 14:00,341.417
2024-08-15 15:00,235.475
2024-08-15 16:00,112.812
2024-08-15 17:00,23.388
2024-08-15 18:00,0
2024-08-15 19:00,0
2024-08-15 20:00,0
2024-08-15 21:00,0
2024-08-15 22:00,0
2024-08-15 23:00,0
2024-08-16 00:00,0
2024-08-16 01:00,0
2024-08-16 02:00,0
2024-08-16 03:00,0
2024-08-16 04:00,4.807
2024-08-16 05:00,23.590
2024-08-16 06:00,55.248
2024-08-16 07:00,102.456
2024-08-16 08:00,167.876
2024-08-16 09:00,245.954
2024-08-16 10:00,322.336
2024-08-16 11:00,371.267
2024-08-16 12:00,355.387
2024-08-16 13:00,293.292
2024-08-16 14:00,248.835
2024-08-16 15:00,180.105
2024-08-16 16:00,103.583
2024-08-16 17:00,23.897
2024-08-16 18:00,0
2024-08-16 19:00,0
2024-08-16 20:00,0
2024-08-16 21:00,0
2024-08-16 22:00,0
2024-08-16 23:00,0
2024-08-17 00:00,0
2024-08-17 01:00,0
2024-08-17 02:00,0
2024-08-17 03:00,0
2024-08-17 04:00,32.902
2024-08-17 05:00,159.388
2024-08-17 06:00,306.517
2024-08-17 07:00,431.849
2024-08-17 08:00,435.979
2024-08-17 09:00,374.725
2024-08-17 10:00,542.783
2024-08-17 11:00,706.291
2024-08-17 12:00,657.624
2024-08-17 13:00,563.498
2024-08-17 14:00,429.421
2024-08-17 15:00,266.558
2024-08-17 16:00,108.127
2024-08-17 17:00,17.754
2024-08-17 18:00,0
2024-08-17 19:00,0
2024-08-17 20:00,0
2024-08-17 21:00,0
2024-08-17 22:00,0
2024-08-17 23:00,0
2024-08-18 00:00,0
2024-08-18 01:00,0
2024-08-18 02:00,0
2024-08-18 03:00,0
2024-08-18 04:00,36.938
2024-08-18 05:00,160.721
2024-08-18 06:00,306.522
2024-08-18 07:00,447.917
2024-08-18 08:00,567.043
2024-08-18 09:00,625.554
2024-08-18 10:00,636.877
2024-08-18 11:00,618.921
2024-08-18 12:00,554.939
2024-08-18 13:00,295.996
2024-08-18 14:00,119.525
2024-08-18 15:00,50.846
2024-08-18 16:00,26.451
2024-08-18 17:00,4.344
2024-08-18 18:00,0
2024-08-18 19:00,0
2024-08-18 20:00,0
2024-08-18 21:00,0
2024-08-18 22:00,0
2024-08-18 23:00,0
2024-08-19 00:00,0
2024-08-19 01:00,0
2024-08-19 02:00,0
2024-08-19 03:00,0
2024-08-19 04:00,31.047
2024-08-19 05:00,161.131
2024-08-19 06:00,332.475
2024-08-19 07:00,485.136
2024-08-19 08:00,600.889
2024-08-19 09:00,675.173
2024-08-19 10:00,701.454
2024-08-19 11:00,693.733
2024-08-19 12:00,649.509
2024-08-19 13:00,560.716
2024-08-19 14:00,433.055
2024-08-19 15:00,274.749
2024-08-19 16:00,110.732
2024-08-19 17:00,14.573
2024-08-19 18:00,0
2024-08-19 19:00,0
2024-08-19 20:00,0
2024-08-19 21:00,0
2024-08-19 22:00,0
2024-08-19 23:00,0
2024-08-20 00:00,0
2024-08-20 01:00,0
2024-08-20 02:00,0
2024-08-20 03:00,0
2024-08-20 04:00,31.499
2024-08-20 05:00,162.989
2024-08-20 06:00,311.842
2024-08-20 07:00,447.280
2024-08-20 08:00,567.298
2024-08-20 09:00,636.413
2024-08-20 10:00,675.642
2024-08-20 11:00,671.094
2024-08-20 12:00,609.708
2024-08-20 13:00,517.062
2024-08-20 14:00,388.223
2024-08-20 15:00,236.215
2024-08-20 16:00,93.861
2024-08-20 17:00,13.581
2024-08-20 18:00,0
2024-08-20 19:00,0
2024-08-20 20:00,0
2024-08-20 21:00,0
2024-08-20 22:00,0
2024-08-20 23:00,0
2024-08-21 00:00,0
2024-08-21 01:00,0
2024-08-21 02:00,0
2024-08-21 03:00,0
2024-08-21 04:00,27.796
2024-08-21 05:00,101.951
2024-08-21 06:00,219.495
2024-08-21 07:00,402.331
2024-08-21 08:00,544.913
2024-08-21 09:00,573.241
2024-08-21 10:00,491.432
2024-08-21 11:00,453.992
2024-08-21 12:00,341.262
2024-08-21 13:00,273.031
2024-08-21 14:00,168.791
2024-08-21 15:00,68.833
2024-08-21 16:00,16.429
2024-08-21 17:00,0
2024-08-21 18:00,0
2024-08-21 19:00,0
2024-08-21 20:00,0
2024-08-21 21:00,0
2024-08-21 22:00,0
2024-08-21 23:00,0
2024-08-22 00:00,0
2024-08-22 01:00,0
2024-08-22 02:00,0
2024-08-22 03:00,0
2024-08-22 04:00,23.179
2024-08-22 05:00,120.172
2024-08-22 06:00,298.157
2024-08-22 07:00,463.444
2024-08-22 08:00,585.842
2024-08-22 09:00,666.326
2024-08-22 10:00,699.809
2024-08-22 11:00,692.018
2024-08-22 12:00,643.443
2024-08-22 13:00,554.159
2024-08-22 14:00,425.088
2024-08-22 15:00,264.550
2024-08-22 16:00,98.571
2024-08-22 17:00,10.906
2024-08-22 18:00,0
2024-08-22 19:00,0
2024-08-22 20:00,0
2024-08-22 21:00,0
2024-08-22 22:00,0
2024-08-22 23:00,0
2024-08-23 00:00,0
2024-08-23 01:00,0
2024-08-23 02:00,0
2024-08-23 03:00,0
2024-08-23 04:00,24.905
2024-08-23 05:00,104.678
2024-08-23 06:00,228.264
2024-08-23 07:00,310.972
2024-08-23 08:00,411.008
2024-08-23 09:00,479.961
2024-08-23 10:00,467.570
2024-08-23 11:00,401.516
2024-08-23 12:00,347.615
2024-08-23 13:00,297.648
2024-08-23 14:00,143.865
2024-08-23 15:00,61.214
2024-08-23 16:00,26.916
2024-08-23 17:00,0.650
2024-08-23 18:00,0
2024-08-23 19:00,0
2024-08-23 20:00,0
2024-08-23 21:00,0
2024-08-23 22:00,0
2024-08-23 23:00,0
2024-08-24 00:00,0
2024-08-24 01:00,0
2024-08-24 02:00,0
2024-08-24 03:00,0
2024-08-24 04:00,16.401
2024-08-24 05:00,70.350
2024-08-24 06:00,274.565
2024-08-24 07:00,420.185
2024-08-24 08:00,558.715
2024-08-24 09:00,645.255
2024-08-24 10:00,669.411
2024-08-24 11:00,679.961
2024-08-24 12:00,619.954
2024-08-24 13:00,543.834
2024-08-24 14:00,410.641
2024-08-24 15:00,250.855
2024-08-24 16:00,95.558
2024-08-24 17:00,8.729
2024-08-24 18:00,0
2024-08-24 19:00,0
2024-08-24 20:00,0
2024-08-24 21:00,0
2024-08-24 22:00,0
2024-08-24 23:00,0
2024-08-25 00:00,0
2024-08-25 01:00,0
2024-08-25 02:00,0
2024-08-25 03:00,0
2024-08-25 04:00,24.746
2024-08-25 05:00,140.337
2024-08-25 06:00,279.198
2024-08-25 07:00,272.642
2024-08-25 08:00,264.200
2024-08-25 09:00,203.699
2024-08-25 10:00,264.846
2024-08-25 11:00,351.879
2024-08-25 12:00,350.978
2024-08-25 13:00,233.355
2024-08-25 14:00,271.482
2024-08-25 15:00,245.293
2024-08-25 16:00,91.658
2024-08-25 17:00,7.977
2024-08-25 18:00,0
2024-08-25 19:00,0
2024-08-25 20:00,0
2024-08-25 21:00,0
2024-08-25 22:00,0
2024-08-25 23:00,0
2024-08-26 00:00,0
2024-08-26 01:00,0
2024-08-26 02:00,0
2024-08-26 03:00,0
2024-08-26 04:00,18.880
2024-08-26 05:00,156.157
2024-08-26 06:00,327.947
2024-08-26 07:00,478.861
2024-08-26 08:00,590.025
2024-08-26 09:00,659.360
2024-08-26 10:00,681.596
2024-08-26 11:00,657.856
2024-08-26 12:00,598.644
2024-08-26 13:00,501.597
2024-08-26 14:00,371.304
2024-08-26 15:00,217.827
2024-08-26 16:00,76.929
2024-08-26 17:00,4.698
2024-08-26 18:00,0
2024-08-26 19:00,0
2024-08-26 20:00,0
2024-08-26 21:00,0
2024-08-26 22:00,0
2024-08-26 23:00,0
2024-08-27 00:00,0
2024-08-27 01:00,0
2024-08-27 02:00,0
2024-08-27 03:00,0
2024-08-27 04:00,20.741
2024-08-27 05:00,131.925
2024-08-27 06:00,291.335
2024-08-27 07:00,432.708
2024-08-27 08:00,474.192
2024-08-27 09:00,574.942
2024-08-27 10:00,630.816
2024-08-27 11:00,567.851
2024-08-27 12:00,388.471
2024-08-27 13:00,360.165
2024-08-27 14:00,275.000
2024-08-27 15:00,167.554
2024-08-27 16:00,66.409
2024-08-27 17:00,3.513
2024-08-27 18:00,0
2024-08-27 19:00,0
2024-08-27 20:00,0
2024-08-27 21:00,0
2024-08-27 22:00,0
2024-08-27 23:00,0
2024-08-28 00:00,0
2024-08-28 01:00,0
2024-08-28 02:00,0
2024-08-28 03:00,0
2024-08-28 04:00,8.372
2024-08-28 05:00,76.042
2024-08-28 06:00,222.288
2024-08-28 07:00,269.010
2024-08-28 08:00,311.531
2024-08-28 09:00,284.874
2024-08-28 10:00,312.814
2024-08-28 11:00,342.972
2024-08-28 12:00,277.827
2024-08-28 13:00,201.465
2024-08-28 14:00,168.530
2024-08-28 15:00,159.366
2024-08-28 16:00,66.444
2024-08-28 17:00,1.985
2024-08-28 18:00,0
2024-08-28 19:00,0
2024-08-28 20:00,0
2024-08-28 21:00,0
2024-08-28 22:00,0
2024-08-28 23:00,0
2024-08-29 00:00,0
2024-08-29 01:00,0
2024-08-29 02:00,0
2024-08-29 03:00,0
2024-08-29 04:00,16.111
2024-08-29 05:00,141.624
2024-08-29 06:00,307.363
2024-08-29 07:00,454.655
2024-08-29 08:00,564.229
2024-08-29 09:00,632.520
2024-08-29 10:00,658.995
2024-08-29 11:00,643.963
2024-08-29 12:00,583.075
2024-08-29 13:00,480.034
2024-08-29 14:00,326.806
2024-08-29 15:00,155.547
2024-08-29 16:00,35.961
2024-08-29 17:00,0
2024-08-29 18:00,0
2024-08-29 19:00,0
2024-08-29 20:00,0
2024-08-29 21:00,0
2024-08-29 22:00,0
2024-08-29 23:00,0
2024-08-30 00:00,0
2024-08-30 01:00,0
2024-08-30 02:00,0
2024-08-30 03:00,0
2024-08-30 04:00,13.592
2024-08-30 05:00,111.547
2024-08-30 06:00,245.677
2024-08-30 07:00,265.097
2024-08-30 08:00,202.738
2024-08-30 09:00,219.785
2024-08-30 10:00,193.788
2024-08-30 11:00,312.228
2024-08-30 12:00,302.270
2024-08-30 13:00,192.499
2024-08-30 14:00,105.138
2024-08-30 15:00,72.908
2024-08-30 16:00,32.079
2024-08-30 17:00,0
2024-08-30 18:00,0
2024-08-30 19:00,0
2024-08-30 20:00,0
2024-08-30 21:00,0
2024-08-30 22:00,0
2024-08-30 23:00,0
2024-08-31 00:00,0
2024-08-31 01:00,0
2024-08-31 02:00,0
2024-08-31 03:00,0
2024-08-31 04:00,15.042
2024-08-31 05:00,114.481
2024-08-31 06:00,227.381
2024-08-31 07:00,310.786
2024-08-31 08:00,299.654
2024-08-31 09:00,373.342
2024-08-31 10:00,438.830
2024-08-31 11:00,380.356
2024-08-31 12:00,248.518
2024-08-31 13:00,197.563
2024-08-31 14:00,149.733
2024-08-31 15:00,105.943
2024-08-31 16:00,55.283
2024-08-31 17:00,0
2024-08-31 18:00,0
2024-08-31 19:00,0
2024-08-31 20:00,0
2024-08-31 21:00,0
2024-08-31 22:00,0
2024-08-31 23:00,0
2024-09-01 00:00,0
2024-09-01 01:00,0
2024-09-01 02:00,0
2024-09-01 03:00,0
2024-09-01 04:00,13.514
2024-09-01 05:00,100.848
2024-09-01 06:00,202.233
2024-09-01 07:00,296.868
2024-09-01 08:00,398.614
2024-09-01 09:00,519.609
2024-09-01 10:00,630.979
2024-09-01 11:00,551.442
2024-09-01 12:00,384.688
2024-09-01 13:00,270.829
2024-09-01 14:00,106.999
2024-09-01 15:00,49.025
2024-09-01 16:00,12.354
2024-09-01 17:00,0
2024-09-01 18:00,0
2024-09-01 19:00,0
2024-09-01 20:00,0
2024-09-01 21:00,0
2024-09-01 22:00,0
2024-09-01 23:00,0
2024-09-02 00:00,0
2024-09-02 01:00,0
2024-09-02 02:00,0
2024-09-02 03:00,0
2024-09-02 04:00,0
2024-09-02 05:00,30.117
2024-09-02 06:00,78.832
2024-09-02 07:00,127.478
2024-09-02 08:00,155.297
2024-09-02 09:00,173.802
2024-09-02 10:00,252.970
2024-09-02 11:00,360.765
2024-09-02 12:00,398.446
2024-09-02 13:00,351.238
2024-09-02 14:00,232.529
2024-09-02 15:00,125.522
2024-09-02 16:00,45.301
2024-09-02 17:00,0
2024-09-02 18:00,0
2024-09-02 19:00,0
2024-09-02 20:00,0
2024-09-02 21:00,0
2024-09-02 22:00,0
2024-09-02 23:00,0
2024-09-03 00:00,0
2024-09-03 01:00,0
2024-09-03 02:00,0
2024-09-03 03:00,0
2024-09-03 04:00,1.379
2024-09-03 05:00,38.190
2024-09-03 06:00,118.882
2024-09-03 07:00,215.397
2024-09-03 08:00,264.467
2024-09-03 09:00,343.302
2024-09-03 10:00,430.903
2024-09-03 11:00,445.710
2024-09-03 12:00,474.163
2024-09-03 13:00,477.212
2024-09-03 14:00,362.846
2024-09-03 15:00,205.289
2024-09-03 16:00,59.586
2024-09-03 17:00,0
2024-09-03 18:00,0
2024-09-03 19:00,0
2024-09-03 20:00,0
2024-09-03 21:00,0
2024-09-03 22:00,0
2024-09-03 23:00,0
2024-09-04 00:00,0
2024-09-04 01:00,0
2024-09-04 02:00,0
2024-09-04 03:00,0
2024-09-04 04:00,7.332
2024-09-04 05:00,111.048
2024-09-04 06:00,270.584
2024-09-04 07:00,419.564
2024-09-04 08:00,532.852
2024-09-04 09:00,601.213
2024-09-04 10:00,629.380
2024-09-04 11:00,617.161
2024-09-04 12:00,563.246
2024-09-04 13:00,471.731
2024-09-04 14:00,343.197
2024-09-04 15:00,190.469
2024-09-04 16:00,52.780
2024-09-04 17:00,0
2024-09-04 18:00,0
2024-09-04 19:00,0
2024-09-04 20:00,0
2024-09-04 21:00,0
2024-09-04 22:00,0
2024-09-04 23:00,0
2024-09-05 00:00,0
2024-09-05 01:00,0
2024-09-05 02:00,0
2024-09-05 03:00,0
2024-09-05 04:00,5.876
2024-09-05 05:00,112.605
2024-09-05 06:00,275.229
2024-09-05 07:00,425.936
2024-09-05 08:00,539.418
2024-09-05 09:00,608.162
2024-09-05 10:00,638.933
2024-09-05 11:00,629.055
2024-09-05 12:00,573.577
2024-09-05 13:00,482.690
2024-09-05 14:00,353.460
2024-09-05 15:00,197.217
2024-09-05 16:00,52.759
2024-09-05 17:00,0
2024-09-05 18:00,0
2024-09-05 19:00,0
2024-09-05 20:00,0
2024-09-05 21:00,0
2024-09-05 22:00,0
2024-09-05 23:00,0
2024-09-06 00:00,0
2024-09-06 01:00,0
2024-09-06 02:00,0
2024-09-06 03:00,0
2024-09-06 04:00,4.240
2024-09-06 05:00,105.321
2024-09-06 06:00,265.298
2024-09-06 07:00,417.537
2024-09-06 08:00,535.466
2024-09-06 09:00,618.595
2024-09-06 10:00,655.431
2024-09-06 11:00,651.045
2024-09-06 12:00,602.078
2024-09-06 13:00,512.168
2024-09-06 14:00,380.105
2024-09-06 15:00,215.383
2024-09-06 16:00,55.605
2024-09-06 17:00,0
2024-09-06 18:00,0
2024-09-06 19:00,0
2024-09-06 20:00,0
2024-09-06 21:00,0
2024-09-06 22:00,0
2024-09-06 23:00,0
2024-09-07 00:00,0
2024-09-07 01:00,0
2024-09-07 02:00,0
2024-09-07 03:00,0
2024-09-07 04:00,2.493
2024-09-07 05:00,102.472
2024-09-07 06:00,259.755
2024-09-07 07:00,407.704
2024-09-07 08:00,518.550
2024-09-07 09:00,586.669
2024-09-07 10:00,602.891
2024-09-07 11:00,574.993
2024-09-07 12:00,499.715
2024-09-07 13:00,401.783
2024-09-07 14:00,286.130
2024-09-07 15:00,161.450
2024-09-07 16:00,40.936
2024-09-07 17:00,0
2024-09-07 18:00,0
2024-09-07 19:00,0
2024-09-07 20:00,0
2024-09-07 21:00,0
2024-09-07 22:00,0
2024-09-07 23:00,0
2024-09-08 00:00,0
2024-09-08 01:00,0
2024-09-08 02:00,0
2024-09-08 03:00,0
2024-09-08 04:00,0
2024-09-08 05:00,65.352
2024-09-08 06:00,225.467
2024-09-08 07:00,388.177
2024-09-08 08:00,501.481
2024-09-08 09:00,581.040
2024-09-08 10:00,608.908
2024-09-08 11:00,590.314
2024-09-08 12:00,540.644
2024-09-08 13:00,452.082
2024-09-08 14:00,319.911
2024-09-08 15:00,165.140
2024-09-08 16:00,38.578
2024-09-08 17:00,0
2024-09-08 18:00,0
2024-09-08 19:00,0
2024-09-08 20:00,0
2024-09-08 21:00,0
2024-09-08 22:00,0
2024-09-08 23:00,0
2024-09-09 00:00,0
2024-09-09 01:00,0
2024-09-09 02:00,0
2024-09-09 03:00,0
2024-09-09 04:00,0
2024-09-09 05:00,88.517
2024-09-09 06:00,245.502
2024-09-09 07:00,372.228
2024-09-09 08:00,446.046
2024-09-09 09:00,472.138
2024-09-09 10:00,473.937
2024-09-09 11:00,598.712
2024-09-09 12:00,535.530
2024-09-09 13:00,319.421
2024-09-09 14:00,112.253
2024-09-09 15:00,38.634
2024-09-09 16:00,4.424
2024-09-09 17:00,0
2024-09-09 18:00,0
2024-09-09 19:00,0
2024-09-09 20:00,0
2024-09-09 21:00,0
2024-09-09 22:00,0
2024-09-09 23:00,0
2024-09-10 00:00,0
2024-09-10 01:00,0
2024-09-10 02:00,0
2024-09-10 03:00,0
2024-09-10 04:00,0
2024-09-10 05:00,1.091
2024-09-10 06:00,16.372
2024-09-10 07:00,52.596
2024-09-10 08:00,173.818
2024-09-10 09:00,361.424
2024-09-10 10:00,437.805
2024-09-10 11:00,514.384
2024-09-10 12:00,487.105
2024-09-10 13:00,368.933
2024-09-10 14:00,273.468
2024-09-10 15:00,173.907
2024-09-10 16:00,42.345
2024-09-10 17:00,0
2024-09-10 18:00,0
2024-09-10 19:00,0
2024-09-10 20:00,0
2024-09-10 21:00,0
2024-09-10 22:00,0
2024-09-10 23:00,0
2024-09-11 00:00,0
2024-09-11 01:00,0
2024-09-11 02:00,0
2024-09-11 03:00,0
2024-09-11 04:00,0
2024-09-11 05:00,70.708
2024-09-11 06:00,170.647
2024-09-11 07:00,225.119
2024-09-11 08:00,222.895
2024-09-11 09:00,112.949
2024-09-11 10:00,73.992
2024-09-11 11:00,67.218
2024-09-11 12:00,62.494
2024-09-11 13:00,50.536
2024-09-11 14:00,29.879
2024-09-11 15:00,14.032
2024-09-11 16:00,0
2024-09-11 17:00,0
2024-09-11 18:00,0
2024-09-11 19:00,0
2024-09-11 20:00,0
2024-09-11 21:00,0
2024-09-11 22:00,0
2024-09-11 23:00,0
2024-09-12 00:00,0
2024-09-12 01:00,0
2024-09-12 02:00,0
2024-09-12 03:00,0
2024-09-12 04:00,0
2024-09-12 05:00,70.166
2024-09-12 06:00,188.841
2024-09-12 07:00,363.610
2024-09-12 08:00,530.601
2024-09-12 09:00,473.740
2024-09-12 10:00,360.742
2024-09-12 11:00,204.035
2024-09-12 12:00,141.129
2024-09-12 13:00,100.734
2024-09-12 14:00,63.490
2024-09-12 15:00,27.859
2024-09-12 16:00,1.780
2024-09-12 17:00,0
2024-09-12 18:00,0
2024-09-12 19:00,0
2024-09-12 20:00,0
2024-09-12 21:00,0
2024-09-12 22:00,0
2024-09-12 23:00,0
2024-09-13 00:00,0
2024-09-13 01:00,0
2024-09-13 02:00,0
2024-09-13 03:00,0
2024-09-13 04:00,0
2024-09-13 05:00,59.695
2024-09-13 06:00,189.315
2024-09-13 07:00,351.345
2024-09-13 08:00,515.511
2024-09-13 09:00,627.656
2024-09-13 10:00,656.732
2024-09-13 11:00,611.198
2024-09-13 12:00,507.888
2024-09-13 13:00,399.125
2024-09-13 14:00,282.189
2024-09-13 15:00,157.583
2024-09-13 16:00,30.887
2024-09-13 17:00,0
2024-09-13 18:00,0
2024-09-13 19:00,0
2024-09-13 20:00,0
2024-09-13 21:00,0
2024-09-13 22:00,0
2024-09-13 23:00,0
2024-09-14 00:00,0
2024-09-14 01:00,0
2024-09-14 02:00,0
2024-09-14 03:00,0
2024-09-14 04:00,0
2024-09-14 05:00,65.289
2024-09-14 06:00,242.817
2024-09-14 07:00,414.689
2024-09-14 08:00,543.888
2024-09-14 09:00,583.473
2024-09-14 10:00,525.158
2024-09-14 11:00,486.912
2024-09-14 12:00,463.441
2024-09-14 13:00,387.339
2024-09-14 14:00,311.890
2024-09-14 15:00,175.134
2024-09-14 16:00,31.009
2024-09-14 17:00,0
2024-09-14 18:00,0
2024-09-14 19:00,0
2024-09-14 20:00,0
2024-09-14 21:00,0
2024-09-14 22:00,0
2024-09-14 23:00,0
2024-09-15 00:00,0
2024-09-15 01:00,0
2024-09-15 02:00,0
2024-09-15 03:00,0
2024-09-15 04:00,0
2024-09-15 05:00,96.442
2024-09-15 06:00,282.160
2024-09-15 07:00,450.011
2024-09-15 08:00,574.131
2024-09-15 09:00,650.468
2024-09-15 10:00,682.353
2024-09-15 11:00,670.364
2024-09-15 12:00,612.270
2024-09-15 13:00,509.101
2024-09-15 14:00,357.818
2024-09-15 15:00,175.103
2024-09-15 16:00,25.827
2024-09-15 17:00,0
2024-09-15 18:00,0
2024-09-15 19:00,0
2024-09-15 20:00,0
2024-09-15 21:00,0
2024-09-15 22:00,0
2024-09-15 23:00,0
2024-09-16 00:00,0
2024-09-16 01:00,0
2024-09-16 02:00,0
2024-09-16 03:00,0
2024-09-16 04:00,0
2024-09-16 05:00,29.358
2024-09-16 06:00,83.954
2024-09-16 07:00,126.066
2024-09-16 08:00,185.268
2024-09-16 09:00,213.412
2024-09-16 10:00,202.613
2024-09-16 11:00,137.942
2024-09-16 12:00,127.987
2024-09-16 13:00,152.099
2024-09-16 14:00,113.503
2024-09-16 15:00,52.048
2024-09-16 16:00,6.090
2024-09-16 17:00,0
2024-09-16 18:00,0
2024-09-16 19:00,0
2024-09-16 20:00,0
2024-09-16 21:00,0
2024-09-16 22:00,0
2024-09-16 23:00,0
2024-09-17 00:00,0
2024-09-17 01:00,0
2024-09-17 02:00,0
2024-09-17 03:00,0
2024-09-17 04:00,0
2024-09-17 05:00,20.809
2024-09-17 06:00,66.653
2024-09-17 07:00,131.785
2024-09-17 08:00,283.355
2024-09-17 09:00,409.284
2024-09-17 10:00,449.829
2024-09-17 11:00,406.468
2024-09-17 12:00,307.299
2024-09-17 13:00,171.874
2024-09-17 14:00,71.981
2024-09-17 15:00,22.074
2024-09-17 16:00,0
2024-09-17 17:00,0
2024-09-17 18:00,0
2024-09-17 19:00,0
2024-09-17 20:00,0
2024-09-17 21:00,0
2024-09-17 22:00,0
2024-09-17 23:00,0
2024-09-18 00:00,0
2024-09-18 01:00,0
2024-09-18 02:00,0
2024-09-18 03:00,0
2024-09-18 04:00,0
2024-09-18 05:00,41.237
2024-09-18 06:00,201.452
2024-09-18 07:00,360.264
2024-09-18 08:00,504.078
2024-09-18 09:00,584.384
2024-09-18 10:00,584.150
2024-09-18 11:00,473.012
2024-09-18 12:00,305.733
2024-09-18 13:00,188.924
2024-09-18 14:00,104.425
2024-09-18 15:00,42.868
2024-09-18 16:00,2.137
2024-09-18 17:00,0
2024-09-18 18:00,0
2024-09-18 19:00,0
2024-09-18 20:00,0
2024-09-18 21:00,0
2024-09-18 22:00,0
2024-09-18 23:00,0
2024-09-19 00:00,0
2024-09-19 01:00,0
2024-09-19 02:00,0
2024-09-19 03:00,0
2024-09-19 04:00,0
2024-09-19 05:00,72.656
2024-09-19 06:00,248.059
2024-09-19 07:00,413.617
2024-09-19 08:00,536.410
2024-09-19 09:00,616.574
2024-09-19 10:00,648.977
2024-09-19 11:00,637.013
2024-09-19 12:00,582.030
2024-09-19 13:00,481.843
2024-09-19 14:00,338.168
2024-09-19 15:00,162.251
2024-09-19 16:00,16.012
2024-09-19 17:00,0
2024-09-19 18:00,0
2024-09-19 19:00,0
2024-09-19 20:00,0
2024-09-19 21:00,0
2024-09-19 22:00,0
2024-09-19 23:00,0
2024-09-20 00:00,0
2024-09-20 01:00,0
2024-09-20 02:00,0
2024-09-20 03:00,0
2024-09-20 04:00,0
2024-09-20 05:00,65.198
2024-09-20 06:00,238.071
2024-09-20 07:00,408.490
2024-09-20 08:00,533.561
2024-09-20 09:00,614.351
2024-09-20 10:00,647.273
2024-09-20 11:00,635.593
2024-09-20 12:00,576.912
2024-09-20 13:00,474.804
2024-09-20 14:00,329.607
2024-09-20 15:00,155.193
2024-09-20 16:00,12.893
2024-09-20 17:00,0
2024-09-20 18:00,0
2024-09-20 19:00,0
2024-09-20 20:00,0
2024-09-20 21:00,0
2024-09-20 22:00,0
2024-09-20 23:00,0
2024-09-21 00:00,0
2024-09-21 01:00,0
2024-09-21 02:00,0
2024-09-21 03:00,0
2024-09-21 04:00,0
2024-09-21 05:00,53.695
2024-09-21 06:00,213.259
2024-09-21 07:00,382.025
2024-09-21 08:00,502.054
2024-09-21 09:00,563.959
2024-09-21 10:00,535.454
2024-09-21 11:00,422.874
2024-09-21 12:00,364.424
2024-09-21 13:00,233.426
2024-09-21 14:00,114.272
2024-09-21 15:00,39.428
2024-09-21 16:00,0
2024-09-21 17:00,0
2024-09-21 18:00,0
2024-09-21 19:00,0
2024-09-21 20:00,0
2024-09-21 21:00,0
2024-09-21 22:00,0
2024-09-21 23:00,0
2024-09-22 00:00,0
2024-09-22 01:00,0
2024-09-22 02:00,0
2024-09-22 03:00,0
2024-09-22 04:00,0
2024-09-22 05:00,4.078
2024-09-22 06:00,34.244
2024-09-22 07:00,68.224
2024-09-22 08:00,91.723
2024-09-22 09:00,104.064
2024-09-22 10:00,101.334
2024-09-22 11:00,97.538
2024-09-22 12:00,96.269
2024-09-22 13:00,92.018
2024-09-22 14:00,66.616
2024-09-22 15:00,27.222
2024-09-22 16:00,0
2024-09-22 17:00,0
2024-09-22 18:00,0
2024-09-22 19:00,0
2024-09-22 20:00,0
2024-09-22 21:00,0
2024-09-22 22:00,0
2024-09-22 23:00,0
2024-09-23 00:00,0
2024-09-23 01:00,0
2024-09-23 02:00,0
2024-09-23 03:00,0
2024-09-23 04:00,0
2024-09-23 05:00,10.226
2024-09-23 06:00,73.539
2024-09-23 07:00,178.571
2024-09-23 08:00,295.343
2024-09-23 09:00,378.764
2024-09-23 10:00,420.895
2024-09-23 11:00,448.187
2024-09-23 12:00,467.106
2024-09-23 13:00,371.504
2024-09-23 14:00,220.687
2024-09-23 15:00,81.750
2024-09-23 16:00,1.289
2024-09-23 17:00,0
2024-09-23 18:00,0
2024-09-23 19:00,0
2024-09-23 20:00,0
2024-09-23 21:00,0
2024-09-23 22:00,0
2024-09-23 23:00,0
2024-09-24 00:00,0
2024-09-24 01:00,0
2024-09-24 02:00,0
2024-09-24 03:00,0
2024-09-24 04:00,0
2024-09-24 05:00,14.169
2024-09-24 06:00,65.966
2024-09-24 07:00,103.025
2024-09-24 08:00,182.882
2024-09-24 09:00,404.260
2024-09-24 10:00,561.545
2024-09-24 11:00,544.912
2024-09-24 12:00,408.588
2024-09-24 13:00,195.173
2024-09-24 14:00,69.160
2024-09-24 15:00,12.903
2024-09-24 16:00,0
2024-09-24 17:00,0
2024-09-24 18:00,0
2024-09-24 19:00,0
2024-09-24 20:00,0
2024-09-24 21:00,0
2024-09-24 22:00,0
2024-09-24 23:00,0
2024-09-25 00:00,0
2024-09-25 01:00,0
2024-09-25 02:00,0
2024-09-25 03:00,0
2024-09-25 04:00,0
2024-09-25 05:00,11.725
2024-09-25 06:00,107.261
2024-09-25 07:00,277.414
2024-09-25 08:00,405.143
2024-09-25 09:00,389.222
2024-09-25 10:00,274.482
2024-09-25 11:00,459.391
2024-09-25 12:00,495.643
2024-09-25 13:00,383.338
2024-09-25 14:00,178.962
2024-09-25 15:00,31.867
2024-09-25 16:00,0
2024-09-25 17:00,0
2024-09-25 18:00,0
2024-09-25 19:00,0
2024-09-25 20:00,0
2024-09-25 21:00,0
2024-09-25 22:00,0
2024-09-25 23:00,0
2024-09-26 00:00,0
2024-09-26 01:00,0
2024-09-26 02:00,0
2024-09-26 03:00,0
2024-09-26 04:00,0
2024-09-26 05:00,24.764
2024-09-26 06:00,162.315
2024-09-26 07:00,348.981
2024-09-26 08:00,487.905
2024-09-26 09:00,587.391
2024-09-26 10:00,618.556
2024-09-26 11:00,615.844
2024-09-26 12:00,541.038
2024-09-26 13:00,380.498
2024-09-26 14:00,160.880
2024-09-26 15:00,30.315
2024-09-26 16:00,0
2024-09-26 17:00,0
2024-09-26 18:00,0
2024-09-26 19:00,0
2024-09-26 20:00,0
2024-09-26 21:00,0
2024-09-26 22:00,0
2024-09-26 23:00,0
2024-09-27 00:00,0
2024-09-27 01:00,0
2024-09-27 02:00,0
2024-09-27 03:00,0
2024-09-27 04:00,0
2024-09-27 05:00,0
2024-09-27 06:00,26.789
2024-09-27 07:00,59.006
2024-09-27 08:00,99.041
2024-09-27 09:00,108.714
2024-09-27 10:00,127.281
2024-09-27 11:00,93.383
2024-09-27 12:00,69.344
2024-09-27 13:00,39.444
2024-09-27 14:00,19.992
2024-09-27 15:00,0.866
2024-09-27 16:00,0
2024-09-27 17:00,0
2024-09-27 18:00,0
2024-09-27 19:00,0
2024-09-27 20:00,0
2024-09-27 21:00,0
2024-09-27 22:00,0
2024-09-27 23:00,0
2024-09-28 00:00,0
2024-09-28 01:00,0
2024-09-28 02:00,0
2024-09-28 03:00,0
2024-09-28 04:00,0
2024-09-28 05:00,11.992
2024-09-28 06:00,152.504
2024-09-28 07:00,363.263
2024-09-28 08:00,509.710
2024-09-28 09:00,604.747
2024-09-28 10:00,644.180
2024-09-28 11:00,627.393
2024-09-28 12:00,553.879
2024-09-28 13:00,432.137
2024-09-28 14:00,256.727
2024-09-28 15:00,67.112
2024-09-28 16:00,0
2024-09-28 17:00,0
2024-09-28 18:00,0
2024-09-28 19:00,0
2024-09-28 20:00,0
2024-09-28 21:00,0
2024-09-28 22:00,0
2024-09-28 23:00,0
2024-09-29 00:00,0
2024-09-29 01:00,0
2024-09-29 02:00,0
2024-09-29 03:00,0
2024-09-29 04:00,0
2024-09-29 05:00,18.620
2024-09-29 06:00,191.298
2024-09-29 07:00,397.603
2024-09-29 08:00,544.991
2024-09-29 09:00,634.375
2024-09-29 10:00,671.732
2024-09-29 11:00,660.187
2024-09-29 12:00,599.911
2024-09-29 13:00,489.422
2024-09-29 14:00,329.575
2024-09-29 15:00,135.819
2024-09-29 16:00,0
2024-09-29 17:00,0
2024-09-29 18:00,0
2024-09-29 19:00,0
2024-09-29 20:00,0
2024-09-29 21:00,0
2024-09-29 22:00,0
2024-09-29 23:00,0
2024-09-30 00:00,0
2024-09-30 01:00,0
2024-09-30 02:00,0
2024-09-30 03:00,0
2024-09-30 04:00,0
2024-09-30 05:00,22.033
2024-09-30 06:00,185.132
2024-09-30 07:00,393.526
2024-09-30 08:00,531.245
2024-09-30 09:00,617.958
2024-09-30 10:00,653.474
2024-09-30 11:00,640.407
2024-09-30 12:00,575.927
2024-09-30 13:00,464.327
2024-09-30 14:00,305.241
2024-09-30 15:00,118.858
2024-09-30 16:00,0
2024-09-30 17:00,0
2024-09-30 18:00,0
2024-09-30 19:00,0
2024-09-30 20:00,0
2024-09-30 21:00,0
2024-09-30 22:00,0
2024-09-30 23:00,0
2024-10-01 00:00,0
2024-10-01 01:00,0
2024-10-01 02:00,0
2024-10-01 03:00,0
2024-10-01 04:00,0
2024-10-01 05:00,18.698
2024-10-01 06:00,170.806
2024-10-01 07:00,352.662
2024-10-01 08:00,491.639
2024-10-01 09:00,568.918
2024-10-01 10:00,585.444
2024-10-01 11:00,574.734
2024-10-01 12:00,488.963
2024-10-01 13:00,342.026
2024-10-01 14:00,185.849
2024-10-01 15:00,51.334
2024-10-01 16:00,0
2024-10-01 17:00,0
2024-10-01 18:00,0
2024-10-01 19:00,0
2024-10-01 20:00,0
2024-10-01 21:00,0
2024-10-01 22:00,0
2024-10-01 23:00,0
2024-10-02 00:00,0
2024-10-02 01:00,0
2024-10-02 02:00,0
2024-10-02 03:00,0
2024-10-02 04:00,0
2024-10-02 05:00,0
2024-10-02 06:00,15.277
2024-10-02 07:00,49.611
2024-10-02 08:00,86.658
2024-10-02 09:00,118.202
2024-10-02 10:00,135.523
2024-10-02 11:00,139.087
2024-10-02 12:00,125.170
2024-10-02 13:00,99.668
2024-10-02 14:00,62.489
2024-10-02 15:00,18.360
2024-10-02 16:00,0
2024-10-02 17:00,0
2024-10-02 18:00,0
2024-10-02 19:00,0
2024-10-02 20:00,0
2024-10-02 21:00,0
2024-10-02 22:00,0
2024-10-02 23:00,0
2024-10-03 00:00,0
2024-10-03 01:00,0
2024-10-03 02:00,0
2024-10-03 03:00,0
2024-10-03 04:00,0
2024-10-03 05:00,0
2024-10-03 06:00,34.605
2024-10-03 07:00,87.815
2024-10-03 08:00,155.675
2024-10-03 09:00,242.461
2024-10-03 10:00,451.384
2024-10-03 11:00,522.308
2024-10-03 12:00,493.238
2024-10-03 13:00,384.630
2024-10-03 14:00,187.567
2024-10-03 15:00,65.254
2024-10-03 16:00,0
2024-10-03 17:00,0
2024-10-03 18:00,0
2024-10-03 19:00,0
2024-10-03 20:00,0
2024-10-03 21:00,0
2024-10-03 22:00,0
2024-10-03 23:00,0
2024-10-04 00:00,0
2024-10-04 01:00,0
2024-10-04 02:00,0
2024-10-04 03:00,0
2024-10-04 04:00,0
2024-10-04 05:00,5.797
2024-10-04 06:00,131.262
2024-10-04 07:00,361.954
2024-10-04 08:00,504.662
2024-10-04 09:00,589.904
2024-10-04 10:00,626.388
2024-10-04 11:00,614.857
2024-10-04 12:00,554.776
2024-10-04 13:00,444.407
2024-10-04 14:00,285.371
2024-10-04 15:00,100.414
2024-10-04 16:00,0
2024-10-04 17:00,0
2024-10-04 18:00,0
2024-10-04 19:00,0
2024-10-04 20:00,0
2024-10-04 21:00,0
2024-10-04 22:00,0
2024-10-04 23:00,0
2024-10-05 00:00,0
2024-10-05 01:00,0
2024-10-05 02:00,0
2024-10-05 03:00,0
2024-10-05 04:00,0
2024-10-05 05:00,0
2024-10-05 06:00,95.201
2024-10-05 07:00,266.854
2024-10-05 08:00,422.054
2024-10-05 09:00,528.203
2024-10-05 10:00,550.871
2024-10-05 11:00,496.731
2024-10-05 12:00,398.852
2024-10-05 13:00,256.796
2024-10-05 14:00,129.181
2024-10-05 15:00,39.082
2024-10-05 16:00,0
2024-10-05 17:00,0
2024-10-05 18:00,0
2024-10-05 19:00,0
2024-10-05 20:00,0
2024-10-05 21:00,0
2024-10-05 22:00,0
2024-10-05 23:00,0
2024-10-06 00:00,0
2024-10-06 01:00,0
2024-10-06 02:00,0
2024-10-06 03:00,0
2024-10-06 04:00,0
2024-10-06 05:00,0
2024-10-06 06:00,40.426
2024-10-06 07:00,114.914
2024-10-06 08:00,300.981
2024-10-06 09:00,524.953
2024-10-06 10:00,596.713
2024-10-06 11:00,588.866
2024-10-06 12:00,532.442
2024-10-06 13:00,416.618
2024-10-06 14:00,253.434
2024-10-06 15:00,75.436
2024-10-06 16:00,0
2024-10-06 17:00,0
2024-10-06 18:00,0
2024-10-06 19:00,0
2024-10-06 20:00,0
2024-10-06 21:00,0
2024-10-06 22:00,0
2024-10-06 23:00,0
2024-10-07 00:00,0
2024-10-07 01:00,0
2024-10-07 02:00,0
2024-10-07 03:00,0
2024-10-07 04:00,0
2024-10-07 05:00,0
2024-10-07 06:00,34.519
2024-10-07 07:00,130.085
2024-10-07 08:00,305.329
2024-10-07 09:00,448.015
2024-10-07 10:00,548.857
2024-10-07 11:00,545.315
2024-10-07 12:00,481.296
2024-10-07 13:00,369.459
2024-10-07 14:00,211.509
2024-10-07 15:00,60.299
2024-10-07 16:00,0
2024-10-07 17:00,0
2024-10-07 18:00,0
2024-10-07 19:00,0
2024-10-07 20:00,0
2024-10-07 21:00,0
2024-10-07 22:00,0
2024-10-07 23:00,0
2024-10-08 00:00,0
2024-10-08 01:00,0
2024-10-08 02:00,0
2024-10-08 03:00,0
2024-10-08 04:00,0
2024-10-08 05:00,0
2024-10-08 06:00,19.298
2024-10-08 07:00,95.390
2024-10-08 08:00,207.483
2024-10-08 09:00,293.506
2024-10-08 10:00,390.131
2024-10-08 11:00,259.962
2024-10-08 12:00,177.021
2024-10-08 13:00,138.636
2024-10-08 14:00,57.732
2024-10-08 15:00,6.645
2024-10-08 16:00,0
2024-10-08 17:00,0
2024-10-08 18:00,0
2024-10-08 19:00,0
2024-10-08 20:00,0
2024-10-08 21:00,0
2024-10-08 22:00,0
2024-10-08 23:00,0
2024-10-09 00:00,0
2024-10-09 01:00,0
2024-10-09 02:00,0
2024-10-09 03:00,0
2024-10-09 04:00,0
2024-10-09 05:00,0
2024-10-09 06:00,0
2024-10-09 07:00,3.069
2024-10-09 08:00,11.859
2024-10-09 09:00,18.805
2024-10-09 10:00,26.082
2024-10-09 11:00,29.770
2024-10-09 12:00,37.959
2024-10-09 13:00,29.572
2024-10-09 14:00,10.487
2024-10-09 15:00,0
2024-10-09 16:00,0
2024-10-09 17:00,0
2024-10-09 18:00,0
2024-10-09 19:00,0
2024-10-09 20:00,0
2024-10-09 21:00,0
2024-10-09 22:00,0
2024-10-09 23:00,0
2024-10-10 00:00,0
2024-10-10 01:00,0
2024-10-10 02:00,0
2024-10-10 03:00,0
2024-10-10 04:00,0
2024-10-10 05:00,0
2024-10-10 06:00,0
2024-10-10 07:00,6.275
2024-10-10 08:00,19.626
2024-10-10 09:00,31.087
2024-10-10 10:00,35.129
2024-10-10 11:00,29.858
2024-10-10 12:00,26.774
2024-10-10 13:00,19.806
2024-10-10 14:00,6.904
2024-10-10 15:00,0
2024-10-10 16:00,0
2024-10-10 17:00,0
2024-10-10 18:00,0
2024-10-10 19:00,0
2024-10-10 20:00,0
2024-10-10 21:00,0
2024-10-10 22:00,0
2024-10-10 23:00,0
2024-10-11 00:00,0
2024-10-11 01:00,0
2024-10-11 02:00,0
2024-10-11 03:00,0
2024-10-11 04:00,0
2024-10-11 05:00,0
2024-10-11 06:00,0
2024-10-11 07:00,8.310
2024-10-11 08:00,22.267
2024-10-11 09:00,44.506
2024-10-11 10:00,64.267
2024-10-11 11:00,85.024
2024-10-11 12:00,101.979
2024-10-11 13:00,134.625
2024-10-11 14:00,113.212
2024-10-11 15:00,24.916
2024-10-11 16:00,0
2024-10-11 17:00,0
2024-10-11 18:00,0
2024-10-11 19:00,0
2024-10-11 20:00,0
2024-10-11 21:00,0
2024-10-11 22:00,0
2024-10-11 23:00,0
2024-10-12 00:00,0
2024-10-12 01:00,0
2024-10-12 02:00,0
2024-10-12 03:00,0
2024-10-12 04:00,0
2024-10-12 05:00,0
2024-10-12 06:00,31.434
2024-10-12 07:00,115.253
2024-10-12 08:00,438.578
2024-10-12 09:00,568.424
2024-10-12 10:00,608.670
2024-10-12 11:00,582.821
2024-10-12 12:00,484.798
2024-10-12 13:00,339.607
2024-10-12 14:00,161.829
2024-10-12 15:00,13.495
2024-10-12 16:00,0
2024-10-12 17:00,0
2024-10-12 18:00,0
2024-10-12 19:00,0
2024-10-12 20:00,0
2024-10-12 21:00,0
2024-10-12 22:00,0
2024-10-12 23:00,0
2024-10-13 00:00,0
2024-10-13 01:00,0
2024-10-13 02:00,0
2024-10-13 03:00,0
2024-10-13 04:00,0
2024-10-13 05:00,0
2024-10-13 06:00,0.864
2024-10-13 07:00,22.686
2024-10-13 08:00,47.822
2024-10-13 09:00,81.096
2024-10-13 10:00,124.708
2024-10-13 11:00,190.330
2024-10-13 12:00,172.935
2024-10-13 13:00,67.299
2024-10-13 14:00,16.502
2024-10-13 15:00,0
2024-10-13 16:00,0
2024-10-13 17:00,0
2024-10-13 18:00,0
2024-10-13 19:00,0
2024-10-13 20:00,0
2024-10-13 21:00,0
2024-10-13 22:00,0
2024-10-13 23:00,0
2024-10-14 00:00,0
2024-10-14 01:00,0
2024-10-14 02:00,0
2024-10-14 03:00,0
2024-10-14 04:00,0
2024-10-14 05:00,0
2024-10-14 06:00,52.476
2024-10-14 07:00,185.335
2024-10-14 08:00,279.969
2024-10-14 09:00,327.019
2024-10-14 10:00,329.331
2024-10-14 11:00,413.386
2024-10-14 12:00,284.931
2024-10-14 13:00,155.391
2024-10-14 14:00,62.202
2024-10-14 15:00,2.705
2024-10-14 16:00,0
2024-10-14 17:00,0
2024-10-14 18:00,0
2024-10-14 19:00,0
2024-10-14 20:00,0
2024-10-14 21:00,0
2024-10-14 22:00,0
2024-10-14 23:00,0
2024-10-15 00:00,0
2024-10-15 01:00,0
2024-10-15 02:00,0
2024-10-15 03:00,0
2024-10-15 04:00,0
2024-10-15 05:00,0
2024-10-15 06:00,34.858
2024-10-15 07:00,251.295
2024-10-15 08:00,469.633
2024-10-15 09:00,574.945
2024-10-15 10:00,617.018
2024-10-15 11:00,604.791
2024-10-15 12:00,538.964
2024-10-15 13:00,418.450
2024-10-15 14:00,244.290
2024-10-15 15:00,34.223
2024-10-15 16:00,0
2024-10-15 17:00,0
2024-10-15 18:00,0
2024-10-15 19:00,0
2024-10-15 20:00,0
2024-10-15 21:00,0
2024-10-15 22:00,0
2024-10-15 23:00,0
2024-10-16 00:00,0
2024-10-16 01:00,0
2024-10-16 02:00,0
2024-10-16 03:00,0
2024-10-16 04:00,0
2024-10-16 05:00,0
2024-10-16 06:00,61.911
2024-10-16 07:00,216.859
2024-10-16 08:00,416.990
2024-10-16 09:00,520.580
2024-10-16 10:00,560.416
2024-10-16 11:00,539.494
2024-10-16 12:00,420.399
2024-10-16 13:00,196.458
2024-10-16 14:00,62.594
2024-10-16 15:00,0.723
2024-10-16 16:00,0
2024-10-16 17:00,0
2024-10-16 18:00,0
2024-10-16 19:00,0
2024-10-16 20:00,0
2024-10-16 21:00,0
2024-10-16 22:00,0
2024-10-16 23:00,0
2024-10-17 00:00,0
2024-10-17 01:00,0
2024-10-17 02:00,0
2024-10-17 03:00,0
2024-10-17 04:00,0
2024-10-17 05:00,0
2024-10-17 06:00,28.614
2024-10-17 07:00,160.625
2024-10-17 08:00,325.846
2024-10-17 09:00,450.398
2024-10-17 10:00,520.194
2024-10-17 11:00,531.382
2024-10-17 12:00,487.584
2024-10-17 13:00,381.652
2024-10-17 14:00,212.347
2024-10-17 15:00,17.600
2024-10-17 16:00,0
2024-10-17 17:00,0
2024-10-17 18:00,0
2024-10-17 19:00,0
2024-10-17 20:00,0
2024-10-17 21:00,0
2024-10-17 22:00,0
2024-10-17 23:00,0
2024-10-18 00:00,0
2024-10-18 01:00,0
2024-10-18 02:00,0
2024-10-18 03:00,0
2024-10-18 04:00,0
2024-10-18 05:00,0
2024-10-18 06:00,22.653
2024-10-18 07:00,108.771
2024-10-18 08:00,178.841
2024-10-18 09:00,206.402
2024-10-18 10:00,197.355
2024-10-18 11:00,164.871
2024-10-18 12:00,127.120
2024-10-18 13:00,68.376
2024-10-18 14:00,23.683
2024-10-18 15:00,0
2024-10-18 16:00,0
2024-10-18 17:00,0
2024-10-18 18:00,0
2024-10-18 19:00,0
2024-10-18 20:00,0
2024-10-18 21:00,0
2024-10-18 22:00,0
2024-10-18 23:00,0
2024-10-19 00:00,0
2024-10-19 01:00,0
2024-10-19 02:00,0
2024-10-19 03:00,0
2024-10-19 04:00,0
2024-10-19 05:00,0
2024-10-19 06:00,9.903
2024-10-19 07:00,102.494
2024-10-19 08:00,226.689
2024-10-19 09:00,342.178
2024-10-19 10:00,387.831
2024-10-19 11:00,292.315
2024-10-19 12:00,199.023
2024-10-19 13:00,102.521
2024-10-19 14:00,23.897
2024-10-19 15:00,0
2024-10-19 16:00,0
2024-10-19 17:00,0
2024-10-19 18:00,0
2024-10-19 19:00,0
2024-10-19 20:00,0
2024-10-19 21:00,0
2024-10-19 22:00,0
2024-10-19 23:00,0
2024-10-20 00:00,0
2024-10-20 01:00,0
2024-10-20 02:00,0
2024-10-20 03:00,0
2024-10-20 04:00,0
2024-10-20 05:00,0
2024-10-20 06:00,2.125
2024-10-20 07:00,30.990
2024-10-20 08:00,68.600
2024-10-20 09:00,106.795
2024-10-20 10:00,123.702
2024-10-20 11:00,182.684
2024-10-20 12:00,262.069
2024-10-20 13:00,196.232
2024-10-20 14:00,87.960
2024-10-20 15:00,0
2024-10-20 16:00,0
2024-10-20 17:00,0
2024-10-20 18:00,0
2024-10-20 19:00,0
2024-10-20 20:00,0
2024-10-20 21:00,0
2024-10-20 22:00,0
2024-10-20 23:00,0
2024-10-21 00:00,0
2024-10-21 01:00,0
2024-10-21 02:00,0
2024-10-21 03:00,0
2024-10-21 04:00,0
2024-10-21 05:00,0
2024-10-21 06:00,0
2024-10-21 07:00,33.778
2024-10-21 08:00,137.635
2024-10-21 09:00,346.879
2024-10-21 10:00,392.818
2024-10-21 11:00,262.360
2024-10-21 12:00,280.624
2024-10-21 13:00,202.957
2024-10-21 14:00,71.292
2024-10-21 15:00,0
2024-10-21 16:00,0
2024-10-21 17:00,0
2024-10-21 18:00,0
2024-10-21 19:00,0
2024-10-21 20:00,0
2024-10-21 21:00,0
2024-10-21 22:00,0
2024-10-21 23:00,0
2024-10-22 00:00,0
2024-10-22 01:00,0
2024-10-22 02:00,0
2024-10-22 03:00,0
2024-10-22 04:00,0
2024-10-22 05:00,0
2024-10-22 06:00,0
2024-10-22 07:00,9.528
2024-10-22 08:00,39.253
2024-10-22 09:00,122.033
2024-10-22 10:00,293.170
2024-10-22 11:00,246.421
2024-10-22 12:00,268.551
2024-10-22 13:00,207.028
2024-10-22 14:00,118.704
2024-10-22 15:00,0
2024-10-22 16:00,0
2024-10-22 17:00,0
2024-10-22 18:00,0
2024-10-22 19:00,0
2024-10-22 20:00,0
2024-10-22 21:00,0
2024-10-22 22:00,0
2024-10-22 23:00,0
2024-10-23 00:00,0
2024-10-23 01:00,0
2024-10-23 02:00,0
2024-10-23 03:00,0
2024-10-23 04:00,0
2024-10-23 05:00,0
2024-10-23 06:00,39.761
2024-10-23 07:00,224.486
2024-10-23 08:00,392.746
2024-10-23 09:00,497.603
2024-10-23 10:00,542.269
2024-10-23 11:00,529.303
2024-10-23 12:00,393.640
2024-10-23 13:00,158.016
2024-10-23 14:00,48.763
2024-10-23 15:00,0
2024-10-23 16:00,0
2024-10-23 17:00,0
2024-10-23 18:00,0
2024-10-23 19:00,0
2024-10-23 20:00,0
2024-10-23 21:00,0
2024-10-23 22:00,0
2024-10-23 23:00,0
2024-10-24 00:00,0
2024-10-24 01:00,0
2024-10-24 02:00,0
2024-10-24 03:00,0
2024-10-24 04:00,0
2024-10-24 05:00,0
2024-10-24 06:00,0
2024-10-24 07:00,34.253
2024-10-24 08:00,180.174
2024-10-24 09:00,332.203
2024-10-24 10:00,386.766
2024-10-24 11:00,398.414
2024-10-24 12:00,392.652
2024-10-24 13:00,279.578
2024-10-24 14:00,99.998
2024-10-24 15:00,0
2024-10-24 16:00,0
2024-10-24 17:00,0
2024-10-24 18:00,0
2024-10-24 19:00,0
2024-10-24 20:00,0
2024-10-24 21:00,0
2024-10-24 22:00,0
2024-10-24 23:00,0
2024-10-25 00:00,0
2024-10-25 01:00,0
2024-10-25 02:00,0
2024-10-25 03:00,0
2024-10-25 04:00,0
2024-10-25 05:00,0
2024-10-25 06:00,0
2024-10-25 07:00,62.254
2024-10-25 08:00,268.985
2024-10-25 09:00,353.279
2024-10-25 10:00,351.762
2024-10-25 11:00,364.579
2024-10-25 12:00,396.078
2024-10-25 13:00,317.328
2024-10-25 14:00,147.602
2024-10-25 15:00,0
2024-10-25 16:00,0
2024-10-25 17:00,0
2024-10-25 18:00,0
2024-10-25 19:00,0
2024-10-25 20:00,0
2024-10-25 21:00,0
2024-10-25 22:00,0
2024-10-25 23:00,0
2024-10-26 00:00,0
2024-10-26 01:00,0
2024-10-26 02:00,0
2024-10-26 03:00,0
2024-10-26 04:00,0
2024-10-26 05:00,0
2024-10-26 06:00,0
2024-10-26 07:00,26.669
2024-10-26 08:00,77.224
2024-10-26 09:00,101.708
2024-10-26 10:00,121.075
2024-10-26 11:00,110.262
2024-10-26 12:00,101.307
2024-10-26 13:00,78.431
2024-10-26 14:00,22.599
2024-10-26 15:00,0
2024-10-26 16:00,0
2024-10-26 17:00,0
2024-10-26 18:00,0
2024-10-26 19:00,0
2024-10-26 20:00,0
2024-10-26 21:00,0
2024-10-26 22:00,0
2024-10-26 23:00,0
2024-10-27 00:00,0
2024-10-27 01:00,0
2024-10-27 02:00,0
2024-10-27 03:00,0
2024-10-27 04:00,0
2024-10-27 05:00,0
2024-10-27 06:00,0
2024-10-27 07:00,35.996
2024-10-27 08:00,47.371
2024-10-27 09:00,55.098
2024-10-27 10:00,71.566
2024-10-27 11:00,56.548
2024-10-27 12:00,34.473
2024-10-27 13:00,11.823
2024-10-27 14:00,0
2024-10-27 15:00,0
2024-10-27 16:00,0
2024-10-27 17:00,0
2024-10-27 18:00,0
2024-10-27 19:00,0
2024-10-27 20:00,0
2024-10-27 21:00,0
2024-10-27 22:00,0
2024-10-27 23:00,0
2024-10-28 00:00,0
2024-10-28 01:00,0
2024-10-28 02:00,0
2024-10-28 03:00,0
2024-10-28 04:00,0
2024-10-28 05:00,0
2024-10-28 06:00,5.145
2024-10-28 07:00,115.824
2024-10-28 08:00,296.805
2024-10-28 09:00,413.230
2024-10-28 10:00,318.504
2024-10-28 11:00,207.240
2024-10-28 12:00,119.413
2024-10-28 13:00,59.446
2024-10-28 14:00,24.206
2024-10-28 15:00,0
2024-10-28 16:00,0
2024-10-28 17:00,0
2024-10-28 18:00,0
2024-10-28 19:00,0
2024-10-28 20:00,0
2024-10-28 21:00,0
2024-10-28 22:00,0
2024-10-28 23:00,0
2024-10-29 00:00,0
2024-10-29 01:00,0
2024-10-29 02:00,0
2024-10-29 03:00,0
2024-10-29 04:00,0
2024-10-29 05:00,0
2024-10-29 06:00,0.894
2024-10-29 07:00,68.916
2024-10-29 08:00,168.974
2024-10-29 09:00,294.373
2024-10-29 10:00,336.754
2024-10-29 11:00,227.479
2024-10-29 12:00,95.051
2024-10-29 13:00,34.694
2024-10-29 14:00,3.306
2024-10-29 15:00,0
2024-10-29 16:00,0
2024-10-29 17:00,0
2024-10-29 18:00,0
2024-10-29 19:00,0
2024-10-29 20:00,0
2024-10-29 21:00,0
2024-10-29 22:00,0
2024-10-29 23:00,0
2024-10-30 00:00,0
2024-10-30 01:00,0
2024-10-30 02:00,0
2024-10-30 03:00,0
2024-10-30 04:00,0
2024-10-30 05:00,0
2024-10-30 06:00,1.323
2024-10-30 07:00,67.758
2024-10-30 08:00,211.444
2024-10-30 09:00,205.677
2024-10-30 10:00,422.584
2024-10-30 11:00,328.920
2024-10-30 12:00,336.763
2024-10-30 13:00,198.201
2024-10-30 14:00,86.533
2024-10-30 15:00,0
2024-10-30 16:00,0
2024-10-30 17:00,0
2024-10-30 18:00,0
2024-10-30 19:00,0
2024-10-30 20:00,0
2024-10-30 21:00,0
2024-10-30 22:00,0
2024-10-30 23:00,0
2024-10-31 00:00,0
2024-10-31 01:00,0
2024-10-31 02:00,0
2024-10-31 03:00,0
2024-10-31 04:00,0
2024-10-31 05:00,0
2024-10-31 06:00,0
2024-10-31 07:00,13.159
2024-10-31 08:00,23.128
2024-10-31 09:00,23.904
2024-10-31 10:00,27.299
2024-10-31 11:00,39.189
2024-10-31 12:00,14.728
2024-10-31 13:00,0
2024-10-31 14:00,0
2024-10-31 15:00,0
2024-10-31 16:00,0
2024-10-31 17:00,0
2024-10-31 18:00,0
2024-10-31 19:00,0
2024-10-31 20:00,0
2024-10-31 21:00,0
2024-10-31 22:00,0
2024-10-31 23:00,0
2024-11-01 00:00,0
2024-11-01 01:00,0
2024-11-01 02:00,0
2024-11-01 03:00,0
2024-11-01 04:00,0
2024-11-01 05:00,0
2024-11-01 06:00,0
2024-11-01 07:00,91.344
2024-11-01 08:00,177.336
2024-11-01 09:00,184.576
2024-11-01 10:00,235.686
2024-11-01 11:00,334.732
2024-11-01 12:00,235.106
2024-11-01 13:00,131.205
2024-11-01 14:00,29.706
2024-11-01 15:00,0
2024-11-01 16:00,0
2024-11-01 17:00,0
2024-11-01 18:00,0
2024-11-01 19:00,0
2024-11-01 20:00,0
2024-11-01 21:00,0
2024-11-01 22:00,0
2024-11-01 23:00,0
2024-11-02 00:00,0
2024-11-02 01:00,0
2024-11-02 02:00,0
2024-11-02 03:00,0
2024-11-02 04:00,0
2024-11-02 05:00,0
2024-11-02 06:00,0
2024-11-02 07:00,151.826
2024-11-02 08:00,347.535
2024-11-02 09:00,471.815
2024-11-02 10:00,526.214
2024-11-02 11:00,516.912
2024-11-02 12:00,443.875
2024-11-02 13:00,299.940
2024-11-02 14:00,108.955
2024-11-02 15:00,0
2024-11-02 16:00,0
2024-11-02 17:00,0
2024-11-02 18:00,0
2024-11-02 19:00,0
2024-11-02 20:00,0
2024-11-02 21:00,0
2024-11-02 22:00,0
2024-11-02 23:00,0
2024-11-03 00:00,0
2024-11-03 01:00,0
2024-11-03 02:00,0
2024-11-03 03:00,0
2024-11-03 04:00,0
2024-11-03 05:00,0
2024-11-03 06:00,0
2024-11-03 07:00,18.629
2024-11-03 08:00,54.494
2024-11-03 09:00,158.986
2024-11-03 10:00,315.060
2024-11-03 11:00,296.171
2024-11-03 12:00,190.983
2024-11-03 13:00,114.592
2024-11-03 14:00,42.213
2024-11-03 15:00,0
2024-11-03 16:00,0
2024-11-03 17:00,0
2024-11-03 18:00,0
2024-11-03 19:00,0
2024-11-03 20:00,0
2024-11-03 21:00,0
2024-11-03 22:00,0
2024-11-03 23:00,0
2024-11-04 00:00,0
2024-11-04 01:00,0
2024-11-04 02:00,0
2024-11-04 03:00,0
2024-11-04 04:00,0
2024-11-04 05:00,0
2024-11-04 06:00,0
2024-11-04 07:00,32.829
2024-11-04 08:00,140.187
2024-11-04 09:00,287.253
2024-11-04 10:00,380.373
2024-11-04 11:00,367.315
2024-11-04 12:00,267.344
2024-11-04 13:00,157.706
2024-11-04 14:00,34.111
2024-11-04 15:00,0
2024-11-04 16:00,0
2024-11-04 17:00,0
2024-11-04 18:00,0
2024-11-04 19:00,0
2024-11-04 20:00,0
2024-11-04 21:00,0
2024-11-04 22:00,0
2024-11-04 23:00,0
2024-11-05 00:00,0
2024-11-05 01:00,0
2024-11-05 02:00,0
2024-11-05 03:00,0
2024-11-05 04:00,0
2024-11-05 05:00,0
2024-11-05 06:00,0
2024-11-05 07:00,0
2024-11-05 08:00,17.193
2024-11-05 09:00,60.493
2024-11-05 10:00,107.478
2024-11-05 11:00,208.479
2024-11-05 12:00,238.794
2024-11-05 13:00,147.915
2024-11-05 14:00,24.419
2024-11-05 15:00,0
2024-11-05 16:00,0
2024-11-05 17:00,0
2024-11-05 18:00,0
2024-11-05 19:00,0
2024-11-05 20:00,0
2024-11-05 21:00,0
2024-11-05 22:00,0
2024-11-05 23:00,0
2024-11-06 00:00,0
2024-11-06 01:00,0
2024-11-06 02:00,0
2024-11-06 03:00,0
2024-11-06 04:00,0
2024-11-06 05:00,0
2024-11-06 06:00,0
2024-11-06 07:00,0
2024-11-06 08:00,12.687
2024-11-06 09:00,27.975
2024-11-06 10:00,40.529
2024-11-06 11:00,46.152
2024-11-06 12:00,38.559
2024-11-06 13:00,15.703
2024-11-06 14:00,0
2024-11-06 15:00,0
2024-11-06 16:00,0
2024-11-06 17:00,0
2024-11-06 18:00,0
2024-11-06 19:00,0
2024-11-06 20:00,0
2024-11-06 21:00,0
2024-11-06 22:00,0
2024-11-06 23:00,0
2024-11-07 00:00,0
2024-11-07 01:00,0
2024-11-07 02:00,0
2024-11-07 03:00,0
2024-11-07 04:00,0
2024-11-07 05:00,0
2024-11-07 06:00,0
2024-11-07 07:00,4.550
2024-11-07 08:00,38.602
2024-11-07 09:00,102.237
2024-11-07 10:00,216.994
2024-11-07 11:00,397.641
2024-11-07 12:00,335.440
2024-11-07 13:00,178.342
2024-11-07 14:00,23.461
2024-11-07 15:00,0
2024-11-07 16:00,0
2024-11-07 17:00,0
2024-11-07 18:00,0
2024-11-07 19:00,0
2024-11-07 20:00,0
2024-11-07 21:00,0
2024-11-07 22:00,0
2024-11-07 23:00,0
2024-11-08 00:00,0
2024-11-08 01:00,0
2024-11-08 02:00,0
2024-11-08 03:00,0
2024-11-08 04:00,0
2024-11-08 05:00,0
2024-11-08 06:00,0
2024-11-08 07:00,7.798
2024-11-08 08:00,61.610
2024-11-08 09:00,104.296
2024-11-08 10:00,243.966
2024-11-08 11:00,348.622
2024-11-08 12:00,288.380
2024-11-08 13:00,168.097
2024-11-08 14:00,19.588
2024-11-08 15:00,0
2024-11-08 16:00,0
2024-11-08 17:00,0
2024-11-08 18:00,0
2024-11-08 19:00,0
2024-11-08 20:00,0
2024-11-08 21:00,0
2024-11-08 22:00,0
2024-11-08 23:00,0
2024-11-09 00:00,0
2024-11-09 01:00,0
2024-11-09 02:00,0
2024-11-09 03:00,0
2024-11-09 04:00,0
2024-11-09 05:00,0
2024-11-09 06:00,0
2024-11-09 07:00,0.669
2024-11-09 08:00,23.173
2024-11-09 09:00,52.133
2024-11-09 10:00,74.285
2024-11-09 11:00,95.673
2024-11-09 12:00,63.533
2024-11-09 13:00,26.244
2024-11-09 14:00,0
2024-11-09 15:00,0
2024-11-09 16:00,0
2024-11-09 17:00,0
2024-11-09 18:00,0
2024-11-09 19:00,0
2024-11-09 20:00,0
2024-11-09 21:00,0
2024-11-09 22:00,0
2024-11-09 23:00,0
2024-11-10 00:00,0
2024-11-10 01:00,0
2024-11-10 02:00,0
2024-11-10 03:00,0
2024-11-10 04:00,0
2024-11-10 05:00,0
2024-11-10 06:00,0
2024-11-10 07:00,7.891
2024-11-10 08:00,48.452
2024-11-10 09:00,82.865
2024-11-10 10:00,100.270
2024-11-10 11:00,94.669
2024-11-10 12:00,64.553
2024-11-10 13:00,26.833
2024-11-10 14:00,0
2024-11-10 15:00,0
2024-11-10 16:00,0
2024-11-10 17:00,0
2024-11-10 18:00,0
2024-11-10 19:00,0
2024-11-10 20:00,0
2024-11-10 21:00,0
2024-11-10 22:00,0
2024-11-10 23:00,0
2024-11-11 00:00,0
2024-11-11 01:00,0
2024-11-11 02:00,0
2024-11-11 03:00,0
2024-11-11 04:00,0
2024-11-11 05:00,0
2024-11-11 06:00,0
2024-11-11 07:00,3.573
2024-11-11 08:00,36.044
2024-11-11 09:00,54.025
2024-11-11 10:00,119.914
2024-11-11 11:00,85.463
2024-11-11 12:00,57.276
2024-11-11 13:00,20.366
2024-11-11 14:00,0
2024-11-11 15:00,0
2024-11-11 16:00,0
2024-11-11 17:00,0
2024-11-11 18:00,0
2024-11-11 19:00,0
2024-11-11 20:00,0
2024-11-11 21:00,0
2024-11-11 22:00,0
2024-11-11 23:00,0
2024-11-12 00:00,0
2024-11-12 01:00,0
2024-11-12 02:00,0
2024-11-12 03:00,0
2024-11-12 04:00,0
2024-11-12 05:00,0
2024-11-12 06:00,0
2024-11-12 07:00,0
2024-11-12 08:00,12.161
2024-11-12 09:00,25.257
2024-11-12 10:00,51.690
2024-11-12 11:00,65.015
2024-11-12 12:00,53.685
2024-11-12 13:00,25.728
2024-11-12 14:00,0
2024-11-12 15:00,0
2024-11-12 16:00,0
2024-11-12 17:00,0
2024-11-12 18:00,0
2024-11-12 19:00,0
2024-11-12 20:00,0
2024-11-12 21:00,0
2024-11-12 22:00,0
2024-11-12 23:00,0
2024-11-13 00:00,0
2024-11-13 01:00,0
2024-11-13 02:00,0
2024-11-13 03:00,0
2024-11-13 04:00,0
2024-11-13 05:00,0
2024-11-13 06:00,0
2024-11-13 07:00,0
2024-11-13 08:00,17.621
2024-11-13 09:00,46.090
2024-11-13 10:00,62.256
2024-11-13 11:00,42.288
2024-11-13 12:00,46.182
2024-11-13 13:00,18.751
2024-11-13 14:00,0
2024-11-13 15:00,0
2024-11-13 16:00,0
2024-11-13 17:00,0
2024-11-13 18:00,0
2024-11-13 19:00,0
2024-11-13 20:00,0
2024-11-13 21:00,0
2024-11-13 22:00,0
2024-11-13 23:00,0
2024-11-14 00:00,0
2024-11-14 01:00,0
2024-11-14 02:00,0
2024-11-14 03:00,0
2024-11-14 04:00,0
2024-11-14 05:00,0
2024-11-14 06:00,0
2024-11-14 07:00,15.053
2024-11-14 08:00,123.963
2024-11-14 09:00,345.021
2024-11-14 10:00,405.674
2024-11-14 11:00,369.322
2024-11-14 12:00,198.687
2024-11-14 13:00,87.671
2024-11-14 14:00,0
2024-11-14 15:00,0
2024-11-14 16:00,0
2024-11-14 17:00,0
2024-11-14 18:00,0
2024-11-14 19:00,0
2024-11-14 20:00,0
2024-11-14 21:00,0
2024-11-14 22:00,0
2024-11-14 23:00,0
2024-11-15 00:00,0
2024-11-15 01:00,0
2024-11-15 02:00,0
2024-11-15 03:00,0
2024-11-15 04:00,0
2024-11-15 05:00,0
2024-11-15 06:00,0
2024-11-15 07:00,15.923
2024-11-15 08:00,174.589
2024-11-15 09:00,319.472
2024-11-15 10:00,383.221
2024-11-15 11:00,361.084
2024-11-15 12:00,208.555
2024-11-15 13:00,46.322
2024-11-15 14:00,0
2024-11-15 15:00,0
2024-11-15 16:00,0
2024-11-15 17:00,0
2024-11-15 18:00,0
2024-11-15 19:00,0
2024-11-15 20:00,0
2024-11-15 21:00,0
2024-11-15 22:00,0
2024-11-15 23:00,0
2024-11-16 00:00,0
2024-11-16 01:00,0
2024-11-16 02:00,0
2024-11-16 03:00,0
2024-11-16 04:00,0
2024-11-16 05:00,0
2024-11-16 06:00,0
2024-11-16 07:00,0
2024-11-16 08:00,19.028
2024-11-16 09:00,67.821
2024-11-16 10:00,127.882
2024-11-16 11:00,182.266
2024-11-16 12:00,218.897
2024-11-16 13:00,93.163
2024-11-16 14:00,0
2024-11-16 15:00,0
2024-11-16 16:00,0
2024-11-16 17:00,0
2024-11-16 18:00,0
2024-11-16 19:00,0
2024-11-16 20:00,0
2024-11-16 21:00,0
2024-11-16 22:00,0
2024-11-16 23:00,0
2024-11-17 00:00,0
2024-11-17 01:00,0
2024-11-17 02:00,0
2024-11-17 03:00,0
2024-11-17 04:00,0
2024-11-17 05:00,0
2024-11-17 06:00,0
2024-11-17 07:00,19.974
2024-11-17 08:00,105.604
2024-11-17 09:00,77.470
2024-11-17 10:00,81.393
2024-11-17 11:00,72.718
2024-11-17 12:00,99.050
2024-11-17 13:00,90.845
2024-11-17 14:00,0
2024-11-17 15:00,0
2024-11-17 16:00,0
2024-11-17 17:00,0
2024-11-17 18:00,0
2024-11-17 19:00,0
2024-11-17 20:00,0
2024-11-17 21:00,0
2024-11-17 22:00,0
2024-11-17 23:00,0
2024-11-18 00:00,0
2024-11-18 01:00,0
2024-11-18 02:00,0
2024-11-18 03:00,0
2024-11-18 04:00,0
2024-11-18 05:00,0
2024-11-18 06:00,0
2024-11-18 07:00,2.323
2024-11-18 08:00,81.031
2024-11-18 09:00,248.080
2024-11-18 10:00,376.146
2024-11-18 11:00,374.998
2024-11-18 12:00,293.751
2024-11-18 13:00,142.408
2024-11-18 14:00,0
2024-11-18 15:00,0
2024-11-18 16:00,0
2024-11-18 17:00,0
2024-11-18 18:00,0
2024-11-18 19:00,0
2024-11-18 20:00,0
2024-11-18 21:00,0
2024-11-18 22:00,0
2024-11-18 23:00,0
2024-11-19 00:00,0
2024-11-19 01:00,0
2024-11-19 02:00,0
2024-11-19 03:00,0
2024-11-19 04:00,0
2024-11-19 05:00,0
2024-11-19 06:00,0
2024-11-19 07:00,0.233
2024-11-19 08:00,42.595
2024-11-19 09:00,83.877
2024-11-19 10:00,102.991
2024-11-19 11:00,85.003
2024-11-19 12:00,53.864
2024-11-19 13:00,18.552
2024-11-19 14:00,0
2024-11-19 15:00,0
2024-11-19 16:00,0
2024-11-19 17:00,0
2024-11-19 18:00,0
2024-11-19 19:00,0
2024-11-19 20:00,0
2024-11-19 21:00,0
2024-11-19 22:00,0
2024-11-19 23:00,0
2024-11-20 00:00,0
2024-11-20 01:00,0
2024-11-20 02:00,0
2024-11-20 03:00,0
2024-11-20 04:00,0
2024-11-20 05:00,0
2024-11-20 06:00,0
2024-11-20 07:00,0
2024-11-20 08:00,0
2024-11-20 09:00,4.247
2024-11-20 10:00,7.855
2024-11-20 11:00,9.108
2024-11-20 12:00,5.618
2024-11-20 13:00,0
2024-11-20 14:00,0
2024-11-20 15:00,0
2024-11-20 16:00,0
2024-11-20 17:00,0
2024-11-20 18:00,0
2024-11-20 19:00,0
2024-11-20 20:00,0
2024-11-20 21:00,0
2024-11-20 22:00,0
2024-11-20 23:00,0
2024-11-21 00:00,0
2024-11-21 01:00,0
2024-11-21 02:00,0
2024-11-21 03:00,0
2024-11-21 04:00,0
2024-11-21 05:00,0
2024-11-21 06:00,0
2024-11-21 07:00,0
2024-11-21 08:00,1.917
2024-11-21 09:00,10.549
2024-11-21 10:00,14.910
2024-11-21 11:00,15.034
2024-11-21 12:00,9.266
2024-11-21 13:00,0
2024-11-21 14:00,0
2024-11-21 15:00,0
2024-11-21 16:00,0
2024-11-21 17:00,0
2024-11-21 18:00,0
2024-11-21 19:00,0
2024-11-21 20:00,0
2024-11-21 21:00,0
2024-11-21 22:00,0
2024-11-21 23:00,0
2024-11-22 00:00,0
2024-11-22 01:00,0
2024-11-22 02:00,0
2024-11-22 03:00,0
2024-11-22 04:00,0
2024-11-22 05:00,0
2024-11-22 06:00,0
2024-11-22 07:00,3.306
2024-11-22 08:00,83.793
2024-11-22 09:00,177.900
2024-11-22 10:00,214.394
2024-11-22 11:00,174.150
2024-11-22 12:00,113.677
2024-11-22 13:00,48.711
2024-11-22 14:00,0
2024-11-22 15:00,0
2024-11-22 16:00,0
2024-11-22 17:00,0
2024-11-22 18:00,0
2024-11-22 19:00,0
2024-11-22 20:00,0
2024-11-22 21:00,0
2024-11-22 22:00,0
2024-11-22 23:00,0
2024-11-23 00:00,0
2024-11-23 01:00,0
2024-11-23 02:00,0
2024-11-23 03:00,0
2024-11-23 04:00,0
2024-11-23 05:00,0
2024-11-23 06:00,0
2024-11-23 07:00,7.296
2024-11-23 08:00,128.175
2024-11-23 09:00,252.181
2024-11-23 10:00,294.331
2024-11-23 11:00,230.451
2024-11-23 12:00,157.810
2024-11-23 13:00,110.142
2024-11-23 14:00,0
2024-11-23 15:00,0
2024-11-23 16:00,0
2024-11-23 17:00,0
2024-11-23 18:00,0
2024-11-23 19:00,0
2024-11-23 20:00,0
2024-11-23 21:00,0
2024-11-23 22:00,0
2024-11-23 23:00,0
2024-11-24 00:00,0
2024-11-24 01:00,0
2024-11-24 02:00,0
2024-11-24 03:00,0
2024-11-24 04:00,0
2024-11-24 05:00,0
2024-11-24 06:00,0
2024-11-24 07:00,0
2024-11-24 08:00,21.362
2024-11-24 09:00,35.376
2024-11-24 10:00,29.350
2024-11-24 11:00,35.852
2024-11-24 12:00,20.653
2024-11-24 13:00,0
2024-11-24 14:00,0
2024-11-24 15:00,0
2024-11-24 16:00,0
2024-11-24 17:00,0
2024-11-24 18:00,0
2024-11-24 19:00,0
2024-11-24 20:00,0
2024-11-24 21:00,0
2024-11-24 22:00,0
2024-11-24 23:00,0
2024-11-25 00:00,0
2024-11-25 01:00,0
2024-11-25 02:00,0
2024-11-25 03:00,0
2024-11-25 04:00,0
2024-11-25 05:00,0
2024-11-25 06:00,0
2024-11-25 07:00,0
2024-11-25 08:00,2.547
2024-11-25 09:00,15.159
2024-11-25 10:00,21.190
2024-11-25 11:00,21.096
2024-11-25 12:00,9.386
2024-11-25 13:00,0
2024-11-25 14:00,0
2024-11-25 15:00,0
2024-11-25 16:00,0
2024-11-25 17:00,0
2024-11-25 18:00,0
2024-11-25 19:00,0
2024-11-25 20:00,0
2024-11-25 21:00,0
2024-11-25 22:00,0
2024-11-25 23:00,0
2024-11-26 00:00,0
2024-11-26 01:00,0
2024-11-26 02:00,0
2024-11-26 03:00,0
2024-11-26 04:00,0
2024-11-26 05:00,0
2024-11-26 06:00,0
2024-11-26 07:00,0
2024-11-26 08:00,4.797
2024-11-26 09:00,21.046
2024-11-26 10:00,27.047
2024-11-26 11:00,21.554
2024-11-26 12:00,8.790
2024-11-26 13:00,0
2024-11-26 14:00,0
2024-11-26 15:00,0
2024-11-26 16:00,0
2024-11-26 17:00,0
2024-11-26 18:00,0
2024-11-26 19:00,0
2024-11-26 20:00,0
2024-11-26 21:00,0
2024-11-26 22:00,0
2024-11-26 23:00,0
2024-11-27 00:00,0
2024-11-27 01:00,0
2024-11-27 02:00,0
2024-11-27 03:00,0
2024-11-27 04:00,0
2024-11-27 05:00,0
2024-11-27 06:00,0
2024-11-27 07:00,0
2024-11-27 08:00,0
2024-11-27 09:00,3.925
2024-11-27 10:00,6.662
2024-11-27 11:00,6.905
2024-11-27 12:00,3.411
2024-11-27 13:00,0
2024-11-27 14:00,0
2024-11-27 15:00,0
2024-11-27 16:00,0
2024-11-27 17:00,0
2024-11-27 18:00,0
2024-11-27 19:00,0
2024-11-27 20:00,0
2024-11-27 21:00,0
2024-11-27 22:00,0
2024-11-27 23:00,0
2024-11-28 00:00,0
2024-11-28 01:00,0
2024-11-28 02:00,0
2024-11-28 03:00,0
2024-11-28 04:00,0
2024-11-28 05:00,0
2024-11-28 06:00,0
2024-11-28 07:00,0
2024-11-28 08:00,0
2024-11-28 09:00,12.163
2024-11-28 10:00,22.214
2024-11-28 11:00,23.967
2024-11-28 12:00,17.643
2024-11-28 13:00,0.901
2024-11-28 14:00,0
2024-11-28 15:00,0
2024-11-28 16:00,0
2024-11-28 17:00,0
2024-11-28 18:00,0
2024-11-28 19:00,0
2024-11-28 20:00,0
2024-11-28 21:00,0
2024-11-28 22:00,0
2024-11-28 23:00,0
2024-11-29 00:00,0
2024-11-29 01:00,0
2024-11-29 02:00,0
2024-11-29 03:00,0
2024-11-29 04:00,0
2024-11-29 05:00,0
2024-11-29 06:00,0
2024-11-29 07:00,0
2024-11-29 08:00,11.887
2024-11-29 09:00,59.773
2024-11-29 10:00,140.231
2024-11-29 11:00,122.602
2024-11-29 12:00,58.666
2024-11-29 13:00,1.116
2024-11-29 14:00,0
2024-11-29 15:00,0
2024-11-29 16:00,0
2024-11-29 17:00,0
2024-11-29 18:00,0
2024-11-29 19:00,0
2024-11-29 20:00,0
2024-11-29 21:00,0
2024-11-29 22:00,0
2024-11-29 23:00,0
2024-11-30 00:00,0
2024-11-30 01:00,0
2024-11-30 02:00,0
2024-11-30 03:00,0
2024-11-30 04:00,0
2024-11-30 05:00,0
2024-11-30 06:00,0
2024-11-30 07:00,0
2024-11-30 08:00,0
2024-11-30 09:00,11.335
2024-11-30 10:00,27.513
2024-11-30 11:00,24.093
2024-11-30 12:00,6.053
2024-11-30 13:00,0
2024-11-30 14:00,0
2024-11-30 15:00,0
2024-11-30 16:00,0
2024-11-30 17:00,0
2024-11-30 18:00,0
2024-11-30 19:00,0
2024-11-30 20:00,0
2024-11-30 21:00,0
2024-11-30 22:00,0
2024-11-30 23:00,0
2024-12-01 00:00,0
2024-12-01 01:00,0
2024-12-01 02:00,0
2024-12-01 03:00,0
2024-12-01 04:00,0
2024-12-01 05:00,0
2024-12-01 06:00,0
2024-12-01 07:00,0
2024-12-01 08:00,0
2024-12-01 09:00,5.802
2024-12-01 10:00,14.728
2024-12-01 11:00,22.605
2024-12-01 12:00,18.957
2024-12-01 13:00,0
2024-12-01 14:00,0
2024-12-01 15:00,0
2024-12-01 16:00,0
2024-12-01 17:00,0
2024-12-01 18:00,0
2024-12-01 19:00,0
2024-12-01 20:00,0
2024-12-01 21:00,0
2024-12-01 22:00,0
2024-12-01 23:00,0
2024-12-02 00:00,0
2024-12-02 01:00,0
2024-12-02 02:00,0
2024-12-02 03:00,0
2024-12-02 04:00,0
2024-12-02 05:00,0
2024-12-02 06:00,0
2024-12-02 07:00,0
2024-12-02 08:00,0
2024-12-02 09:00,8.204
2024-12-02 10:00,10.040
2024-12-02 11:00,4.196
2024-12-02 12:00,0
2024-12-02 13:00,0
2024-12-02 14:00,0
2024-12-02 15:00,0
2024-12-02 16:00,0
2024-12-02 17:00,0
2024-12-02 18:00,0
2024-12-02 19:00,0
2024-12-02 20:00,0
2024-12-02 21:00,0
2024-12-02 22:00,0
2024-12-02 23:00,0
2024-12-03 00:00,0
2024-12-03 01:00,0
2024-12-03 02:00,0
2024-12-03 03:00,0
2024-12-03 04:00,0
2024-12-03 05:00,0
2024-12-03 06:00,0
2024-12-03 07:00,0
2024-12-03 08:00,0
2024-12-03 09:00,32.765
2024-12-03 10:00,176.527
2024-12-03 11:00,228.514
2024-12-03 12:00,173.005
2024-12-03 13:00,49.885
2024-12-03 14:00,0
2024-12-03 15:00,0
2024-12-03 16:00,0
2024-12-03 17:00,0
2024-12-03 18:00,0
2024-12-03 19:00,0
2024-12-03 20:00,0
2024-12-03 21:00,0
2024-12-03 22:00,0
2024-12-03 23:00,0
2024-12-04 00:00,0
2024-12-04 01:00,0
2024-12-04 02:00,0
2024-12-04 03:00,0
2024-12-04 04:00,0
2024-12-04 05:00,0
2024-12-04 06:00,0
2024-12-04 07:00,0
2024-12-04 08:00,95.845
2024-12-04 09:00,249.048
2024-12-04 10:00,324.176
2024-12-04 11:00,311.712
2024-12-04 12:00,209.331
2024-12-04 13:00,49.959
2024-12-04 14:00,0
2024-12-04 15:00,0
2024-12-04 16:00,0
2024-12-04 17:00,0
2024-12-04 18:00,0
2024-12-04 19:00,0
2024-12-04 20:00,0
2024-12-04 21:00,0
2024-12-04 22:00,0
2024-12-04 23:00,0
2024-12-05 00:00,0
2024-12-05 01:00,0
2024-12-05 02:00,0
2024-12-05 03:00,0
2024-12-05 04:00,0
2024-12-05 05:00,0
2024-12-05 06:00,0
2024-12-05 07:00,0
2024-12-05 08:00,4.164
2024-12-05 09:00,25.553
2024-12-05 10:00,33.768
2024-12-05 11:00,28.486
2024-12-05 12:00,13.204
2024-12-05 13:00,0
2024-12-05 14:00,0
2024-12-05 15:00,0
2024-12-05 16:00,0
2024-12-05 17:00,0
2024-12-05 18:00,0
2024-12-05 19:00,0
2024-12-05 20:00,0
2024-12-05 21:00,0
2024-12-05 22:00,0
2024-12-05 23:00,0
2024-12-06 00:00,0
2024-12-06 01:00,0
2024-12-06 02:00,0
2024-12-06 03:00,0
2024-12-06 04:00,0
2024-12-06 05:00,0
2024-12-06 06:00,0
2024-12-06 07:00,0
2024-12-06 08:00,6.547
2024-12-06 09:00,30.906
2024-12-06 10:00,47.715
2024-12-06 11:00,52.220
2024-12-06 12:00,31.908
2024-12-06 13:00,0.979
2024-12-06 14:00,0
2024-12-06 15:00,0
2024-12-06 16:00,0
2024-12-06 17:00,0
2024-12-06 18:00,0
2024-12-06 19:00,0
2024-12-06 20:00,0
2024-12-06 21:00,0
2024-12-06 22:00,0
2024-12-06 23:00,0
2024-12-07 00:00,0
2024-12-07 01:00,0
2024-12-07 02:00,0
2024-12-07 03:00,0
2024-12-07 04:00,0
2024-12-07 05:00,0
2024-12-07 06:00,0
2024-12-07 07:00,0
2024-12-07 08:00,5.782
2024-12-07 09:00,32.049
2024-12-07 10:00,43.439
2024-12-07 11:00,41.145
2024-12-07 12:00,22.277
2024-12-07 13:00,0
2024-12-07 14:00,0
2024-12-07 15:00,0
2024-12-07 16:00,0
2024-12-07 17:00,0
2024-12-07 18:00,0
2024-12-07 19:00,0
2024-12-07 20:00,0
2024-12-07 21:00,0
2024-12-07 22:00,0
2024-12-07 23:00,0
2024-12-08 00:00,0
2024-12-08 01:00,0
2024-12-08 02:00,0
2024-12-08 03:00,0
2024-12-08 04:00,0
2024-12-08 05:00,0
2024-12-08 06:00,0
2024-12-08 07:00,0
2024-12-08 08:00,0
2024-12-08 09:00,6.728
2024-12-08 10:00,9.788
2024-12-08 11:00,7.570
2024-12-08 12:00,0.945
2024-12-08 13:00,0
2024-12-08 14:00,0
2024-12-08 15:00,0
2024-12-08 16:00,0
2024-12-08 17:00,0
2024-12-08 18:00,0
2024-12-08 19:00,0
2024-12-08 20:00,0
2024-12-08 21:00,0
2024-12-08 22:00,0
2024-12-08 23:00,0
2024-12-09 00:00,0
2024-12-09 01:00,0
2024-12-09 02:00,0
2024-12-09 03:00,0
2024-12-09 04:00,0
2024-12-09 05:00,0
2024-12-09 06:00,0
2024-12-09 07:00,0
2024-12-09 08:00,6.850
2024-12-09 09:00,35.069
2024-12-09 10:00,61.822
2024-12-09 11:00,62.586
2024-12-09 12:00,31.807
2024-12-09 13:00,0
2024-12-09 14:00,0
2024-12-09 15:00,0
2024-12-09 16:00,0
2024-12-09 17:00,0
2024-12-09 18:00,0
2024-12-09 19:00,0
2024-12-09 20:00,0
2024-12-09 21:00,0
2024-12-09 22:00,0
2024-12-09 23:00,0
2024-12-10 00:00,0
2024-12-10 01:00,0
2024-12-10 02:00,0
2024-12-10 03:00,0
2024-12-10 04:00,0
2024-12-10 05:00,0
2024-12-10 06:00,0
2024-12-10 07:00,0
2024-12-10 08:00,78.368
2024-12-10 09:00,229.182
2024-12-10 10:00,300.881
2024-12-10 11:00,286.025
2024-12-10 12:00,188.767
2024-12-10 13:00,34.240
2024-12-10 14:00,0
2024-12-10 15:00,0
2024-12-10 16:00,0
2024-12-10 17:00,0
2024-12-10 18:00,0
2024-12-10 19:00,0
2024-12-10 20:00,0
2024-12-10 21:00,0
2024-12-10 22:00,0
2024-12-10 23:00,0
2024-12-11 00:00,0
2024-12-11 01:00,0
2024-12-11 02:00,0
2024-12-11 03:00,0
2024-12-11 04:00,0
2024-12-11 05:00,0
2024-12-11 06:00,0
2024-12-11 07:00,0
2024-12-11 08:00,36.029
2024-12-11 09:00,52.899
2024-12-11 10:00,52.897
2024-12-11 11:00,106.804
2024-12-11 12:00,109.342
2024-12-11 13:00,13.042
2024-12-11 14:00,0
2024-12-11 15:00,0
2024-12-11 16:00,0
2024-12-11 17:00,0
2024-12-11 18:00,0
2024-12-11 19:00,0
2024-12-11 20:00,0
2024-12-11 21:00,0
2024-12-11 22:00,0
2024-12-11 23:00,0
2024-12-12 00:00,0
2024-12-12 01:00,0
2024-12-12 02:00,0
2024-12-12 03:00,0
2024-12-12 04:00,0
2024-12-12 05:00,0
2024-12-12 06:00,0
2024-12-12 07:00,0
2024-12-12 08:00,8.216
2024-12-12 09:00,57.505
2024-12-12 10:00,122.528
2024-12-12 11:00,85.644
2024-12-12 12:00,46.494
2024-12-12 13:00,2.527
2024-12-12 14:00,0
2024-12-12 15:00,0
2024-12-12 16:00,0
2024-12-12 17:00,0
2024-12-12 18:00,0
2024-12-12 19:00,0
2024-12-12 20:00,0
2024-12-12 21:00,0
2024-12-12 22:00,0
2024-12-12 23:00,0
2024-12-13 00:00,0
2024-12-13 01:00,0
2024-12-13 02:00,0
2024-12-13 03:00,0
2024-12-13 04:00,0
2024-12-13 05:00,0
2024-12-13 06:00,0
2024-12-13 07:00,0
2024-12-13 08:00,2.815
2024-12-13 09:00,14.674
2024-12-13 10:00,21.326
2024-12-13 11:00,13.545
2024-12-13 12:00,2.964
2024-12-13 13:00,0
2024-12-13 14:00,0
2024-12-13 15:00,0
2024-12-13 16:00,0
2024-12-13 17:00,0
2024-12-13 18:00,0
2024-12-13 19:00,0
2024-12-13 20:00,0
2024-12-13 21:00,0
2024-12-13 22:00,0
2024-12-13 23:00,0
2024-12-14 00:00,0
2024-12-14 01:00,0
2024-12-14 02:00,0
2024-12-14 03:00,0
2024-12-14 04:00,0
2024-12-14 05:00,0
2024-12-14 06:00,0
2024-12-14 07:00,0
2024-12-14 08:00,0
2024-12-14 09:00,0.669
2024-12-14 10:00,1.461
2024-12-14 11:00,0.254
2024-12-14 12:00,0
2024-12-14 13:00,0
2024-12-14 14:00,0
2024-12-14 15:00,0
2024-12-14 16:00,0
2024-12-14 17:00,0
2024-12-14 18:00,0
2024-12-14 19:00,0
2024-12-14 20:00,0
2024-12-14 21:00,0
2024-12-14 22:00,0
2024-12-14 23:00,0
2024-12-15 00:00,0
2024-12-15 01:00,0
2024-12-15 02:00,0
2024-12-15 03:00,0
2024-12-15 04:00,0
2024-12-15 05:00,0
2024-12-15 06:00,0
2024-12-15 07:00,0
2024-12-15 08:00,31.855
2024-12-15 09:00,83.688
2024-12-15 10:00,74.924
2024-12-15 11:00,31.306
2024-12-15 12:00,4.950
2024-12-15 13:00,0
2024-12-15 14:00,0
2024-12-15 15:00,0
2024-12-15 16:00,0
2024-12-15 17:00,0
2024-12-15 18:00,0
2024-12-15 19:00,0
2024-12-15 20:00,0
2024-12-15 21:00,0
2024-12-15 22:00,0
2024-12-15 23:00,0
2024-12-16 00:00,0
2024-12-16 01:00,0
2024-12-16 02:00,0
2024-12-16 03:00,0
2024-12-16 04:00,0
2024-12-16 05:00,0
2024-12-16 06:00,0
2024-12-16 07:00,0
2024-12-16 08:00,29.302
2024-12-16 09:00,84.757
2024-12-16 10:00,140.314
2024-12-16 11:00,162.380
2024-12-16 12:00,107.661
2024-12-16 13:00,6.643
2024-12-16 14:00,0
2024-12-16 15:00,0
2024-12-16 16:00,0
2024-12-16 17:00,0
2024-12-16 18:00,0
2024-12-16 19:00,0
2024-12-16 20:00,0
2024-12-16 21:00,0
2024-12-16 22:00,0
2024-12-16 23:00,0
2024-12-17 00:00,0
2024-12-17 01:00,0
2024-12-17 02:00,0
2024-12-17 03:00,0
2024-12-17 04:00,0
2024-12-17 05:00,0
2024-12-17 06:00,0
2024-12-17 07:00,0
2024-12-17 08:00,42.875
2024-12-17 09:00,163.595
2024-12-17 10:00,243.326
2024-12-17 11:00,237.094
2024-12-17 12:00,140.261
2024-12-17 13:00,13.631
2024-12-17 14:00,0
2024-12-17 15:00,0
2024-12-17 16:00,0
2024-12-17 17:00,0
2024-12-17 18:00,0
2024-12-17 19:00,0
2024-12-17 20:00,0
2024-12-17 21:00,0
2024-12-17 22:00,0
2024-12-17 23:00,0
2024-12-18 00:00,0
2024-12-18 01:00,0
2024-12-18 02:00,0
2024-12-18 03:00,0
2024-12-18 04:00,0
2024-12-18 05:00,0
2024-12-18 06:00,0
2024-12-18 07:00,0
2024-12-18 08:00,0
2024-12-18 09:00,0
2024-12-18 10:00,0.499
2024-12-18 11:00,0
2024-12-18 12:00,0
2024-12-18 13:00,0
2024-12-18 14:00,0
2024-12-18 15:00,0
2024-12-18 16:00,0
2024-12-18 17:00,0
2024-12-18 18:00,0
2024-12-18 19:00,0
2024-12-18 20:00,0
2024-12-18 21:00,0
2024-12-18 22:00,0
2024-12-18 23:00,0
2024-12-19 00:00,0
2024-12-19 01:00,0
2024-12-19 02:00,0
2024-12-19 03:00,0
2024-12-19 04:00,0
2024-12-19 05:00,0
2024-12-19 06:00,0
2024-12-19 07:00,0
2024-12-19 08:00,0
2024-12-19 09:00,0
2024-12-19 10:00,2.455
2024-12-19 11:00,0
2024-12-19 12:00,0
2024-12-19 13:00,0
2024-12-19 14:00,0
2024-12-19 15:00,0
2024-12-19 16:00,0
2024-12-19 17:00,0
2024-12-19 18:00,0
2024-12-19 19:00,0
2024-12-19 20:00,0
2024-12-19 21:00,0
2024-12-19 22:00,0
2024-12-19 23:00,0
2024-12-20 00:00,0
2024-12-20 01:00,0
2024-12-20 02:00,0
2024-12-20 03:00,0
2024-12-20 04:00,0
2024-12-20 05:00,0
2024-12-20 06:00,0
2024-12-20 07:00,0
2024-12-20 08:00,0
2024-12-20 09:00,4.150
2024-12-20 10:00,20.986
2024-12-20 11:00,31.983
2024-12-20 12:00,22.130
2024-12-20 13:00,0
2024-12-20 14:00,0
2024-12-20 15:00,0
2024-12-20 16:00,0
2024-12-20 17:00,0
2024-12-20 18:00,0
2024-12-20 19:00,0
2024-12-20 20:00,0
2024-12-20 21:00,0
2024-12-20 22:00,0
2024-12-20 23:00,0
2024-12-21 00:00,0
2024-12-21 01:00,0
2024-12-21 02:00,0
2024-12-21 03:00,0
2024-12-21 04:00,0
2024-12-21 05:00,0
2024-12-21 06:00,0
2024-12-21 07:00,0
2024-12-21 08:00,0
2024-12-21 09:00,8.684
2024-12-21 10:00,15.271
2024-12-21 11:00,11.778
2024-12-21 12:00,0.154
2024-12-21 13:00,0
2024-12-21 14:00,0
2024-12-21 15:00,0
2024-12-21 16:00,0
2024-12-21 17:00,0
2024-12-21 18:00,0
2024-12-21 19:00,0
2024-12-21 20:00,0
2024-12-21 21:00,0
2024-12-21 22:00,0
2024-12-21 23:00,0
2024-12-22 00:00,0
2024-12-22 01:00,0
2024-12-22 02:00,0
2024-12-22 03:00,0
2024-12-22 04:00,0
2024-12-22 05:00,0
2024-12-22 06:00,0
2024-12-22 07:00,0
2024-12-22 08:00,0
2024-12-22 09:00,0
2024-12-22 10:00,1.051
2024-12-22 11:00,1.139
2024-12-22 12:00,0
2024-12-22 13:00,0
2024-12-22 14:00,0
2024-12-22 15:00,0
2024-12-22 16:00,0
2024-12-22 17:00,0
2024-12-22 18:00,0
2024-12-22 19:00,0
2024-12-22 20:00,0
2024-12-22 21:00,0
2024-12-22 22:00,0
2024-12-22 23:00,0
2024-12-23 00:00,0
2024-12-23 01:00,0
2024-12-23 02:00,0
2024-12-23 03:00,0
2024-12-23 04:00,0
2024-12-23 05:00,0
2024-12-23 06:00,0
2024-12-23 07:00,0
2024-12-23 08:00,0
2024-12-23 09:00,6.293
2024-12-23 10:00,7.085
2024-12-23 11:00,2.789
2024-12-23 12:00,0
2024-12-23 13:00,0
2024-12-23 14:00,0
2024-12-23 15:00,0
2024-12-23 16:00,0
2024-12-23 17:00,0
2024-12-23 18:00,0
2024-12-23 19:00,0
2024-12-23 20:00,0
2024-12-23 21:00,0
2024-12-23 22:00,0
2024-12-23 23:00,0
2024-12-24 00:00,0
2024-12-24 01:00,0
2024-12-24 02:00,0
2024-12-24 03:00,0
2024-12-24 04:00,0
2024-12-24 05:00,0
2024-12-24 06:00,0
2024-12-24 07:00,0
2024-12-24 08:00,0
2024-12-24 09:00,7.894
2024-12-24 10:00,19.888
2024-12-24 11:00,32.338
2024-12-24 12:00,12.987
2024-12-24 13:00,0
2024-12-24 14:00,0
2024-12-24 15:00,0
2024-12-24 16:00,0
2024-12-24 17:00,0
2024-12-24 18:00,0
2024-12-24 19:00,0
2024-12-24 20:00,0
2024-12-24 21:00,0
2024-12-24 22:00,0
2024-12-24 23:00,0
2024-12-25 00:00,0
2024-12-25 01:00,0
2024-12-25 02:00,0
2024-12-25 03:00,0
2024-12-25 04:00,0
2024-12-25 05:00,0
2024-12-25 06:00,0
2024-12-25 07:00,0
2024-12-25 08:00,0
2024-12-25 09:00,0
2024-12-25 10:00,0
2024-12-25 11:00,0
2024-12-25 12:00,0
2024-12-25 13:00,0
2024-12-25 14:00,0
2024-12-25 15:00,0
2024-12-25 16:00,0
2024-12-25 17:00,0
2024-12-25 18:00,0
2024-12-25 19:00,0
2024-12-25 20:00,0
2024-12-25 21:00,0
2024-12-25 22:00,0
2024-12-25 23:00,0
2024-12-26 00:00,0
2024-12-26 01:00,0
2024-12-26 02:00,0
2024-12-26 03:00,0
2024-12-26 04:00,0
2024-12-26 05:00,0
2024-12-26 06:00,0
2024-12-26 07:00,0
2024-12-26 08:00,0
2024-12-26 09:00,3.723
2024-12-26 10:00,10.763
2024-12-26 11:00,8.856
2024-12-26 12:00,0
2024-12-26 13:00,0
2024-12-26 14:00,0
2024-12-26 15:00,0
2024-12-26 16:00,0
2024-12-26 17:00,0
2024-12-26 18:00,0
2024-12-26 19:00,0
2024-12-26 20:00,0
2024-12-26 21:00,0
2024-12-26 22:00,0
2024-12-26 23:00,0
2024-12-27 00:00,0
2024-12-27 01:00,0
2024-12-27 02:00,0
2024-12-27 03:00,0
2024-12-27 04:00,0
2024-12-27 05:00,0
2024-12-27 06:00,0
2024-12-27 07:00,0
2024-12-27 08:00,0
2024-12-27 09:00,1.079
2024-12-27 10:00,6.923
2024-12-27 11:00,7.941
2024-12-27 12:00,0.671
2024-12-27 13:00,0
2024-12-27 14:00,0
2024-12-27 15:00,0
2024-12-27 16:00,0
2024-12-27 17:00,0
2024-12-27 18:00,0
2024-12-27 19:00,0
2024-12-27 20:00,0
2024-12-27 21:00,0
2024-12-27 22:00,0
2024-12-27 23:00,0
2024-12-28 00:00,0
2024-12-28 01:00,0
2024-12-28 02:00,0
2024-12-28 03:00,0
2024-12-28 04:00,0
2024-12-28 05:00,0
2024-12-28 06:00,0
2024-12-28 07:00,0
2024-12-28 08:00,0
2024-12-28 09:00,0
2024-12-28 10:00,0
2024-12-28 11:00,0
2024-12-28 12:00,0
2024-12-28 13:00,0
2024-12-28 14:00,0
2024-12-28 15:00,0
2024-12-28 16:00,0
2024-12-28 17:00,0
2024-12-28 18:00,0
2024-12-28 19:00,0
2024-12-28 20:00,0
2024-12-28 21:00,0
2024-12-28 22:00,0
2024-12-28 23:00,0
2024-12-29 00:00,0
2024-12-29 01:00,0
2024-12-29 02:00,0
2024-12-29 03:00,0
2024-12-29 04:00,0
2024-12-29 05:00,0
2024-12-29 06:00,0
2024-12-29 07:00,0
2024-12-29 08:00,0
2024-12-29 09:00,1.068
2024-12-29 10:00,10.761
2024-12-29 11:00,8.886
2024-12-29 12:00,3.579
2024-12-29 13:00,0
2024-12-29 14:00,0
2024-12-29 15:00,0
2024-12-29 16:00,0
2024-12-29 17:00,0
2024-12-29 18:00,0
2024-12-29 19:00,0
2024-12-29 20:00,0
2024-12-29 21:00,0
2024-12-29 22:00,0
2024-12-29 23:00,0
2024-12-30 00:00,0
2024-12-30 01:00,0
2024-12-30 02:00,0
2024-12-30 03:00,0
2024-12-30 04:00,0
2024-12-30 05:00,0
2024-12-30 06:00,0
2024-12-30 07:00,0
2024-12-30 08:00,40.108
2024-12-30 09:00,158.047
2024-12-30 10:00,233.490
2024-12-30 11:00,217.720
2024-12-30 12:00,108.426
2024-12-30 13:00,9.769
2024-12-30 14:00,0
2024-12-30 15:00,0
2024-12-30 16:00,0
2024-12-30 17:00,0
2024-12-30 18:00,0
2024-12-30 19:00,0
2024-12-30 20:00,0
2024-12-30 21:00,0
2024-12-30 22:00,0
2024-12-30 23:00,0
2024-12-31 00:00,0
2024-12-31 01:00,0
2024-12-31 02:00,0
2024-12-31 03:00,0
2024-12-31 04:00,0
2024-12-31 05:00,0
2024-12-31 06:00,0
2024-12-31 07:00,0
2024-12-31 08:00,28.359
2024-12-31 09:00,211.899
2024-12-31 10:00,294.572
2024-12-31 11:00,281.545
2024-12-31 12:00,172.429
2024-12-31 13:00,22.331
2024-12-31 14:00,0
2024-12-31 15:00,0
2024-12-31 16:00,0
2024-12-31 17:00,0
2024-12-31 18:00,0
2024-12-31 19:00,0
2024-12-31 20:00,0
2024-12-31 21:00,0
2024-12-31 22:00,0
2024-12-31 23:00,0
