# Renewables.ninja Solar photovoltaic power (PV) (Point API) - 59.325, 18.071 - Version: 1.4 (gsee f9b6961) - License: https://creativecommons.org/licenses/by-nc/4.0/ - Reference: https://doi.org/10.1016/j.energy.2016.08.060
# Units: time in UTC, electricity in kW
# {"units": {"time": "UTC", "electricity": "kW"}, "params": {"lat": "59.3251172", "lon": "18.0710935", "date_from": "2023-01-01", "date_to": "2023-12-31", "dataset": "merra2", "header": "true", "local_time": "false", "capacity": "1000", "system_loss": "0.1", "tracking": "0", "tilt": "35", "azim": "180", "raw": "false"}}
time,electricity
2023-01-01 00:00,0
2023-01-01 01:00,0
2023-01-01 02:00,0
2023-01-01 03:00,0
2023-01-01 04:00,0
2023-01-01 05:00,0
2023-01-01 06:00,0
2023-01-01 07:00,0
2023-01-01 08:00,0.305
2023-01-01 09:00,15.009
2023-01-01 10:00,23.292
2023-01-01 11:00,19.411
2023-01-01 12:00,6.711
2023-01-01 13:00,0
2023-01-01 14:00,0
2023-01-01 15:00,0
2023-01-01 16:00,0
2023-01-01 17:00,0
2023-01-01 18:00,0
2023-01-01 19:00,0
2023-01-01 20:00,0
2023-01-01 21:00,0
2023-01-01 22:00,0
2023-01-01 23:00,0
2023-01-02 00:00,0
2023-01-02 01:00,0
2023-01-02 02:00,0
2023-01-02 03:00,0
2023-01-02 04:00,0
2023-01-02 05:00,0
2023-01-02 06:00,0
2023-01-02 07:00,0
2023-01-02 08:00,0
2023-01-02 09:00,0
2023-01-02 10:00,1.395
2023-01-02 11:00,0
2023-01-02 12:00,0
2023-01-02 13:00,0
2023-01-02 14:00,0
2023-01-02 15:00,0
2023-01-02 16:00,0
2023-01-02 17:00,0
2023-01-02 18:00,0
2023-01-02 19:00,0
2023-01-02 20:00,0
2023-01-02 21:00,0
2023-01-02 22:00,0
2023-01-02 23:00,0
2023-01-03 00:00,0
2023-01-03 01:00,0
2023-01-03 02:00,0
2023-01-03 03:00,0
2023-01-03 04:00,0
2023-01-03 05:00,0
2023-01-03 06:00,0
2023-01-03 07:00,0
2023-01-03 08:00,92.305
2023-01-03 09:00,244.715
2023-01-03 10:00,313.706
2023-01-03 11:00,288.961
2023-01-03 12:00,174.836
2023-01-03 13:00,31.422
2023-01-03 14:00,0
2023-01-03 15:00,0
2023-01-03 16:00,0
2023-01-03 17:00,0
2023-01-03 18:00,0
2023-01-03 19:00,0
2023-01-03 20:00,0
2023-01-03 21:00,0
2023-01-03 22:00,0
2023-01-03 23:00,0
2023-01-04 00:00,0
2023-01-04 01:00,0
2023-01-04 02:00,0
2023-01-04 03:00,0
2023-01-04 04:00,0
2023-01-04 05:00,0
2023-01-04 06:00,0
2023-01-04 07:00,0
2023-01-04 08:00,2.465
2023-01-04 09:00,12.981
2023-01-04 10:00,14.731
2023-01-04 11:00,8.001
2023-01-04 12:00,1.118
2023-01-04 13:00,0
2023-01-04 14:00,0
2023-01-04 15:00,0
2023-01-04 16:00,0
2023-01-04 17:00,0
2023-01-04 18:00,0
2023-01-04 19:00,0
2023-01-04 20:00,0
2023-01-04 21:00,0
2023-01-04 22:00,0
2023-01-04 23:00,0
2023-01-05 00:00,0
2023-01-05 01:00,0
2023-01-05 02:00,0
2023-01-05 03:00,0
2023-01-05 04:00,0
2023-01-05 05:00,0
2023-01-05 06:00,0
2023-01-05 07:00,0
2023-01-05 08:00,4.061
2023-01-05 09:00,27.637
2023-01-05 10:00,56.227
2023-01-05 11:00,53.853
2023-01-05 12:00,34.286
2023-01-05 13:00,0
2023-01-05 14:00,0
2023-01-05 15:00,0
2023-01-05 16:00,0
2023-01-05 17:00,0
2023-01-05 18:00,0
2023-01-05 19:00,0
2023-01-05 20:00,0
2023-01-05 21:00,0
2023-01-05 22:00,0
2023-01-05 23:00,0
2023-01-06 00:00,0
2023-01-06 01:00,0
2023-01-06 02:00,0
2023-01-06 03:00,0
2023-01-06 04:00,0
2023-01-06 05:00,0
2023-01-06 06:00,0
2023-01-06 07:00,0
2023-01-06 08:00,2.325
2023-01-06 09:00,14.570
2023-01-06 10:00,16.438
2023-01-06 11:00,11.862
2023-01-06 12:00,1.460
2023-01-06 13:00,0
2023-01-06 14:00,0
2023-01-06 15:00,0
2023-01-06 16:00,0
2023-01-06 17:00,0
2023-01-06 18:00,0
2023-01-06 19:00,0
2023-01-06 20:00,0
2023-01-06 21:00,0
2023-01-06 22:00,0
2023-01-06 23:00,0
2023-01-07 00:00,0
2023-01-07 01:00,0
2023-01-07 02:00,0
2023-01-07 03:00,0
2023-01-07 04:00,0
2023-01-07 05:00,0
2023-01-07 06:00,0
2023-01-07 07:00,0
2023-01-07 08:00,0
2023-01-07 09:00,13.827
2023-01-07 10:00,24.977
2023-01-07 11:00,20.123
2023-01-07 12:00,7.092
2023-01-07 13:00,0
2023-01-07 14:00,0
2023-01-07 15:00,0
2023-01-07 16:00,0
2023-01-07 17:00,0
2023-01-07 18:00,0
2023-01-07 19:00,0
2023-01-07 20:00,0
2023-01-07 21:00,0
2023-01-07 22:00,0
2023-01-07 23:00,0
2023-01-08 00:00,0
2023-01-08 01:00,0
2023-01-08 02:00,0
2023-01-08 03:00,0
2023-01-08 04:00,0
2023-01-08 05:00,0
2023-01-08 06:00,0
2023-01-08 07:00,0
2023-01-08 08:00,0
2023-01-08 09:00,0
2023-01-08 10:00,0
2023-01-08 11:00,0
2023-01-08 12:00,0
2023-01-08 13:00,0
2023-01-08 14:00,0
2023-01-08 15:00,0
2023-01-08 16:00,0
2023-01-08 17:00,0
2023-01-08 18:00,0
2023-01-08 19:00,0
2023-01-08 20:00,0
2023-01-08 21:00,0
2023-01-08 22:00,0
2023-01-08 23:00,0
2023-01-09 00:00,0
2023-01-09 01:00,0
2023-01-09 02:00,0
2023-01-09 03:00,0
2023-01-09 04:00,0
2023-01-09 05:00,0
2023-01-09 06:00,0
2023-01-09 07:00,0
2023-01-09 08:00,0
2023-01-09 09:00,11.439
2023-01-09 10:00,15.261
2023-01-09 11:00,13.091
2023-01-09 12:00,1.898
2023-01-09 13:00,0
2023-01-09 14:00,0
2023-01-09 15:00,0
2023-01-09 16:00,0
2023-01-09 17:00,0
2023-01-09 18:00,0
2023-01-09 19:00,0
2023-01-09 20:00,0
2023-01-09 21:00,0
2023-01-09 22:00,0
2023-01-09 23:00,0
2023-01-10 00:00,0
2023-01-10 01:00,0
2023-01-10 02:00,0
2023-01-10 03:00,0
2023-01-10 04:00,0
2023-01-10 05:00,0
2023-01-10 06:00,0
2023-01-10 07:00,0
2023-01-10 08:00,0.493
2023-01-10 09:00,18.269
2023-01-10 10:00,22.322
2023-01-10 11:00,11.732
2023-01-10 12:00,4.119
2023-01-10 13:00,0
2023-01-10 14:00,0
2023-01-10 15:00,0
2023-01-10 16:00,0
2023-01-10 17:00,0
2023-01-10 18:00,0
2023-01-10 19:00,0
2023-01-10 20:00,0
2023-01-10 21:00,0
2023-01-10 22:00,0
2023-01-10 23:00,0
2023-01-11 00:00,0
2023-01-11 01:00,0
2023-01-11 02:00,0
2023-01-11 03:00,0
2023-01-11 04:00,0
2023-01-11 05:00,0
2023-01-11 06:00,0
2023-01-11 07:00,0
2023-01-11 08:00,0
2023-01-11 09:00,0
2023-01-11 10:00,0
2023-01-11 11:00,0
2023-01-11 12:00,0
2023-01-11 13:00,0
2023-01-11 14:00,0
2023-01-11 15:00,0
2023-01-11 16:00,0
2023-01-11 17:00,0
2023-01-11 18:00,0
2023-01-11 19:00,0
2023-01-11 20:00,0
2023-01-11 21:00,0
2023-01-11 22:00,0
2023-01-11 23:00,0
2023-01-12 00:00,0
2023-01-12 01:00,0
2023-01-12 02:00,0
2023-01-12 03:00,0
2023-01-12 04:00,0
2023-01-12 05:00,0
2023-01-12 06:00,0
2023-01-12 07:00,0
2023-01-12 08:00,0
2023-01-12 09:00,0.717
2023-01-12 10:00,0
2023-01-12 11:00,0
2023-01-12 12:00,0
2023-01-12 13:00,0
2023-01-12 14:00,0
2023-01-12 15:00,0
2023-01-12 16:00,0
2023-01-12 17:00,0
2023-01-12 18:00,0
2023-01-12 19:00,0
2023-01-12 20:00,0
2023-01-12 21:00,0
2023-01-12 22:00,0
2023-01-12 23:00,0
2023-01-13 00:00,0
2023-01-13 01:00,0
2023-01-13 02:00,0
2023-01-13 03:00,0
2023-01-13 04:00,0
2023-01-13 05:00,0
2023-01-13 06:00,0
2023-01-13 07:00,0
2023-01-13 08:00,0
2023-01-13 09:00,0
2023-01-13 10:00,0.892
2023-01-13 11:00,21.809
2023-01-13 12:00,31.377
2023-01-13 13:00,0.267
2023-01-13 14:00,0
2023-01-13 15:00,0
2023-01-13 16:00,0
2023-01-13 17:00,0
2023-01-13 18:00,0
2023-01-13 19:00,0
2023-01-13 20:00,0
2023-01-13 21:00,0
2023-01-13 22:00,0
2023-01-13 23:00,0
2023-01-14 00:00,0
2023-01-14 01:00,0
2023-01-14 02:00,0
2023-01-14 03:00,0
2023-01-14 04:00,0
2023-01-14 05:00,0
2023-01-14 06:00,0
2023-01-14 07:00,0
2023-01-14 08:00,0
2023-01-14 09:00,6.441
2023-01-14 10:00,13.724
2023-01-14 11:00,13.717
2023-01-14 12:00,6.172
2023-01-14 13:00,0
2023-01-14 14:00,0
2023-01-14 15:00,0
2023-01-14 16:00,0
2023-01-14 17:00,0
2023-01-14 18:00,0
2023-01-14 19:00,0
2023-01-14 20:00,0
2023-01-14 21:00,0
2023-01-14 22:00,0
2023-01-14 23:00,0
2023-01-15 00:00,0
2023-01-15 01:00,0
2023-01-15 02:00,0
2023-01-15 03:00,0
2023-01-15 04:00,0
2023-01-15 05:00,0
2023-01-15 06:00,0
2023-01-15 07:00,0
2023-01-15 08:00,6.568
2023-01-15 09:00,49.195
2023-01-15 10:00,98.288
2023-01-15 11:00,96.597
2023-01-15 12:00,44.871
2023-01-15 13:00,3.041
2023-01-15 14:00,0
2023-01-15 15:00,0
2023-01-15 16:00,0
2023-01-15 17:00,0
2023-01-15 18:00,0
2023-01-15 19:00,0
2023-01-15 20:00,0
2023-01-15 21:00,0
2023-01-15 22:00,0
2023-01-15 23:00,0
2023-01-16 00:00,0
2023-01-16 01:00,0
2023-01-16 02:00,0
2023-01-16 03:00,0
2023-01-16 04:00,0
2023-01-16 05:00,0
2023-01-16 06:00,0
2023-01-16 07:00,0
2023-01-16 08:00,58.460
2023-01-16 09:00,77.830
2023-01-16 10:00,94.858
2023-01-16 11:00,100.817
2023-01-16 12:00,82.614
2023-01-16 13:00,27.227
2023-01-16 14:00,0
2023-01-16 15:00,0
2023-01-16 16:00,0
2023-01-16 17:00,0
2023-01-16 18:00,0
2023-01-16 19:00,0
2023-01-16 20:00,0
2023-01-16 21:00,0
2023-01-16 22:00,0
2023-01-16 23:00,0
2023-01-17 00:00,0
2023-01-17 01:00,0
2023-01-17 02:00,0
2023-01-17 03:00,0
2023-01-17 04:00,0
2023-01-17 05:00,0
2023-01-17 06:00,0
2023-01-17 07:00,0
2023-01-17 08:00,17.105
2023-01-17 09:00,37.835
2023-01-17 10:00,35.970
2023-01-17 11:00,14.093
2023-01-17 12:00,0
2023-01-17 13:00,0
2023-01-17 14:00,0
2023-01-17 15:00,0
2023-01-17 16:00,0
2023-01-17 17:00,0
2023-01-17 18:00,0
2023-01-17 19:00,0
2023-01-17 20:00,0
2023-01-17 21:00,0
2023-01-17 22:00,0
2023-01-17 23:00,0
2023-01-18 00:00,0
2023-01-18 01:00,0
2023-01-18 02:00,0
2023-01-18 03:00,0
2023-01-18 04:00,0
2023-01-18 05:00,0
2023-01-18 06:00,0
2023-01-18 07:00,0
2023-01-18 08:00,46.822
2023-01-18 09:00,89.523
2023-01-18 10:00,96.944
2023-01-18 11:00,109.164
2023-01-18 12:00,94.173
2023-01-18 13:00,30.980
2023-01-18 14:00,0
2023-01-18 15:00,0
2023-01-18 16:00,0
2023-01-18 17:00,0
2023-01-18 18:00,0
2023-01-18 19:00,0
2023-01-18 20:00,0
2023-01-18 21:00,0
2023-01-18 22:00,0
2023-01-18 23:00,0
2023-01-19 00:00,0
2023-01-19 01:00,0
2023-01-19 02:00,0
2023-01-19 03:00,0
2023-01-19 04:00,0
2023-01-19 05:00,0
2023-01-19 06:00,0
2023-01-19 07:00,0
2023-01-19 08:00,21.199
2023-01-19 09:00,64.592
2023-01-19 10:00,121.415
2023-01-19 11:00,152.833
2023-01-19 12:00,115.491
2023-01-19 13:00,39.995
2023-01-19 14:00,0
2023-01-19 15:00,0
2023-01-19 16:00,0
2023-01-19 17:00,0
2023-01-19 18:00,0
2023-01-19 19:00,0
2023-01-19 20:00,0
2023-01-19 21:00,0
2023-01-19 22:00,0
2023-01-19 23:00,0
2023-01-20 00:00,0
2023-01-20 01:00,0
2023-01-20 02:00,0
2023-01-20 03:00,0
2023-01-20 04:00,0
2023-01-20 05:00,0
2023-01-20 06:00,0
2023-01-20 07:00,0
2023-01-20 08:00,39.306
2023-01-20 09:00,91.141
2023-01-20 10:00,95.153
2023-01-20 11:00,73.931
2023-01-20 12:00,41.952
2023-01-20 13:00,6.077
2023-01-20 14:00,0
2023-01-20 15:00,0
2023-01-20 16:00,0
2023-01-20 17:00,0
2023-01-20 18:00,0
2023-01-20 19:00,0
2023-01-20 20:00,0
2023-01-20 21:00,0
2023-01-20 22:00,0
2023-01-20 23:00,0
2023-01-21 00:00,0
2023-01-21 01:00,0
2023-01-21 02:00,0
2023-01-21 03:00,0
2023-01-21 04:00,0
2023-01-21 05:00,0
2023-01-21 06:00,0
2023-01-21 07:00,0
2023-01-21 08:00,31.885
2023-01-21 09:00,69.296
2023-01-21 10:00,102.248
2023-01-21 11:00,110.030
2023-01-21 12:00,79.517
2023-01-21 13:00,22.216
2023-01-21 14:00,0
2023-01-21 15:00,0
2023-01-21 16:00,0
2023-01-21 17:00,0
2023-01-21 18:00,0
2023-01-21 19:00,0
2023-01-21 20:00,0
2023-01-21 21:00,0
2023-01-21 22:00,0
2023-01-21 23:00,0
2023-01-22 00:00,0
2023-01-22 01:00,0
2023-01-22 02:00,0
2023-01-22 03:00,0
2023-01-22 04:00,0
2023-01-22 05:00,0
2023-01-22 06:00,0
2023-01-22 07:00,2.736
2023-01-22 08:00,74.842
2023-01-22 09:00,152.192
2023-01-22 10:00,211.767
2023-01-22 11:00,231.620
2023-01-22 12:00,203.144
2023-01-22 13:00,81.800
2023-01-22 14:00,0
2023-01-22 15:00,0
2023-01-22 16:00,0
2023-01-22 17:00,0
2023-01-22 18:00,0
2023-01-22 19:00,0
2023-01-22 20:00,0
2023-01-22 21:00,0
2023-01-22 22:00,0
2023-01-22 23:00,0
2023-01-23 00:00,0
2023-01-23 01:00,0
2023-01-23 02:00,0
2023-01-23 03:00,0
2023-01-23 04:00,0
2023-01-23 05:00,0
2023-01-23 06:00,0
2023-01-23 07:00,40.975
2023-01-23 08:00,248.160
2023-01-23 09:00,395.241
2023-01-23 10:00,454.522
2023-01-23 11:00,426.962
2023-01-23 12:00,334.188
2023-01-23 13:00,144.527
2023-01-23 14:00,0
2023-01-23 15:00,0
2023-01-23 16:00,0
2023-01-23 17:00,0
2023-01-23 18:00,0
2023-01-23 19:00,0
2023-01-23 20:00,0
2023-01-23 21:00,0
2023-01-23 22:00,0
2023-01-23 23:00,0
2023-01-24 00:00,0
2023-01-24 01:00,0
2023-01-24 02:00,0
2023-01-24 03:00,0
2023-01-24 04:00,0
2023-01-24 05:00,0
2023-01-24 06:00,0
2023-01-24 07:00,0
2023-01-24 08:00,32.083
2023-01-24 09:00,48.527
2023-01-24 10:00,58.312
2023-01-24 11:00,34.867
2023-01-24 12:00,15.918
2023-01-24 13:00,0
2023-01-24 14:00,0
2023-01-24 15:00,0
2023-01-24 16:00,0
2023-01-24 17:00,0
2023-01-24 18:00,0
2023-01-24 19:00,0
2023-01-24 20:00,0
2023-01-24 21:00,0
2023-01-24 22:00,0
2023-01-24 23:00,0
2023-01-25 00:00,0
2023-01-25 01:00,0
2023-01-25 02:00,0
2023-01-25 03:00,0
2023-01-25 04:00,0
2023-01-25 05:00,0
2023-01-25 06:00,0
2023-01-25 07:00,0
2023-01-25 08:00,0.582
2023-01-25 09:00,10.881
2023-01-25 10:00,14.730
2023-01-25 11:00,11.996
2023-01-25 12:00,0.358
2023-01-25 13:00,0
2023-01-25 14:00,0
2023-01-25 15:00,0
2023-01-25 16:00,0
2023-01-25 17:00,0
2023-01-25 18:00,0
2023-01-25 19:00,0
2023-01-25 20:00,0
2023-01-25 21:00,0
2023-01-25 22:00,0
2023-01-25 23:00,0
2023-01-26 00:00,0
2023-01-26 01:00,0
2023-01-26 02:00,0
2023-01-26 03:00,0
2023-01-26 04:00,0
2023-01-26 05:00,0
2023-01-26 06:00,0
2023-01-26 07:00,0
2023-01-26 08:00,23.936
2023-01-26 09:00,143.224
2023-01-26 10:00,216.941
2023-01-26 11:00,261.920
2023-01-26 12:00,222.394
2023-01-26 13:00,96.801
2023-01-26 14:00,0
2023-01-26 15:00,0
2023-01-26 16:00,0
2023-01-26 17:00,0
2023-01-26 18:00,0
2023-01-26 19:00,0
2023-01-26 20:00,0
2023-01-26 21:00,0
2023-01-26 22:00,0
2023-01-26 23:00,0
2023-01-27 00:00,0
2023-01-27 01:00,0
2023-01-27 02:00,0
2023-01-27 03:00,0
2023-01-27 04:00,0
2023-01-27 05:00,0
2023-01-27 06:00,0
2023-01-27 07:00,14.277
2023-01-27 08:00,73.206
2023-01-27 09:00,101.673
2023-01-27 10:00,147.126
2023-01-27 11:00,178.752
2023-01-27 12:00,192.400
2023-01-27 13:00,97.992
2023-01-27 14:00,0.441
2023-01-27 15:00,0
2023-01-27 16:00,0
2023-01-27 17:00,0
2023-01-27 18:00,0
2023-01-27 19:00,0
2023-01-27 20:00,0
2023-01-27 21:00,0
2023-01-27 22:00,0
2023-01-27 23:00,0
2023-01-28 00:00,0
2023-01-28 01:00,0
2023-01-28 02:00,0
2023-01-28 03:00,0
2023-01-28 04:00,0
2023-01-28 05:00,0
2023-01-28 06:00,0
2023-01-28 07:00,1.865
2023-01-28 08:00,32.700
2023-01-28 09:00,87.155
2023-01-28 10:00,112.446
2023-01-28 11:00,127.590
2023-01-28 12:00,91.843
2023-01-28 13:00,23.391
2023-01-28 14:00,0
2023-01-28 15:00,0
2023-01-28 16:00,0
2023-01-28 17:00,0
2023-01-28 18:00,0
2023-01-28 19:00,0
2023-01-28 20:00,0
2023-01-28 21:00,0
2023-01-28 22:00,0
2023-01-28 23:00,0
2023-01-29 00:00,0
2023-01-29 01:00,0
2023-01-29 02:00,0
2023-01-29 03:00,0
2023-01-29 04:00,0
2023-01-29 05:00,0
2023-01-29 06:00,0
2023-01-29 07:00,2.255
2023-01-29 08:00,21.018
2023-01-29 09:00,31.669
2023-01-29 10:00,50.160
2023-01-29 11:00,51.506
2023-01-29 12:00,28.246
2023-01-29 13:00,1.573
2023-01-29 14:00,0
2023-01-29 15:00,0
2023-01-29 16:00,0
2023-01-29 17:00,0
2023-01-29 18:00,0
2023-01-29 19:00,0
2023-01-29 20:00,0
2023-01-29 21:00,0
2023-01-29 22:00,0
2023-01-29 23:00,0
2023-01-30 00:00,0
2023-01-30 01:00,0
2023-01-30 02:00,0
2023-01-30 03:00,0
2023-01-30 04:00,0
2023-01-30 05:00,0
2023-01-30 06:00,0
2023-01-30 07:00,46.751
2023-01-30 08:00,93.528
2023-01-30 09:00,80.263
2023-01-30 10:00,116.648
2023-01-30 11:00,268.420
2023-01-30 12:00,246.465
2023-01-30 13:00,109.383
2023-01-30 14:00,1.468
2023-01-30 15:00,0
2023-01-30 16:00,0
2023-01-30 17:00,0
2023-01-30 18:00,0
2023-01-30 19:00,0
2023-01-30 20:00,0
2023-01-30 21:00,0
2023-01-30 22:00,0
2023-01-30 23:00,0
2023-01-31 00:00,0
2023-01-31 01:00,0
2023-01-31 02:00,0
2023-01-31 03:00,0
2023-01-31 04:00,0
2023-01-31 05:00,0
2023-01-31 06:00,0
2023-01-31 07:00,112.729
2023-01-31 08:00,288.747
2023-01-31 09:00,421.175
2023-01-31 10:00,474.404
2023-01-31 11:00,428.039
2023-01-31 12:00,286.065
2023-01-31 13:00,111.966
2023-01-31 14:00,8.382
2023-01-31 15:00,0
2023-01-31 16:00,0
2023-01-31 17:00,0
2023-01-31 18:00,0
2023-01-31 19:00,0
2023-01-31 20:00,0
2023-01-31 21:00,0
2023-01-31 22:00,0
2023-01-31 23:00,0
2023-02-01 00:00,0
2023-02-01 01:00,0
2023-02-01 02:00,0
2023-02-01 03:00,0
2023-02-01 04:00,0
2023-02-01 05:00,0
2023-02-01 06:00,0
2023-02-01 07:00,10.445
2023-02-01 08:00,59.190
2023-02-01 09:00,129.371
2023-02-01 10:00,179.077
2023-02-01 11:00,145.319
2023-02-01 12:00,95.344
2023-02-01 13:00,37.730
2023-02-01 14:00,0
2023-02-01 15:00,0
2023-02-01 16:00,0
2023-02-01 17:00,0
2023-02-01 18:00,0
2023-02-01 19:00,0
2023-02-01 20:00,0
2023-02-01 21:00,0
2023-02-01 22:00,0
2023-02-01 23:00,0
2023-02-02 00:00,0
2023-02-02 01:00,0
2023-02-02 02:00,0
2023-02-02 03:00,0
2023-02-02 04:00,0
2023-02-02 05:00,0
2023-02-02 06:00,0
2023-02-02 07:00,53.358
2023-02-02 08:00,188.639
2023-02-02 09:00,342.201
2023-02-02 10:00,376.402
2023-02-02 11:00,368.954
2023-02-02 12:00,333.779
2023-02-02 13:00,201.403
2023-02-02 14:00,27.324
2023-02-02 15:00,0
2023-02-02 16:00,0
2023-02-02 17:00,0
2023-02-02 18:00,0
2023-02-02 19:00,0
2023-02-02 20:00,0
2023-02-02 21:00,0
2023-02-02 22:00,0
2023-02-02 23:00,0
2023-02-03 00:00,0
2023-02-03 01:00,0
2023-02-03 02:00,0
2023-02-03 03:00,0
2023-02-03 04:00,0
2023-02-03 05:00,0
2023-02-03 06:00,0
2023-02-03 07:00,27.694
2023-02-03 08:00,86.557
2023-02-03 09:00,145.346
2023-02-03 10:00,183.500
2023-02-03 11:00,161.880
2023-02-03 12:00,91.229
2023-02-03 13:00,33.365
2023-02-03 14:00,0
2023-02-03 15:00,0
2023-02-03 16:00,0
2023-02-03 17:00,0
2023-02-03 18:00,0
2023-02-03 19:00,0
2023-02-03 20:00,0
2023-02-03 21:00,0
2023-02-03 22:00,0
2023-02-03 23:00,0
2023-02-04 00:00,0
2023-02-04 01:00,0
2023-02-04 02:00,0
2023-02-04 03:00,0
2023-02-04 04:00,0
2023-02-04 05:00,0
2023-02-04 06:00,0
2023-02-04 07:00,113.586
2023-02-04 08:00,304.098
2023-02-04 09:00,442.569
2023-02-04 10:00,523.508
2023-02-04 11:00,507.444
2023-02-04 12:00,417.406
2023-02-04 13:00,249.027
2023-02-04 14:00,45.872
2023-02-04 15:00,0
2023-02-04 16:00,0
2023-02-04 17:00,0
2023-02-04 18:00,0
2023-02-04 19:00,0
2023-02-04 20:00,0
2023-02-04 21:00,0
2023-02-04 22:00,0
2023-02-04 23:00,0
2023-02-05 00:00,0
2023-02-05 01:00,0
2023-02-05 02:00,0
2023-02-05 03:00,0
2023-02-05 04:00,0
2023-02-05 05:00,0
2023-02-05 06:00,0
2023-02-05 07:00,1.224
2023-02-05 08:00,15.154
2023-02-05 09:00,21.812
2023-02-05 10:00,18.854
2023-02-05 11:00,16.315
2023-02-05 12:00,11.750
2023-02-05 13:00,4.527
2023-02-05 14:00,0
2023-02-05 15:00,0
2023-02-05 16:00,0
2023-02-05 17:00,0
2023-02-05 18:00,0
2023-02-05 19:00,0
2023-02-05 20:00,0
2023-02-05 21:00,0
2023-02-05 22:00,0
2023-02-05 23:00,0
2023-02-06 00:00,0
2023-02-06 01:00,0
2023-02-06 02:00,0
2023-02-06 03:00,0
2023-02-06 04:00,0
2023-02-06 05:00,0
2023-02-06 06:00,0
2023-02-06 07:00,52.905
2023-02-06 08:00,263.562
2023-02-06 09:00,452.950
2023-02-06 10:00,499.682
2023-02-06 11:00,264.269
2023-02-06 12:00,144.459
2023-02-06 13:00,46.770
2023-02-06 14:00,1.867
2023-02-06 15:00,0
2023-02-06 16:00,0
2023-02-06 17:00,0
2023-02-06 18:00,0
2023-02-06 19:00,0
2023-02-06 20:00,0
2023-02-06 21:00,0
2023-02-06 22:00,0
2023-02-06 23:00,0
2023-02-07 00:00,0
2023-02-07 01:00,0
2023-02-07 02:00,0
2023-02-07 03:00,0
2023-02-07 04:00,0
2023-02-07 05:00,0
2023-02-07 06:00,0
2023-02-07 07:00,9.346
2023-02-07 08:00,33.389
2023-02-07 09:00,48.557
2023-02-07 10:00,57.929
2023-02-07 11:00,71.165
2023-02-07 12:00,78.020
2023-02-07 13:00,41.388
2023-02-07 14:00,0.444
2023-02-07 15:00,0
2023-02-07 16:00,0
2023-02-07 17:00,0
2023-02-07 18:00,0
2023-02-07 19:00,0
2023-02-07 20:00,0
2023-02-07 21:00,0
2023-02-07 22:00,0
2023-02-07 23:00,0
2023-02-08 00:00,0
2023-02-08 01:00,0
2023-02-08 02:00,0
2023-02-08 03:00,0
2023-02-08 04:00,0
2023-02-08 05:00,0
2023-02-08 06:00,0
2023-02-08 07:00,1.786
2023-02-08 08:00,22.137
2023-02-08 09:00,41.117
2023-02-08 10:00,58.170
2023-02-08 11:00,54.888
2023-02-08 12:00,34.429
2023-02-08 13:00,14.301
2023-02-08 14:00,0
2023-02-08 15:00,0
2023-02-08 16:00,0
2023-02-08 17:00,0
2023-02-08 18:00,0
2023-02-08 19:00,0
2023-02-08 20:00,0
2023-02-08 21:00,0
2023-02-08 22:00,0
2023-02-08 23:00,0
2023-02-09 00:00,0
2023-02-09 01:00,0
2023-02-09 02:00,0
2023-02-09 03:00,0
2023-02-09 04:00,0
2023-02-09 05:00,0
2023-02-09 06:00,0
2023-02-09 07:00,5.541
2023-02-09 08:00,26.291
2023-02-09 09:00,37.282
2023-02-09 10:00,30.536
2023-02-09 11:00,26.269
2023-02-09 12:00,27.820
2023-02-09 13:00,24.234
2023-02-09 14:00,9.648
2023-02-09 15:00,0
2023-02-09 16:00,0
2023-02-09 17:00,0
2023-02-09 18:00,0
2023-02-09 19:00,0
2023-02-09 20:00,0
2023-02-09 21:00,0
2023-02-09 22:00,0
2023-02-09 23:00,0
2023-02-10 00:00,0
2023-02-10 01:00,0
2023-02-10 02:00,0
2023-02-10 03:00,0
2023-02-10 04:00,0
2023-02-10 05:00,0
2023-02-10 06:00,0
2023-02-10 07:00,147.424
2023-02-10 08:00,344.105
2023-02-10 09:00,476.160
2023-02-10 10:00,533.348
2023-02-10 11:00,522.324
2023-02-10 12:00,371.402
2023-02-10 13:00,158.440
2023-02-10 14:00,31.423
2023-02-10 15:00,0
2023-02-10 16:00,0
2023-02-10 17:00,0
2023-02-10 18:00,0
2023-02-10 19:00,0
2023-02-10 20:00,0
2023-02-10 21:00,0
2023-02-10 22:00,0
2023-02-10 23:00,0
2023-02-11 00:00,0
2023-02-11 01:00,0
2023-02-11 02:00,0
2023-02-11 03:00,0
2023-02-11 04:00,0
2023-02-11 05:00,0
2023-02-11 06:00,0
2023-02-11 07:00,71.969
2023-02-11 08:00,219.587
2023-02-11 09:00,407.777
2023-02-11 10:00,473.221
2023-02-11 11:00,503.466
2023-02-11 12:00,434.732
2023-02-11 13:00,287.684
2023-02-11 14:00,81.551
2023-02-11 15:00,0
2023-02-11 16:00,0
2023-02-11 17:00,0
2023-02-11 18:00,0
2023-02-11 19:00,0
2023-02-11 20:00,0
2023-02-11 21:00,0
2023-02-11 22:00,0
2023-02-11 23:00,0
2023-02-12 00:00,0
2023-02-12 01:00,0
2023-02-12 02:00,0
2023-02-12 03:00,0
2023-02-12 04:00,0
2023-02-12 05:00,0
2023-02-12 06:00,0
2023-02-12 07:00,12.579
2023-02-12 08:00,34.114
2023-02-12 09:00,67.666
2023-02-12 10:00,130.213
2023-02-12 11:00,169.377
2023-02-12 12:00,108.142
2023-02-12 13:00,52.098
2023-02-12 14:00,12.305
2023-02-12 15:00,0
2023-02-12 16:00,0
2023-02-12 17:00,0
2023-02-12 18:00,0
2023-02-12 19:00,0
2023-02-12 20:00,0
2023-02-12 21:00,0
2023-02-12 22:00,0
2023-02-12 23:00,0
2023-02-13 00:00,0
2023-02-13 01:00,0
2023-02-13 02:00,0
2023-02-13 03:00,0
2023-02-13 04:00,0
2023-02-13 05:00,0
2023-02-13 06:00,0
2023-02-13 07:00,34.397
2023-02-13 08:00,127.079
2023-02-13 09:00,279.811
2023-02-13 10:00,370.936
2023-02-13 11:00,349.502
2023-02-13 12:00,254.672
2023-02-13 13:00,167.883
2023-02-13 14:00,77.895
2023-02-13 15:00,0
2023-02-13 16:00,0
2023-02-13 17:00,0
2023-02-13 18:00,0
2023-02-13 19:00,0
2023-02-13 20:00,0
2023-02-13 21:00,0
2023-02-13 22:00,0
2023-02-13 23:00,0
2023-02-14 00:00,0
2023-02-14 01:00,0
2023-02-14 02:00,0
2023-02-14 03:00,0
2023-02-14 04:00,0
2023-02-14 05:00,0
2023-02-14 06:00,0
2023-02-14 07:00,51.664
2023-02-14 08:00,148.447
2023-02-14 09:00,248.504
2023-02-14 10:00,394.108
2023-02-14 11:00,498.900
2023-02-14 12:00,429.508
2023-02-14 13:00,287.266
2023-02-14 14:00,92.530
2023-02-14 15:00,0
2023-02-14 16:00,0
2023-02-14 17:00,0
2023-02-14 18:00,0
2023-02-14 19:00,0
2023-02-14 20:00,0
2023-02-14 21:00,0
2023-02-14 22:00,0
2023-02-14 23:00,0
2023-02-15 00:00,0
2023-02-15 01:00,0
2023-02-15 02:00,0
2023-02-15 03:00,0
2023-02-15 04:00,0
2023-02-15 05:00,0
2023-02-15 06:00,0
2023-02-15 07:00,21.674
2023-02-15 08:00,52.484
2023-02-15 09:00,77.333
2023-02-15 10:00,97.128
2023-02-15 11:00,97.508
2023-02-15 12:00,76.532
2023-02-15 13:00,43.838
2023-02-15 14:00,9.279
2023-02-15 15:00,0
2023-02-15 16:00,0
2023-02-15 17:00,0
2023-02-15 18:00,0
2023-02-15 19:00,0
2023-02-15 20:00,0
2023-02-15 21:00,0
2023-02-15 22:00,0
2023-02-15 23:00,0
2023-02-16 00:00,0
2023-02-16 01:00,0
2023-02-16 02:00,0
2023-02-16 03:00,0
2023-02-16 04:00,0
2023-02-16 05:00,0
2023-02-16 06:00,0
2023-02-16 07:00,14.444
2023-02-16 08:00,28.823
2023-02-16 09:00,52.469
2023-02-16 10:00,88.306
2023-02-16 11:00,109.850
2023-02-16 12:00,110.901
2023-02-16 13:00,56.300
2023-02-16 14:00,7.201
2023-02-16 15:00,0
2023-02-16 16:00,0
2023-02-16 17:00,0
2023-02-16 18:00,0
2023-02-16 19:00,0
2023-02-16 20:00,0
2023-02-16 21:00,0
2023-02-16 22:00,0
2023-02-16 23:00,0
2023-02-17 00:00,0
2023-02-17 01:00,0
2023-02-17 02:00,0
2023-02-17 03:00,0
2023-02-17 04:00,0
2023-02-17 05:00,0
2023-02-17 06:00,0
2023-02-17 07:00,0
2023-02-17 08:00,16.406
2023-02-17 09:00,54.052
2023-02-17 10:00,86.699
2023-02-17 11:00,112.618
2023-02-17 12:00,71.491
2023-02-17 13:00,16.330
2023-02-17 14:00,0
2023-02-17 15:00,0
2023-02-17 16:00,0
2023-02-17 17:00,0
2023-02-17 18:00,0
2023-02-17 19:00,0
2023-02-17 20:00,0
2023-02-17 21:00,0
2023-02-17 22:00,0
2023-02-17 23:00,0
2023-02-18 00:00,0
2023-02-18 01:00,0
2023-02-18 02:00,0
2023-02-18 03:00,0
2023-02-18 04:00,0
2023-02-18 05:00,0
2023-02-18 06:00,0
2023-02-18 07:00,38.354
2023-02-18 08:00,120.107
2023-02-18 09:00,218.734
2023-02-18 10:00,385.915
2023-02-18 11:00,441.271
2023-02-18 12:00,372.560
2023-02-18 13:00,256.028
2023-02-18 14:00,91.229
2023-02-18 15:00,0
2023-02-18 16:00,0
2023-02-18 17:00,0
2023-02-18 18:00,0
2023-02-18 19:00,0
2023-02-18 20:00,0
2023-02-18 21:00,0
2023-02-18 22:00,0
2023-02-18 23:00,0
2023-02-19 00:00,0
2023-02-19 01:00,0
2023-02-19 02:00,0
2023-02-19 03:00,0
2023-02-19 04:00,0
2023-02-19 05:00,0
2023-02-19 06:00,25.000
2023-02-19 07:00,170.425
2023-02-19 08:00,350.378
2023-02-19 09:00,483.819
2023-02-19 10:00,561.884
2023-02-19 11:00,570.907
2023-02-19 12:00,495.559
2023-02-19 13:00,351.479
2023-02-19 14:00,148.319
2023-02-19 15:00,0
2023-02-19 16:00,0
2023-02-19 17:00,0
2023-02-19 18:00,0
2023-02-19 19:00,0
2023-02-19 20:00,0
2023-02-19 21:00,0
2023-02-19 22:00,0
2023-02-19 23:00,0
2023-02-20 00:00,0
2023-02-20 01:00,0
2023-02-20 02:00,0
2023-02-20 03:00,0
2023-02-20 04:00,0
2023-02-20 05:00,0
2023-02-20 06:00,0
2023-02-20 07:00,9.870
2023-02-20 08:00,26.010
2023-02-20 09:00,39.835
2023-02-20 10:00,40.009
2023-02-20 11:00,46.713
2023-02-20 12:00,101.925
2023-02-20 13:00,195.252
2023-02-20 14:00,85.564
2023-02-20 15:00,0
2023-02-20 16:00,0
2023-02-20 17:00,0
2023-02-20 18:00,0
2023-02-20 19:00,0
2023-02-20 20:00,0
2023-02-20 21:00,0
2023-02-20 22:00,0
2023-02-20 23:00,0
2023-02-21 00:00,0
2023-02-21 01:00,0
2023-02-21 02:00,0
2023-02-21 03:00,0
2023-02-21 04:00,0
2023-02-21 05:00,0
2023-02-21 06:00,6.586
2023-02-21 07:00,34.909
2023-02-21 08:00,56.271
2023-02-21 09:00,87.793
2023-02-21 10:00,114.916
2023-02-21 11:00,151.055
2023-02-21 12:00,183.196
2023-02-21 13:00,143.848
2023-02-21 14:00,52.740
2023-02-21 15:00,0
2023-02-21 16:00,0
2023-02-21 17:00,0
2023-02-21 18:00,0
2023-02-21 19:00,0
2023-02-21 20:00,0
2023-02-21 21:00,0
2023-02-21 22:00,0
2023-02-21 23:00,0
2023-02-22 00:00,0
2023-02-22 01:00,0
2023-02-22 02:00,0
2023-02-22 03:00,0
2023-02-22 04:00,0
2023-02-22 05:00,0
2023-02-22 06:00,25.655
2023-02-22 07:00,119.355
2023-02-22 08:00,210.530
2023-02-22 09:00,255.920
2023-02-22 10:00,226.733
2023-02-22 11:00,238.400
2023-02-22 12:00,174.236
2023-02-22 13:00,99.870
2023-02-22 14:00,31.731
2023-02-22 15:00,0
2023-02-22 16:00,0
2023-02-22 17:00,0
2023-02-22 18:00,0
2023-02-22 19:00,0
2023-02-22 20:00,0
2023-02-22 21:00,0
2023-02-22 22:00,0
2023-02-22 23:00,0
2023-02-23 00:00,0
2023-02-23 01:00,0
2023-02-23 02:00,0
2023-02-23 03:00,0
2023-02-23 04:00,0
2023-02-23 05:00,0
2023-02-23 06:00,0
2023-02-23 07:00,11.468
2023-02-23 08:00,20.705
2023-02-23 09:00,30.993
2023-02-23 10:00,53.368
2023-02-23 11:00,65.021
2023-02-23 12:00,46.576
2023-02-23 13:00,26.292
2023-02-23 14:00,8.519
2023-02-23 15:00,0
2023-02-23 16:00,0
2023-02-23 17:00,0
2023-02-23 18:00,0
2023-02-23 19:00,0
2023-02-23 20:00,0
2023-02-23 21:00,0
2023-02-23 22:00,0
2023-02-23 23:00,0
2023-02-24 00:00,0
2023-02-24 01:00,0
2023-02-24 02:00,0
2023-02-24 03:00,0
2023-02-24 04:00,0
2023-02-24 05:00,0
2023-02-24 06:00,12.699
2023-02-24 07:00,73.299
2023-02-24 08:00,121.605
2023-02-24 09:00,127.366
2023-02-24 10:00,107.434
2023-02-24 11:00,79.557
2023-02-24 12:00,50.236
2023-02-24 13:00,24.503
2023-02-24 14:00,5.124
2023-02-24 15:00,0
2023-02-24 16:00,0
2023-02-24 17:00,0
2023-02-24 18:00,0
2023-02-24 19:00,0
2023-02-24 20:00,0
2023-02-24 21:00,0
2023-02-24 22:00,0
2023-02-24 23:00,0
2023-02-25 00:00,0
2023-02-25 01:00,0
2023-02-25 02:00,0
2023-02-25 03:00,0
2023-02-25 04:00,0
2023-02-25 05:00,0
2023-02-25 06:00,7.333
2023-02-25 07:00,53.165
2023-02-25 08:00,106.289
2023-02-25 09:00,156.861
2023-02-25 10:00,226.477
2023-02-25 11:00,221.868
2023-02-25 12:00,168.885
2023-02-25 13:00,119.133
2023-02-25 14:00,65.676
2023-02-25 15:00,3.214
2023-02-25 16:00,0
2023-02-25 17:00,0
2023-02-25 18:00,0
2023-02-25 19:00,0
2023-02-25 20:00,0
2023-02-25 21:00,0
2023-02-25 22:00,0
2023-02-25 23:00,0
2023-02-26 00:00,0
2023-02-26 01:00,0
2023-02-26 02:00,0
2023-02-26 03:00,0
2023-02-26 04:00,0
2023-02-26 05:00,0
2023-02-26 06:00,30.097
2023-02-26 07:00,135.858
2023-02-26 08:00,276.619
2023-02-26 09:00,349.994
2023-02-26 10:00,344.572
2023-02-26 11:00,284.555
2023-02-26 12:00,200.735
2023-02-26 13:00,151.725
2023-02-26 14:00,79.178
2023-02-26 15:00,5.371
2023-02-26 16:00,0
2023-02-26 17:00,0
2023-02-26 18:00,0
2023-02-26 19:00,0
2023-02-26 20:00,0
2023-02-26 21:00,0
2023-02-26 22:00,0
2023-02-26 23:00,0
2023-02-27 00:00,0
2023-02-27 01:00,0
2023-02-27 02:00,0
2023-02-27 03:00,0
2023-02-27 04:00,0
2023-02-27 05:00,0
2023-02-27 06:00,51.537
2023-02-27 07:00,179.565
2023-02-27 08:00,384.547
2023-02-27 09:00,507.627
2023-02-27 10:00,592.629
2023-02-27 11:00,585.151
2023-02-27 12:00,501.060
2023-02-27 13:00,385.958
2023-02-27 14:00,214.969
2023-02-27 15:00,32.466
2023-02-27 16:00,0
2023-02-27 17:00,0
2023-02-27 18:00,0
2023-02-27 19:00,0
2023-02-27 20:00,0
2023-02-27 21:00,0
2023-02-27 22:00,0
2023-02-27 23:00,0
2023-02-28 00:00,0
2023-02-28 01:00,0
2023-02-28 02:00,0
2023-02-28 03:00,0
2023-02-28 04:00,0
2023-02-28 05:00,0
2023-02-28 06:00,31.990
2023-02-28 07:00,165.391
2023-02-28 08:00,415.544
2023-02-28 09:00,568.288
2023-02-28 10:00,612.561
2023-02-28 11:00,593.468
2023-02-28 12:00,515.148
2023-02-28 13:00,374.841
2023-02-28 14:00,181.666
2023-02-28 15:00,20.801
2023-02-28 16:00,0
2023-02-28 17:00,0
2023-02-28 18:00,0
2023-02-28 19:00,0
2023-02-28 20:00,0
2023-02-28 21:00,0
2023-02-28 22:00,0
2023-02-28 23:00,0
2023-03-01 00:00,0
2023-03-01 01:00,0
2023-03-01 02:00,0
2023-03-01 03:00,0
2023-03-01 04:00,0
2023-03-01 05:00,0
2023-03-01 06:00,42.053
2023-03-01 07:00,170.767
2023-03-01 08:00,374.373
2023-03-01 09:00,506.006
2023-03-01 10:00,591.255
2023-03-01 11:00,587.458
2023-03-01 12:00,519.458
2023-03-01 13:00,390.607
2023-03-01 14:00,210.619
2023-03-01 15:00,31.492
2023-03-01 16:00,0
2023-03-01 17:00,0
2023-03-01 18:00,0
2023-03-01 19:00,0
2023-03-01 20:00,0
2023-03-01 21:00,0
2023-03-01 22:00,0
2023-03-01 23:00,0
2023-03-02 00:00,0
2023-03-02 01:00,0
2023-03-02 02:00,0
2023-03-02 03:00,0
2023-03-02 04:00,0
2023-03-02 05:00,0
2023-03-02 06:00,35.580
2023-03-02 07:00,270.540
2023-03-02 08:00,494.665
2023-03-02 09:00,547.566
2023-03-02 10:00,512.607
2023-03-02 11:00,355.923
2023-03-02 12:00,217.505
2023-03-02 13:00,98.524
2023-03-02 14:00,29.781
2023-03-02 15:00,4.840
2023-03-02 16:00,0
2023-03-02 17:00,0
2023-03-02 18:00,0
2023-03-02 19:00,0
2023-03-02 20:00,0
2023-03-02 21:00,0
2023-03-02 22:00,0
2023-03-02 23:00,0
2023-03-03 00:00,0
2023-03-03 01:00,0
2023-03-03 02:00,0
2023-03-03 03:00,0
2023-03-03 04:00,0
2023-03-03 05:00,0
2023-03-03 06:00,30.036
2023-03-03 07:00,130.715
2023-03-03 08:00,159.054
2023-03-03 09:00,161.398
2023-03-03 10:00,171.044
2023-03-03 11:00,148.544
2023-03-03 12:00,117.945
2023-03-03 13:00,171.817
2023-03-03 14:00,166.919
2023-03-03 15:00,30.568
2023-03-03 16:00,0
2023-03-03 17:00,0
2023-03-03 18:00,0
2023-03-03 19:00,0
2023-03-03 20:00,0
2023-03-03 21:00,0
2023-03-03 22:00,0
2023-03-03 23:00,0
2023-03-04 00:00,0
2023-03-04 01:00,0
2023-03-04 02:00,0
2023-03-04 03:00,0
2023-03-04 04:00,0
2023-03-04 05:00,0
2023-03-04 06:00,60.841
2023-03-04 07:00,149.456
2023-03-04 08:00,278.133
2023-03-04 09:00,425.125
2023-03-04 10:00,393.334
2023-03-04 11:00,409.752
2023-03-04 12:00,419.486
2023-03-04 13:00,348.556
2023-03-04 14:00,173.765
2023-03-04 15:00,22.399
2023-03-04 16:00,0
2023-03-04 17:00,0
2023-03-04 18:00,0
2023-03-04 19:00,0
2023-03-04 20:00,0
2023-03-04 21:00,0
2023-03-04 22:00,0
2023-03-04 23:00,0
2023-03-05 00:00,0
2023-03-05 01:00,0
2023-03-05 02:00,0
2023-03-05 03:00,0
2023-03-05 04:00,0
2023-03-05 05:00,0
2023-03-05 06:00,32.530
2023-03-05 07:00,157.765
2023-03-05 08:00,395.884
2023-03-05 09:00,488.371
2023-03-05 10:00,326.687
2023-03-05 11:00,194.250
2023-03-05 12:00,128.900
2023-03-05 13:00,75.248
2023-03-05 14:00,34.325
2023-03-05 15:00,0.822
2023-03-05 16:00,0
2023-03-05 17:00,0
2023-03-05 18:00,0
2023-03-05 19:00,0
2023-03-05 20:00,0
2023-03-05 21:00,0
2023-03-05 22:00,0
2023-03-05 23:00,0
2023-03-06 00:00,0
2023-03-06 01:00,0
2023-03-06 02:00,0
2023-03-06 03:00,0
2023-03-06 04:00,0
2023-03-06 05:00,0
2023-03-06 06:00,48.328
2023-03-06 07:00,132.801
2023-03-06 08:00,256.062
2023-03-06 09:00,310.621
2023-03-06 10:00,308.922
2023-03-06 11:00,295.976
2023-03-06 12:00,265.261
2023-03-06 13:00,212.461
2023-03-06 14:00,129.161
2023-03-06 15:00,20.511
2023-03-06 16:00,0
2023-03-06 17:00,0
2023-03-06 18:00,0
2023-03-06 19:00,0
2023-03-06 20:00,0
2023-03-06 21:00,0
2023-03-06 22:00,0
2023-03-06 23:00,0
2023-03-07 00:00,0
2023-03-07 01:00,0
2023-03-07 02:00,0
2023-03-07 03:00,0
2023-03-07 04:00,0
2023-03-07 05:00,0
2023-03-07 06:00,84.549
2023-03-07 07:00,172.815
2023-03-07 08:00,224.488
2023-03-07 09:00,209.950
2023-03-07 10:00,165.947
2023-03-07 11:00,126.755
2023-03-07 12:00,78.936
2023-03-07 13:00,39.141
2023-03-07 14:00,9.785
2023-03-07 15:00,0
2023-03-07 16:00,0
2023-03-07 17:00,0
2023-03-07 18:00,0
2023-03-07 19:00,0
2023-03-07 20:00,0
2023-03-07 21:00,0
2023-03-07 22:00,0
2023-03-07 23:00,0
2023-03-08 00:00,0
2023-03-08 01:00,0
2023-03-08 02:00,0
2023-03-08 03:00,0
2023-03-08 04:00,0
2023-03-08 05:00,0
2023-03-08 06:00,6.644
2023-03-08 07:00,29.505
2023-03-08 08:00,50.275
2023-03-08 09:00,59.778
2023-03-08 10:00,62.766
2023-03-08 11:00,60.112
2023-03-08 12:00,50.730
2023-03-08 13:00,30.560
2023-03-08 14:00,15.219
2023-03-08 15:00,0
2023-03-08 16:00,0
2023-03-08 17:00,0
2023-03-08 18:00,0
2023-03-08 19:00,0
2023-03-08 20:00,0
2023-03-08 21:00,0
2023-03-08 22:00,0
2023-03-08 23:00,0
2023-03-09 00:00,0
2023-03-09 01:00,0
2023-03-09 02:00,0
2023-03-09 03:00,0
2023-03-09 04:00,0
2023-03-09 05:00,4.130
2023-03-09 06:00,150.732
2023-03-09 07:00,326.077
2023-03-09 08:00,489.003
2023-03-09 09:00,598.885
2023-03-09 10:00,581.562
2023-03-09 11:00,501.365
2023-03-09 12:00,426.489
2023-03-09 13:00,202.371
2023-03-09 14:00,58.528
2023-03-09 15:00,8.383
2023-03-09 16:00,0
2023-03-09 17:00,0
2023-03-09 18:00,0
2023-03-09 19:00,0
2023-03-09 20:00,0
2023-03-09 21:00,0
2023-03-09 22:00,0
2023-03-09 23:00,0
2023-03-10 00:00,0
2023-03-10 01:00,0
2023-03-10 02:00,0
2023-03-10 03:00,0
2023-03-10 04:00,0
2023-03-10 05:00,0
2023-03-10 06:00,49.542
2023-03-10 07:00,169.878
2023-03-10 08:00,330.396
2023-03-10 09:00,376.225
2023-03-10 10:00,329.110
2023-03-10 11:00,375.669
2023-03-10 12:00,258.346
2023-03-10 13:00,209.956
2023-03-10 14:00,122.788
2023-03-10 15:00,33.322
2023-03-10 16:00,0
2023-03-10 17:00,0
2023-03-10 18:00,0
2023-03-10 19:00,0
2023-03-10 20:00,0
2023-03-10 21:00,0
2023-03-10 22:00,0
2023-03-10 23:00,0
2023-03-11 00:00,0
2023-03-11 01:00,0
2023-03-11 02:00,0
2023-03-11 03:00,0
2023-03-11 04:00,0
2023-03-11 05:00,0
2023-03-11 06:00,29.448
2023-03-11 07:00,88.336
2023-03-11 08:00,152.524
2023-03-11 09:00,189.047
2023-03-11 10:00,202.286
2023-03-11 11:00,184.023
2023-03-11 12:00,147.712
2023-03-11 13:00,116.556
2023-03-11 14:00,85.746
2023-03-11 15:00,37.331
2023-03-11 16:00,0
2023-03-11 17:00,0
2023-03-11 18:00,0
2023-03-11 19:00,0
2023-03-11 20:00,0
2023-03-11 21:00,0
2023-03-11 22:00,0
2023-03-11 23:00,0
2023-03-12 00:00,0
2023-03-12 01:00,0
2023-03-12 02:00,0
2023-03-12 03:00,0
2023-03-12 04:00,0
2023-03-12 05:00,0
2023-03-12 06:00,16.801
2023-03-12 07:00,58.289
2023-03-12 08:00,178.645
2023-03-12 09:00,524.018
2023-03-12 10:00,666.080
2023-03-12 11:00,672.604
2023-03-12 12:00,596.334
2023-03-12 13:00,423.764
2023-03-12 14:00,160.722
2023-03-12 15:00,69.853
2023-03-12 16:00,0
2023-03-12 17:00,0
2023-03-12 18:00,0
2023-03-12 19:00,0
2023-03-12 20:00,0
2023-03-12 21:00,0
2023-03-12 22:00,0
2023-03-12 23:00,0
2023-03-13 00:00,0
2023-03-13 01:00,0
2023-03-13 02:00,0
2023-03-13 03:00,0
2023-03-13 04:00,0
2023-03-13 05:00,0
2023-03-13 06:00,26.755
2023-03-13 07:00,64.613
2023-03-13 08:00,89.159
2023-03-13 09:00,110.404
2023-03-13 10:00,105.475
2023-03-13 11:00,65.474
2023-03-13 12:00,35.929
2023-03-13 13:00,20.378
2023-03-13 14:00,5.498
2023-03-13 15:00,0
2023-03-13 16:00,0
2023-03-13 17:00,0
2023-03-13 18:00,0
2023-03-13 19:00,0
2023-03-13 20:00,0
2023-03-13 21:00,0
2023-03-13 22:00,0
2023-03-13 23:00,0
2023-03-14 00:00,0
2023-03-14 01:00,0
2023-03-14 02:00,0
2023-03-14 03:00,0
2023-03-14 04:00,0
2023-03-14 05:00,0
2023-03-14 06:00,4.539
2023-03-14 07:00,33.792
2023-03-14 08:00,60.773
2023-03-14 09:00,83.152
2023-03-14 10:00,101.012
2023-03-14 11:00,111.703
2023-03-14 12:00,105.306
2023-03-14 13:00,77.483
2023-03-14 14:00,34.904
2023-03-14 15:00,0.030
2023-03-14 16:00,0
2023-03-14 17:00,0
2023-03-14 18:00,0
2023-03-14 19:00,0
2023-03-14 20:00,0
2023-03-14 21:00,0
2023-03-14 22:00,0
2023-03-14 23:00,0
2023-03-15 00:00,0
2023-03-15 01:00,0
2023-03-15 02:00,0
2023-03-15 03:00,0
2023-03-15 04:00,0
2023-03-15 05:00,23.603
2023-03-15 06:00,203.969
2023-03-15 07:00,422.786
2023-03-15 08:00,578.367
2023-03-15 09:00,676.889
2023-03-15 10:00,716.763
2023-03-15 11:00,700.081
2023-03-15 12:00,626.211
2023-03-15 13:00,423.022
2023-03-15 14:00,199.596
2023-03-15 15:00,54.617
2023-03-15 16:00,0
2023-03-15 17:00,0
2023-03-15 18:00,0
2023-03-15 19:00,0
2023-03-15 20:00,0
2023-03-15 21:00,0
2023-03-15 22:00,0
2023-03-15 23:00,0
2023-03-16 00:00,0
2023-03-16 01:00,0
2023-03-16 02:00,0
2023-03-16 03:00,0
2023-03-16 04:00,0
2023-03-16 05:00,24.592
2023-03-16 06:00,224.703
2023-03-16 07:00,433.806
2023-03-16 08:00,581.423
2023-03-16 09:00,674.436
2023-03-16 10:00,714.085
2023-03-16 11:00,702.569
2023-03-16 12:00,639.801
2023-03-16 13:00,523.643
2023-03-16 14:00,354.629
2023-03-16 15:00,148.191
2023-03-16 16:00,1.389
2023-03-16 17:00,0
2023-03-16 18:00,0
2023-03-16 19:00,0
2023-03-16 20:00,0
2023-03-16 21:00,0
2023-03-16 22:00,0
2023-03-16 23:00,0
2023-03-17 00:00,0
2023-03-17 01:00,0
2023-03-17 02:00,0
2023-03-17 03:00,0
2023-03-17 04:00,0
2023-03-17 05:00,0
2023-03-17 06:00,37.237
2023-03-17 07:00,99.851
2023-03-17 08:00,173.256
2023-03-17 09:00,248.595
2023-03-17 10:00,344.173
2023-03-17 11:00,363.052
2023-03-17 12:00,265.133
2023-03-17 13:00,114.627
2023-03-17 14:00,49.338
2023-03-17 15:00,30.378
2023-03-17 16:00,0
2023-03-17 17:00,0
2023-03-17 18:00,0
2023-03-17 19:00,0
2023-03-17 20:00,0
2023-03-17 21:00,0
2023-03-17 22:00,0
2023-03-17 23:00,0
2023-03-18 00:00,0
2023-03-18 01:00,0
2023-03-18 02:00,0
2023-03-18 03:00,0
2023-03-18 04:00,0
2023-03-18 05:00,0
2023-03-18 06:00,2.646
2023-03-18 07:00,14.985
2023-03-18 08:00,32.898
2023-03-18 09:00,56.391
2023-03-18 10:00,67.854
2023-03-18 11:00,49.817
2023-03-18 12:00,33.661
2023-03-18 13:00,26.117
2023-03-18 14:00,17.867
2023-03-18 15:00,5.234
2023-03-18 16:00,0
2023-03-18 17:00,0
2023-03-18 18:00,0
2023-03-18 19:00,0
2023-03-18 20:00,0
2023-03-18 21:00,0
2023-03-18 22:00,0
2023-03-18 23:00,0
2023-03-19 00:00,0
2023-03-19 01:00,0
2023-03-19 02:00,0
2023-03-19 03:00,0
2023-03-19 04:00,0
2023-03-19 05:00,5.559
2023-03-19 06:00,52.542
2023-03-19 07:00,126.782
2023-03-19 08:00,239.163
2023-03-19 09:00,348.797
2023-03-19 10:00,466.616
2023-03-19 11:00,425.771
2023-03-19 12:00,308.206
2023-03-19 13:00,202.484
2023-03-19 14:00,131.054
2023-03-19 15:00,61.369
2023-03-19 16:00,0
2023-03-19 17:00,0
2023-03-19 18:00,0
2023-03-19 19:00,0
2023-03-19 20:00,0
2023-03-19 21:00,0
2023-03-19 22:00,0
2023-03-19 23:00,0
2023-03-20 00:00,0
2023-03-20 01:00,0
2023-03-20 02:00,0
2023-03-20 03:00,0
2023-03-20 04:00,0
2023-03-20 05:00,0
2023-03-20 06:00,3.170
2023-03-20 07:00,14.097
2023-03-20 08:00,32.452
2023-03-20 09:00,65.757
2023-03-20 10:00,102.410
2023-03-20 11:00,79.708
2023-03-20 12:00,46.226
2023-03-20 13:00,27.644
2023-03-20 14:00,16.614
2023-03-20 15:00,6.512
2023-03-20 16:00,0
2023-03-20 17:00,0
2023-03-20 18:00,0
2023-03-20 19:00,0
2023-03-20 20:00,0
2023-03-20 21:00,0
2023-03-20 22:00,0
2023-03-20 23:00,0
2023-03-21 00:00,0
2023-03-21 01:00,0
2023-03-21 02:00,0
2023-03-21 03:00,0
2023-03-21 04:00,0
2023-03-21 05:00,25.562
2023-03-21 06:00,152.833
2023-03-21 07:00,425.587
2023-03-21 08:00,580.080
2023-03-21 09:00,651.873
2023-03-21 10:00,464.027
2023-03-21 11:00,246.982
2023-03-21 12:00,203.609
2023-03-21 13:00,156.354
2023-03-21 14:00,104.573
2023-03-21 15:00,47.383
2023-03-21 16:00,0.897
2023-03-21 17:00,0
2023-03-21 18:00,0
2023-03-21 19:00,0
2023-03-21 20:00,0
2023-03-21 21:00,0
2023-03-21 22:00,0
2023-03-21 23:00,0
2023-03-22 00:00,0
2023-03-22 01:00,0
2023-03-22 02:00,0
2023-03-22 03:00,0
2023-03-22 04:00,0
2023-03-22 05:00,0
2023-03-22 06:00,12.885
2023-03-22 07:00,47.283
2023-03-22 08:00,119.951
2023-03-22 09:00,192.538
2023-03-22 10:00,224.365
2023-03-22 11:00,228.849
2023-03-22 12:00,195.031
2023-03-22 13:00,139.805
2023-03-22 14:00,41.327
2023-03-22 15:00,4.102
2023-03-22 16:00,0
2023-03-22 17:00,0
2023-03-22 18:00,0
2023-03-22 19:00,0
2023-03-22 20:00,0
2023-03-22 21:00,0
2023-03-22 22:00,0
2023-03-22 23:00,0
2023-03-23 00:00,0
2023-03-23 01:00,0
2023-03-23 02:00,0
2023-03-23 03:00,0
2023-03-23 04:00,0
2023-03-23 05:00,58.297
2023-03-23 06:00,242.214
2023-03-23 07:00,407.257
2023-03-23 08:00,544.662
2023-03-23 09:00,667.258
2023-03-23 10:00,705.226
2023-03-23 11:00,668.030
2023-03-23 12:00,450.546
2023-03-23 13:00,182.110
2023-03-23 14:00,94.600
2023-03-23 15:00,38.299
2023-03-23 16:00,0.867
2023-03-23 17:00,0
2023-03-23 18:00,0
2023-03-23 19:00,0
2023-03-23 20:00,0
2023-03-23 21:00,0
2023-03-23 22:00,0
2023-03-23 23:00,0
2023-03-24 00:00,0
2023-03-24 01:00,0
2023-03-24 02:00,0
2023-03-24 03:00,0
2023-03-24 04:00,0
2023-03-24 05:00,21.064
2023-03-24 06:00,55.488
2023-03-24 07:00,31.406
2023-03-24 08:00,46.971
2023-03-24 09:00,53.207
2023-03-24 10:00,64.269
2023-03-24 11:00,64.252
2023-03-24 12:00,59.011
2023-03-24 13:00,48.240
2023-03-24 14:00,37.561
2023-03-24 15:00,10.444
2023-03-24 16:00,0
2023-03-24 17:00,0
2023-03-24 18:00,0
2023-03-24 19:00,0
2023-03-24 20:00,0
2023-03-24 21:00,0
2023-03-24 22:00,0
2023-03-24 23:00,0
2023-03-25 00:00,0
2023-03-25 01:00,0
2023-03-25 02:00,0
2023-03-25 03:00,0
2023-03-25 04:00,0
2023-03-25 05:00,10.630
2023-03-25 06:00,64.248
2023-03-25 07:00,117.660
2023-03-25 08:00,144.226
2023-03-25 09:00,133.031
2023-03-25 10:00,112.682
2023-03-25 11:00,77.350
2023-03-25 12:00,60.463
2023-03-25 13:00,49.911
2023-03-25 14:00,31.024
2023-03-25 15:00,10.798
2023-03-25 16:00,0
2023-03-25 17:00,0
2023-03-25 18:00,0
2023-03-25 19:00,0
2023-03-25 20:00,0
2023-03-25 21:00,0
2023-03-25 22:00,0
2023-03-25 23:00,0
2023-03-26 00:00,0
2023-03-26 01:00,0
2023-03-26 02:00,0
2023-03-26 03:00,0
2023-03-26 04:00,0
2023-03-26 05:00,54.422
2023-03-26 06:00,202.597
2023-03-26 07:00,346.483
2023-03-26 08:00,482.460
2023-03-26 09:00,615.034
2023-03-26 10:00,591.119
2023-03-26 11:00,494.801
2023-03-26 12:00,310.704
2023-03-26 13:00,169.828
2023-03-26 14:00,86.321
2023-03-26 15:00,28.664
2023-03-26 16:00,0
2023-03-26 17:00,0
2023-03-26 18:00,0
2023-03-26 19:00,0
2023-03-26 20:00,0
2023-03-26 21:00,0
2023-03-26 22:00,0
2023-03-26 23:00,0
2023-03-27 00:00,0
2023-03-27 01:00,0
2023-03-27 02:00,0
2023-03-27 03:00,0
2023-03-27 04:00,0
2023-03-27 05:00,21.989
2023-03-27 06:00,63.465
2023-03-27 07:00,93.314
2023-03-27 08:00,105.006
2023-03-27 09:00,118.625
2023-03-27 10:00,113.865
2023-03-27 11:00,92.350
2023-03-27 12:00,53.492
2023-03-27 13:00,52.942
2023-03-27 14:00,28.270
2023-03-27 15:00,8.533
2023-03-27 16:00,0
2023-03-27 17:00,0
2023-03-27 18:00,0
2023-03-27 19:00,0
2023-03-27 20:00,0
2023-03-27 21:00,0
2023-03-27 22:00,0
2023-03-27 23:00,0
2023-03-28 00:00,0
2023-03-28 01:00,0
2023-03-28 02:00,0
2023-03-28 03:00,0
2023-03-28 04:00,0
2023-03-28 05:00,7.176
2023-03-28 06:00,42.542
2023-03-28 07:00,80.018
2023-03-28 08:00,102.273
2023-03-28 09:00,137.025
2023-03-28 10:00,157.209
2023-03-28 11:00,173.189
2023-03-28 12:00,182.373
2023-03-28 13:00,181.269
2023-03-28 14:00,149.778
2023-03-28 15:00,80.836
2023-03-28 16:00,12.631
2023-03-28 17:00,0
2023-03-28 18:00,0
2023-03-28 19:00,0
2023-03-28 20:00,0
2023-03-28 21:00,0
2023-03-28 22:00,0
2023-03-28 23:00,0
2023-03-29 00:00,0
2023-03-29 01:00,0
2023-03-29 02:00,0
2023-03-29 03:00,0
2023-03-29 04:00,0
2023-03-29 05:00,33.237
2023-03-29 06:00,84.630
2023-03-29 07:00,112.405
2023-03-29 08:00,120.616
2023-03-29 09:00,121.065
2023-03-29 10:00,117.281
2023-03-29 11:00,115.995
2023-03-29 12:00,102.075
2023-03-29 13:00,69.275
2023-03-29 14:00,40.106
2023-03-29 15:00,15.327
2023-03-29 16:00,0
2023-03-29 17:00,0
2023-03-29 18:00,0
2023-03-29 19:00,0
2023-03-29 20:00,0
2023-03-29 21:00,0
2023-03-29 22:00,0
2023-03-29 23:00,0
2023-03-30 00:00,0
2023-03-30 01:00,0
2023-03-30 02:00,0
2023-03-30 03:00,0
2023-03-30 04:00,0
2023-03-30 05:00,98.270
2023-03-30 06:00,295.542
2023-03-30 07:00,473.529
2023-03-30 08:00,595.166
2023-03-30 09:00,654.731
2023-03-30 10:00,597.700
2023-03-30 11:00,447.881
2023-03-30 12:00,398.927
2023-03-30 13:00,408.223
2023-03-30 14:00,292.815
2023-03-30 15:00,138.264
2023-03-30 16:00,20.630
2023-03-30 17:00,0
2023-03-30 18:00,0
2023-03-30 19:00,0
2023-03-30 20:00,0
2023-03-30 21:00,0
2023-03-30 22:00,0
2023-03-30 23:00,0
2023-03-31 00:00,0
2023-03-31 01:00,0
2023-03-31 02:00,0
2023-03-31 03:00,0
2023-03-31 04:00,0
2023-03-31 05:00,13.079
2023-03-31 06:00,57.605
2023-03-31 07:00,129.953
2023-03-31 08:00,207.932
2023-03-31 09:00,293.078
2023-03-31 10:00,351.800
2023-03-31 11:00,374.769
2023-03-31 12:00,347.196
2023-03-31 13:00,275.647
2023-03-31 14:00,200.480
2023-03-31 15:00,122.339
2023-03-31 16:00,35.056
2023-03-31 17:00,0
2023-03-31 18:00,0
2023-03-31 19:00,0
2023-03-31 20:00,0
2023-03-31 21:00,0
2023-03-31 22:00,0
2023-03-31 23:00,0
2023-04-01 00:00,0
2023-04-01 01:00,0
2023-04-01 02:00,0
2023-04-01 03:00,0
2023-04-01 04:00,0
2023-04-01 05:00,85.673
2023-04-01 06:00,252.842
2023-04-01 07:00,498.758
2023-04-01 08:00,643.850
2023-04-01 09:00,728.050
2023-04-01 10:00,761.859
2023-04-01 11:00,748.989
2023-04-01 12:00,690.561
2023-04-01 13:00,585.984
2023-04-01 14:00,433.154
2023-04-01 15:00,240.270
2023-04-01 16:00,52.878
2023-04-01 17:00,0
2023-04-01 18:00,0
2023-04-01 19:00,0
2023-04-01 20:00,0
2023-04-01 21:00,0
2023-04-01 22:00,0
2023-04-01 23:00,0
2023-04-02 00:00,0
2023-04-02 01:00,0
2023-04-02 02:00,0
2023-04-02 03:00,0
2023-04-02 04:00,0
2023-04-02 05:00,99.514
2023-04-02 06:00,324.913
2023-04-02 07:00,504.346
2023-04-02 08:00,637.244
2023-04-02 09:00,716.964
2023-04-02 10:00,690.404
2023-04-02 11:00,614.176
2023-04-02 12:00,615.291
2023-04-02 13:00,543.057
2023-04-02 14:00,418.114
2023-04-02 15:00,232.049
2023-04-02 16:00,49.847
2023-04-02 17:00,0
2023-04-02 18:00,0
2023-04-02 19:00,0
2023-04-02 20:00,0
2023-04-02 21:00,0
2023-04-02 22:00,0
2023-04-02 23:00,0
2023-04-03 00:00,0
2023-04-03 01:00,0
2023-04-03 02:00,0
2023-04-03 03:00,0
2023-04-03 04:00,0
2023-04-03 05:00,80.248
2023-04-03 06:00,314.906
2023-04-03 07:00,504.062
2023-04-03 08:00,641.297
2023-04-03 09:00,731.170
2023-04-03 10:00,770.125
2023-04-03 11:00,760.600
2023-04-03 12:00,703.301
2023-04-03 13:00,595.168
2023-04-03 14:00,439.060
2023-04-03 15:00,245.546
2023-04-03 16:00,59.037
2023-04-03 17:00,0
2023-04-03 18:00,0
2023-04-03 19:00,0
2023-04-03 20:00,0
2023-04-03 21:00,0
2023-04-03 22:00,0
2023-04-03 23:00,0
2023-04-04 00:00,0
2023-04-04 01:00,0
2023-04-04 02:00,0
2023-04-04 03:00,0
2023-04-04 04:00,1.371
2023-04-04 05:00,100.534
2023-04-04 06:00,249.437
2023-04-04 07:00,404.382
2023-04-04 08:00,539.196
2023-04-04 09:00,581.024
2023-04-04 10:00,581.291
2023-04-04 11:00,560.383
2023-04-04 12:00,468.776
2023-04-04 13:00,328.753
2023-04-04 14:00,217.708
2023-04-04 15:00,128.496
2023-04-04 16:00,46.212
2023-04-04 17:00,0
2023-04-04 18:00,0
2023-04-04 19:00,0
2023-04-04 20:00,0
2023-04-04 21:00,0
2023-04-04 22:00,0
2023-04-04 23:00,0
2023-04-05 00:00,0
2023-04-05 01:00,0
2023-04-05 02:00,0
2023-04-05 03:00,0
2023-04-05 04:00,3.869
2023-04-05 05:00,61.351
2023-04-05 06:00,93.943
2023-04-05 07:00,110.333
2023-04-05 08:00,164.915
2023-04-05 09:00,238.414
2023-04-05 10:00,224.211
2023-04-05 11:00,151.504
2023-04-05 12:00,117.406
2023-04-05 13:00,119.964
2023-04-05 14:00,111.345
2023-04-05 15:00,54.990
2023-04-05 16:00,15.332
2023-04-05 17:00,0
2023-04-05 18:00,0
2023-04-05 19:00,0
2023-04-05 20:00,0
2023-04-05 21:00,0
2023-04-05 22:00,0
2023-04-05 23:00,0
2023-04-06 00:00,0
2023-04-06 01:00,0
2023-04-06 02:00,0
2023-04-06 03:00,0
2023-04-06 04:00,2.790
2023-04-06 05:00,82.187
2023-04-06 06:00,201.883
2023-04-06 07:00,362.869
2023-04-06 08:00,514.239
2023-04-06 09:00,634.547
2023-04-06 10:00,687.993
2023-04-06 11:00,529.355
2023-04-06 12:00,429.366
2023-04-06 13:00,339.824
2023-04-06 14:00,228.420
2023-04-06 15:00,124.481
2023-04-06 16:00,34.350
2023-04-06 17:00,0
2023-04-06 18:00,0
2023-04-06 19:00,0
2023-04-06 20:00,0
2023-04-06 21:00,0
2023-04-06 22:00,0
2023-04-06 23:00,0
2023-04-07 00:00,0
2023-04-07 01:00,0
2023-04-07 02:00,0
2023-04-07 03:00,0
2023-04-07 04:00,2.860
2023-04-07 05:00,66.870
2023-04-07 06:00,172.626
2023-04-07 07:00,238.629
2023-04-07 08:00,245.388
2023-04-07 09:00,250.617
2023-04-07 10:00,263.887
2023-04-07 11:00,266.274
2023-04-07 12:00,253.024
2023-04-07 13:00,229.310
2023-04-07 14:00,192.154
2023-04-07 15:00,121.671
2023-04-07 16:00,35.995
2023-04-07 17:00,0
2023-04-07 18:00,0
2023-04-07 19:00,0
2023-04-07 20:00,0
2023-04-07 21:00,0
2023-04-07 22:00,0
2023-04-07 23:00,0
2023-04-08 00:00,0
2023-04-08 01:00,0
2023-04-08 02:00,0
2023-04-08 03:00,0
2023-04-08 04:00,5.659
2023-04-08 05:00,86.603
2023-04-08 06:00,191.614
2023-04-08 07:00,301.120
2023-04-08 08:00,413.324
2023-04-08 09:00,511.503
2023-04-08 10:00,544.932
2023-04-08 11:00,549.385
2023-04-08 12:00,561.445
2023-04-08 13:00,523.606
2023-04-08 14:00,418.298
2023-04-08 15:00,254.882
2023-04-08 16:00,73.272
2023-04-08 17:00,0
2023-04-08 18:00,0
2023-04-08 19:00,0
2023-04-08 20:00,0
2023-04-08 21:00,0
2023-04-08 22:00,0
2023-04-08 23:00,0
2023-04-09 00:00,0
2023-04-09 01:00,0
2023-04-09 02:00,0
2023-04-09 03:00,0
2023-04-09 04:00,8.953
2023-04-09 05:00,123.478
2023-04-09 06:00,304.186
2023-04-09 07:00,466.571
2023-04-09 08:00,587.383
2023-04-09 09:00,673.297
2023-04-09 10:00,707.576
2023-04-09 11:00,687.644
2023-04-09 12:00,604.264
2023-04-09 13:00,418.577
2023-04-09 14:00,210.034
2023-04-09 15:00,140.716
2023-04-09 16:00,57.931
2023-04-09 17:00,0
2023-04-09 18:00,0
2023-04-09 19:00,0
2023-04-09 20:00,0
2023-04-09 21:00,0
2023-04-09 22:00,0
2023-04-09 23:00,0
2023-04-10 00:00,0
2023-04-10 01:00,0
2023-04-10 02:00,0
2023-04-10 03:00,0
2023-04-10 04:00,10.353
2023-04-10 05:00,134.135
2023-04-10 06:00,314.525
2023-04-10 07:00,484.039
2023-04-10 08:00,619.364
2023-04-10 09:00,701.152
2023-04-10 10:00,705.277
2023-04-10 11:00,621.337
2023-04-10 12:00,499.597
2023-04-10 13:00,393.575
2023-04-10 14:00,294.755
2023-04-10 15:00,189.568
2023-04-10 16:00,66.581
2023-04-10 17:00,0
2023-04-10 18:00,0
2023-04-10 19:00,0
2023-04-10 20:00,0
2023-04-10 21:00,0
2023-04-10 22:00,0
2023-04-10 23:00,0
2023-04-11 00:00,0
2023-04-11 01:00,0
2023-04-11 02:00,0
2023-04-11 03:00,0
2023-04-11 04:00,6.323
2023-04-11 05:00,101.555
2023-04-11 06:00,261.435
2023-04-11 07:00,420.865
2023-04-11 08:00,545.795
2023-04-11 09:00,628.901
2023-04-11 10:00,660.784
2023-04-11 11:00,651.814
2023-04-11 12:00,633.910
2023-04-11 13:00,543.255
2023-04-11 14:00,400.700
2023-04-11 15:00,224.127
2023-04-11 16:00,68.840
2023-04-11 17:00,0
2023-04-11 18:00,0
2023-04-11 19:00,0
2023-04-11 20:00,0
2023-04-11 21:00,0
2023-04-11 22:00,0
2023-04-11 23:00,0
2023-04-12 00:00,0
2023-04-12 01:00,0
2023-04-12 02:00,0
2023-04-12 03:00,0
2023-04-12 04:00,2.893
2023-04-12 05:00,44.631
2023-04-12 06:00,158.926
2023-04-12 07:00,303.583
2023-04-12 08:00,438.312
2023-04-12 09:00,536.314
2023-04-12 10:00,503.148
2023-04-12 11:00,429.671
2023-04-12 12:00,374.770
2023-04-12 13:00,331.408
2023-04-12 14:00,258.367
2023-04-12 15:00,144.392
2023-04-12 16:00,49.408
2023-04-12 17:00,0
2023-04-12 18:00,0
2023-04-12 19:00,0
2023-04-12 20:00,0
2023-04-12 21:00,0
2023-04-12 22:00,0
2023-04-12 23:00,0
2023-04-13 00:00,0
2023-04-13 01:00,0
2023-04-13 02:00,0
2023-04-13 03:00,0
2023-04-13 04:00,0.366
2023-04-13 05:00,23.155
2023-04-13 06:00,48.772
2023-04-13 07:00,94.504
2023-04-13 08:00,141.094
2023-04-13 09:00,176.023
2023-04-13 10:00,147.724
2023-04-13 11:00,144.060
2023-04-13 12:00,162.122
2023-04-13 13:00,164.526
2023-04-13 14:00,127.954
2023-04-13 15:00,64.521
2023-04-13 16:00,17.089
2023-04-13 17:00,0
2023-04-13 18:00,0
2023-04-13 19:00,0
2023-04-13 20:00,0
2023-04-13 21:00,0
2023-04-13 22:00,0
2023-04-13 23:00,0
2023-04-14 00:00,0
2023-04-14 01:00,0
2023-04-14 02:00,0
2023-04-14 03:00,0
2023-04-14 04:00,0
2023-04-14 05:00,5.773
2023-04-14 06:00,20.021
2023-04-14 07:00,35.826
2023-04-14 08:00,56.279
2023-04-14 09:00,78.063
2023-04-14 10:00,87.791
2023-04-14 11:00,94.030
2023-04-14 12:00,93.774
2023-04-14 13:00,102.577
2023-04-14 14:00,104.735
2023-04-14 15:00,81.437
2023-04-14 16:00,36.742
2023-04-14 17:00,0
2023-04-14 18:00,0
2023-04-14 19:00,0
2023-04-14 20:00,0
2023-04-14 21:00,0
2023-04-14 22:00,0
2023-04-14 23:00,0
2023-04-15 00:00,0
2023-04-15 01:00,0
2023-04-15 02:00,0
2023-04-15 03:00,0
2023-04-15 04:00,5.946
2023-04-15 05:00,51.082
2023-04-15 06:00,147.039
2023-04-15 07:00,414.480
2023-04-15 08:00,595.257
2023-04-15 09:00,688.820
2023-04-15 10:00,725.294
2023-04-15 11:00,710.477
2023-04-15 12:00,652.212
2023-04-15 13:00,577.637
2023-04-15 14:00,436.490
2023-04-15 15:00,261.926
2023-04-15 16:00,89.418
2023-04-15 17:00,3.330
2023-04-15 18:00,0
2023-04-15 19:00,0
2023-04-15 20:00,0
2023-04-15 21:00,0
2023-04-15 22:00,0
2023-04-15 23:00,0
2023-04-16 00:00,0
2023-04-16 01:00,0
2023-04-16 02:00,0
2023-04-16 03:00,0
2023-04-16 04:00,19.879
2023-04-16 05:00,160.545
2023-04-16 06:00,348.442
2023-04-16 07:00,516.219
2023-04-16 08:00,641.903
2023-04-16 09:00,721.455
2023-04-16 10:00,754.799
2023-04-16 11:00,743.971
2023-04-16 12:00,688.898
2023-04-16 13:00,588.652
2023-04-16 14:00,445.377
2023-04-16 15:00,268.559
2023-04-16 16:00,92.282
2023-04-16 17:00,5.192
2023-04-16 18:00,0
2023-04-16 19:00,0
2023-04-16 20:00,0
2023-04-16 21:00,0
2023-04-16 22:00,0
2023-04-16 23:00,0
2023-04-17 00:00,0
2023-04-17 01:00,0
2023-04-17 02:00,0
2023-04-17 03:00,0
2023-04-17 04:00,22.048
2023-04-17 05:00,169.378
2023-04-17 06:00,359.770
2023-04-17 07:00,526.800
2023-04-17 08:00,650.104
2023-04-17 09:00,727.596
2023-04-17 10:00,759.428
2023-04-17 11:00,747.940
2023-04-17 12:00,693.318
2023-04-17 13:00,594.399
2023-04-17 14:00,452.175
2023-04-17 15:00,275.339
2023-04-17 16:00,96.059
2023-04-17 17:00,6.393
2023-04-17 18:00,0
2023-04-17 19:00,0
2023-04-17 20:00,0
2023-04-17 21:00,0
2023-04-17 22:00,0
2023-04-17 23:00,0
2023-04-18 00:00,0
2023-04-18 01:00,0
2023-04-18 02:00,0
2023-04-18 03:00,0
2023-04-18 04:00,20.120
2023-04-18 05:00,132.805
2023-04-18 06:00,356.537
2023-04-18 07:00,527.811
2023-04-18 08:00,647.735
2023-04-18 09:00,722.631
2023-04-18 10:00,750.417
2023-04-18 11:00,735.539
2023-04-18 12:00,684.140
2023-04-18 13:00,590.459
2023-04-18 14:00,454.838
2023-04-18 15:00,283.860
2023-04-18 16:00,102.317
2023-04-18 17:00,7.513
2023-04-18 18:00,0
2023-04-18 19:00,0
2023-04-18 20:00,0
2023-04-18 21:00,0
2023-04-18 22:00,0
2023-04-18 23:00,0
2023-04-19 00:00,0
2023-04-19 01:00,0
2023-04-19 02:00,0
2023-04-19 03:00,0
2023-04-19 04:00,25.018
2023-04-19 05:00,172.514
2023-04-19 06:00,369.757
2023-04-19 07:00,535.315
2023-04-19 08:00,657.508
2023-04-19 09:00,734.976
2023-04-19 10:00,768.251
2023-04-19 11:00,758.037
2023-04-19 12:00,704.747
2023-04-19 13:00,606.845
2023-04-19 14:00,465.819
2023-04-19 15:00,288.946
2023-04-19 16:00,104.362
2023-04-19 17:00,8.467
2023-04-19 18:00,0
2023-04-19 19:00,0
2023-04-19 20:00,0
2023-04-19 21:00,0
2023-04-19 22:00,0
2023-04-19 23:00,0
2023-04-20 00:00,0
2023-04-20 01:00,0
2023-04-20 02:00,0
2023-04-20 03:00,0
2023-04-20 04:00,25.388
2023-04-20 05:00,181.080
2023-04-20 06:00,366.374
2023-04-20 07:00,521.602
2023-04-20 08:00,638.223
2023-04-20 09:00,713.235
2023-04-20 10:00,743.854
2023-04-20 11:00,731.724
2023-04-20 12:00,677.358
2023-04-20 13:00,579.375
2023-04-20 14:00,440.727
2023-04-20 15:00,269.861
2023-04-20 16:00,99.469
2023-04-20 17:00,10.073
2023-04-20 18:00,0
2023-04-20 19:00,0
2023-04-20 20:00,0
2023-04-20 21:00,0
2023-04-20 22:00,0
2023-04-20 23:00,0
2023-04-21 00:00,0
2023-04-21 01:00,0
2023-04-21 02:00,0
2023-04-21 03:00,0
2023-04-21 04:00,29.399
2023-04-21 05:00,170.548
2023-04-21 06:00,353.268
2023-04-21 07:00,509.686
2023-04-21 08:00,626.870
2023-04-21 09:00,702.781
2023-04-21 10:00,733.332
2023-04-21 11:00,722.390
2023-04-21 12:00,671.739
2023-04-21 13:00,574.868
2023-04-21 14:00,433.735
2023-04-21 15:00,257.516
2023-04-21 16:00,93.367
2023-04-21 17:00,11.487
2023-04-21 18:00,0
2023-04-21 19:00,0
2023-04-21 20:00,0
2023-04-21 21:00,0
2023-04-21 22:00,0
2023-04-21 23:00,0
2023-04-22 00:00,0
2023-04-22 01:00,0
2023-04-22 02:00,0
2023-04-22 03:00,0
2023-04-22 04:00,29.387
2023-04-22 05:00,182.529
2023-04-22 06:00,364.344
2023-04-22 07:00,519.806
2023-04-22 08:00,635.463
2023-04-22 09:00,708.413
2023-04-22 10:00,738.513
2023-04-22 11:00,727.414
2023-04-22 12:00,675.063
2023-04-22 13:00,580.063
2023-04-22 14:00,444.037
2023-04-22 15:00,271.356
2023-04-22 16:00,101.648
2023-04-22 17:00,12.947
2023-04-22 18:00,0
2023-04-22 19:00,0
2023-04-22 20:00,0
2023-04-22 21:00,0
2023-04-22 22:00,0
2023-04-22 23:00,0
2023-04-23 00:00,0
2023-04-23 01:00,0
2023-04-23 02:00,0
2023-04-23 03:00,0
2023-04-23 04:00,32.981
2023-04-23 05:00,131.016
2023-04-23 06:00,252.848
2023-04-23 07:00,417.521
2023-04-23 08:00,540.689
2023-04-23 09:00,625.229
2023-04-23 10:00,643.967
2023-04-23 11:00,525.046
2023-04-23 12:00,350.568
2023-04-23 13:00,208.055
2023-04-23 14:00,124.287
2023-04-23 15:00,65.217
2023-04-23 16:00,22.533
2023-04-23 17:00,0
2023-04-23 18:00,0
2023-04-23 19:00,0
2023-04-23 20:00,0
2023-04-23 21:00,0
2023-04-23 22:00,0
2023-04-23 23:00,0
2023-04-24 00:00,0
2023-04-24 01:00,0
2023-04-24 02:00,0
2023-04-24 03:00,0
2023-04-24 04:00,4.560
2023-04-24 05:00,29.980
2023-04-24 06:00,68.577
2023-04-24 07:00,106.974
2023-04-24 08:00,188.555
2023-04-24 09:00,247.646
2023-04-24 10:00,353.990
2023-04-24 11:00,376.425
2023-04-24 12:00,264.998
2023-04-24 13:00,183.742
2023-04-24 14:00,95.872
2023-04-24 15:00,31.499
2023-04-24 16:00,8.909
2023-04-24 17:00,0
2023-04-24 18:00,0
2023-04-24 19:00,0
2023-04-24 20:00,0
2023-04-24 21:00,0
2023-04-24 22:00,0
2023-04-24 23:00,0
2023-04-25 00:00,0
2023-04-25 01:00,0
2023-04-25 02:00,0
2023-04-25 03:00,0
2023-04-25 04:00,0
2023-04-25 05:00,21.586
2023-04-25 06:00,39.360
2023-04-25 07:00,64.515
2023-04-25 08:00,100.806
2023-04-25 09:00,145.594
2023-04-25 10:00,234.213
2023-04-25 11:00,344.808
2023-04-25 12:00,530.893
2023-04-25 13:00,476.469
2023-04-25 14:00,358.746
2023-04-25 15:00,191.097
2023-04-25 16:00,76.070
2023-04-25 17:00,13.011
2023-04-25 18:00,0
2023-04-25 19:00,0
2023-04-25 20:00,0
2023-04-25 21:00,0
2023-04-25 22:00,0
2023-04-25 23:00,0
2023-04-26 00:00,0
2023-04-26 01:00,0
2023-04-26 02:00,0
2023-04-26 03:00,0
2023-04-26 04:00,4.513
2023-04-26 05:00,26.862
2023-04-26 06:00,59.165
2023-04-26 07:00,162.922
2023-04-26 08:00,290.347
2023-04-26 09:00,527.054
2023-04-26 10:00,643.718
2023-04-26 11:00,590.997
2023-04-26 12:00,533.946
2023-04-26 13:00,465.990
2023-04-26 14:00,311.948
2023-04-26 15:00,191.941
2023-04-26 16:00,85.583
2023-04-26 17:00,22.503
2023-04-26 18:00,0
2023-04-26 19:00,0
2023-04-26 20:00,0
2023-04-26 21:00,0
2023-04-26 22:00,0
2023-04-26 23:00,0
2023-04-27 00:00,0
2023-04-27 01:00,0
2023-04-27 02:00,0
2023-04-27 03:00,0
2023-04-27 04:00,46.103
2023-04-27 05:00,151.242
2023-04-27 06:00,264.289
2023-04-27 07:00,364.602
2023-04-27 08:00,433.187
2023-04-27 09:00,440.255
2023-04-27 10:00,403.486
2023-04-27 11:00,370.272
2023-04-27 12:00,336.314
2023-04-27 13:00,260.892
2023-04-27 14:00,187.243
2023-04-27 15:00,134.428
2023-04-27 16:00,52.963
2023-04-27 17:00,8.047
2023-04-27 18:00,0
2023-04-27 19:00,0
2023-04-27 20:00,0
2023-04-27 21:00,0
2023-04-27 22:00,0
2023-04-27 23:00,0
2023-04-28 00:00,0
2023-04-28 01:00,0
2023-04-28 02:00,0
2023-04-28 03:00,0
2023-04-28 04:00,15.135
2023-04-28 05:00,76.674
2023-04-28 06:00,183.519
2023-04-28 07:00,433.258
2023-04-28 08:00,615.082
2023-04-28 09:00,698.478
2023-04-28 10:00,679.587
2023-04-28 11:00,613.136
2023-04-28 12:00,491.388
2023-04-28 13:00,356.780
2023-04-28 14:00,227.424
2023-04-28 15:00,136.259
2023-04-28 16:00,74.061
2023-04-28 17:00,19.683
2023-04-28 18:00,0
2023-04-28 19:00,0
2023-04-28 20:00,0
2023-04-28 21:00,0
2023-04-28 22:00,0
2023-04-28 23:00,0
2023-04-29 00:00,0
2023-04-29 01:00,0
2023-04-29 02:00,0
2023-04-29 03:00,0.497
2023-04-29 04:00,42.868
2023-04-29 05:00,102.953
2023-04-29 06:00,163.991
2023-04-29 07:00,205.694
2023-04-29 08:00,186.440
2023-04-29 09:00,151.057
2023-04-29 10:00,136.196
2023-04-29 11:00,171.362
2023-04-29 12:00,221.864
2023-04-29 13:00,203.372
2023-04-29 14:00,156.309
2023-04-29 15:00,91.151
2023-04-29 16:00,42.369
2023-04-29 17:00,14.756
2023-04-29 18:00,0
2023-04-29 19:00,0
2023-04-29 20:00,0
2023-04-29 21:00,0
2023-04-29 22:00,0
2023-04-29 23:00,0
2023-04-30 00:00,0
2023-04-30 01:00,0
2023-04-30 02:00,0
2023-04-30 03:00,0
2023-04-30 04:00,42.542
2023-04-30 05:00,150.456
2023-04-30 06:00,272.798
2023-04-30 07:00,429.025
2023-04-30 08:00,599.499
2023-04-30 09:00,664.756
2023-04-30 10:00,672.863
2023-04-30 11:00,612.000
2023-04-30 12:00,540.184
2023-04-30 13:00,392.480
2023-04-30 14:00,279.967
2023-04-30 15:00,199.213
2023-04-30 16:00,106.229
2023-04-30 17:00,26.335
2023-04-30 18:00,0
2023-04-30 19:00,0
2023-04-30 20:00,0
2023-04-30 21:00,0
2023-04-30 22:00,0
2023-04-30 23:00,0
2023-05-01 00:00,0
2023-05-01 01:00,0
2023-05-01 02:00,0
2023-05-01 03:00,0.507
2023-05-01 04:00,36.081
2023-05-01 05:00,172.687
2023-05-01 06:00,355.804
2023-05-01 07:00,374.415
2023-05-01 08:00,278.242
2023-05-01 09:00,264.918
2023-05-01 10:00,397.311
2023-05-01 11:00,234.294
2023-05-01 12:00,108.393
2023-05-01 13:00,69.021
2023-05-01 14:00,39.048
2023-05-01 15:00,21.583
2023-05-01 16:00,8.593
2023-05-01 17:00,0
2023-05-01 18:00,0
2023-05-01 19:00,0
2023-05-01 20:00,0
2023-05-01 21:00,0
2023-05-01 22:00,0
2023-05-01 23:00,0
2023-05-02 00:00,0
2023-05-02 01:00,0
2023-05-02 02:00,0
2023-05-02 03:00,0
2023-05-02 04:00,27.904
2023-05-02 05:00,40.198
2023-05-02 06:00,108.476
2023-05-02 07:00,265.467
2023-05-02 08:00,377.376
2023-05-02 09:00,449.993
2023-05-02 10:00,596.403
2023-05-02 11:00,567.572
2023-05-02 12:00,488.927
2023-05-02 13:00,418.006
2023-05-02 14:00,300.906
2023-05-02 15:00,209.751
2023-05-02 16:00,107.107
2023-05-02 17:00,27.932
2023-05-02 18:00,0
2023-05-02 19:00,0
2023-05-02 20:00,0
2023-05-02 21:00,0
2023-05-02 22:00,0
2023-05-02 23:00,0
2023-05-03 00:00,0
2023-05-03 01:00,0
2023-05-03 02:00,0
2023-05-03 03:00,1.529
2023-05-03 04:00,59.962
2023-05-03 05:00,216.518
2023-05-03 06:00,398.644
2023-05-03 07:00,544.492
2023-05-03 08:00,646.217
2023-05-03 09:00,710.519
2023-05-03 10:00,739.954
2023-05-03 11:00,703.126
2023-05-03 12:00,538.774
2023-05-03 13:00,361.485
2023-05-03 14:00,193.851
2023-05-03 15:00,122.162
2023-05-03 16:00,62.360
2023-05-03 17:00,19.071
2023-05-03 18:00,0
2023-05-03 19:00,0
2023-05-03 20:00,0
2023-05-03 21:00,0
2023-05-03 22:00,0
2023-05-03 23:00,0
2023-05-04 00:00,0
2023-05-04 01:00,0
2023-05-04 02:00,0
2023-05-04 03:00,5.644
2023-05-04 04:00,62.266
2023-05-04 05:00,216.183
2023-05-04 06:00,383.993
2023-05-04 07:00,534.462
2023-05-04 08:00,597.712
2023-05-04 09:00,591.283
2023-05-04 10:00,574.102
2023-05-04 11:00,510.461
2023-05-04 12:00,446.620
2023-05-04 13:00,378.215
2023-05-04 14:00,274.274
2023-05-04 15:00,195.804
2023-05-04 16:00,118.033
2023-05-04 17:00,34.469
2023-05-04 18:00,0
2023-05-04 19:00,0
2023-05-04 20:00,0
2023-05-04 21:00,0
2023-05-04 22:00,0
2023-05-04 23:00,0
2023-05-05 00:00,0
2023-05-05 01:00,0
2023-05-05 02:00,0
2023-05-05 03:00,9.378
2023-05-05 04:00,61.277
2023-05-05 05:00,218.961
2023-05-05 06:00,399.188
2023-05-05 07:00,540.841
2023-05-05 08:00,549.443
2023-05-05 09:00,592.727
2023-05-05 10:00,586.291
2023-05-05 11:00,602.097
2023-05-05 12:00,568.243
2023-05-05 13:00,483.160
2023-05-05 14:00,382.303
2023-05-05 15:00,232.747
2023-05-05 16:00,141.494
2023-05-05 17:00,28.519
2023-05-05 18:00,0
2023-05-05 19:00,0
2023-05-05 20:00,0
2023-05-05 21:00,0
2023-05-05 22:00,0
2023-05-05 23:00,0
2023-05-06 00:00,0
2023-05-06 01:00,0
2023-05-06 02:00,0
2023-05-06 03:00,9.446
2023-05-06 04:00,58.359
2023-05-06 05:00,231.216
2023-05-06 06:00,417.071
2023-05-06 07:00,571.780
2023-05-06 08:00,683.743
2023-05-06 09:00,766.542
2023-05-06 10:00,795.519
2023-05-06 11:00,786.456
2023-05-06 12:00,733.918
2023-05-06 13:00,637.933
2023-05-06 14:00,487.312
2023-05-06 15:00,315.410
2023-05-06 16:00,135.270
2023-05-06 17:00,33.574
2023-05-06 18:00,0
2023-05-06 19:00,0
2023-05-06 20:00,0
2023-05-06 21:00,0
2023-05-06 22:00,0
2023-05-06 23:00,0
2023-05-07 00:00,0
2023-05-07 01:00,0
2023-05-07 02:00,0
2023-05-07 03:00,10.917
2023-05-07 04:00,60.587
2023-05-07 05:00,232.251
2023-05-07 06:00,415.341
2023-05-07 07:00,570.956
2023-05-07 08:00,686.230
2023-05-07 09:00,756.287
2023-05-07 10:00,776.965
2023-05-07 11:00,757.206
2023-05-07 12:00,706.296
2023-05-07 13:00,622.386
2023-05-07 14:00,489.137
2023-05-07 15:00,307.163
2023-05-07 16:00,118.945
2023-05-07 17:00,32.010
2023-05-07 18:00,0
2023-05-07 19:00,0
2023-05-07 20:00,0
2023-05-07 21:00,0
2023-05-07 22:00,0
2023-05-07 23:00,0
2023-05-08 00:00,0
2023-05-08 01:00,0
2023-05-08 02:00,0
2023-05-08 03:00,11.342
2023-05-08 04:00,61.314
2023-05-08 05:00,230.866
2023-05-08 06:00,409.616
2023-05-08 07:00,555.997
2023-05-08 08:00,662.942
2023-05-08 09:00,731.725
2023-05-08 10:00,763.530
2023-05-08 11:00,757.720
2023-05-08 12:00,707.423
2023-05-08 13:00,615.336
2023-05-08 14:00,483.713
2023-05-08 15:00,316.839
2023-05-08 16:00,140.467
2023-05-08 17:00,26.840
2023-05-08 18:00,0
2023-05-08 19:00,0
2023-05-08 20:00,0
2023-05-08 21:00,0
2023-05-08 22:00,0
2023-05-08 23:00,0
2023-05-09 00:00,0
2023-05-09 01:00,0
2023-05-09 02:00,0
2023-05-09 03:00,9.360
2023-05-09 04:00,67.112
2023-05-09 05:00,170.669
2023-05-09 06:00,314.865
2023-05-09 07:00,485.741
2023-05-09 08:00,635.570
2023-05-09 09:00,722.014
2023-05-09 10:00,754.209
2023-05-09 11:00,751.650
2023-05-09 12:00,703.742
2023-05-09 13:00,609.201
2023-05-09 14:00,455.721
2023-05-09 15:00,284.193
2023-05-09 16:00,131.033
2023-05-09 17:00,37.479
2023-05-09 18:00,0.717
2023-05-09 19:00,0
2023-05-09 20:00,0
2023-05-09 21:00,0
2023-05-09 22:00,0
2023-05-09 23:00,0
2023-05-10 00:00,0
2023-05-10 01:00,0
2023-05-10 02:00,0
2023-05-10 03:00,13.759
2023-05-10 04:00,65.019
2023-05-10 05:00,231.767
2023-05-10 06:00,407.104
2023-05-10 07:00,555.483
2023-05-10 08:00,665.627
2023-05-10 09:00,734.528
2023-05-10 10:00,763.400
2023-05-10 11:00,753.490
2023-05-10 12:00,704.718
2023-05-10 13:00,616.754
2023-05-10 14:00,488.914
2023-05-10 15:00,326.448
2023-05-10 16:00,148.006
2023-05-10 17:00,24.306
2023-05-10 18:00,2.530
2023-05-10 19:00,0
2023-05-10 20:00,0
2023-05-10 21:00,0
2023-05-10 22:00,0
2023-05-10 23:00,0
2023-05-11 00:00,0
2023-05-11 01:00,0
2023-05-11 02:00,0
2023-05-11 03:00,13.195
2023-05-11 04:00,65.669
2023-05-11 05:00,235.039
2023-05-11 06:00,410.488
2023-05-11 07:00,557.853
2023-05-11 08:00,666.312
2023-05-11 09:00,734.670
2023-05-11 10:00,763.651
2023-05-11 11:00,753.248
2023-05-11 12:00,703.043
2023-05-11 13:00,613.232
2023-05-11 14:00,484.430
2023-05-11 15:00,322.297
2023-05-11 16:00,146.585
2023-05-11 17:00,27.061
2023-05-11 18:00,3.450
2023-05-11 19:00,0
2023-05-11 20:00,0
2023-05-11 21:00,0
2023-05-11 22:00,0
2023-05-11 23:00,0
2023-05-12 00:00,0
2023-05-12 01:00,0
2023-05-12 02:00,0
2023-05-12 03:00,15.449
2023-05-12 04:00,68.465
2023-05-12 05:00,231.365
2023-05-12 06:00,403.695
2023-05-12 07:00,549.146
2023-05-12 08:00,656.329
2023-05-12 09:00,721.205
2023-05-12 10:00,745.567
2023-05-12 11:00,733.164
2023-05-12 12:00,682.167
2023-05-12 13:00,592.642
2023-05-12 14:00,466.046
2023-05-12 15:00,310.234
2023-05-12 16:00,145.318
2023-05-12 17:00,29.116
2023-05-12 18:00,4.493
2023-05-12 19:00,0
2023-05-12 20:00,0
2023-05-12 21:00,0
2023-05-12 22:00,0
2023-05-12 23:00,0
2023-05-13 00:00,0
2023-05-13 01:00,0
2023-05-13 02:00,0
2023-05-13 03:00,15.980
2023-05-13 04:00,69.324
2023-05-13 05:00,234.414
2023-05-13 06:00,406.937
2023-05-13 07:00,552.112
2023-05-13 08:00,658.336
2023-05-13 09:00,724.499
2023-05-13 10:00,751.770
2023-05-13 11:00,741.649
2023-05-13 12:00,694.838
2023-05-13 13:00,607.528
2023-05-13 14:00,479.611
2023-05-13 15:00,319.502
2023-05-13 16:00,147.734
2023-05-13 17:00,29.417
2023-05-13 18:00,5.483
2023-05-13 19:00,0
2023-05-13 20:00,0
2023-05-13 21:00,0
2023-05-13 22:00,0
2023-05-13 23:00,0
2023-05-14 00:00,0
2023-05-14 01:00,0
2023-05-14 02:00,0
2023-05-14 03:00,18.331
2023-05-14 04:00,72.079
2023-05-14 05:00,224.394
2023-05-14 06:00,388.126
2023-05-14 07:00,528.575
2023-05-14 08:00,632.823
2023-05-14 09:00,699.446
2023-05-14 10:00,727.404
2023-05-14 11:00,718.039
2023-05-14 12:00,669.579
2023-05-14 13:00,581.780
2023-05-14 14:00,457.940
2023-05-14 15:00,302.851
2023-05-14 16:00,144.907
2023-05-14 17:00,36.170
2023-05-14 18:00,6.134
2023-05-14 19:00,0
2023-05-14 20:00,0
2023-05-14 21:00,0
2023-05-14 22:00,0
2023-05-14 23:00,0
2023-05-15 00:00,0
2023-05-15 01:00,0
2023-05-15 02:00,0
2023-05-15 03:00,23.656
2023-05-15 04:00,82.359
2023-05-15 05:00,211.364
2023-05-15 06:00,314.831
2023-05-15 07:00,404.306
2023-05-15 08:00,472.232
2023-05-15 09:00,427.987
2023-05-15 10:00,333.772
2023-05-15 11:00,285.188
2023-05-15 12:00,249.275
2023-05-15 13:00,236.820
2023-05-15 14:00,214.574
2023-05-15 15:00,157.596
2023-05-15 16:00,86.277
2023-05-15 17:00,34.729
2023-05-15 18:00,2.226
2023-05-15 19:00,0
2023-05-15 20:00,0
2023-05-15 21:00,0
2023-05-15 22:00,0
2023-05-15 23:00,0
2023-05-16 00:00,0
2023-05-16 01:00,0
2023-05-16 02:00,0
2023-05-16 03:00,0
2023-05-16 04:00,6.488
2023-05-16 05:00,22.832
2023-05-16 06:00,59.056
2023-05-16 07:00,126.875
2023-05-16 08:00,172.480
2023-05-16 09:00,204.593
2023-05-16 10:00,221.804
2023-05-16 11:00,239.824
2023-05-16 12:00,188.515
2023-05-16 13:00,170.948
2023-05-16 14:00,154.100
2023-05-16 15:00,116.406
2023-05-16 16:00,80.266
2023-05-16 17:00,43.329
2023-05-16 18:00,6.183
2023-05-16 19:00,0
2023-05-16 20:00,0
2023-05-16 21:00,0
2023-05-16 22:00,0
2023-05-16 23:00,0
2023-05-17 00:00,0
2023-05-17 01:00,0
2023-05-17 02:00,0
2023-05-17 03:00,22.199
2023-05-17 04:00,44.432
2023-05-17 05:00,46.686
2023-05-17 06:00,118.107
2023-05-17 07:00,216.014
2023-05-17 08:00,209.895
2023-05-17 09:00,199.474
2023-05-17 10:00,173.775
2023-05-17 11:00,157.208
2023-05-17 12:00,164.975
2023-05-17 13:00,167.497
2023-05-17 14:00,163.439
2023-05-17 15:00,116.166
2023-05-17 16:00,73.985
2023-05-17 17:00,48.001
2023-05-17 18:00,6.431
2023-05-17 19:00,0
2023-05-17 20:00,0
2023-05-17 21:00,0
2023-05-17 22:00,0
2023-05-17 23:00,0
2023-05-18 00:00,0
2023-05-18 01:00,0
2023-05-18 02:00,0
2023-05-18 03:00,18.968
2023-05-18 04:00,76.854
2023-05-18 05:00,248.003
2023-05-18 06:00,424.653
2023-05-18 07:00,574.091
2023-05-18 08:00,684.580
2023-05-18 09:00,753.908
2023-05-18 10:00,781.701
2023-05-18 11:00,769.570
2023-05-18 12:00,717.687
2023-05-18 13:00,626.246
2023-05-18 14:00,496.440
2023-05-18 15:00,334.569
2023-05-18 16:00,158.681
2023-05-18 17:00,29.837
2023-05-18 18:00,10.055
2023-05-18 19:00,0
2023-05-18 20:00,0
2023-05-18 21:00,0
2023-05-18 22:00,0
2023-05-18 23:00,0
2023-05-19 00:00,0
2023-05-19 01:00,0
2023-05-19 02:00,0
2023-05-19 03:00,20.196
2023-05-19 04:00,77.885
2023-05-19 05:00,240.562
2023-05-19 06:00,409.508
2023-05-19 07:00,554.943
2023-05-19 08:00,662.769
2023-05-19 09:00,730.941
2023-05-19 10:00,759.174
2023-05-19 11:00,749.070
2023-05-19 12:00,700.660
2023-05-19 13:00,613.221
2023-05-19 14:00,487.893
2023-05-19 15:00,330.235
2023-05-19 16:00,158.657
2023-05-19 17:00,31.563
2023-05-19 18:00,11.043
2023-05-19 19:00,0
2023-05-19 20:00,0
2023-05-19 21:00,0
2023-05-19 22:00,0
2023-05-19 23:00,0
2023-05-20 00:00,0
2023-05-20 01:00,0
2023-05-20 02:00,0
2023-05-20 03:00,25.436
2023-05-20 04:00,82.786
2023-05-20 05:00,233.257
2023-05-20 06:00,406.173
2023-05-20 07:00,542.690
2023-05-20 08:00,635.584
2023-05-20 09:00,685.048
2023-05-20 10:00,693.742
2023-05-20 11:00,664.419
2023-05-20 12:00,609.039
2023-05-20 13:00,518.590
2023-05-20 14:00,418.576
2023-05-20 15:00,305.645
2023-05-20 16:00,158.944
2023-05-20 17:00,37.602
2023-05-20 18:00,12.853
2023-05-20 19:00,0
2023-05-20 20:00,0
2023-05-20 21:00,0
2023-05-20 22:00,0
2023-05-20 23:00,0
2023-05-21 00:00,0
2023-05-21 01:00,0
2023-05-21 02:00,0
2023-05-21 03:00,29.380
2023-05-21 04:00,88.744
2023-05-21 05:00,194.384
2023-05-21 06:00,320.102
2023-05-21 07:00,373.629
2023-05-21 08:00,415.820
2023-05-21 09:00,441.193
2023-05-21 10:00,487.420
2023-05-21 11:00,505.828
2023-05-21 12:00,520.899
2023-05-21 13:00,465.792
2023-05-21 14:00,353.873
2023-05-21 15:00,220.109
2023-05-21 16:00,118.055
2023-05-21 17:00,47.881
2023-05-21 18:00,8.491
2023-05-21 19:00,0
2023-05-21 20:00,0
2023-05-21 21:00,0
2023-05-21 22:00,0
2023-05-21 23:00,0
2023-05-22 00:00,0
2023-05-22 01:00,0
2023-05-22 02:00,0
2023-05-22 03:00,12.405
2023-05-22 04:00,46.047
2023-05-22 05:00,100.271
2023-05-22 06:00,174.914
2023-05-22 07:00,282.422
2023-05-22 08:00,427.129
2023-05-22 09:00,545.124
2023-05-22 10:00,577.068
2023-05-22 11:00,571.402
2023-05-22 12:00,538.196
2023-05-22 13:00,467.806
2023-05-22 14:00,357.778
2023-05-22 15:00,222.295
2023-05-22 16:00,113.684
2023-05-22 17:00,46.920
2023-05-22 18:00,9.087
2023-05-22 19:00,0
2023-05-22 20:00,0
2023-05-22 21:00,0
2023-05-22 22:00,0
2023-05-22 23:00,0
2023-05-23 00:00,0
2023-05-23 01:00,0
2023-05-23 02:00,0
2023-05-23 03:00,27.110
2023-05-23 04:00,80.349
2023-05-23 05:00,167.166
2023-05-23 06:00,284.602
2023-05-23 07:00,435.841
2023-05-23 08:00,588.772
2023-05-23 09:00,684.899
2023-05-23 10:00,707.908
2023-05-23 11:00,683.788
2023-05-23 12:00,600.270
2023-05-23 13:00,477.016
2023-05-23 14:00,339.367
2023-05-23 15:00,219.572
2023-05-23 16:00,121.984
2023-05-23 17:00,50.449
2023-05-23 18:00,10.818
2023-05-23 19:00,0
2023-05-23 20:00,0
2023-05-23 21:00,0
2023-05-23 22:00,0
2023-05-23 23:00,0
2023-05-24 00:00,0
2023-05-24 01:00,0
2023-05-24 02:00,0
2023-05-24 03:00,24.830
2023-05-24 04:00,83.652
2023-05-24 05:00,237.491
2023-05-24 06:00,396.306
2023-05-24 07:00,529.131
2023-05-24 08:00,633.523
2023-05-24 09:00,703.141
2023-05-24 10:00,725.175
2023-05-24 11:00,713.841
2023-05-24 12:00,666.939
2023-05-24 13:00,570.600
2023-05-24 14:00,457.699
2023-05-24 15:00,309.771
2023-05-24 16:00,156.464
2023-05-24 17:00,40.266
2023-05-24 18:00,15.393
2023-05-24 19:00,0
2023-05-24 20:00,0
2023-05-24 21:00,0
2023-05-24 22:00,0
2023-05-24 23:00,0
2023-05-25 00:00,0
2023-05-25 01:00,0
2023-05-25 02:00,0
2023-05-25 03:00,29.386
2023-05-25 04:00,87.237
2023-05-25 05:00,220.707
2023-05-25 06:00,365.919
2023-05-25 07:00,502.711
2023-05-25 08:00,616.228
2023-05-25 09:00,669.767
2023-05-25 10:00,716.443
2023-05-25 11:00,716.217
2023-05-25 12:00,670.005
2023-05-25 13:00,578.682
2023-05-25 14:00,444.316
2023-05-25 15:00,220.948
2023-05-25 16:00,127.965
2023-05-25 17:00,50.879
2023-05-25 18:00,16.953
2023-05-25 19:00,0
2023-05-25 20:00,0
2023-05-25 21:00,0
2023-05-25 22:00,0
2023-05-25 23:00,0
2023-05-26 00:00,0
2023-05-26 01:00,0
2023-05-26 02:00,0
2023-05-26 03:00,31.575
2023-05-26 04:00,91.775
2023-05-26 05:00,238.482
2023-05-26 06:00,406.247
2023-05-26 07:00,531.694
2023-05-26 08:00,606.827
2023-05-26 09:00,637.142
2023-05-26 10:00,641.941
2023-05-26 11:00,641.485
2023-05-26 12:00,575.643
2023-05-26 13:00,512.846
2023-05-26 14:00,413.445
2023-05-26 15:00,274.285
2023-05-26 16:00,151.819
2023-05-26 17:00,56.425
2023-05-26 18:00,17.473
2023-05-26 19:00,0
2023-05-26 20:00,0
2023-05-26 21:00,0
2023-05-26 22:00,0
2023-05-26 23:00,0
2023-05-27 00:00,0
2023-05-27 01:00,0
2023-05-27 02:00,0.220
2023-05-27 03:00,32.562
2023-05-27 04:00,84.262
2023-05-27 05:00,206.397
2023-05-27 06:00,358.864
2023-05-27 07:00,520.767
2023-05-27 08:00,628.398
2023-05-27 09:00,699.806
2023-05-27 10:00,722.726
2023-05-27 11:00,707.189
2023-05-27 12:00,674.040
2023-05-27 13:00,588.569
2023-05-27 14:00,466.846
2023-05-27 15:00,317.173
2023-05-27 16:00,163.162
2023-05-27 17:00,46.619
2023-05-27 18:00,19.011
2023-05-27 19:00,0
2023-05-27 20:00,0
2023-05-27 21:00,0
2023-05-27 22:00,0
2023-05-27 23:00,0
2023-05-28 00:00,0
2023-05-28 01:00,0
2023-05-28 02:00,0
2023-05-28 03:00,19.828
2023-05-28 04:00,73.340
2023-05-28 05:00,175.003
2023-05-28 06:00,339.468
2023-05-28 07:00,268.318
2023-05-28 08:00,387.974
2023-05-28 09:00,629.928
2023-05-28 10:00,701.918
2023-05-28 11:00,671.987
2023-05-28 12:00,622.794
2023-05-28 13:00,563.557
2023-05-28 14:00,356.516
2023-05-28 15:00,239.719
2023-05-28 16:00,150.902
2023-05-28 17:00,61.059
2023-05-28 18:00,18.357
2023-05-28 19:00,0
2023-05-28 20:00,0
2023-05-28 21:00,0
2023-05-28 22:00,0
2023-05-28 23:00,0
2023-05-29 00:00,0
2023-05-29 01:00,0
2023-05-29 02:00,0
2023-05-29 03:00,31.210
2023-05-29 04:00,96.354
2023-05-29 05:00,248.568
2023-05-29 06:00,417.643
2023-05-29 07:00,528.156
2023-05-29 08:00,481.377
2023-05-29 09:00,462.711
2023-05-29 10:00,561.436
2023-05-29 11:00,627.052
2023-05-29 12:00,595.596
2023-05-29 13:00,521.942
2023-05-29 14:00,404.658
2023-05-29 15:00,271.104
2023-05-29 16:00,168.730
2023-05-29 17:00,48.284
2023-05-29 18:00,21.227
2023-05-29 19:00,0
2023-05-29 20:00,0
2023-05-29 21:00,0
2023-05-29 22:00,0
2023-05-29 23:00,0
2023-05-30 00:00,0
2023-05-30 01:00,0
2023-05-30 02:00,1.791
2023-05-30 03:00,26.142
2023-05-30 04:00,89.437
2023-05-30 05:00,255.442
2023-05-30 06:00,425.524
2023-05-30 07:00,568.553
2023-05-30 08:00,674.290
2023-05-30 09:00,740.246
2023-05-30 10:00,766.044
2023-05-30 11:00,753.553
2023-05-30 12:00,702.999
2023-05-30 13:00,614.863
2023-05-30 14:00,491.040
2023-05-30 15:00,336.526
2023-05-30 16:00,170.641
2023-05-30 17:00,38.051
2023-05-30 18:00,19.311
2023-05-30 19:00,0
2023-05-30 20:00,0
2023-05-30 21:00,0
2023-05-30 22:00,0
2023-05-30 23:00,0
2023-05-31 00:00,0
2023-05-31 01:00,0
2023-05-31 02:00,2.560
2023-05-31 03:00,31.993
2023-05-31 04:00,93.408
2023-05-31 05:00,239.963
2023-05-31 06:00,396.856
2023-05-31 07:00,533.286
2023-05-31 08:00,636.592
2023-05-31 09:00,685.275
2023-05-31 10:00,722.431
2023-05-31 11:00,704.162
2023-05-31 12:00,616.409
2023-05-31 13:00,548.830
2023-05-31 14:00,361.708
2023-05-31 15:00,236.678
2023-05-31 16:00,127.733
2023-05-31 17:00,57.561
2023-05-31 18:00,17.251
2023-05-31 19:00,0
2023-05-31 20:00,0
2023-05-31 21:00,0
2023-05-31 22:00,0
2023-05-31 23:00,0
2023-06-01 00:00,0
2023-06-01 01:00,0
2023-06-01 02:00,0
2023-06-01 03:00,27.449
2023-06-01 04:00,85.153
2023-06-01 05:00,201.607
2023-06-01 06:00,327.406
2023-06-01 07:00,463.155
2023-06-01 08:00,604.267
2023-06-01 09:00,702.931
2023-06-01 10:00,744.693
2023-06-01 11:00,718.355
2023-06-01 12:00,671.265
2023-06-01 13:00,608.930
2023-06-01 14:00,491.364
2023-06-01 15:00,318.934
2023-06-01 16:00,172.025
2023-06-01 17:00,56.719
2023-06-01 18:00,22.400
2023-06-01 19:00,0
2023-06-01 20:00,0
2023-06-01 21:00,0
2023-06-01 22:00,0
2023-06-01 23:00,0
2023-06-02 00:00,0
2023-06-02 01:00,0
2023-06-02 02:00,3.507
2023-06-02 03:00,34.150
2023-06-02 04:00,96.471
2023-06-02 05:00,232.826
2023-06-02 06:00,386.543
2023-06-02 07:00,517.492
2023-06-02 08:00,617.786
2023-06-02 09:00,683.877
2023-06-02 10:00,740.199
2023-06-02 11:00,747.523
2023-06-02 12:00,708.351
2023-06-02 13:00,626.800
2023-06-02 14:00,505.120
2023-06-02 15:00,333.624
2023-06-02 16:00,170.733
2023-06-02 17:00,55.650
2023-06-02 18:00,22.727
2023-06-02 19:00,0
2023-06-02 20:00,0
2023-06-02 21:00,0
2023-06-02 22:00,0
2023-06-02 23:00,0
2023-06-03 00:00,0
2023-06-03 01:00,0
2023-06-03 02:00,5.277
2023-06-03 03:00,38.067
2023-06-03 04:00,102.045
2023-06-03 05:00,189.412
2023-06-03 06:00,308.551
2023-06-03 07:00,486.413
2023-06-03 08:00,639.665
2023-06-03 09:00,716.623
2023-06-03 10:00,743.468
2023-06-03 11:00,729.604
2023-06-03 12:00,650.429
2023-06-03 13:00,496.132
2023-06-03 14:00,286.483
2023-06-03 15:00,158.265
2023-06-03 16:00,74.941
2023-06-03 17:00,26.989
2023-06-03 18:00,3.256
2023-06-03 19:00,0
2023-06-03 20:00,0
2023-06-03 21:00,0
2023-06-03 22:00,0
2023-06-03 23:00,0
2023-06-04 00:00,0
2023-06-04 01:00,0
2023-06-04 02:00,0
2023-06-04 03:00,37.394
2023-06-04 04:00,97.398
2023-06-04 05:00,249.462
2023-06-04 06:00,418.713
2023-06-04 07:00,552.780
2023-06-04 08:00,647.290
2023-06-04 09:00,690.687
2023-06-04 10:00,707.370
2023-06-04 11:00,658.451
2023-06-04 12:00,674.242
2023-06-04 13:00,589.785
2023-06-04 14:00,477.978
2023-06-04 15:00,328.095
2023-06-04 16:00,173.507
2023-06-04 17:00,51.223
2023-06-04 18:00,23.963
2023-06-04 19:00,0
2023-06-04 20:00,0
2023-06-04 21:00,0
2023-06-04 22:00,0
2023-06-04 23:00,0
2023-06-05 00:00,0
2023-06-05 01:00,0
2023-06-05 02:00,4.232
2023-06-05 03:00,37.112
2023-06-05 04:00,94.296
2023-06-05 05:00,207.733
2023-06-05 06:00,355.325
2023-06-05 07:00,487.706
2023-06-05 08:00,589.355
2023-06-05 09:00,654.395
2023-06-05 10:00,684.436
2023-06-05 11:00,693.053
2023-06-05 12:00,634.230
2023-06-05 13:00,390.624
2023-06-05 14:00,293.630
2023-06-05 15:00,209.327
2023-06-05 16:00,136.289
2023-06-05 17:00,62.069
2023-06-05 18:00,16.899
2023-06-05 19:00,0
2023-06-05 20:00,0
2023-06-05 21:00,0
2023-06-05 22:00,0
2023-06-05 23:00,0
2023-06-06 00:00,0
2023-06-06 01:00,0
2023-06-06 02:00,4.923
2023-06-06 03:00,35.986
2023-06-06 04:00,96.706
2023-06-06 05:00,242.886
2023-06-06 06:00,399.822
2023-06-06 07:00,533.879
2023-06-06 08:00,630.735
2023-06-06 09:00,694.688
2023-06-06 10:00,720.389
2023-06-06 11:00,707.401
2023-06-06 12:00,635.786
2023-06-06 13:00,516.082
2023-06-06 14:00,344.215
2023-06-06 15:00,220.039
2023-06-06 16:00,136.068
2023-06-06 17:00,64.029
2023-06-06 18:00,19.693
2023-06-06 19:00,0
2023-06-06 20:00,0
2023-06-06 21:00,0
2023-06-06 22:00,0
2023-06-06 23:00,0
2023-06-07 00:00,0
2023-06-07 01:00,0
2023-06-07 02:00,0.915
2023-06-07 03:00,37.055
2023-06-07 04:00,98.119
2023-06-07 05:00,231.145
2023-06-07 06:00,379.337
2023-06-07 07:00,505.388
2023-06-07 08:00,618.306
2023-06-07 09:00,698.734
2023-06-07 10:00,729.638
2023-06-07 11:00,711.485
2023-06-07 12:00,660.983
2023-06-07 13:00,580.685
2023-06-07 14:00,454.092
2023-06-07 15:00,299.293
2023-06-07 16:00,172.368
2023-06-07 17:00,50.613
2023-06-07 18:00,25.020
2023-06-07 19:00,0
2023-06-07 20:00,0
2023-06-07 21:00,0
2023-06-07 22:00,0
2023-06-07 23:00,0
2023-06-08 00:00,0
2023-06-08 01:00,0
2023-06-08 02:00,6.505
2023-06-08 03:00,35.450
2023-06-08 04:00,97.054
2023-06-08 05:00,242.083
2023-06-08 06:00,361.106
2023-06-08 07:00,496.738
2023-06-08 08:00,569.034
2023-06-08 09:00,511.477
2023-06-08 10:00,439.945
2023-06-08 11:00,487.039
2023-06-08 12:00,556.568
2023-06-08 13:00,543.300
2023-06-08 14:00,467.809
2023-06-08 15:00,331.358
2023-06-08 16:00,178.760
2023-06-08 17:00,48.975
2023-06-08 18:00,25.676
2023-06-08 19:00,0
2023-06-08 20:00,0
2023-06-08 21:00,0
2023-06-08 22:00,0
2023-06-08 23:00,0
2023-06-09 00:00,0
2023-06-09 01:00,0
2023-06-09 02:00,6.646
2023-06-09 03:00,26.098
2023-06-09 04:00,92.857
2023-06-09 05:00,257.374
2023-06-09 06:00,421.511
2023-06-09 07:00,560.133
2023-06-09 08:00,663.632
2023-06-09 09:00,731.089
2023-06-09 10:00,759.198
2023-06-09 11:00,747.912
2023-06-09 12:00,694.627
2023-06-09 13:00,606.123
2023-06-09 14:00,490.627
2023-06-09 15:00,351.532
2023-06-09 16:00,184.883
2023-06-09 17:00,35.972
2023-06-09 18:00,20.968
2023-06-09 19:00,0
2023-06-09 20:00,0
2023-06-09 21:00,0
2023-06-09 22:00,0
2023-06-09 23:00,0
2023-06-10 00:00,0
2023-06-10 01:00,0
2023-06-10 02:00,7.083
2023-06-10 03:00,29.839
2023-06-10 04:00,94.855
2023-06-10 05:00,237.471
2023-06-10 06:00,394.338
2023-06-10 07:00,544.549
2023-06-10 08:00,660.382
2023-06-10 09:00,730.319
2023-06-10 10:00,756.421
2023-06-10 11:00,745.376
2023-06-10 12:00,697.840
2023-06-10 13:00,613.945
2023-06-10 14:00,494.429
2023-06-10 15:00,344.659
2023-06-10 16:00,181.712
2023-06-10 17:00,39.677
2023-06-10 18:00,22.369
2023-06-10 19:00,0
2023-06-10 20:00,0
2023-06-10 21:00,0
2023-06-10 22:00,0
2023-06-10 23:00,0
2023-06-11 00:00,0
2023-06-11 01:00,0
2023-06-11 02:00,7.022
2023-06-11 03:00,25.290
2023-06-11 04:00,91.863
2023-06-11 05:00,256.527
2023-06-11 06:00,420.345
2023-06-11 07:00,558.774
2023-06-11 08:00,662.028
2023-06-11 09:00,727.709
2023-06-11 10:00,755.125
2023-06-11 11:00,745.889
2023-06-11 12:00,700.303
2023-06-11 13:00,618.309
2023-06-11 14:00,499.695
2023-06-11 15:00,350.323
2023-06-11 16:00,184.176
2023-06-11 17:00,36.239
2023-06-11 18:00,20.555
2023-06-11 19:00,0
2023-06-11 20:00,0
2023-06-11 21:00,0
2023-06-11 22:00,0
2023-06-11 23:00,0
2023-06-12 00:00,0
2023-06-12 01:00,0
2023-06-12 02:00,7.398
2023-06-12 03:00,24.933
2023-06-12 04:00,92.266
2023-06-12 05:00,259.378
2023-06-12 06:00,424.645
2023-06-12 07:00,563.313
2023-06-12 08:00,666.145
2023-06-12 09:00,730.098
2023-06-12 10:00,756.552
2023-06-12 11:00,746.680
2023-06-12 12:00,699.938
2023-06-12 13:00,617.343
2023-06-12 14:00,498.983
2023-06-12 15:00,349.938
2023-06-12 16:00,184.501
2023-06-12 17:00,37.514
2023-06-12 18:00,21.178
2023-06-12 19:00,0
2023-06-12 20:00,0
2023-06-12 21:00,0
2023-06-12 22:00,0
2023-06-12 23:00,0
2023-06-13 00:00,0
2023-06-13 01:00,0
2023-06-13 02:00,7.813
2023-06-13 03:00,26.041
2023-06-13 04:00,92.485
2023-06-13 05:00,256.334
2023-06-13 06:00,417.841
2023-06-13 07:00,553.339
2023-06-13 08:00,653.393
2023-06-13 09:00,714.687
2023-06-13 10:00,741.008
2023-06-13 11:00,731.357
2023-06-13 12:00,684.936
2023-06-13 13:00,602.526
2023-06-13 14:00,484.836
2023-06-13 15:00,338.345
2023-06-13 16:00,178.933
2023-06-13 17:00,43.382
2023-06-13 18:00,23.943
2023-06-13 19:00,0
2023-06-13 20:00,0
2023-06-13 21:00,0
2023-06-13 22:00,0
2023-06-13 23:00,0
2023-06-14 00:00,0
2023-06-14 01:00,0
2023-06-14 02:00,8.186
2023-06-14 03:00,43.704
2023-06-14 04:00,101.710
2023-06-14 05:00,206.093
2023-06-14 06:00,312.317
2023-06-14 07:00,382.067
2023-06-14 08:00,438.513
2023-06-14 09:00,518.088
2023-06-14 10:00,561.992
2023-06-14 11:00,510.199
2023-06-14 12:00,466.098
2023-06-14 13:00,336.215
2023-06-14 14:00,271.937
2023-06-14 15:00,206.209
2023-06-14 16:00,147.086
2023-06-14 17:00,67.140
2023-06-14 18:00,29.635
2023-06-14 19:00,0
2023-06-14 20:00,0
2023-06-14 21:00,0
2023-06-14 22:00,0
2023-06-14 23:00,0
2023-06-15 00:00,0
2023-06-15 01:00,0
2023-06-15 02:00,8.714
2023-06-15 03:00,41.427
2023-06-15 04:00,100.518
2023-06-15 05:00,223.214
2023-06-15 06:00,332.715
2023-06-15 07:00,396.397
2023-06-15 08:00,395.039
2023-06-15 09:00,429.667
2023-06-15 10:00,486.936
2023-06-15 11:00,553.615
2023-06-15 12:00,557.653
2023-06-15 13:00,507.875
2023-06-15 14:00,421.047
2023-06-15 15:00,306.462
2023-06-15 16:00,175.765
2023-06-15 17:00,53.079
2023-06-15 18:00,27.219
2023-06-15 19:00,0
2023-06-15 20:00,0
2023-06-15 21:00,0
2023-06-15 22:00,0
2023-06-15 23:00,0
2023-06-16 00:00,0
2023-06-16 01:00,0
2023-06-16 02:00,2.980
2023-06-16 03:00,34.245
2023-06-16 04:00,91.875
2023-06-16 05:00,180.044
2023-06-16 06:00,255.592
2023-06-16 07:00,292.310
2023-06-16 08:00,312.392
2023-06-16 09:00,363.366
2023-06-16 10:00,416.376
2023-06-16 11:00,476.220
2023-06-16 12:00,450.529
2023-06-16 13:00,305.357
2023-06-16 14:00,193.823
2023-06-16 15:00,130.967
2023-06-16 16:00,92.846
2023-06-16 17:00,51.648
2023-06-16 18:00,18.321
2023-06-16 19:00,0
2023-06-16 20:00,0
2023-06-16 21:00,0
2023-06-16 22:00,0
2023-06-16 23:00,0
2023-06-17 00:00,0
2023-06-17 01:00,0
2023-06-17 02:00,9.904
2023-06-17 03:00,45.545
2023-06-17 04:00,107.133
2023-06-17 05:00,232.809
2023-06-17 06:00,349.213
2023-06-17 07:00,406.053
2023-06-17 08:00,456.648
2023-06-17 09:00,492.084
2023-06-17 10:00,473.179
2023-06-17 11:00,386.311
2023-06-17 12:00,294.934
2023-06-17 13:00,215.633
2023-06-17 14:00,147.989
2023-06-17 15:00,98.793
2023-06-17 16:00,59.884
2023-06-17 17:00,25.828
2023-06-17 18:00,3.678
2023-06-17 19:00,0
2023-06-17 20:00,0
2023-06-17 21:00,0
2023-06-17 22:00,0
2023-06-17 23:00,0
2023-06-18 00:00,0
2023-06-18 01:00,0
2023-06-18 02:00,0
2023-06-18 03:00,5.226
2023-06-18 04:00,20.386
2023-06-18 05:00,34.480
2023-06-18 06:00,49.818
2023-06-18 07:00,75.427
2023-06-18 08:00,103.049
2023-06-18 09:00,112.430
2023-06-18 10:00,113.859
2023-06-18 11:00,111.473
2023-06-18 12:00,151.201
2023-06-18 13:00,192.183
2023-06-18 14:00,204.256
2023-06-18 15:00,200.326
2023-06-18 16:00,138.065
2023-06-18 17:00,69.283
2023-06-18 18:00,23.176
2023-06-18 19:00,0
2023-06-18 20:00,0
2023-06-18 21:00,0
2023-06-18 22:00,0
2023-06-18 23:00,0
2023-06-19 00:00,0
2023-06-19 01:00,0
2023-06-19 02:00,4.010
2023-06-19 03:00,32.420
2023-06-19 04:00,70.756
2023-06-19 05:00,137.673
2023-06-19 06:00,226.463
2023-06-19 07:00,277.933
2023-06-19 08:00,294.523
2023-06-19 09:00,284.607
2023-06-19 10:00,258.528
2023-06-19 11:00,163.062
2023-06-19 12:00,101.815
2023-06-19 13:00,135.299
2023-06-19 14:00,178.131
2023-06-19 15:00,160.644
2023-06-19 16:00,124.774
2023-06-19 17:00,64.267
2023-06-19 18:00,21.609
2023-06-19 19:00,0
2023-06-19 20:00,0
2023-06-19 21:00,0
2023-06-19 22:00,0
2023-06-19 23:00,0
2023-06-20 00:00,0
2023-06-20 01:00,0
2023-06-20 02:00,5.530
2023-06-20 03:00,40.887
2023-06-20 04:00,98.473
2023-06-20 05:00,211.206
2023-06-20 06:00,334.325
2023-06-20 07:00,439.374
2023-06-20 08:00,537.623
2023-06-20 09:00,616.271
2023-06-20 10:00,643.605
2023-06-20 11:00,650.183
2023-06-20 12:00,635.377
2023-06-20 13:00,548.214
2023-06-20 14:00,453.208
2023-06-20 15:00,319.615
2023-06-20 16:00,176.698
2023-06-20 17:00,58.085
2023-06-20 18:00,28.434
2023-06-20 19:00,0
2023-06-20 20:00,0
2023-06-20 21:00,0
2023-06-20 22:00,0
2023-06-20 23:00,0
2023-06-21 00:00,0
2023-06-21 01:00,0
2023-06-21 02:00,6.856
2023-06-21 03:00,41.854
2023-06-21 04:00,99.814
2023-06-21 05:00,232.120
2023-06-21 06:00,383.945
2023-06-21 07:00,514.433
2023-06-21 08:00,611.454
2023-06-21 09:00,672.996
2023-06-21 10:00,699.904
2023-06-21 11:00,691.743
2023-06-21 12:00,646.863
2023-06-21 13:00,566.579
2023-06-21 14:00,443.140
2023-06-21 15:00,292.721
2023-06-21 16:00,151.076
2023-06-21 17:00,61.306
2023-06-21 18:00,10.553
2023-06-21 19:00,0
2023-06-21 20:00,0
2023-06-21 21:00,0
2023-06-21 22:00,0
2023-06-21 23:00,0
2023-06-22 00:00,0
2023-06-22 01:00,0
2023-06-22 02:00,8.477
2023-06-22 03:00,37.749
2023-06-22 04:00,94.072
2023-06-22 05:00,235.264
2023-06-22 06:00,388.839
2023-06-22 07:00,514.875
2023-06-22 08:00,599.514
2023-06-22 09:00,662.759
2023-06-22 10:00,705.121
2023-06-22 11:00,703.383
2023-06-22 12:00,660.021
2023-06-22 13:00,581.484
2023-06-22 14:00,469.306
2023-06-22 15:00,329.963
2023-06-22 16:00,179.623
2023-06-22 17:00,53.201
2023-06-22 18:00,26.948
2023-06-22 19:00,0
2023-06-22 20:00,0
2023-06-22 21:00,0
2023-06-22 22:00,0
2023-06-22 23:00,0
2023-06-23 00:00,0
2023-06-23 01:00,0
2023-06-23 02:00,9.908
2023-06-23 03:00,42.475
2023-06-23 04:00,96.647
2023-06-23 05:00,216.160
2023-06-23 06:00,380.131
2023-06-23 07:00,512.384
2023-06-23 08:00,600.629
2023-06-23 09:00,643.797
2023-06-23 10:00,599.285
2023-06-23 11:00,573.049
2023-06-23 12:00,532.844
2023-06-23 13:00,355.712
2023-06-23 14:00,264.364
2023-06-23 15:00,200.786
2023-06-23 16:00,148.744
2023-06-23 17:00,67.353
2023-06-23 18:00,29.422
2023-06-23 19:00,0
2023-06-23 20:00,0
2023-06-23 21:00,0
2023-06-23 22:00,0
2023-06-23 23:00,0
2023-06-24 00:00,0
2023-06-24 01:00,0
2023-06-24 02:00,10.028
2023-06-24 03:00,36.381
2023-06-24 04:00,96.014
2023-06-24 05:00,242.108
2023-06-24 06:00,391.002
2023-06-24 07:00,506.308
2023-06-24 08:00,569.263
2023-06-24 09:00,611.274
2023-06-24 10:00,623.675
2023-06-24 11:00,618.534
2023-06-24 12:00,587.464
2023-06-24 13:00,496.734
2023-06-24 14:00,311.016
2023-06-24 15:00,186.607
2023-06-24 16:00,115.118
2023-06-24 17:00,58.677
2023-06-24 18:00,20.471
2023-06-24 19:00,0
2023-06-24 20:00,0
2023-06-24 21:00,0
2023-06-24 22:00,0
2023-06-24 23:00,0
2023-06-25 00:00,0
2023-06-25 01:00,0
2023-06-25 02:00,8.477
2023-06-25 03:00,32.477
2023-06-25 04:00,89.450
2023-06-25 05:00,240.160
2023-06-25 06:00,394.468
2023-06-25 07:00,526.918
2023-06-25 08:00,626.354
2023-06-25 09:00,689.357
2023-06-25 10:00,715.852
2023-06-25 11:00,707.088
2023-06-25 12:00,663.618
2023-06-25 13:00,585.487
2023-06-25 14:00,474.059
2023-06-25 15:00,334.337
2023-06-25 16:00,181.632
2023-06-25 17:00,48.080
2023-06-25 18:00,24.078
2023-06-25 19:00,0
2023-06-25 20:00,0
2023-06-25 21:00,0
2023-06-25 22:00,0
2023-06-25 23:00,0
2023-06-26 00:00,0
2023-06-26 01:00,0
2023-06-26 02:00,8.611
2023-06-26 03:00,28.966
2023-06-26 04:00,88.299
2023-06-26 05:00,243.042
2023-06-26 06:00,398.460
2023-06-26 07:00,529.912
2023-06-26 08:00,627.654
2023-06-26 09:00,689.359
2023-06-26 10:00,715.240
2023-06-26 11:00,706.195
2023-06-26 12:00,661.775
2023-06-26 13:00,583.651
2023-06-26 14:00,471.143
2023-06-26 15:00,333.843
2023-06-26 16:00,182.004
2023-06-26 17:00,49.420
2023-06-26 18:00,24.348
2023-06-26 19:00,0
2023-06-26 20:00,0
2023-06-26 21:00,0
2023-06-26 22:00,0
2023-06-26 23:00,0
2023-06-27 00:00,0
2023-06-27 01:00,0
2023-06-27 02:00,8.598
2023-06-27 03:00,33.648
2023-06-27 04:00,89.952
2023-06-27 05:00,236.270
2023-06-27 06:00,384.992
2023-06-27 07:00,514.128
2023-06-27 08:00,612.292
2023-06-27 09:00,667.174
2023-06-27 10:00,694.181
2023-06-27 11:00,693.290
2023-06-27 12:00,655.669
2023-06-27 13:00,579.772
2023-06-27 14:00,468.825
2023-06-27 15:00,328.839
2023-06-27 16:00,178.738
2023-06-27 17:00,53.265
2023-06-27 18:00,25.872
2023-06-27 19:00,0
2023-06-27 20:00,0
2023-06-27 21:00,0
2023-06-27 22:00,0
2023-06-27 23:00,0
2023-06-28 00:00,0
2023-06-28 01:00,0
2023-06-28 02:00,9.278
2023-06-28 03:00,36.082
2023-06-28 04:00,94.318
2023-06-28 05:00,221.307
2023-06-28 06:00,363.607
2023-06-28 07:00,499.526
2023-06-28 08:00,603.899
2023-06-28 09:00,669.782
2023-06-28 10:00,696.676
2023-06-28 11:00,686.840
2023-06-28 12:00,612.766
2023-06-28 13:00,500.194
2023-06-28 14:00,335.196
2023-06-28 15:00,205.823
2023-06-28 16:00,133.586
2023-06-28 17:00,62.169
2023-06-28 18:00,21.970
2023-06-28 19:00,0
2023-06-28 20:00,0
2023-06-28 21:00,0
2023-06-28 22:00,0
2023-06-28 23:00,0
2023-06-29 00:00,0
2023-06-29 01:00,0
2023-06-29 02:00,0
2023-06-29 03:00,21.731
2023-06-29 04:00,65.593
2023-06-29 05:00,134.953
2023-06-29 06:00,232.315
2023-06-29 07:00,338.776
2023-06-29 08:00,459.511
2023-06-29 09:00,462.980
2023-06-29 10:00,388.815
2023-06-29 11:00,377.152
2023-06-29 12:00,395.538
2023-06-29 13:00,353.789
2023-06-29 14:00,342.202
2023-06-29 15:00,233.255
2023-06-29 16:00,161.302
2023-06-29 17:00,71.363
2023-06-29 18:00,28.905
2023-06-29 19:00,0
2023-06-29 20:00,0
2023-06-29 21:00,0
2023-06-29 22:00,0
2023-06-29 23:00,0
2023-06-30 00:00,0
2023-06-30 01:00,0
2023-06-30 02:00,7.292
2023-06-30 03:00,43.782
2023-06-30 04:00,92.589
2023-06-30 05:00,171.570
2023-06-30 06:00,274.545
2023-06-30 07:00,345.107
2023-06-30 08:00,402.789
2023-06-30 09:00,399.584
2023-06-30 10:00,357.803
2023-06-30 11:00,266.453
2023-06-30 12:00,190.018
2023-06-30 13:00,130.441
2023-06-30 14:00,86.117
2023-06-30 15:00,56.523
2023-06-30 16:00,32.159
2023-06-30 17:00,13.368
2023-06-30 18:00,3.196
2023-06-30 19:00,0
2023-06-30 20:00,0
2023-06-30 21:00,0
2023-06-30 22:00,0
2023-06-30 23:00,0
2023-07-01 00:00,0
2023-07-01 01:00,0
2023-07-01 02:00,4.137
2023-07-01 03:00,39.676
2023-07-01 04:00,95.667
2023-07-01 05:00,224.523
2023-07-01 06:00,387.646
2023-07-01 07:00,523.672
2023-07-01 08:00,623.505
2023-07-01 09:00,686.545
2023-07-01 10:00,709.046
2023-07-01 11:00,697.682
2023-07-01 12:00,647.221
2023-07-01 13:00,558.938
2023-07-01 14:00,439.895
2023-07-01 15:00,303.168
2023-07-01 16:00,168.992
2023-07-01 17:00,64.937
2023-07-01 18:00,26.241
2023-07-01 19:00,0
2023-07-01 20:00,0
2023-07-01 21:00,0
2023-07-01 22:00,0
2023-07-01 23:00,0
2023-07-02 00:00,0
2023-07-02 01:00,0
2023-07-02 02:00,7.012
2023-07-02 03:00,43.765
2023-07-02 04:00,101.753
2023-07-02 05:00,176.420
2023-07-02 06:00,173.765
2023-07-02 07:00,189.804
2023-07-02 08:00,165.782
2023-07-02 09:00,135.539
2023-07-02 10:00,111.008
2023-07-02 11:00,103.786
2023-07-02 12:00,125.607
2023-07-02 13:00,113.922
2023-07-02 14:00,124.227
2023-07-02 15:00,108.497
2023-07-02 16:00,83.447
2023-07-02 17:00,45.641
2023-07-02 18:00,10.178
2023-07-02 19:00,0
2023-07-02 20:00,0
2023-07-02 21:00,0
2023-07-02 22:00,0
2023-07-02 23:00,0
2023-07-03 00:00,0
2023-07-03 01:00,0
2023-07-03 02:00,2.313
2023-07-03 03:00,33.911
2023-07-03 04:00,83.489
2023-07-03 05:00,154.067
2023-07-03 06:00,226.990
2023-07-03 07:00,290.266
2023-07-03 08:00,308.363
2023-07-03 09:00,341.448
2023-07-03 10:00,241.202
2023-07-03 11:00,208.329
2023-07-03 12:00,156.193
2023-07-03 13:00,142.984
2023-07-03 14:00,131.117
2023-07-03 15:00,105.094
2023-07-03 16:00,74.388
2023-07-03 17:00,35.218
2023-07-03 18:00,7.810
2023-07-03 19:00,0
2023-07-03 20:00,0
2023-07-03 21:00,0
2023-07-03 22:00,0
2023-07-03 23:00,0
2023-07-04 00:00,0
2023-07-04 01:00,0
2023-07-04 02:00,1.580
2023-07-04 03:00,33.426
2023-07-04 04:00,91.015
2023-07-04 05:00,190.367
2023-07-04 06:00,318.749
2023-07-04 07:00,458.412
2023-07-04 08:00,576.029
2023-07-04 09:00,649.758
2023-07-04 10:00,676.581
2023-07-04 11:00,669.056
2023-07-04 12:00,602.516
2023-07-04 13:00,474.082
2023-07-04 14:00,292.026
2023-07-04 15:00,179.167
2023-07-04 16:00,107.378
2023-07-04 17:00,50.515
2023-07-04 18:00,12.755
2023-07-04 19:00,0
2023-07-04 20:00,0
2023-07-04 21:00,0
2023-07-04 22:00,0
2023-07-04 23:00,0
2023-07-05 00:00,0
2023-07-05 01:00,0
2023-07-05 02:00,0
2023-07-05 03:00,23.928
2023-07-05 04:00,89.811
2023-07-05 05:00,200.501
2023-07-05 06:00,333.295
2023-07-05 07:00,455.476
2023-07-05 08:00,575.435
2023-07-05 09:00,659.954
2023-07-05 10:00,649.596
2023-07-05 11:00,647.636
2023-07-05 12:00,620.523
2023-07-05 13:00,464.115
2023-07-05 14:00,419.118
2023-07-05 15:00,247.367
2023-07-05 16:00,122.672
2023-07-05 17:00,56.106
2023-07-05 18:00,16.442
2023-07-05 19:00,0
2023-07-05 20:00,0
2023-07-05 21:00,0
2023-07-05 22:00,0
2023-07-05 23:00,0
2023-07-06 00:00,0
2023-07-06 01:00,0
2023-07-06 02:00,0
2023-07-06 03:00,0.835
2023-07-06 04:00,22.226
2023-07-06 05:00,96.907
2023-07-06 06:00,214.997
2023-07-06 07:00,390.144
2023-07-06 08:00,602.549
2023-07-06 09:00,678.641
2023-07-06 10:00,713.926
2023-07-06 11:00,701.823
2023-07-06 12:00,650.822
2023-07-06 13:00,525.110
2023-07-06 14:00,385.347
2023-07-06 15:00,243.773
2023-07-06 16:00,150.148
2023-07-06 17:00,69.444
2023-07-06 18:00,27.422
2023-07-06 19:00,0
2023-07-06 20:00,0
2023-07-06 21:00,0
2023-07-06 22:00,0
2023-07-06 23:00,0
2023-07-07 00:00,0
2023-07-07 01:00,0
2023-07-07 02:00,6.084
2023-07-07 03:00,43.000
2023-07-07 04:00,97.544
2023-07-07 05:00,175.496
2023-07-07 06:00,233.359
2023-07-07 07:00,291.695
2023-07-07 08:00,353.221
2023-07-07 09:00,375.335
2023-07-07 10:00,391.496
2023-07-07 11:00,381.905
2023-07-07 12:00,273.053
2023-07-07 13:00,209.125
2023-07-07 14:00,236.497
2023-07-07 15:00,228.427
2023-07-07 16:00,140.460
2023-07-07 17:00,71.251
2023-07-07 18:00,25.230
2023-07-07 19:00,0
2023-07-07 20:00,0
2023-07-07 21:00,0
2023-07-07 22:00,0
2023-07-07 23:00,0
2023-07-08 00:00,0
2023-07-08 01:00,0
2023-07-08 02:00,5.709
2023-07-08 03:00,34.005
2023-07-08 04:00,85.794
2023-07-08 05:00,231.958
2023-07-08 06:00,381.689
2023-07-08 07:00,510.353
2023-07-08 08:00,607.021
2023-07-08 09:00,668.952
2023-07-08 10:00,694.376
2023-07-08 11:00,672.366
2023-07-08 12:00,602.875
2023-07-08 13:00,465.567
2023-07-08 14:00,257.299
2023-07-08 15:00,217.245
2023-07-08 16:00,138.184
2023-07-08 17:00,62.782
2023-07-08 18:00,23.498
2023-07-08 19:00,0
2023-07-08 20:00,0
2023-07-08 21:00,0
2023-07-08 22:00,0
2023-07-08 23:00,0
2023-07-09 00:00,0
2023-07-09 01:00,0
2023-07-09 02:00,4.877
2023-07-09 03:00,29.580
2023-07-09 04:00,79.982
2023-07-09 05:00,231.653
2023-07-09 06:00,385.571
2023-07-09 07:00,518.394
2023-07-09 08:00,618.918
2023-07-09 09:00,681.760
2023-07-09 10:00,706.735
2023-07-09 11:00,697.302
2023-07-09 12:00,650.493
2023-07-09 13:00,551.921
2023-07-09 14:00,435.054
2023-07-09 15:00,305.052
2023-07-09 16:00,170.181
2023-07-09 17:00,49.932
2023-07-09 18:00,21.514
2023-07-09 19:00,0
2023-07-09 20:00,0
2023-07-09 21:00,0
2023-07-09 22:00,0
2023-07-09 23:00,0
2023-07-10 00:00,0
2023-07-10 01:00,0
2023-07-10 02:00,4.499
2023-07-10 03:00,26.177
2023-07-10 04:00,76.946
2023-07-10 05:00,232.745
2023-07-10 06:00,391.044
2023-07-10 07:00,524.687
2023-07-10 08:00,620.403
2023-07-10 09:00,688.113
2023-07-10 10:00,720.346
2023-07-10 11:00,713.282
2023-07-10 12:00,668.670
2023-07-10 13:00,586.628
2023-07-10 14:00,472.550
2023-07-10 15:00,333.238
2023-07-10 16:00,181.409
2023-07-10 17:00,44.360
2023-07-10 18:00,19.628
2023-07-10 19:00,0
2023-07-10 20:00,0
2023-07-10 21:00,0
2023-07-10 22:00,0
2023-07-10 23:00,0
2023-07-11 00:00,0
2023-07-11 01:00,0
2023-07-11 02:00,4.054
2023-07-11 03:00,26.073
2023-07-11 04:00,76.256
2023-07-11 05:00,234.672
2023-07-11 06:00,395.596
2023-07-11 07:00,532.426
2023-07-11 08:00,634.911
2023-07-11 09:00,698.765
2023-07-11 10:00,725.431
2023-07-11 11:00,716.653
2023-07-11 12:00,670.521
2023-07-11 13:00,591.769
2023-07-11 14:00,473.321
2023-07-11 15:00,332.088
2023-07-11 16:00,177.806
2023-07-11 17:00,48.235
2023-07-11 18:00,20.711
2023-07-11 19:00,0
2023-07-11 20:00,0
2023-07-11 21:00,0
2023-07-11 22:00,0
2023-07-11 23:00,0
2023-07-12 00:00,0
2023-07-12 01:00,0
2023-07-12 02:00,0.062
2023-07-12 03:00,18.608
2023-07-12 04:00,37.457
2023-07-12 05:00,69.155
2023-07-12 06:00,141.633
2023-07-12 07:00,404.865
2023-07-12 08:00,577.813
2023-07-12 09:00,478.301
2023-07-12 10:00,361.151
2023-07-12 11:00,375.181
2023-07-12 12:00,323.237
2023-07-12 13:00,238.717
2023-07-12 14:00,155.435
2023-07-12 15:00,84.912
2023-07-12 16:00,40.481
2023-07-12 17:00,16.563
2023-07-12 18:00,0.910
2023-07-12 19:00,0
2023-07-12 20:00,0
2023-07-12 21:00,0
2023-07-12 22:00,0
2023-07-12 23:00,0
2023-07-13 00:00,0
2023-07-13 01:00,0
2023-07-13 02:00,0.117
2023-07-13 03:00,34.458
2023-07-13 04:00,80.648
2023-07-13 05:00,228.963
2023-07-13 06:00,383.699
2023-07-13 07:00,523.009
2023-07-13 08:00,579.065
2023-07-13 09:00,624.326
2023-07-13 10:00,715.741
2023-07-13 11:00,708.666
2023-07-13 12:00,651.259
2023-07-13 13:00,555.482
2023-07-13 14:00,436.637
2023-07-13 15:00,291.000
2023-07-13 16:00,151.568
2023-07-13 17:00,59.193
2023-07-13 18:00,21.066
2023-07-13 19:00,0
2023-07-13 20:00,0
2023-07-13 21:00,0
2023-07-13 22:00,0
2023-07-13 23:00,0
2023-07-14 00:00,0
2023-07-14 01:00,0
2023-07-14 02:00,1.490
2023-07-14 03:00,33.402
2023-07-14 04:00,80.278
2023-07-14 05:00,224.953
2023-07-14 06:00,382.590
2023-07-14 07:00,516.867
2023-07-14 08:00,611.003
2023-07-14 09:00,667.996
2023-07-14 10:00,690.045
2023-07-14 11:00,687.043
2023-07-14 12:00,643.628
2023-07-14 13:00,556.565
2023-07-14 14:00,421.362
2023-07-14 15:00,261.612
2023-07-14 16:00,145.204
2023-07-14 17:00,58.964
2023-07-14 18:00,19.066
2023-07-14 19:00,0
2023-07-14 20:00,0
2023-07-14 21:00,0
2023-07-14 22:00,0
2023-07-14 23:00,0
2023-07-15 00:00,0
2023-07-15 01:00,0
2023-07-15 02:00,2.653
2023-07-15 03:00,35.910
2023-07-15 04:00,85.107
2023-07-15 05:00,196.371
2023-07-15 06:00,362.239
2023-07-15 07:00,224.528
2023-07-15 08:00,176.414
2023-07-15 09:00,180.947
2023-07-15 10:00,380.862
2023-07-15 11:00,592.505
2023-07-15 12:00,611.215
2023-07-15 13:00,568.592
2023-07-15 14:00,457.382
2023-07-15 15:00,316.886
2023-07-15 16:00,168.974
2023-07-15 17:00,61.153
2023-07-15 18:00,11.588
2023-07-15 19:00,0
2023-07-15 20:00,0
2023-07-15 21:00,0
2023-07-15 22:00,0
2023-07-15 23:00,0
2023-07-16 00:00,0
2023-07-16 01:00,0
2023-07-16 02:00,0
2023-07-16 03:00,13.904
2023-07-16 04:00,43.608
2023-07-16 05:00,61.657
2023-07-16 06:00,146.917
2023-07-16 07:00,298.623
2023-07-16 08:00,222.307
2023-07-16 09:00,112.357
2023-07-16 10:00,155.223
2023-07-16 11:00,316.713
2023-07-16 12:00,541.095
2023-07-16 13:00,576.194
2023-07-16 14:00,462.339
2023-07-16 15:00,321.616
2023-07-16 16:00,173.365
2023-07-16 17:00,63.216
2023-07-16 18:00,19.433
2023-07-16 19:00,0
2023-07-16 20:00,0
2023-07-16 21:00,0
2023-07-16 22:00,0
2023-07-16 23:00,0
2023-07-17 00:00,0
2023-07-17 01:00,0
2023-07-17 02:00,0
2023-07-17 03:00,29.514
2023-07-17 04:00,70.033
2023-07-17 05:00,134.431
2023-07-17 06:00,211.943
2023-07-17 07:00,318.908
2023-07-17 08:00,441.579
2023-07-17 09:00,589.699
2023-07-17 10:00,638.369
2023-07-17 11:00,509.523
2023-07-17 12:00,375.680
2023-07-17 13:00,321.355
2023-07-17 14:00,272.800
2023-07-17 15:00,200.574
2023-07-17 16:00,133.626
2023-07-17 17:00,62.498
2023-07-17 18:00,19.716
2023-07-17 19:00,0
2023-07-17 20:00,0
2023-07-17 21:00,0
2023-07-17 22:00,0
2023-07-17 23:00,0
2023-07-18 00:00,0
2023-07-18 01:00,0
2023-07-18 02:00,0.066
2023-07-18 03:00,34.374
2023-07-18 04:00,64.544
2023-07-18 05:00,122.359
2023-07-18 06:00,241.730
2023-07-18 07:00,435.975
2023-07-18 08:00,596.151
2023-07-18 09:00,675.943
2023-07-18 10:00,692.728
2023-07-18 11:00,634.165
2023-07-18 12:00,582.576
2023-07-18 13:00,470.755
2023-07-18 14:00,256.735
2023-07-18 15:00,191.806
2023-07-18 16:00,136.959
2023-07-18 17:00,59.245
2023-07-18 18:00,17.598
2023-07-18 19:00,0
2023-07-18 20:00,0
2023-07-18 21:00,0
2023-07-18 22:00,0
2023-07-18 23:00,0
2023-07-19 00:00,0
2023-07-19 01:00,0
2023-07-19 02:00,0
2023-07-19 03:00,34.147
2023-07-19 04:00,84.912
2023-07-19 05:00,213.572
2023-07-19 06:00,361.439
2023-07-19 07:00,474.022
2023-07-19 08:00,554.395
2023-07-19 09:00,630.066
2023-07-19 10:00,648.415
2023-07-19 11:00,528.781
2023-07-19 12:00,295.336
2023-07-19 13:00,192.970
2023-07-19 14:00,140.419
2023-07-19 15:00,91.703
2023-07-19 16:00,55.628
2023-07-19 17:00,25.464
2023-07-19 18:00,4.564
2023-07-19 19:00,0
2023-07-19 20:00,0
2023-07-19 21:00,0
2023-07-19 22:00,0
2023-07-19 23:00,0
2023-07-20 00:00,0
2023-07-20 01:00,0
2023-07-20 02:00,0
2023-07-20 03:00,29.676
2023-07-20 04:00,77.679
2023-07-20 05:00,209.102
2023-07-20 06:00,336.627
2023-07-20 07:00,442.456
2023-07-20 08:00,521.928
2023-07-20 09:00,569.814
2023-07-20 10:00,582.436
2023-07-20 11:00,562.242
2023-07-20 12:00,483.125
2023-07-20 13:00,296.136
2023-07-20 14:00,268.707
2023-07-20 15:00,234.855
2023-07-20 16:00,138.985
2023-07-20 17:00,56.138
2023-07-20 18:00,14.480
2023-07-20 19:00,0
2023-07-20 20:00,0
2023-07-20 21:00,0
2023-07-20 22:00,0
2023-07-20 23:00,0
2023-07-21 00:00,0
2023-07-21 01:00,0
2023-07-21 02:00,0
2023-07-21 03:00,28.356
2023-07-21 04:00,74.465
2023-07-21 05:00,210.392
2023-07-21 06:00,351.768
2023-07-21 07:00,476.595
2023-07-21 08:00,572.409
2023-07-21 09:00,623.635
2023-07-21 10:00,626.689
2023-07-21 11:00,589.758
2023-07-21 12:00,499.992
2023-07-21 13:00,389.983
2023-07-21 14:00,332.415
2023-07-21 15:00,253.231
2023-07-21 16:00,139.000
2023-07-21 17:00,53.717
2023-07-21 18:00,14.842
2023-07-21 19:00,0
2023-07-21 20:00,0
2023-07-21 21:00,0
2023-07-21 22:00,0
2023-07-21 23:00,0
2023-07-22 00:00,0
2023-07-22 01:00,0
2023-07-22 02:00,0
2023-07-22 03:00,27.242
2023-07-22 04:00,73.046
2023-07-22 05:00,211.334
2023-07-22 06:00,358.481
2023-07-22 07:00,508.717
2023-07-22 08:00,625.715
2023-07-22 09:00,689.387
2023-07-22 10:00,708.475
2023-07-22 11:00,681.184
2023-07-22 12:00,598.770
2023-07-22 13:00,446.815
2023-07-22 14:00,326.096
2023-07-22 15:00,163.527
2023-07-22 16:00,113.078
2023-07-22 17:00,51.322
2023-07-22 18:00,8.658
2023-07-22 19:00,0
2023-07-22 20:00,0
2023-07-22 21:00,0
2023-07-22 22:00,0
2023-07-22 23:00,0
2023-07-23 00:00,0
2023-07-23 01:00,0
2023-07-23 02:00,0
2023-07-23 03:00,25.334
2023-07-23 04:00,68.308
2023-07-23 05:00,216.555
2023-07-23 06:00,374.564
2023-07-23 07:00,511.631
2023-07-23 08:00,614.478
2023-07-23 09:00,679.542
2023-07-23 10:00,702.336
2023-07-23 11:00,685.760
2023-07-23 12:00,618.790
2023-07-23 13:00,480.814
2023-07-23 14:00,368.130
2023-07-23 15:00,238.225
2023-07-23 16:00,144.253
2023-07-23 17:00,49.355
2023-07-23 18:00,13.551
2023-07-23 19:00,0
2023-07-23 20:00,0
2023-07-23 21:00,0
2023-07-23 22:00,0
2023-07-23 23:00,0
2023-07-24 00:00,0
2023-07-24 01:00,0
2023-07-24 02:00,0
2023-07-24 03:00,24.630
2023-07-24 04:00,66.585
2023-07-24 05:00,218.239
2023-07-24 06:00,380.528
2023-07-24 07:00,519.978
2023-07-24 08:00,620.649
2023-07-24 09:00,680.589
2023-07-24 10:00,714.921
2023-07-24 11:00,711.178
2023-07-24 12:00,666.266
2023-07-24 13:00,581.250
2023-07-24 14:00,455.399
2023-07-24 15:00,308.739
2023-07-24 16:00,158.475
2023-07-24 17:00,43.758
2023-07-24 18:00,11.599
2023-07-24 19:00,0
2023-07-24 20:00,0
2023-07-24 21:00,0
2023-07-24 22:00,0
2023-07-24 23:00,0
2023-07-25 00:00,0
2023-07-25 01:00,0
2023-07-25 02:00,0
2023-07-25 03:00,3.800
2023-07-25 04:00,15.922
2023-07-25 05:00,32.668
2023-07-25 06:00,55.906
2023-07-25 07:00,75.719
2023-07-25 08:00,101.816
2023-07-25 09:00,133.498
2023-07-25 10:00,175.539
2023-07-25 11:00,257.922
2023-07-25 12:00,337.933
2023-07-25 13:00,285.199
2023-07-25 14:00,246.551
2023-07-25 15:00,153.907
2023-07-25 16:00,105.841
2023-07-25 17:00,54.319
2023-07-25 18:00,10.002
2023-07-25 19:00,0
2023-07-25 20:00,0
2023-07-25 21:00,0
2023-07-25 22:00,0
2023-07-25 23:00,0
2023-07-26 00:00,0
2023-07-26 01:00,0
2023-07-26 02:00,0
2023-07-26 03:00,22.485
2023-07-26 04:00,63.719
2023-07-26 05:00,215.685
2023-07-26 06:00,381.202
2023-07-26 07:00,516.090
2023-07-26 08:00,619.852
2023-07-26 09:00,689.877
2023-07-26 10:00,722.265
2023-07-26 11:00,707.737
2023-07-26 12:00,663.918
2023-07-26 13:00,552.312
2023-07-26 14:00,406.753
2023-07-26 15:00,260.843
2023-07-26 16:00,127.722
2023-07-26 17:00,44.467
2023-07-26 18:00,7.423
2023-07-26 19:00,0
2023-07-26 20:00,0
2023-07-26 21:00,0
2023-07-26 22:00,0
2023-07-26 23:00,0
2023-07-27 00:00,0
2023-07-27 01:00,0
2023-07-27 02:00,0
2023-07-27 03:00,22.173
2023-07-27 04:00,61.200
2023-07-27 05:00,216.179
2023-07-27 06:00,379.439
2023-07-27 07:00,516.839
2023-07-27 08:00,620.312
2023-07-27 09:00,685.591
2023-07-27 10:00,711.690
2023-07-27 11:00,701.954
2023-07-27 12:00,650.690
2023-07-27 13:00,558.814
2023-07-27 14:00,404.626
2023-07-27 15:00,225.350
2023-07-27 16:00,140.905
2023-07-27 17:00,45.665
2023-07-27 18:00,7.470
2023-07-27 19:00,0
2023-07-27 20:00,0
2023-07-27 21:00,0
2023-07-27 22:00,0
2023-07-27 23:00,0
2023-07-28 00:00,0
2023-07-28 01:00,0
2023-07-28 02:00,0
2023-07-28 03:00,15.475
2023-07-28 04:00,60.747
2023-07-28 05:00,116.618
2023-07-28 06:00,171.636
2023-07-28 07:00,215.034
2023-07-28 08:00,262.426
2023-07-28 09:00,310.253
2023-07-28 10:00,312.116
2023-07-28 11:00,267.232
2023-07-28 12:00,208.724
2023-07-28 13:00,179.444
2023-07-28 14:00,157.350
2023-07-28 15:00,103.694
2023-07-28 16:00,72.957
2023-07-28 17:00,39.372
2023-07-28 18:00,6.239
2023-07-28 19:00,0
2023-07-28 20:00,0
2023-07-28 21:00,0
2023-07-28 22:00,0
2023-07-28 23:00,0
2023-07-29 00:00,0
2023-07-29 01:00,0
2023-07-29 02:00,0
2023-07-29 03:00,18.834
2023-07-29 04:00,57.042
2023-07-29 05:00,211.681
2023-07-29 06:00,373.228
2023-07-29 07:00,481.509
2023-07-29 08:00,553.153
2023-07-29 09:00,616.026
2023-07-29 10:00,650.948
2023-07-29 11:00,657.919
2023-07-29 12:00,622.843
2023-07-29 13:00,558.597
2023-07-29 14:00,457.795
2023-07-29 15:00,311.876
2023-07-29 16:00,156.152
2023-07-29 17:00,32.510
2023-07-29 18:00,7.201
2023-07-29 19:00,0
2023-07-29 20:00,0
2023-07-29 21:00,0
2023-07-29 22:00,0
2023-07-29 23:00,0
2023-07-30 00:00,0
2023-07-30 01:00,0
2023-07-30 02:00,0
2023-07-30 03:00,17.537
2023-07-30 04:00,68.160
2023-07-30 05:00,157.585
2023-07-30 06:00,266.928
2023-07-30 07:00,405.003
2023-07-30 08:00,486.745
2023-07-30 09:00,551.214
2023-07-30 10:00,574.304
2023-07-30 11:00,560.497
2023-07-30 12:00,511.620
2023-07-30 13:00,395.506
2023-07-30 14:00,305.371
2023-07-30 15:00,221.451
2023-07-30 16:00,130.500
2023-07-30 17:00,45.292
2023-07-30 18:00,5.344
2023-07-30 19:00,0
2023-07-30 20:00,0
2023-07-30 21:00,0
2023-07-30 22:00,0
2023-07-30 23:00,0
2023-07-31 00:00,0
2023-07-31 01:00,0
2023-07-31 02:00,0
2023-07-31 03:00,5.443
2023-07-31 04:00,23.358
2023-07-31 05:00,41.681
2023-07-31 06:00,64.986
2023-07-31 07:00,76.910
2023-07-31 08:00,92.554
2023-07-31 09:00,98.080
2023-07-31 10:00,106.267
2023-07-31 11:00,112.693
2023-07-31 12:00,110.427
2023-07-31 13:00,102.820
2023-07-31 14:00,86.596
2023-07-31 15:00,64.759
2023-07-31 16:00,42.703
2023-07-31 17:00,17.270
2023-07-31 18:00,0
2023-07-31 19:00,0
2023-07-31 20:00,0
2023-07-31 21:00,0
2023-07-31 22:00,0
2023-07-31 23:00,0
2023-08-01 00:00,0
2023-08-01 01:00,0
2023-08-01 02:00,0
2023-08-01 03:00,19.141
2023-08-01 04:00,68.907
2023-08-01 05:00,188.941
2023-08-01 06:00,318.280
2023-08-01 07:00,423.318
2023-08-01 08:00,463.576
2023-08-01 09:00,459.085
2023-08-01 10:00,541.783
2023-08-01 11:00,624.445
2023-08-01 12:00,542.025
2023-08-01 13:00,330.587
2023-08-01 14:00,130.349
2023-08-01 15:00,73.170
2023-08-01 16:00,40.402
2023-08-01 17:00,17.011
2023-08-01 18:00,0
2023-08-01 19:00,0
2023-08-01 20:00,0
2023-08-01 21:00,0
2023-08-01 22:00,0
2023-08-01 23:00,0
2023-08-02 00:00,0
2023-08-02 01:00,0
2023-08-02 02:00,0
2023-08-02 03:00,0
2023-08-02 04:00,15.235
2023-08-02 05:00,76.594
2023-08-02 06:00,170.373
2023-08-02 07:00,316.022
2023-08-02 08:00,405.832
2023-08-02 09:00,470.185
2023-08-02 10:00,572.010
2023-08-02 11:00,594.239
2023-08-02 12:00,522.314
2023-08-02 13:00,404.078
2023-08-02 14:00,299.467
2023-08-02 15:00,185.942
2023-08-02 16:00,115.743
2023-08-02 17:00,40.558
2023-08-02 18:00,0.857
2023-08-02 19:00,0
2023-08-02 20:00,0
2023-08-02 21:00,0
2023-08-02 22:00,0
2023-08-02 23:00,0
2023-08-03 00:00,0
2023-08-03 01:00,0
2023-08-03 02:00,0
2023-08-03 03:00,9.775
2023-08-03 04:00,27.466
2023-08-03 05:00,48.820
2023-08-03 06:00,83.611
2023-08-03 07:00,111.309
2023-08-03 08:00,120.715
2023-08-03 09:00,138.387
2023-08-03 10:00,139.519
2023-08-03 11:00,212.222
2023-08-03 12:00,170.875
2023-08-03 13:00,129.746
2023-08-03 14:00,80.329
2023-08-03 15:00,50.130
2023-08-03 16:00,38.555
2023-08-03 17:00,18.214
2023-08-03 18:00,0
2023-08-03 19:00,0
2023-08-03 20:00,0
2023-08-03 21:00,0
2023-08-03 22:00,0
2023-08-03 23:00,0
2023-08-04 00:00,0
2023-08-04 01:00,0
2023-08-04 02:00,0
2023-08-04 03:00,1.683
2023-08-04 04:00,30.075
2023-08-04 05:00,95.278
2023-08-04 06:00,170.705
2023-08-04 07:00,170.539
2023-08-04 08:00,230.015
2023-08-04 09:00,252.950
2023-08-04 10:00,332.365
2023-08-04 11:00,347.158
2023-08-04 12:00,383.110
2023-08-04 13:00,305.740
2023-08-04 14:00,306.444
2023-08-04 15:00,229.781
2023-08-04 16:00,131.072
2023-08-04 17:00,42.115
2023-08-04 18:00,0.454
2023-08-04 19:00,0
2023-08-04 20:00,0
2023-08-04 21:00,0
2023-08-04 22:00,0
2023-08-04 23:00,0
2023-08-05 00:00,0
2023-08-05 01:00,0
2023-08-05 02:00,0
2023-08-05 03:00,14.031
2023-08-05 04:00,51.479
2023-08-05 05:00,197.236
2023-08-05 06:00,353.480
2023-08-05 07:00,480.980
2023-08-05 08:00,570.218
2023-08-05 09:00,625.089
2023-08-05 10:00,493.922
2023-08-05 11:00,412.596
2023-08-05 12:00,419.866
2023-08-05 13:00,418.676
2023-08-05 14:00,376.418
2023-08-05 15:00,263.398
2023-08-05 16:00,127.397
2023-08-05 17:00,35.480
2023-08-05 18:00,0
2023-08-05 19:00,0
2023-08-05 20:00,0
2023-08-05 21:00,0
2023-08-05 22:00,0
2023-08-05 23:00,0
2023-08-06 00:00,0
2023-08-06 01:00,0
2023-08-06 02:00,0
2023-08-06 03:00,3.501
2023-08-06 04:00,29.892
2023-08-06 05:00,68.064
2023-08-06 06:00,243.632
2023-08-06 07:00,311.120
2023-08-06 08:00,352.888
2023-08-06 09:00,293.021
2023-08-06 10:00,217.373
2023-08-06 11:00,158.713
2023-08-06 12:00,149.141
2023-08-06 13:00,103.521
2023-08-06 14:00,72.103
2023-08-06 15:00,57.880
2023-08-06 16:00,58.055
2023-08-06 17:00,22.536
2023-08-06 18:00,0
2023-08-06 19:00,0
2023-08-06 20:00,0
2023-08-06 21:00,0
2023-08-06 22:00,0
2023-08-06 23:00,0
2023-08-07 00:00,0
2023-08-07 01:00,0
2023-08-07 02:00,0
2023-08-07 03:00,1.682
2023-08-07 04:00,42.055
2023-08-07 05:00,112.142
2023-08-07 06:00,226.453
2023-08-07 07:00,324.465
2023-08-07 08:00,411.004
2023-08-07 09:00,464.565
2023-08-07 10:00,495.811
2023-08-07 11:00,477.364
2023-08-07 12:00,408.127
2023-08-07 13:00,304.353
2023-08-07 14:00,233.850
2023-08-07 15:00,156.422
2023-08-07 16:00,60.948
2023-08-07 17:00,20.298
2023-08-07 18:00,0
2023-08-07 19:00,0
2023-08-07 20:00,0
2023-08-07 21:00,0
2023-08-07 22:00,0
2023-08-07 23:00,0
2023-08-08 00:00,0
2023-08-08 01:00,0
2023-08-08 02:00,0
2023-08-08 03:00,7.237
2023-08-08 04:00,53.533
2023-08-08 05:00,120.491
2023-08-08 06:00,266.069
2023-08-08 07:00,284.416
2023-08-08 08:00,382.273
2023-08-08 09:00,253.064
2023-08-08 10:00,155.333
2023-08-08 11:00,137.628
2023-08-08 12:00,129.984
2023-08-08 13:00,149.848
2023-08-08 14:00,163.273
2023-08-08 15:00,154.249
2023-08-08 16:00,107.169
2023-08-08 17:00,36.770
2023-08-08 18:00,0
2023-08-08 19:00,0
2023-08-08 20:00,0
2023-08-08 21:00,0
2023-08-08 22:00,0
2023-08-08 23:00,0
2023-08-09 00:00,0
2023-08-09 01:00,0
2023-08-09 02:00,0
2023-08-09 03:00,9.217
2023-08-09 04:00,55.807
2023-08-09 05:00,165.692
2023-08-09 06:00,304.688
2023-08-09 07:00,442.839
2023-08-09 08:00,558.855
2023-08-09 09:00,628.878
2023-08-09 10:00,620.413
2023-08-09 11:00,511.269
2023-08-09 12:00,335.193
2023-08-09 13:00,235.294
2023-08-09 14:00,162.517
2023-08-09 15:00,90.440
2023-08-09 16:00,39.941
2023-08-09 17:00,8.446
2023-08-09 18:00,0
2023-08-09 19:00,0
2023-08-09 20:00,0
2023-08-09 21:00,0
2023-08-09 22:00,0
2023-08-09 23:00,0
2023-08-10 00:00,0
2023-08-10 01:00,0
2023-08-10 02:00,0
2023-08-10 03:00,2.410
2023-08-10 04:00,34.550
2023-08-10 05:00,56.738
2023-08-10 06:00,81.353
2023-08-10 07:00,114.461
2023-08-10 08:00,150.103
2023-08-10 09:00,193.749
2023-08-10 10:00,248.819
2023-08-10 11:00,266.765
2023-08-10 12:00,204.986
2023-08-10 13:00,231.363
2023-08-10 14:00,229.979
2023-08-10 15:00,141.461
2023-08-10 16:00,83.980
2023-08-10 17:00,25.732
2023-08-10 18:00,0
2023-08-10 19:00,0
2023-08-10 20:00,0
2023-08-10 21:00,0
2023-08-10 22:00,0
2023-08-10 23:00,0
2023-08-11 00:00,0
2023-08-11 01:00,0
2023-08-11 02:00,0
2023-08-11 03:00,6.604
2023-08-11 04:00,51.102
2023-08-11 05:00,151.813
2023-08-11 06:00,262.278
2023-08-11 07:00,323.771
2023-08-11 08:00,414.285
2023-08-11 09:00,474.761
2023-08-11 10:00,557.908
2023-08-11 11:00,528.864
2023-08-11 12:00,468.783
2023-08-11 13:00,323.857
2023-08-11 14:00,297.893
2023-08-11 15:00,229.438
2023-08-11 16:00,126.812
2023-08-11 17:00,29.007
2023-08-11 18:00,0
2023-08-11 19:00,0
2023-08-11 20:00,0
2023-08-11 21:00,0
2023-08-11 22:00,0
2023-08-11 23:00,0
2023-08-12 00:00,0
2023-08-12 01:00,0
2023-08-12 02:00,0
2023-08-12 03:00,3.259
2023-08-12 04:00,36.724
2023-08-12 05:00,94.735
2023-08-12 06:00,141.473
2023-08-12 07:00,183.990
2023-08-12 08:00,253.501
2023-08-12 09:00,297.854
2023-08-12 10:00,303.039
2023-08-12 11:00,294.964
2023-08-12 12:00,291.511
2023-08-12 13:00,286.124
2023-08-12 14:00,275.768
2023-08-12 15:00,242.217
2023-08-12 16:00,105.061
2023-08-12 17:00,17.261
2023-08-12 18:00,0
2023-08-12 19:00,0
2023-08-12 20:00,0
2023-08-12 21:00,0
2023-08-12 22:00,0
2023-08-12 23:00,0
2023-08-13 00:00,0
2023-08-13 01:00,0
2023-08-13 02:00,0
2023-08-13 03:00,0
2023-08-13 04:00,5.323
2023-08-13 05:00,46.619
2023-08-13 06:00,136.977
2023-08-13 07:00,240.246
2023-08-13 08:00,347.296
2023-08-13 09:00,491.976
2023-08-13 10:00,506.604
2023-08-13 11:00,472.384
2023-08-13 12:00,439.437
2023-08-13 13:00,390.138
2023-08-13 14:00,324.876
2023-08-13 15:00,225.361
2023-08-13 16:00,118.020
2023-08-13 17:00,28.080
2023-08-13 18:00,0
2023-08-13 19:00,0
2023-08-13 20:00,0
2023-08-13 21:00,0
2023-08-13 22:00,0
2023-08-13 23:00,0
2023-08-14 00:00,0
2023-08-14 01:00,0
2023-08-14 02:00,0
2023-08-14 03:00,0.363
2023-08-14 04:00,31.805
2023-08-14 05:00,156.859
2023-08-14 06:00,333.832
2023-08-14 07:00,472.563
2023-08-14 08:00,577.240
2023-08-14 09:00,640.823
2023-08-14 10:00,592.515
2023-08-14 11:00,478.853
2023-08-14 12:00,371.577
2023-08-14 13:00,308.698
2023-08-14 14:00,341.252
2023-08-14 15:00,240.402
2023-08-14 16:00,106.316
2023-08-14 17:00,22.357
2023-08-14 18:00,0
2023-08-14 19:00,0
2023-08-14 20:00,0
2023-08-14 21:00,0
2023-08-14 22:00,0
2023-08-14 23:00,0
2023-08-15 00:00,0
2023-08-15 01:00,0
2023-08-15 02:00,0
2023-08-15 03:00,0.404
2023-08-15 04:00,36.068
2023-08-15 05:00,138.672
2023-08-15 06:00,278.803
2023-08-15 07:00,430.896
2023-08-15 08:00,543.876
2023-08-15 09:00,621.134
2023-08-15 10:00,623.367
2023-08-15 11:00,474.073
2023-08-15 12:00,273.705
2023-08-15 13:00,161.234
2023-08-15 14:00,108.405
2023-08-15 15:00,45.057
2023-08-15 16:00,20.719
2023-08-15 17:00,3.803
2023-08-15 18:00,0
2023-08-15 19:00,0
2023-08-15 20:00,0
2023-08-15 21:00,0
2023-08-15 22:00,0
2023-08-15 23:00,0
2023-08-16 00:00,0
2023-08-16 01:00,0
2023-08-16 02:00,0
2023-08-16 03:00,0.540
2023-08-16 04:00,39.897
2023-08-16 05:00,155.733
2023-08-16 06:00,295.173
2023-08-16 07:00,418.297
2023-08-16 08:00,391.761
2023-08-16 09:00,379.019
2023-08-16 10:00,508.622
2023-08-16 11:00,391.467
2023-08-16 12:00,315.376
2023-08-16 13:00,469.270
2023-08-16 14:00,429.019
2023-08-16 15:00,260.622
2023-08-16 16:00,105.809
2023-08-16 17:00,21.517
2023-08-16 18:00,0
2023-08-16 19:00,0
2023-08-16 20:00,0
2023-08-16 21:00,0
2023-08-16 22:00,0
2023-08-16 23:00,0
2023-08-17 00:00,0
2023-08-17 01:00,0
2023-08-17 02:00,0
2023-08-17 03:00,0
2023-08-17 04:00,37.438
2023-08-17 05:00,169.688
2023-08-17 06:00,331.653
2023-08-17 07:00,474.165
2023-08-17 08:00,567.366
2023-08-17 09:00,616.979
2023-08-17 10:00,643.055
2023-08-17 11:00,620.110
2023-08-17 12:00,500.173
2023-08-17 13:00,303.231
2023-08-17 14:00,156.657
2023-08-17 15:00,88.582
2023-08-17 16:00,37.984
2023-08-17 17:00,5.795
2023-08-17 18:00,0
2023-08-17 19:00,0
2023-08-17 20:00,0
2023-08-17 21:00,0
2023-08-17 22:00,0
2023-08-17 23:00,0
2023-08-18 00:00,0
2023-08-18 01:00,0
2023-08-18 02:00,0
2023-08-18 03:00,0
2023-08-18 04:00,22.281
2023-08-18 05:00,82.547
2023-08-18 06:00,144.291
2023-08-18 07:00,194.598
2023-08-18 08:00,282.088
2023-08-18 09:00,333.416
2023-08-18 10:00,354.642
2023-08-18 11:00,349.383
2023-08-18 12:00,318.669
2023-08-18 13:00,241.877
2023-08-18 14:00,180.555
2023-08-18 15:00,107.142
2023-08-18 16:00,45.670
2023-08-18 17:00,7.710
2023-08-18 18:00,0
2023-08-18 19:00,0
2023-08-18 20:00,0
2023-08-18 21:00,0
2023-08-18 22:00,0
2023-08-18 23:00,0
2023-08-19 00:00,0
2023-08-19 01:00,0
2023-08-19 02:00,0
2023-08-19 03:00,0
2023-08-19 04:00,37.014
2023-08-19 05:00,162.022
2023-08-19 06:00,316.222
2023-08-19 07:00,440.514
2023-08-19 08:00,494.989
2023-08-19 09:00,468.816
2023-08-19 10:00,406.373
2023-08-19 11:00,346.339
2023-08-19 12:00,250.742
2023-08-19 13:00,200.356
2023-08-19 14:00,211.278
2023-08-19 15:00,163.152
2023-08-19 16:00,75.176
2023-08-19 17:00,15.612
2023-08-19 18:00,0
2023-08-19 19:00,0
2023-08-19 20:00,0
2023-08-19 21:00,0
2023-08-19 22:00,0
2023-08-19 23:00,0
2023-08-20 00:00,0
2023-08-20 01:00,0
2023-08-20 02:00,0
2023-08-20 03:00,0
2023-08-20 04:00,35.892
2023-08-20 05:00,156.154
2023-08-20 06:00,322.259
2023-08-20 07:00,457.793
2023-08-20 08:00,528.916
2023-08-20 09:00,525.878
2023-08-20 10:00,463.557
2023-08-20 11:00,352.675
2023-08-20 12:00,228.608
2023-08-20 13:00,147.560
2023-08-20 14:00,102.857
2023-08-20 15:00,70.544
2023-08-20 16:00,38.696
2023-08-20 17:00,5.091
2023-08-20 18:00,0
2023-08-20 19:00,0
2023-08-20 20:00,0
2023-08-20 21:00,0
2023-08-20 22:00,0
2023-08-20 23:00,0
2023-08-21 00:00,0
2023-08-21 01:00,0
2023-08-21 02:00,0
2023-08-21 03:00,0
2023-08-21 04:00,29.932
2023-08-21 05:00,161.773
2023-08-21 06:00,326.272
2023-08-21 07:00,472.653
2023-08-21 08:00,580.697
2023-08-21 09:00,641.171
2023-08-21 10:00,670.437
2023-08-21 11:00,653.957
2023-08-21 12:00,584.484
2023-08-21 13:00,410.949
2023-08-21 14:00,248.186
2023-08-21 15:00,161.782
2023-08-21 16:00,89.580
2023-08-21 17:00,13.045
2023-08-21 18:00,0
2023-08-21 19:00,0
2023-08-21 20:00,0
2023-08-21 21:00,0
2023-08-21 22:00,0
2023-08-21 23:00,0
2023-08-22 00:00,0
2023-08-22 01:00,0
2023-08-22 02:00,0
2023-08-22 03:00,0
2023-08-22 04:00,33.187
2023-08-22 05:00,152.436
2023-08-22 06:00,276.931
2023-08-22 07:00,338.236
2023-08-22 08:00,322.104
2023-08-22 09:00,328.460
2023-08-22 10:00,347.946
2023-08-22 11:00,327.700
2023-08-22 12:00,291.127
2023-08-22 13:00,189.809
2023-08-22 14:00,152.735
2023-08-22 15:00,99.110
2023-08-22 16:00,39.691
2023-08-22 17:00,1.203
2023-08-22 18:00,0
2023-08-22 19:00,0
2023-08-22 20:00,0
2023-08-22 21:00,0
2023-08-22 22:00,0
2023-08-22 23:00,0
2023-08-23 00:00,0
2023-08-23 01:00,0
2023-08-23 02:00,0
2023-08-23 03:00,0
2023-08-23 04:00,28.350
2023-08-23 05:00,146.172
2023-08-23 06:00,305.037
2023-08-23 07:00,452.348
2023-08-23 08:00,563.511
2023-08-23 09:00,638.028
2023-08-23 10:00,665.991
2023-08-23 11:00,649.794
2023-08-23 12:00,536.903
2023-08-23 13:00,333.205
2023-08-23 14:00,288.319
2023-08-23 15:00,173.610
2023-08-23 16:00,74.797
2023-08-23 17:00,8.556
2023-08-23 18:00,0
2023-08-23 19:00,0
2023-08-23 20:00,0
2023-08-23 21:00,0
2023-08-23 22:00,0
2023-08-23 23:00,0
2023-08-24 00:00,0
2023-08-24 01:00,0
2023-08-24 02:00,0
2023-08-24 03:00,0
2023-08-24 04:00,26.529
2023-08-24 05:00,140.354
2023-08-24 06:00,299.942
2023-08-24 07:00,440.928
2023-08-24 08:00,549.154
2023-08-24 09:00,613.250
2023-08-24 10:00,635.142
2023-08-24 11:00,614.669
2023-08-24 12:00,503.147
2023-08-24 13:00,415.978
2023-08-24 14:00,216.935
2023-08-24 15:00,183.095
2023-08-24 16:00,80.150
2023-08-24 17:00,8.929
2023-08-24 18:00,0
2023-08-24 19:00,0
2023-08-24 20:00,0
2023-08-24 21:00,0
2023-08-24 22:00,0
2023-08-24 23:00,0
2023-08-25 00:00,0
2023-08-25 01:00,0
2023-08-25 02:00,0
2023-08-25 03:00,0
2023-08-25 04:00,12.945
2023-08-25 05:00,34.202
2023-08-25 06:00,51.872
2023-08-25 07:00,68.874
2023-08-25 08:00,86.311
2023-08-25 09:00,99.541
2023-08-25 10:00,99.089
2023-08-25 11:00,97.043
2023-08-25 12:00,130.698
2023-08-25 13:00,158.181
2023-08-25 14:00,124.397
2023-08-25 15:00,87.509
2023-08-25 16:00,44.626
2023-08-25 17:00,4.009
2023-08-25 18:00,0
2023-08-25 19:00,0
2023-08-25 20:00,0
2023-08-25 21:00,0
2023-08-25 22:00,0
2023-08-25 23:00,0
2023-08-26 00:00,0
2023-08-26 01:00,0
2023-08-26 02:00,0
2023-08-26 03:00,0
2023-08-26 04:00,24.624
2023-08-26 05:00,115.353
2023-08-26 06:00,215.583
2023-08-26 07:00,294.994
2023-08-26 08:00,323.603
2023-08-26 09:00,336.940
2023-08-26 10:00,253.856
2023-08-26 11:00,165.122
2023-08-26 12:00,137.197
2023-08-26 13:00,106.674
2023-08-26 14:00,85.602
2023-08-26 15:00,54.462
2023-08-26 16:00,32.618
2023-08-26 17:00,0
2023-08-26 18:00,0
2023-08-26 19:00,0
2023-08-26 20:00,0
2023-08-26 21:00,0
2023-08-26 22:00,0
2023-08-26 23:00,0
2023-08-27 00:00,0
2023-08-27 01:00,0
2023-08-27 02:00,0
2023-08-27 03:00,0
2023-08-27 04:00,21.319
2023-08-27 05:00,142.907
2023-08-27 06:00,307.670
2023-08-27 07:00,460.320
2023-08-27 08:00,575.360
2023-08-27 09:00,652.615
2023-08-27 10:00,684.919
2023-08-27 11:00,673.568
2023-08-27 12:00,614.435
2023-08-27 13:00,492.879
2023-08-27 14:00,331.550
2023-08-27 15:00,147.293
2023-08-27 16:00,40.781
2023-08-27 17:00,0.168
2023-08-27 18:00,0
2023-08-27 19:00,0
2023-08-27 20:00,0
2023-08-27 21:00,0
2023-08-27 22:00,0
2023-08-27 23:00,0
2023-08-28 00:00,0
2023-08-28 01:00,0
2023-08-28 02:00,0
2023-08-28 03:00,0
2023-08-28 04:00,0
2023-08-28 05:00,7.742
2023-08-28 06:00,27.867
2023-08-28 07:00,49.222
2023-08-28 08:00,67.043
2023-08-28 09:00,82.833
2023-08-28 10:00,83.778
2023-08-28 11:00,84.591
2023-08-28 12:00,93.604
2023-08-28 13:00,146.573
2023-08-28 14:00,175.609
2023-08-28 15:00,108.242
2023-08-28 16:00,50.749
2023-08-28 17:00,3.354
2023-08-28 18:00,0
2023-08-28 19:00,0
2023-08-28 20:00,0
2023-08-28 21:00,0
2023-08-28 22:00,0
2023-08-28 23:00,0
2023-08-29 00:00,0
2023-08-29 01:00,0
2023-08-29 02:00,0
2023-08-29 03:00,0
2023-08-29 04:00,18.884
2023-08-29 05:00,134.079
2023-08-29 06:00,268.975
2023-08-29 07:00,374.199
2023-08-29 08:00,527.436
2023-08-29 09:00,650.844
2023-08-29 10:00,682.382
2023-08-29 11:00,667.499
2023-08-29 12:00,598.206
2023-08-29 13:00,358.727
2023-08-29 14:00,151.820
2023-08-29 15:00,49.968
2023-08-29 16:00,15.330
2023-08-29 17:00,0
2023-08-29 18:00,0
2023-08-29 19:00,0
2023-08-29 20:00,0
2023-08-29 21:00,0
2023-08-29 22:00,0
2023-08-29 23:00,0
2023-08-30 00:00,0
2023-08-30 01:00,0
2023-08-30 02:00,0
2023-08-30 03:00,0
2023-08-30 04:00,5.301
2023-08-30 05:00,23.758
2023-08-30 06:00,50.256
2023-08-30 07:00,84.095
2023-08-30 08:00,125.878
2023-08-30 09:00,162.411
2023-08-30 10:00,185.384
2023-08-30 11:00,203.256
2023-08-30 12:00,174.228
2023-08-30 13:00,120.972
2023-08-30 14:00,165.548
2023-08-30 15:00,107.679
2023-08-30 16:00,38.017
2023-08-30 17:00,0
2023-08-30 18:00,0
2023-08-30 19:00,0
2023-08-30 20:00,0
2023-08-30 21:00,0
2023-08-30 22:00,0
2023-08-30 23:00,0
2023-08-31 00:00,0
2023-08-31 01:00,0
2023-08-31 02:00,0
2023-08-31 03:00,0
2023-08-31 04:00,15.644
2023-08-31 05:00,81.822
2023-08-31 06:00,157.089
2023-08-31 07:00,204.595
2023-08-31 08:00,233.103
2023-08-31 09:00,268.255
2023-08-31 10:00,332.729
2023-08-31 11:00,373.003
2023-08-31 12:00,343.874
2023-08-31 13:00,242.995
2023-08-31 14:00,144.859
2023-08-31 15:00,81.169
2023-08-31 16:00,38.648
2023-08-31 17:00,0
2023-08-31 18:00,0
2023-08-31 19:00,0
2023-08-31 20:00,0
2023-08-31 21:00,0
2023-08-31 22:00,0
2023-08-31 23:00,0
2023-09-01 00:00,0
2023-09-01 01:00,0
2023-09-01 02:00,0
2023-09-01 03:00,0
2023-09-01 04:00,0
2023-09-01 05:00,23.672
2023-09-01 06:00,77.333
2023-09-01 07:00,149.498
2023-09-01 08:00,218.510
2023-09-01 09:00,258.364
2023-09-01 10:00,281.635
2023-09-01 11:00,275.738
2023-09-01 12:00,290.180
2023-09-01 13:00,263.694
2023-09-01 14:00,211.546
2023-09-01 15:00,141.776
2023-09-01 16:00,56.506
2023-09-01 17:00,0
2023-09-01 18:00,0
2023-09-01 19:00,0
2023-09-01 20:00,0
2023-09-01 21:00,0
2023-09-01 22:00,0
2023-09-01 23:00,0
2023-09-02 00:00,0
2023-09-02 01:00,0
2023-09-02 02:00,0
2023-09-02 03:00,0
2023-09-02 04:00,11.731
2023-09-02 05:00,100.415
2023-09-02 06:00,239.860
2023-09-02 07:00,393.326
2023-09-02 08:00,442.625
2023-09-02 09:00,469.762
2023-09-02 10:00,447.494
2023-09-02 11:00,339.827
2023-09-02 12:00,250.431
2023-09-02 13:00,192.475
2023-09-02 14:00,148.362
2023-09-02 15:00,100.638
2023-09-02 16:00,46.874
2023-09-02 17:00,0
2023-09-02 18:00,0
2023-09-02 19:00,0
2023-09-02 20:00,0
2023-09-02 21:00,0
2023-09-02 22:00,0
2023-09-02 23:00,0
2023-09-03 00:00,0
2023-09-03 01:00,0
2023-09-03 02:00,0
2023-09-03 03:00,0
2023-09-03 04:00,11.631
2023-09-03 05:00,116.226
2023-09-03 06:00,211.173
2023-09-03 07:00,375.256
2023-09-03 08:00,576.259
2023-09-03 09:00,645.382
2023-09-03 10:00,642.101
2023-09-03 11:00,564.725
2023-09-03 12:00,426.885
2023-09-03 13:00,273.554
2023-09-03 14:00,170.516
2023-09-03 15:00,99.099
2023-09-03 16:00,38.059
2023-09-03 17:00,0
2023-09-03 18:00,0
2023-09-03 19:00,0
2023-09-03 20:00,0
2023-09-03 21:00,0
2023-09-03 22:00,0
2023-09-03 23:00,0
2023-09-04 00:00,0
2023-09-04 01:00,0
2023-09-04 02:00,0
2023-09-04 03:00,0
2023-09-04 04:00,8.462
2023-09-04 05:00,120.736
2023-09-04 06:00,291.711
2023-09-04 07:00,447.283
2023-09-04 08:00,565.571
2023-09-04 09:00,641.483
2023-09-04 10:00,657.568
2023-09-04 11:00,650.779
2023-09-04 12:00,581.338
2023-09-04 13:00,505.199
2023-09-04 14:00,384.679
2023-09-04 15:00,220.995
2023-09-04 16:00,62.797
2023-09-04 17:00,0
2023-09-04 18:00,0
2023-09-04 19:00,0
2023-09-04 20:00,0
2023-09-04 21:00,0
2023-09-04 22:00,0
2023-09-04 23:00,0
2023-09-05 00:00,0
2023-09-05 01:00,0
2023-09-05 02:00,0
2023-09-05 03:00,0
2023-09-05 04:00,3.732
2023-09-05 05:00,73.172
2023-09-05 06:00,205.687
2023-09-05 07:00,392.147
2023-09-05 08:00,549.675
2023-09-05 09:00,632.030
2023-09-05 10:00,660.004
2023-09-05 11:00,644.689
2023-09-05 12:00,589.328
2023-09-05 13:00,491.014
2023-09-05 14:00,332.902
2023-09-05 15:00,151.065
2023-09-05 16:00,38.746
2023-09-05 17:00,0
2023-09-05 18:00,0
2023-09-05 19:00,0
2023-09-05 20:00,0
2023-09-05 21:00,0
2023-09-05 22:00,0
2023-09-05 23:00,0
2023-09-06 00:00,0
2023-09-06 01:00,0
2023-09-06 02:00,0
2023-09-06 03:00,0
2023-09-06 04:00,5.705
2023-09-06 05:00,118.859
2023-09-06 06:00,295.320
2023-09-06 07:00,460.192
2023-09-06 08:00,583.799
2023-09-06 09:00,663.288
2023-09-06 10:00,696.072
2023-09-06 11:00,682.223
2023-09-06 12:00,606.807
2023-09-06 13:00,482.791
2023-09-06 14:00,357.370
2023-09-06 15:00,195.603
2023-09-06 16:00,48.739
2023-09-06 17:00,0
2023-09-06 18:00,0
2023-09-06 19:00,0
2023-09-06 20:00,0
2023-09-06 21:00,0
2023-09-06 22:00,0
2023-09-06 23:00,0
2023-09-07 00:00,0
2023-09-07 01:00,0
2023-09-07 02:00,0
2023-09-07 03:00,0
2023-09-07 04:00,4.729
2023-09-07 05:00,105.238
2023-09-07 06:00,257.422
2023-09-07 07:00,401.847
2023-09-07 08:00,514.423
2023-09-07 09:00,581.674
2023-09-07 10:00,553.563
2023-09-07 11:00,442.359
2023-09-07 12:00,285.214
2023-09-07 13:00,221.265
2023-09-07 14:00,195.498
2023-09-07 15:00,111.649
2023-09-07 16:00,28.643
2023-09-07 17:00,0
2023-09-07 18:00,0
2023-09-07 19:00,0
2023-09-07 20:00,0
2023-09-07 21:00,0
2023-09-07 22:00,0
2023-09-07 23:00,0
2023-09-08 00:00,0
2023-09-08 01:00,0
2023-09-08 02:00,0
2023-09-08 03:00,0
2023-09-08 04:00,2.177
2023-09-08 05:00,85.011
2023-09-08 06:00,192.831
2023-09-08 07:00,300.050
2023-09-08 08:00,420.548
2023-09-08 09:00,512.898
2023-09-08 10:00,565.424
2023-09-08 11:00,549.196
2023-09-08 12:00,474.036
2023-09-08 13:00,354.602
2023-09-08 14:00,200.751
2023-09-08 15:00,71.600
2023-09-08 16:00,10.802
2023-09-08 17:00,0
2023-09-08 18:00,0
2023-09-08 19:00,0
2023-09-08 20:00,0
2023-09-08 21:00,0
2023-09-08 22:00,0
2023-09-08 23:00,0
2023-09-09 00:00,0
2023-09-09 01:00,0
2023-09-09 02:00,0
2023-09-09 03:00,0
2023-09-09 04:00,0.211
2023-09-09 05:00,66.284
2023-09-09 06:00,186.718
2023-09-09 07:00,304.630
2023-09-09 08:00,344.258
2023-09-09 09:00,395.469
2023-09-09 10:00,469.090
2023-09-09 11:00,478.168
2023-09-09 12:00,405.854
2023-09-09 13:00,276.713
2023-09-09 14:00,144.361
2023-09-09 15:00,53.031
2023-09-09 16:00,13.365
2023-09-09 17:00,0
2023-09-09 18:00,0
2023-09-09 19:00,0
2023-09-09 20:00,0
2023-09-09 21:00,0
2023-09-09 22:00,0
2023-09-09 23:00,0
2023-09-10 00:00,0
2023-09-10 01:00,0
2023-09-10 02:00,0
2023-09-10 03:00,0
2023-09-10 04:00,0
2023-09-10 05:00,60.967
2023-09-10 06:00,165.526
2023-09-10 07:00,269.945
2023-09-10 08:00,362.641
2023-09-10 09:00,427.171
2023-09-10 10:00,399.821
2023-09-10 11:00,279.138
2023-09-10 12:00,225.826
2023-09-10 13:00,229.344
2023-09-10 14:00,238.022
2023-09-10 15:00,138.364
2023-09-10 16:00,31.728
2023-09-10 17:00,0
2023-09-10 18:00,0
2023-09-10 19:00,0
2023-09-10 20:00,0
2023-09-10 21:00,0
2023-09-10 22:00,0
2023-09-10 23:00,0
2023-09-11 00:00,0
2023-09-11 01:00,0
2023-09-11 02:00,0
2023-09-11 03:00,0
2023-09-11 04:00,0
2023-09-11 05:00,95.077
2023-09-11 06:00,255.338
2023-09-11 07:00,387.279
2023-09-11 08:00,483.170
2023-09-11 09:00,544.691
2023-09-11 10:00,562.310
2023-09-11 11:00,509.427
2023-09-11 12:00,379.691
2023-09-11 13:00,229.443
2023-09-11 14:00,154.915
2023-09-11 15:00,87.863
2023-09-11 16:00,21.018
2023-09-11 17:00,0
2023-09-11 18:00,0
2023-09-11 19:00,0
2023-09-11 20:00,0
2023-09-11 21:00,0
2023-09-11 22:00,0
2023-09-11 23:00,0
2023-09-12 00:00,0
2023-09-12 01:00,0
2023-09-12 02:00,0
2023-09-12 03:00,0
2023-09-12 04:00,0
2023-09-12 05:00,34.982
2023-09-12 06:00,102.610
2023-09-12 07:00,168.674
2023-09-12 08:00,187.236
2023-09-12 09:00,224.507
2023-09-12 10:00,264.057
2023-09-12 11:00,270.191
2023-09-12 12:00,144.294
2023-09-12 13:00,80.764
2023-09-12 14:00,53.380
2023-09-12 15:00,68.157
2023-09-12 16:00,17.425
2023-09-12 17:00,0
2023-09-12 18:00,0
2023-09-12 19:00,0
2023-09-12 20:00,0
2023-09-12 21:00,0
2023-09-12 22:00,0
2023-09-12 23:00,0
2023-09-13 00:00,0
2023-09-13 01:00,0
2023-09-13 02:00,0
2023-09-13 03:00,0
2023-09-13 04:00,0
2023-09-13 05:00,55.431
2023-09-13 06:00,115.735
2023-09-13 07:00,123.738
2023-09-13 08:00,138.818
2023-09-13 09:00,138.551
2023-09-13 10:00,122.542
2023-09-13 11:00,97.337
2023-09-13 12:00,78.886
2023-09-13 13:00,68.180
2023-09-13 14:00,55.875
2023-09-13 15:00,24.953
2023-09-13 16:00,1.174
2023-09-13 17:00,0
2023-09-13 18:00,0
2023-09-13 19:00,0
2023-09-13 20:00,0
2023-09-13 21:00,0
2023-09-13 22:00,0
2023-09-13 23:00,0
2023-09-14 00:00,0
2023-09-14 01:00,0
2023-09-14 02:00,0
2023-09-14 03:00,0
2023-09-14 04:00,0
2023-09-14 05:00,72.830
2023-09-14 06:00,212.232
2023-09-14 07:00,330.096
2023-09-14 08:00,511.407
2023-09-14 09:00,641.562
2023-09-14 10:00,674.801
2023-09-14 11:00,660.126
2023-09-14 12:00,572.709
2023-09-14 13:00,367.777
2023-09-14 14:00,203.612
2023-09-14 15:00,123.474
2023-09-14 16:00,32.753
2023-09-14 17:00,0
2023-09-14 18:00,0
2023-09-14 19:00,0
2023-09-14 20:00,0
2023-09-14 21:00,0
2023-09-14 22:00,0
2023-09-14 23:00,0
2023-09-15 00:00,0
2023-09-15 01:00,0
2023-09-15 02:00,0
2023-09-15 03:00,0
2023-09-15 04:00,0
2023-09-15 05:00,49.692
2023-09-15 06:00,209.879
2023-09-15 07:00,349.971
2023-09-15 08:00,400.393
2023-09-15 09:00,349.483
2023-09-15 10:00,330.694
2023-09-15 11:00,442.204
2023-09-15 12:00,358.725
2023-09-15 13:00,174.382
2023-09-15 14:00,86.316
2023-09-15 15:00,44.882
2023-09-15 16:00,12.745
2023-09-15 17:00,0
2023-09-15 18:00,0
2023-09-15 19:00,0
2023-09-15 20:00,0
2023-09-15 21:00,0
2023-09-15 22:00,0
2023-09-15 23:00,0
2023-09-16 00:00,0
2023-09-16 01:00,0
2023-09-16 02:00,0
2023-09-16 03:00,0
2023-09-16 04:00,0
2023-09-16 05:00,37.517
2023-09-16 06:00,111.220
2023-09-16 07:00,208.901
2023-09-16 08:00,358.749
2023-09-16 09:00,469.217
2023-09-16 10:00,537.665
2023-09-16 11:00,553.384
2023-09-16 12:00,518.533
2023-09-16 13:00,372.942
2023-09-16 14:00,219.426
2023-09-16 15:00,102.766
2023-09-16 16:00,16.137
2023-09-16 17:00,0
2023-09-16 18:00,0
2023-09-16 19:00,0
2023-09-16 20:00,0
2023-09-16 21:00,0
2023-09-16 22:00,0
2023-09-16 23:00,0
2023-09-17 00:00,0
2023-09-17 01:00,0
2023-09-17 02:00,0
2023-09-17 03:00,0
2023-09-17 04:00,0
2023-09-17 05:00,27.440
2023-09-17 06:00,200.938
2023-09-17 07:00,398.734
2023-09-17 08:00,552.318
2023-09-17 09:00,641.973
2023-09-17 10:00,681.645
2023-09-17 11:00,670.347
2023-09-17 12:00,613.427
2023-09-17 13:00,511.829
2023-09-17 14:00,360.162
2023-09-17 15:00,169.567
2023-09-17 16:00,21.360
2023-09-17 17:00,0
2023-09-17 18:00,0
2023-09-17 19:00,0
2023-09-17 20:00,0
2023-09-17 21:00,0
2023-09-17 22:00,0
2023-09-17 23:00,0
2023-09-18 00:00,0
2023-09-18 01:00,0
2023-09-18 02:00,0
2023-09-18 03:00,0
2023-09-18 04:00,0
2023-09-18 05:00,50.043
2023-09-18 06:00,142.295
2023-09-18 07:00,222.312
2023-09-18 08:00,275.041
2023-09-18 09:00,309.934
2023-09-18 10:00,448.361
2023-09-18 11:00,566.851
2023-09-18 12:00,582.188
2023-09-18 13:00,475.604
2023-09-18 14:00,299.998
2023-09-18 15:00,84.104
2023-09-18 16:00,4.632
2023-09-18 17:00,0
2023-09-18 18:00,0
2023-09-18 19:00,0
2023-09-18 20:00,0
2023-09-18 21:00,0
2023-09-18 22:00,0
2023-09-18 23:00,0
2023-09-19 00:00,0
2023-09-19 01:00,0
2023-09-19 02:00,0
2023-09-19 03:00,0
2023-09-19 04:00,0
2023-09-19 05:00,0
2023-09-19 06:00,11.394
2023-09-19 07:00,34.787
2023-09-19 08:00,93.959
2023-09-19 09:00,126.821
2023-09-19 10:00,156.661
2023-09-19 11:00,263.415
2023-09-19 12:00,458.795
2023-09-19 13:00,420.307
2023-09-19 14:00,271.449
2023-09-19 15:00,103.712
2023-09-19 16:00,11.369
2023-09-19 17:00,0
2023-09-19 18:00,0
2023-09-19 19:00,0
2023-09-19 20:00,0
2023-09-19 21:00,0
2023-09-19 22:00,0
2023-09-19 23:00,0
2023-09-20 00:00,0
2023-09-20 01:00,0
2023-09-20 02:00,0
2023-09-20 03:00,0
2023-09-20 04:00,0
2023-09-20 05:00,43.218
2023-09-20 06:00,71.552
2023-09-20 07:00,95.219
2023-09-20 08:00,367.446
2023-09-20 09:00,428.042
2023-09-20 10:00,370.349
2023-09-20 11:00,400.784
2023-09-20 12:00,419.297
2023-09-20 13:00,284.684
2023-09-20 14:00,201.539
2023-09-20 15:00,79.342
2023-09-20 16:00,3.833
2023-09-20 17:00,0
2023-09-20 18:00,0
2023-09-20 19:00,0
2023-09-20 20:00,0
2023-09-20 21:00,0
2023-09-20 22:00,0
2023-09-20 23:00,0
2023-09-21 00:00,0
2023-09-21 01:00,0
2023-09-21 02:00,0
2023-09-21 03:00,0
2023-09-21 04:00,0
2023-09-21 05:00,32.862
2023-09-21 06:00,142.818
2023-09-21 07:00,301.754
2023-09-21 08:00,439.279
2023-09-21 09:00,517.260
2023-09-21 10:00,540.459
2023-09-21 11:00,511.394
2023-09-21 12:00,433.515
2023-09-21 13:00,355.719
2023-09-21 14:00,217.996
2023-09-21 15:00,63.032
2023-09-21 16:00,0.206
2023-09-21 17:00,0
2023-09-21 18:00,0
2023-09-21 19:00,0
2023-09-21 20:00,0
2023-09-21 21:00,0
2023-09-21 22:00,0
2023-09-21 23:00,0
2023-09-22 00:00,0
2023-09-22 01:00,0
2023-09-22 02:00,0
2023-09-22 03:00,0
2023-09-22 04:00,0
2023-09-22 05:00,20.990
2023-09-22 06:00,111.899
2023-09-22 07:00,254.595
2023-09-22 08:00,325.974
2023-09-22 09:00,388.243
2023-09-22 10:00,365.124
2023-09-22 11:00,213.034
2023-09-22 12:00,165.159
2023-09-22 13:00,109.906
2023-09-22 14:00,42.330
2023-09-22 15:00,13.721
2023-09-22 16:00,0
2023-09-22 17:00,0
2023-09-22 18:00,0
2023-09-22 19:00,0
2023-09-22 20:00,0
2023-09-22 21:00,0
2023-09-22 22:00,0
2023-09-22 23:00,0
2023-09-23 00:00,0
2023-09-23 01:00,0
2023-09-23 02:00,0
2023-09-23 03:00,0
2023-09-23 04:00,0
2023-09-23 05:00,5.645
2023-09-23 06:00,31.141
2023-09-23 07:00,66.688
2023-09-23 08:00,150.913
2023-09-23 09:00,316.652
2023-09-23 10:00,579.738
2023-09-23 11:00,441.145
2023-09-23 12:00,313.989
2023-09-23 13:00,165.226
2023-09-23 14:00,207.462
2023-09-23 15:00,118.602
2023-09-23 16:00,4.550
2023-09-23 17:00,0
2023-09-23 18:00,0
2023-09-23 19:00,0
2023-09-23 20:00,0
2023-09-23 21:00,0
2023-09-23 22:00,0
2023-09-23 23:00,0
2023-09-24 00:00,0
2023-09-24 01:00,0
2023-09-24 02:00,0
2023-09-24 03:00,0
2023-09-24 04:00,0
2023-09-24 05:00,46.387
2023-09-24 06:00,208.553
2023-09-24 07:00,373.553
2023-09-24 08:00,524.025
2023-09-24 09:00,607.578
2023-09-24 10:00,647.911
2023-09-24 11:00,640.800
2023-09-24 12:00,585.253
2023-09-24 13:00,481.230
2023-09-24 14:00,330.293
2023-09-24 15:00,148.779
2023-09-24 16:00,6.196
2023-09-24 17:00,0
2023-09-24 18:00,0
2023-09-24 19:00,0
2023-09-24 20:00,0
2023-09-24 21:00,0
2023-09-24 22:00,0
2023-09-24 23:00,0
2023-09-25 00:00,0
2023-09-25 01:00,0
2023-09-25 02:00,0
2023-09-25 03:00,0
2023-09-25 04:00,0
2023-09-25 05:00,11.019
2023-09-25 06:00,73.113
2023-09-25 07:00,149.080
2023-09-25 08:00,161.032
2023-09-25 09:00,149.967
2023-09-25 10:00,136.235
2023-09-25 11:00,129.290
2023-09-25 12:00,121.036
2023-09-25 13:00,92.349
2023-09-25 14:00,51.505
2023-09-25 15:00,16.068
2023-09-25 16:00,0
2023-09-25 17:00,0
2023-09-25 18:00,0
2023-09-25 19:00,0
2023-09-25 20:00,0
2023-09-25 21:00,0
2023-09-25 22:00,0
2023-09-25 23:00,0
2023-09-26 00:00,0
2023-09-26 01:00,0
2023-09-26 02:00,0
2023-09-26 03:00,0
2023-09-26 04:00,0
2023-09-26 05:00,8.429
2023-09-26 06:00,42.435
2023-09-26 07:00,80.851
2023-09-26 08:00,142.807
2023-09-26 09:00,234.915
2023-09-26 10:00,312.824
2023-09-26 11:00,338.038
2023-09-26 12:00,347.168
2023-09-26 13:00,321.020
2023-09-26 14:00,185.125
2023-09-26 15:00,42.183
2023-09-26 16:00,0
2023-09-26 17:00,0
2023-09-26 18:00,0
2023-09-26 19:00,0
2023-09-26 20:00,0
2023-09-26 21:00,0
2023-09-26 22:00,0
2023-09-26 23:00,0
2023-09-27 00:00,0
2023-09-27 01:00,0
2023-09-27 02:00,0
2023-09-27 03:00,0
2023-09-27 04:00,0
2023-09-27 05:00,0
2023-09-27 06:00,19.578
2023-09-27 07:00,57.599
2023-09-27 08:00,418.234
2023-09-27 09:00,519.604
2023-09-27 10:00,498.508
2023-09-27 11:00,440.235
2023-09-27 12:00,339.256
2023-09-27 13:00,267.027
2023-09-27 14:00,143.608
2023-09-27 15:00,42.062
2023-09-27 16:00,0
2023-09-27 17:00,0
2023-09-27 18:00,0
2023-09-27 19:00,0
2023-09-27 20:00,0
2023-09-27 21:00,0
2023-09-27 22:00,0
2023-09-27 23:00,0
2023-09-28 00:00,0
2023-09-28 01:00,0
2023-09-28 02:00,0
2023-09-28 03:00,0
2023-09-28 04:00,0
2023-09-28 05:00,22.134
2023-09-28 06:00,144.879
2023-09-28 07:00,208.574
2023-09-28 08:00,239.322
2023-09-28 09:00,290.884
2023-09-28 10:00,328.753
2023-09-28 11:00,405.620
2023-09-28 12:00,359.376
2023-09-28 13:00,216.151
2023-09-28 14:00,99.237
2023-09-28 15:00,27.068
2023-09-28 16:00,0
2023-09-28 17:00,0
2023-09-28 18:00,0
2023-09-28 19:00,0
2023-09-28 20:00,0
2023-09-28 21:00,0
2023-09-28 22:00,0
2023-09-28 23:00,0
2023-09-29 00:00,0
2023-09-29 01:00,0
2023-09-29 02:00,0
2023-09-29 03:00,0
2023-09-29 04:00,0
2023-09-29 05:00,0
2023-09-29 06:00,5.156
2023-09-29 07:00,25.673
2023-09-29 08:00,41.914
2023-09-29 09:00,64.699
2023-09-29 10:00,116.161
2023-09-29 11:00,189.817
2023-09-29 12:00,139.623
2023-09-29 13:00,44.316
2023-09-29 14:00,59.110
2023-09-29 15:00,42.729
2023-09-29 16:00,0
2023-09-29 17:00,0
2023-09-29 18:00,0
2023-09-29 19:00,0
2023-09-29 20:00,0
2023-09-29 21:00,0
2023-09-29 22:00,0
2023-09-29 23:00,0
2023-09-30 00:00,0
2023-09-30 01:00,0
2023-09-30 02:00,0
2023-09-30 03:00,0
2023-09-30 04:00,0
2023-09-30 05:00,11.424
2023-09-30 06:00,145.229
2023-09-30 07:00,310.930
2023-09-30 08:00,447.234
2023-09-30 09:00,519.830
2023-09-30 10:00,558.804
2023-09-30 11:00,500.079
2023-09-30 12:00,312.067
2023-09-30 13:00,176.551
2023-09-30 14:00,70.281
2023-09-30 15:00,20.357
2023-09-30 16:00,0
2023-09-30 17:00,0
2023-09-30 18:00,0
2023-09-30 19:00,0
2023-09-30 20:00,0
2023-09-30 21:00,0
2023-09-30 22:00,0
2023-09-30 23:00,0
2023-10-01 00:00,0
2023-10-01 01:00,0
2023-10-01 02:00,0
2023-10-01 03:00,0
2023-10-01 04:00,0
2023-10-01 05:00,14.250
2023-10-01 06:00,135.115
2023-10-01 07:00,314.399
2023-10-01 08:00,465.290
2023-10-01 09:00,545.219
2023-10-01 10:00,590.038
2023-10-01 11:00,582.251
2023-10-01 12:00,516.975
2023-10-01 13:00,407.964
2023-10-01 14:00,254.925
2023-10-01 15:00,87.846
2023-10-01 16:00,0
2023-10-01 17:00,0
2023-10-01 18:00,0
2023-10-01 19:00,0
2023-10-01 20:00,0
2023-10-01 21:00,0
2023-10-01 22:00,0
2023-10-01 23:00,0
2023-10-02 00:00,0
2023-10-02 01:00,0
2023-10-02 02:00,0
2023-10-02 03:00,0
2023-10-02 04:00,0
2023-10-02 05:00,1.510
2023-10-02 06:00,54.248
2023-10-02 07:00,77.359
2023-10-02 08:00,54.325
2023-10-02 09:00,75.047
2023-10-02 10:00,172.100
2023-10-02 11:00,322.827
2023-10-02 12:00,287.493
2023-10-02 13:00,183.301
2023-10-02 14:00,99.411
2023-10-02 15:00,27.230
2023-10-02 16:00,0
2023-10-02 17:00,0
2023-10-02 18:00,0
2023-10-02 19:00,0
2023-10-02 20:00,0
2023-10-02 21:00,0
2023-10-02 22:00,0
2023-10-02 23:00,0
2023-10-03 00:00,0
2023-10-03 01:00,0
2023-10-03 02:00,0
2023-10-03 03:00,0
2023-10-03 04:00,0
2023-10-03 05:00,0
2023-10-03 06:00,13.274
2023-10-03 07:00,45.321
2023-10-03 08:00,59.924
2023-10-03 09:00,76.976
2023-10-03 10:00,114.578
2023-10-03 11:00,123.251
2023-10-03 12:00,48.395
2023-10-03 13:00,21.642
2023-10-03 14:00,11.618
2023-10-03 15:00,0
2023-10-03 16:00,0
2023-10-03 17:00,0
2023-10-03 18:00,0
2023-10-03 19:00,0
2023-10-03 20:00,0
2023-10-03 21:00,0
2023-10-03 22:00,0
2023-10-03 23:00,0
2023-10-04 00:00,0
2023-10-04 01:00,0
2023-10-04 02:00,0
2023-10-04 03:00,0
2023-10-04 04:00,0
2023-10-04 05:00,5.863
2023-10-04 06:00,108.405
2023-10-04 07:00,258.492
2023-10-04 08:00,373.709
2023-10-04 09:00,371.516
2023-10-04 10:00,372.214
2023-10-04 11:00,501.109
2023-10-04 12:00,498.814
2023-10-04 13:00,405.162
2023-10-04 14:00,232.720
2023-10-04 15:00,70.252
2023-10-04 16:00,0
2023-10-04 17:00,0
2023-10-04 18:00,0
2023-10-04 19:00,0
2023-10-04 20:00,0
2023-10-04 21:00,0
2023-10-04 22:00,0
2023-10-04 23:00,0
2023-10-05 00:00,0
2023-10-05 01:00,0
2023-10-05 02:00,0
2023-10-05 03:00,0
2023-10-05 04:00,0
2023-10-05 05:00,0
2023-10-05 06:00,12.078
2023-10-05 07:00,52.783
2023-10-05 08:00,94.967
2023-10-05 09:00,145.161
2023-10-05 10:00,186.903
2023-10-05 11:00,234.776
2023-10-05 12:00,251.791
2023-10-05 13:00,297.588
2023-10-05 14:00,205.511
2023-10-05 15:00,70.064
2023-10-05 16:00,0
2023-10-05 17:00,0
2023-10-05 18:00,0
2023-10-05 19:00,0
2023-10-05 20:00,0
2023-10-05 21:00,0
2023-10-05 22:00,0
2023-10-05 23:00,0
2023-10-06 00:00,0
2023-10-06 01:00,0
2023-10-06 02:00,0
2023-10-06 03:00,0
2023-10-06 04:00,0
2023-10-06 05:00,0
2023-10-06 06:00,29.985
2023-10-06 07:00,67.061
2023-10-06 08:00,114.821
2023-10-06 09:00,91.117
2023-10-06 10:00,86.584
2023-10-06 11:00,83.321
2023-10-06 12:00,55.679
2023-10-06 13:00,10.530
2023-10-06 14:00,0.605
2023-10-06 15:00,0
2023-10-06 16:00,0
2023-10-06 17:00,0
2023-10-06 18:00,0
2023-10-06 19:00,0
2023-10-06 20:00,0
2023-10-06 21:00,0
2023-10-06 22:00,0
2023-10-06 23:00,0
2023-10-07 00:00,0
2023-10-07 01:00,0
2023-10-07 02:00,0
2023-10-07 03:00,0
2023-10-07 04:00,0
2023-10-07 05:00,2.113
2023-10-07 06:00,153.735
2023-10-07 07:00,348.968
2023-10-07 08:00,501.809
2023-10-07 09:00,602.737
2023-10-07 10:00,649.835
2023-10-07 11:00,637.120
2023-10-07 12:00,565.392
2023-10-07 13:00,449.050
2023-10-07 14:00,272.391
2023-10-07 15:00,84.792
2023-10-07 16:00,0
2023-10-07 17:00,0
2023-10-07 18:00,0
2023-10-07 19:00,0
2023-10-07 20:00,0
2023-10-07 21:00,0
2023-10-07 22:00,0
2023-10-07 23:00,0
2023-10-08 00:00,0
2023-10-08 01:00,0
2023-10-08 02:00,0
2023-10-08 03:00,0
2023-10-08 04:00,0
2023-10-08 05:00,0.212
2023-10-08 06:00,115.171
2023-10-08 07:00,286.028
2023-10-08 08:00,439.382
2023-10-08 09:00,539.093
2023-10-08 10:00,594.697
2023-10-08 11:00,596.000
2023-10-08 12:00,536.971
2023-10-08 13:00,430.182
2023-10-08 14:00,271.174
2023-10-08 15:00,87.148
2023-10-08 16:00,0
2023-10-08 17:00,0
2023-10-08 18:00,0
2023-10-08 19:00,0
2023-10-08 20:00,0
2023-10-08 21:00,0
2023-10-08 22:00,0
2023-10-08 23:00,0
2023-10-09 00:00,0
2023-10-09 01:00,0
2023-10-09 02:00,0
2023-10-09 03:00,0
2023-10-09 04:00,0
2023-10-09 05:00,0
2023-10-09 06:00,121.035
2023-10-09 07:00,348.761
2023-10-09 08:00,501.646
2023-10-09 09:00,595.270
2023-10-09 10:00,624.482
2023-10-09 11:00,594.102
2023-10-09 12:00,473.676
2023-10-09 13:00,252.483
2023-10-09 14:00,126.183
2023-10-09 15:00,40.376
2023-10-09 16:00,0
2023-10-09 17:00,0
2023-10-09 18:00,0
2023-10-09 19:00,0
2023-10-09 20:00,0
2023-10-09 21:00,0
2023-10-09 22:00,0
2023-10-09 23:00,0
2023-10-10 00:00,0
2023-10-10 01:00,0
2023-10-10 02:00,0
2023-10-10 03:00,0
2023-10-10 04:00,0
2023-10-10 05:00,0
2023-10-10 06:00,46.731
2023-10-10 07:00,269.308
2023-10-10 08:00,419.821
2023-10-10 09:00,539.377
2023-10-10 10:00,606.215
2023-10-10 11:00,599.047
2023-10-10 12:00,519.745
2023-10-10 13:00,312.553
2023-10-10 14:00,151.458
2023-10-10 15:00,29.868
2023-10-10 16:00,0
2023-10-10 17:00,0
2023-10-10 18:00,0
2023-10-10 19:00,0
2023-10-10 20:00,0
2023-10-10 21:00,0
2023-10-10 22:00,0
2023-10-10 23:00,0
2023-10-11 00:00,0
2023-10-11 01:00,0
2023-10-11 02:00,0
2023-10-11 03:00,0
2023-10-11 04:00,0
2023-10-11 05:00,0
2023-10-11 06:00,16.387
2023-10-11 07:00,39.331
2023-10-11 08:00,93.874
2023-10-11 09:00,209.861
2023-10-11 10:00,235.213
2023-10-11 11:00,113.446
2023-10-11 12:00,168.409
2023-10-11 13:00,300.438
2023-10-11 14:00,209.486
2023-10-11 15:00,51.028
2023-10-11 16:00,0
2023-10-11 17:00,0
2023-10-11 18:00,0
2023-10-11 19:00,0
2023-10-11 20:00,0
2023-10-11 21:00,0
2023-10-11 22:00,0
2023-10-11 23:00,0
2023-10-12 00:00,0
2023-10-12 01:00,0
2023-10-12 02:00,0
2023-10-12 03:00,0
2023-10-12 04:00,0
2023-10-12 05:00,0
2023-10-12 06:00,114.298
2023-10-12 07:00,313.856
2023-10-12 08:00,464.853
2023-10-12 09:00,559.463
2023-10-12 10:00,597.603
2023-10-12 11:00,580.863
2023-10-12 12:00,519.781
2023-10-12 13:00,409.990
2023-10-12 14:00,238.058
2023-10-12 15:00,47.524
2023-10-12 16:00,0
2023-10-12 17:00,0
2023-10-12 18:00,0
2023-10-12 19:00,0
2023-10-12 20:00,0
2023-10-12 21:00,0
2023-10-12 22:00,0
2023-10-12 23:00,0
2023-10-13 00:00,0
2023-10-13 01:00,0
2023-10-13 02:00,0
2023-10-13 03:00,0
2023-10-13 04:00,0
2023-10-13 05:00,0
2023-10-13 06:00,40.649
2023-10-13 07:00,225.556
2023-10-13 08:00,331.279
2023-10-13 09:00,359.571
2023-10-13 10:00,336.777
2023-10-13 11:00,226.305
2023-10-13 12:00,106.534
2023-10-13 13:00,36.324
2023-10-13 14:00,9.337
2023-10-13 15:00,0
2023-10-13 16:00,0
2023-10-13 17:00,0
2023-10-13 18:00,0
2023-10-13 19:00,0
2023-10-13 20:00,0
2023-10-13 21:00,0
2023-10-13 22:00,0
2023-10-13 23:00,0
2023-10-14 00:00,0
2023-10-14 01:00,0
2023-10-14 02:00,0
2023-10-14 03:00,0
2023-10-14 04:00,0
2023-10-14 05:00,0
2023-10-14 06:00,95.427
2023-10-14 07:00,292.049
2023-10-14 08:00,443.413
2023-10-14 09:00,503.772
2023-10-14 10:00,481.427
2023-10-14 11:00,338.090
2023-10-14 12:00,254.827
2023-10-14 13:00,161.229
2023-10-14 14:00,37.420
2023-10-14 15:00,0
2023-10-14 16:00,0
2023-10-14 17:00,0
2023-10-14 18:00,0
2023-10-14 19:00,0
2023-10-14 20:00,0
2023-10-14 21:00,0
2023-10-14 22:00,0
2023-10-14 23:00,0
2023-10-15 00:00,0
2023-10-15 01:00,0
2023-10-15 02:00,0
2023-10-15 03:00,0
2023-10-15 04:00,0
2023-10-15 05:00,0
2023-10-15 06:00,68.531
2023-10-15 07:00,247.102
2023-10-15 08:00,405.891
2023-10-15 09:00,529.915
2023-10-15 10:00,580.017
2023-10-15 11:00,557.074
2023-10-15 12:00,469.622
2023-10-15 13:00,338.080
2023-10-15 14:00,155.086
2023-10-15 15:00,19.726
2023-10-15 16:00,0
2023-10-15 17:00,0
2023-10-15 18:00,0
2023-10-15 19:00,0
2023-10-15 20:00,0
2023-10-15 21:00,0
2023-10-15 22:00,0
2023-10-15 23:00,0
2023-10-16 00:00,0
2023-10-16 01:00,0
2023-10-16 02:00,0
2023-10-16 03:00,0
2023-10-16 04:00,0
2023-10-16 05:00,0
2023-10-16 06:00,83.230
2023-10-16 07:00,286.270
2023-10-16 08:00,446.285
2023-10-16 09:00,559.350
2023-10-16 10:00,613.491
2023-10-16 11:00,603.683
2023-10-16 12:00,536.326
2023-10-16 13:00,407.846
2023-10-16 14:00,230.392
2023-10-16 15:00,30.746
2023-10-16 16:00,0
2023-10-16 17:00,0
2023-10-16 18:00,0
2023-10-16 19:00,0
2023-10-16 20:00,0
2023-10-16 21:00,0
2023-10-16 22:00,0
2023-10-16 23:00,0
2023-10-17 00:00,0
2023-10-17 01:00,0
2023-10-17 02:00,0
2023-10-17 03:00,0
2023-10-17 04:00,0
2023-10-17 05:00,0
2023-10-17 06:00,3.849
2023-10-17 07:00,39.868
2023-10-17 08:00,76.005
2023-10-17 09:00,95.860
2023-10-17 10:00,146.716
2023-10-17 11:00,173.168
2023-10-17 12:00,104.193
2023-10-17 13:00,34.509
2023-10-17 14:00,2.570
2023-10-17 15:00,0
2023-10-17 16:00,0
2023-10-17 17:00,0
2023-10-17 18:00,0
2023-10-17 19:00,0
2023-10-17 20:00,0
2023-10-17 21:00,0
2023-10-17 22:00,0
2023-10-17 23:00,0
2023-10-18 00:00,0
2023-10-18 01:00,0
2023-10-18 02:00,0
2023-10-18 03:00,0
2023-10-18 04:00,0
2023-10-18 05:00,0
2023-10-18 06:00,4.310
2023-10-18 07:00,105.604
2023-10-18 08:00,320.955
2023-10-18 09:00,508.529
2023-10-18 10:00,572.541
2023-10-18 11:00,560.481
2023-10-18 12:00,480.892
2023-10-18 13:00,321.379
2023-10-18 14:00,110.047
2023-10-18 15:00,2.568
2023-10-18 16:00,0
2023-10-18 17:00,0
2023-10-18 18:00,0
2023-10-18 19:00,0
2023-10-18 20:00,0
2023-10-18 21:00,0
2023-10-18 22:00,0
2023-10-18 23:00,0
2023-10-19 00:00,0
2023-10-19 01:00,0
2023-10-19 02:00,0
2023-10-19 03:00,0
2023-10-19 04:00,0
2023-10-19 05:00,0
2023-10-19 06:00,12.384
2023-10-19 07:00,60.121
2023-10-19 08:00,107.556
2023-10-19 09:00,195.800
2023-10-19 10:00,265.142
2023-10-19 11:00,285.754
2023-10-19 12:00,244.997
2023-10-19 13:00,162.282
2023-10-19 14:00,79.840
2023-10-19 15:00,0
2023-10-19 16:00,0
2023-10-19 17:00,0
2023-10-19 18:00,0
2023-10-19 19:00,0
2023-10-19 20:00,0
2023-10-19 21:00,0
2023-10-19 22:00,0
2023-10-19 23:00,0
2023-10-20 00:00,0
2023-10-20 01:00,0
2023-10-20 02:00,0
2023-10-20 03:00,0
2023-10-20 04:00,0
2023-10-20 05:00,0
2023-10-20 06:00,5.038
2023-10-20 07:00,63.790
2023-10-20 08:00,119.175
2023-10-20 09:00,171.311
2023-10-20 10:00,206.896
2023-10-20 11:00,242.832
2023-10-20 12:00,198.064
2023-10-20 13:00,140.770
2023-10-20 14:00,61.159
2023-10-20 15:00,0
2023-10-20 16:00,0
2023-10-20 17:00,0
2023-10-20 18:00,0
2023-10-20 19:00,0
2023-10-20 20:00,0
2023-10-20 21:00,0
2023-10-20 22:00,0
2023-10-20 23:00,0
2023-10-21 00:00,0
2023-10-21 01:00,0
2023-10-21 02:00,0
2023-10-21 03:00,0
2023-10-21 04:00,0
2023-10-21 05:00,0
2023-10-21 06:00,0
2023-10-21 07:00,13.985
2023-10-21 08:00,32.180
2023-10-21 09:00,43.662
2023-10-21 10:00,81.170
2023-10-21 11:00,65.943
2023-10-21 12:00,23.336
2023-10-21 13:00,8.918
2023-10-21 14:00,0
2023-10-21 15:00,0
2023-10-21 16:00,0
2023-10-21 17:00,0
2023-10-21 18:00,0
2023-10-21 19:00,0
2023-10-21 20:00,0
2023-10-21 21:00,0
2023-10-21 22:00,0
2023-10-21 23:00,0
2023-10-22 00:00,0
2023-10-22 01:00,0
2023-10-22 02:00,0
2023-10-22 03:00,0
2023-10-22 04:00,0
2023-10-22 05:00,0
2023-10-22 06:00,0
2023-10-22 07:00,5.094
2023-10-22 08:00,23.253
2023-10-22 09:00,36.905
2023-10-22 10:00,58.296
2023-10-22 11:00,79.283
2023-10-22 12:00,77.167
2023-10-22 13:00,63.308
2023-10-22 14:00,28.088
2023-10-22 15:00,0
2023-10-22 16:00,0
2023-10-22 17:00,0
2023-10-22 18:00,0
2023-10-22 19:00,0
2023-10-22 20:00,0
2023-10-22 21:00,0
2023-10-22 22:00,0
2023-10-22 23:00,0
2023-10-23 00:00,0
2023-10-23 01:00,0
2023-10-23 02:00,0
2023-10-23 03:00,0
2023-10-23 04:00,0
2023-10-23 05:00,0
2023-10-23 06:00,0.578
2023-10-23 07:00,39.987
2023-10-23 08:00,127.177
2023-10-23 09:00,169.177
2023-10-23 10:00,164.958
2023-10-23 11:00,156.678
2023-10-23 12:00,127.989
2023-10-23 13:00,77.590
2023-10-23 14:00,26.319
2023-10-23 15:00,0
2023-10-23 16:00,0
2023-10-23 17:00,0
2023-10-23 18:00,0
2023-10-23 19:00,0
2023-10-23 20:00,0
2023-10-23 21:00,0
2023-10-23 22:00,0
2023-10-23 23:00,0
2023-10-24 00:00,0
2023-10-24 01:00,0
2023-10-24 02:00,0
2023-10-24 03:00,0
2023-10-24 04:00,0
2023-10-24 05:00,0
2023-10-24 06:00,12.731
2023-10-24 07:00,97.529
2023-10-24 08:00,343.441
2023-10-24 09:00,455.629
2023-10-24 10:00,520.422
2023-10-24 11:00,525.891
2023-10-24 12:00,449.771
2023-10-24 13:00,296.687
2023-10-24 14:00,96.515
2023-10-24 15:00,0
2023-10-24 16:00,0
2023-10-24 17:00,0
2023-10-24 18:00,0
2023-10-24 19:00,0
2023-10-24 20:00,0
2023-10-24 21:00,0
2023-10-24 22:00,0
2023-10-24 23:00,0
2023-10-25 00:00,0
2023-10-25 01:00,0
2023-10-25 02:00,0
2023-10-25 03:00,0
2023-10-25 04:00,0
2023-10-25 05:00,0
2023-10-25 06:00,2.530
2023-10-25 07:00,58.581
2023-10-25 08:00,122.097
2023-10-25 09:00,166.324
2023-10-25 10:00,185.913
2023-10-25 11:00,152.771
2023-10-25 12:00,107.098
2023-10-25 13:00,60.470
2023-10-25 14:00,17.872
2023-10-25 15:00,0
2023-10-25 16:00,0
2023-10-25 17:00,0
2023-10-25 18:00,0
2023-10-25 19:00,0
2023-10-25 20:00,0
2023-10-25 21:00,0
2023-10-25 22:00,0
2023-10-25 23:00,0
2023-10-26 00:00,0
2023-10-26 01:00,0
2023-10-26 02:00,0
2023-10-26 03:00,0
2023-10-26 04:00,0
2023-10-26 05:00,0
2023-10-26 06:00,0
2023-10-26 07:00,4.589
2023-10-26 08:00,23.428
2023-10-26 09:00,45.305
2023-10-26 10:00,61.755
2023-10-26 11:00,68.397
2023-10-26 12:00,54.422
2023-10-26 13:00,32.829
2023-10-26 14:00,7.088
2023-10-26 15:00,0
2023-10-26 16:00,0
2023-10-26 17:00,0
2023-10-26 18:00,0
2023-10-26 19:00,0
2023-10-26 20:00,0
2023-10-26 21:00,0
2023-10-26 22:00,0
2023-10-26 23:00,0
2023-10-27 00:00,0
2023-10-27 01:00,0
2023-10-27 02:00,0
2023-10-27 03:00,0
2023-10-27 04:00,0
2023-10-27 05:00,0
2023-10-27 06:00,0
2023-10-27 07:00,19.184
2023-10-27 08:00,53.923
2023-10-27 09:00,78.991
2023-10-27 10:00,77.849
2023-10-27 11:00,91.801
2023-10-27 12:00,63.736
2023-10-27 13:00,50.873
2023-10-27 14:00,14.525
2023-10-27 15:00,0
2023-10-27 16:00,0
2023-10-27 17:00,0
2023-10-27 18:00,0
2023-10-27 19:00,0
2023-10-27 20:00,0
2023-10-27 21:00,0
2023-10-27 22:00,0
2023-10-27 23:00,0
2023-10-28 00:00,0
2023-10-28 01:00,0
2023-10-28 02:00,0
2023-10-28 03:00,0
2023-10-28 04:00,0
2023-10-28 05:00,0
2023-10-28 06:00,3.661
2023-10-28 07:00,66.123
2023-10-28 08:00,295.551
2023-10-28 09:00,383.436
2023-10-28 10:00,385.551
2023-10-28 11:00,359.860
2023-10-28 12:00,243.526
2023-10-28 13:00,111.300
2023-10-28 14:00,57.128
2023-10-28 15:00,0
2023-10-28 16:00,0
2023-10-28 17:00,0
2023-10-28 18:00,0
2023-10-28 19:00,0
2023-10-28 20:00,0
2023-10-28 21:00,0
2023-10-28 22:00,0
2023-10-28 23:00,0
2023-10-29 00:00,0
2023-10-29 01:00,0
2023-10-29 02:00,0
2023-10-29 03:00,0
2023-10-29 04:00,0
2023-10-29 05:00,0
2023-10-29 06:00,4.066
2023-10-29 07:00,102.875
2023-10-29 08:00,285.297
2023-10-29 09:00,468.150
2023-10-29 10:00,518.993
2023-10-29 11:00,471.749
2023-10-29 12:00,323.877
2023-10-29 13:00,111.714
2023-10-29 14:00,21.799
2023-10-29 15:00,0
2023-10-29 16:00,0
2023-10-29 17:00,0
2023-10-29 18:00,0
2023-10-29 19:00,0
2023-10-29 20:00,0
2023-10-29 21:00,0
2023-10-29 22:00,0
2023-10-29 23:00,0
2023-10-30 00:00,0
2023-10-30 01:00,0
2023-10-30 02:00,0
2023-10-30 03:00,0
2023-10-30 04:00,0
2023-10-30 05:00,0
2023-10-30 06:00,0
2023-10-30 07:00,15.827
2023-10-30 08:00,56.024
2023-10-30 09:00,79.771
2023-10-30 10:00,74.268
2023-10-30 11:00,56.023
2023-10-30 12:00,27.363
2023-10-30 13:00,7.233
2023-10-30 14:00,0
2023-10-30 15:00,0
2023-10-30 16:00,0
2023-10-30 17:00,0
2023-10-30 18:00,0
2023-10-30 19:00,0
2023-10-30 20:00,0
2023-10-30 21:00,0
2023-10-30 22:00,0
2023-10-30 23:00,0
2023-10-31 00:00,0
2023-10-31 01:00,0
2023-10-31 02:00,0
2023-10-31 03:00,0
2023-10-31 04:00,0
2023-10-31 05:00,0
2023-10-31 06:00,0
2023-10-31 07:00,0
2023-10-31 08:00,3.849
2023-10-31 09:00,8.258
2023-10-31 10:00,10.255
2023-10-31 11:00,9.746
2023-10-31 12:00,4.697
2023-10-31 13:00,0
2023-10-31 14:00,0
2023-10-31 15:00,0
2023-10-31 16:00,0
2023-10-31 17:00,0
2023-10-31 18:00,0
2023-10-31 19:00,0
2023-10-31 20:00,0
2023-10-31 21:00,0
2023-10-31 22:00,0
2023-10-31 23:00,0
2023-11-01 00:00,0
2023-11-01 01:00,0
2023-11-01 02:00,0
2023-11-01 03:00,0
2023-11-01 04:00,0
2023-11-01 05:00,0
2023-11-01 06:00,0
2023-11-01 07:00,14.887
2023-11-01 08:00,48.062
2023-11-01 09:00,108.001
2023-11-01 10:00,134.544
2023-11-01 11:00,100.346
2023-11-01 12:00,77.937
2023-11-01 13:00,55.944
2023-11-01 14:00,13.704
2023-11-01 15:00,0
2023-11-01 16:00,0
2023-11-01 17:00,0
2023-11-01 18:00,0
2023-11-01 19:00,0
2023-11-01 20:00,0
2023-11-01 21:00,0
2023-11-01 22:00,0
2023-11-01 23:00,0
2023-11-02 00:00,0
2023-11-02 01:00,0
2023-11-02 02:00,0
2023-11-02 03:00,0
2023-11-02 04:00,0
2023-11-02 05:00,0
2023-11-02 06:00,0
2023-11-02 07:00,0
2023-11-02 08:00,4.102
2023-11-02 09:00,12.173
2023-11-02 10:00,13.867
2023-11-02 11:00,5.905
2023-11-02 12:00,0.232
2023-11-02 13:00,0
2023-11-02 14:00,0
2023-11-02 15:00,0
2023-11-02 16:00,0
2023-11-02 17:00,0
2023-11-02 18:00,0
2023-11-02 19:00,0
2023-11-02 20:00,0
2023-11-02 21:00,0
2023-11-02 22:00,0
2023-11-02 23:00,0
2023-11-03 00:00,0
2023-11-03 01:00,0
2023-11-03 02:00,0
2023-11-03 03:00,0
2023-11-03 04:00,0
2023-11-03 05:00,0
2023-11-03 06:00,0
2023-11-03 07:00,0
2023-11-03 08:00,6.783
2023-11-03 09:00,13.501
2023-11-03 10:00,18.820
2023-11-03 11:00,8.053
2023-11-03 12:00,2.639
2023-11-03 13:00,0
2023-11-03 14:00,0
2023-11-03 15:00,0
2023-11-03 16:00,0
2023-11-03 17:00,0
2023-11-03 18:00,0
2023-11-03 19:00,0
2023-11-03 20:00,0
2023-11-03 21:00,0
2023-11-03 22:00,0
2023-11-03 23:00,0
2023-11-04 00:00,0
2023-11-04 01:00,0
2023-11-04 02:00,0
2023-11-04 03:00,0
2023-11-04 04:00,0
2023-11-04 05:00,0
2023-11-04 06:00,0
2023-11-04 07:00,0
2023-11-04 08:00,0.765
2023-11-04 09:00,26.696
2023-11-04 10:00,87.105
2023-11-04 11:00,137.574
2023-11-04 12:00,88.703
2023-11-04 13:00,49.098
2023-11-04 14:00,3.263
2023-11-04 15:00,0
2023-11-04 16:00,0
2023-11-04 17:00,0
2023-11-04 18:00,0
2023-11-04 19:00,0
2023-11-04 20:00,0
2023-11-04 21:00,0
2023-11-04 22:00,0
2023-11-04 23:00,0
2023-11-05 00:00,0
2023-11-05 01:00,0
2023-11-05 02:00,0
2023-11-05 03:00,0
2023-11-05 04:00,0
2023-11-05 05:00,0
2023-11-05 06:00,0
2023-11-05 07:00,43.077
2023-11-05 08:00,79.783
2023-11-05 09:00,93.421
2023-11-05 10:00,85.471
2023-11-05 11:00,68.232
2023-11-05 12:00,55.751
2023-11-05 13:00,30.592
2023-11-05 14:00,0
2023-11-05 15:00,0
2023-11-05 16:00,0
2023-11-05 17:00,0
2023-11-05 18:00,0
2023-11-05 19:00,0
2023-11-05 20:00,0
2023-11-05 21:00,0
2023-11-05 22:00,0
2023-11-05 23:00,0
2023-11-06 00:00,0
2023-11-06 01:00,0
2023-11-06 02:00,0
2023-11-06 03:00,0
2023-11-06 04:00,0
2023-11-06 05:00,0
2023-11-06 06:00,0
2023-11-06 07:00,3.714
2023-11-06 08:00,29.693
2023-11-06 09:00,60.736
2023-11-06 10:00,75.429
2023-11-06 11:00,69.516
2023-11-06 12:00,53.078
2023-11-06 13:00,22.698
2023-11-06 14:00,0
2023-11-06 15:00,0
2023-11-06 16:00,0
2023-11-06 17:00,0
2023-11-06 18:00,0
2023-11-06 19:00,0
2023-11-06 20:00,0
2023-11-06 21:00,0
2023-11-06 22:00,0
2023-11-06 23:00,0
2023-11-07 00:00,0
2023-11-07 01:00,0
2023-11-07 02:00,0
2023-11-07 03:00,0
2023-11-07 04:00,0
2023-11-07 05:00,0
2023-11-07 06:00,0
2023-11-07 07:00,0
2023-11-07 08:00,7.560
2023-11-07 09:00,18.471
2023-11-07 10:00,31.507
2023-11-07 11:00,35.335
2023-11-07 12:00,32.628
2023-11-07 13:00,20.954
2023-11-07 14:00,0
2023-11-07 15:00,0
2023-11-07 16:00,0
2023-11-07 17:00,0
2023-11-07 18:00,0
2023-11-07 19:00,0
2023-11-07 20:00,0
2023-11-07 21:00,0
2023-11-07 22:00,0
2023-11-07 23:00,0
2023-11-08 00:00,0
2023-11-08 01:00,0
2023-11-08 02:00,0
2023-11-08 03:00,0
2023-11-08 04:00,0
2023-11-08 05:00,0
2023-11-08 06:00,0
2023-11-08 07:00,0
2023-11-08 08:00,17.090
2023-11-08 09:00,40.622
2023-11-08 10:00,46.044
2023-11-08 11:00,32.924
2023-11-08 12:00,14.384
2023-11-08 13:00,1.600
2023-11-08 14:00,0
2023-11-08 15:00,0
2023-11-08 16:00,0
2023-11-08 17:00,0
2023-11-08 18:00,0
2023-11-08 19:00,0
2023-11-08 20:00,0
2023-11-08 21:00,0
2023-11-08 22:00,0
2023-11-08 23:00,0
2023-11-09 00:00,0
2023-11-09 01:00,0
2023-11-09 02:00,0
2023-11-09 03:00,0
2023-11-09 04:00,0
2023-11-09 05:00,0
2023-11-09 06:00,0
2023-11-09 07:00,3.200
2023-11-09 08:00,31.245
2023-11-09 09:00,50.333
2023-11-09 10:00,33.882
2023-11-09 11:00,30.139
2023-11-09 12:00,24.698
2023-11-09 13:00,6.979
2023-11-09 14:00,0
2023-11-09 15:00,0
2023-11-09 16:00,0
2023-11-09 17:00,0
2023-11-09 18:00,0
2023-11-09 19:00,0
2023-11-09 20:00,0
2023-11-09 21:00,0
2023-11-09 22:00,0
2023-11-09 23:00,0
2023-11-10 00:00,0
2023-11-10 01:00,0
2023-11-10 02:00,0
2023-11-10 03:00,0
2023-11-10 04:00,0
2023-11-10 05:00,0
2023-11-10 06:00,0
2023-11-10 07:00,0
2023-11-10 08:00,1.476
2023-11-10 09:00,14.325
2023-11-10 10:00,53.738
2023-11-10 11:00,76.150
2023-11-10 12:00,33.322
2023-11-10 13:00,10.337
2023-11-10 14:00,0
2023-11-10 15:00,0
2023-11-10 16:00,0
2023-11-10 17:00,0
2023-11-10 18:00,0
2023-11-10 19:00,0
2023-11-10 20:00,0
2023-11-10 21:00,0
2023-11-10 22:00,0
2023-11-10 23:00,0
2023-11-11 00:00,0
2023-11-11 01:00,0
2023-11-11 02:00,0
2023-11-11 03:00,0
2023-11-11 04:00,0
2023-11-11 05:00,0
2023-11-11 06:00,0
2023-11-11 07:00,1.627
2023-11-11 08:00,36.235
2023-11-11 09:00,69.410
2023-11-11 10:00,100.058
2023-11-11 11:00,107.264
2023-11-11 12:00,71.640
2023-11-11 13:00,26.770
2023-11-11 14:00,0
2023-11-11 15:00,0
2023-11-11 16:00,0
2023-11-11 17:00,0
2023-11-11 18:00,0
2023-11-11 19:00,0
2023-11-11 20:00,0
2023-11-11 21:00,0
2023-11-11 22:00,0
2023-11-11 23:00,0
2023-11-12 00:00,0
2023-11-12 01:00,0
2023-11-12 02:00,0
2023-11-12 03:00,0
2023-11-12 04:00,0
2023-11-12 05:00,0
2023-11-12 06:00,0
2023-11-12 07:00,0
2023-11-12 08:00,11.618
2023-11-12 09:00,29.874
2023-11-12 10:00,36.331
2023-11-12 11:00,32.928
2023-11-12 12:00,19.652
2023-11-12 13:00,3.369
2023-11-12 14:00,0
2023-11-12 15:00,0
2023-11-12 16:00,0
2023-11-12 17:00,0
2023-11-12 18:00,0
2023-11-12 19:00,0
2023-11-12 20:00,0
2023-11-12 21:00,0
2023-11-12 22:00,0
2023-11-12 23:00,0
2023-11-13 00:00,0
2023-11-13 01:00,0
2023-11-13 02:00,0
2023-11-13 03:00,0
2023-11-13 04:00,0
2023-11-13 05:00,0
2023-11-13 06:00,0
2023-11-13 07:00,0
2023-11-13 08:00,21.195
2023-11-13 09:00,45.201
2023-11-13 10:00,53.306
2023-11-13 11:00,40.293
2023-11-13 12:00,26.583
2023-11-13 13:00,9.543
2023-11-13 14:00,0
2023-11-13 15:00,0
2023-11-13 16:00,0
2023-11-13 17:00,0
2023-11-13 18:00,0
2023-11-13 19:00,0
2023-11-13 20:00,0
2023-11-13 21:00,0
2023-11-13 22:00,0
2023-11-13 23:00,0
2023-11-14 00:00,0
2023-11-14 01:00,0
2023-11-14 02:00,0
2023-11-14 03:00,0
2023-11-14 04:00,0
2023-11-14 05:00,0
2023-11-14 06:00,0
2023-11-14 07:00,0
2023-11-14 08:00,33.864
2023-11-14 09:00,89.968
2023-11-14 10:00,122.167
2023-11-14 11:00,94.224
2023-11-14 12:00,63.889
2023-11-14 13:00,25.788
2023-11-14 14:00,0
2023-11-14 15:00,0
2023-11-14 16:00,0
2023-11-14 17:00,0
2023-11-14 18:00,0
2023-11-14 19:00,0
2023-11-14 20:00,0
2023-11-14 21:00,0
2023-11-14 22:00,0
2023-11-14 23:00,0
2023-11-15 00:00,0
2023-11-15 01:00,0
2023-11-15 02:00,0
2023-11-15 03:00,0
2023-11-15 04:00,0
2023-11-15 05:00,0
2023-11-15 06:00,0
2023-11-15 07:00,2.343
2023-11-15 08:00,45.737
2023-11-15 09:00,94.904
2023-11-15 10:00,138.402
2023-11-15 11:00,165.364
2023-11-15 12:00,98.396
2023-11-15 13:00,29.856
2023-11-15 14:00,0
2023-11-15 15:00,0
2023-11-15 16:00,0
2023-11-15 17:00,0
2023-11-15 18:00,0
2023-11-15 19:00,0
2023-11-15 20:00,0
2023-11-15 21:00,0
2023-11-15 22:00,0
2023-11-15 23:00,0
2023-11-16 00:00,0
2023-11-16 01:00,0
2023-11-16 02:00,0
2023-11-16 03:00,0
2023-11-16 04:00,0
2023-11-16 05:00,0
2023-11-16 06:00,0
2023-11-16 07:00,12.078
2023-11-16 08:00,123.922
2023-11-16 09:00,270.406
2023-11-16 10:00,315.376
2023-11-16 11:00,300.212
2023-11-16 12:00,239.484
2023-11-16 13:00,134.079
2023-11-16 14:00,0
2023-11-16 15:00,0
2023-11-16 16:00,0
2023-11-16 17:00,0
2023-11-16 18:00,0
2023-11-16 19:00,0
2023-11-16 20:00,0
2023-11-16 21:00,0
2023-11-16 22:00,0
2023-11-16 23:00,0
2023-11-17 00:00,0
2023-11-17 01:00,0
2023-11-17 02:00,0
2023-11-17 03:00,0
2023-11-17 04:00,0
2023-11-17 05:00,0
2023-11-17 06:00,0
2023-11-17 07:00,4.579
2023-11-17 08:00,62.849
2023-11-17 09:00,125.640
2023-11-17 10:00,171.113
2023-11-17 11:00,187.276
2023-11-17 12:00,187.157
2023-11-17 13:00,101.927
2023-11-17 14:00,0
2023-11-17 15:00,0
2023-11-17 16:00,0
2023-11-17 17:00,0
2023-11-17 18:00,0
2023-11-17 19:00,0
2023-11-17 20:00,0
2023-11-17 21:00,0
2023-11-17 22:00,0
2023-11-17 23:00,0
2023-11-18 00:00,0
2023-11-18 01:00,0
2023-11-18 02:00,0
2023-11-18 03:00,0
2023-11-18 04:00,0
2023-11-18 05:00,0
2023-11-18 06:00,0
2023-11-18 07:00,16.502
2023-11-18 08:00,132.539
2023-11-18 09:00,262.402
2023-11-18 10:00,419.991
2023-11-18 11:00,415.132
2023-11-18 12:00,333.951
2023-11-18 13:00,183.756
2023-11-18 14:00,0
2023-11-18 15:00,0
2023-11-18 16:00,0
2023-11-18 17:00,0
2023-11-18 18:00,0
2023-11-18 19:00,0
2023-11-18 20:00,0
2023-11-18 21:00,0
2023-11-18 22:00,0
2023-11-18 23:00,0
2023-11-19 00:00,0
2023-11-19 01:00,0
2023-11-19 02:00,0
2023-11-19 03:00,0
2023-11-19 04:00,0
2023-11-19 05:00,0
2023-11-19 06:00,0
2023-11-19 07:00,8.279
2023-11-19 08:00,83.958
2023-11-19 09:00,154.442
2023-11-19 10:00,161.851
2023-11-19 11:00,122.051
2023-11-19 12:00,81.817
2023-11-19 13:00,37.175
2023-11-19 14:00,0
2023-11-19 15:00,0
2023-11-19 16:00,0
2023-11-19 17:00,0
2023-11-19 18:00,0
2023-11-19 19:00,0
2023-11-19 20:00,0
2023-11-19 21:00,0
2023-11-19 22:00,0
2023-11-19 23:00,0
2023-11-20 00:00,0
2023-11-20 01:00,0
2023-11-20 02:00,0
2023-11-20 03:00,0
2023-11-20 04:00,0
2023-11-20 05:00,0
2023-11-20 06:00,0
2023-11-20 07:00,5.045
2023-11-20 08:00,83.511
2023-11-20 09:00,164.645
2023-11-20 10:00,203.594
2023-11-20 11:00,203.644
2023-11-20 12:00,183.797
2023-11-20 13:00,82.285
2023-11-20 14:00,0
2023-11-20 15:00,0
2023-11-20 16:00,0
2023-11-20 17:00,0
2023-11-20 18:00,0
2023-11-20 19:00,0
2023-11-20 20:00,0
2023-11-20 21:00,0
2023-11-20 22:00,0
2023-11-20 23:00,0
2023-11-21 00:00,0
2023-11-21 01:00,0
2023-11-21 02:00,0
2023-11-21 03:00,0
2023-11-21 04:00,0
2023-11-21 05:00,0
2023-11-21 06:00,0
2023-11-21 07:00,0
2023-11-21 08:00,24.953
2023-11-21 09:00,56.774
2023-11-21 10:00,65.929
2023-11-21 11:00,84.030
2023-11-21 12:00,94.617
2023-11-21 13:00,50.011
2023-11-21 14:00,0
2023-11-21 15:00,0
2023-11-21 16:00,0
2023-11-21 17:00,0
2023-11-21 18:00,0
2023-11-21 19:00,0
2023-11-21 20:00,0
2023-11-21 21:00,0
2023-11-21 22:00,0
2023-11-21 23:00,0
2023-11-22 00:00,0
2023-11-22 01:00,0
2023-11-22 02:00,0
2023-11-22 03:00,0
2023-11-22 04:00,0
2023-11-22 05:00,0
2023-11-22 06:00,0
2023-11-22 07:00,0
2023-11-22 08:00,13.727
2023-11-22 09:00,23.252
2023-11-22 10:00,26.104
2023-11-22 11:00,22.011
2023-11-22 12:00,5.110
2023-11-22 13:00,0
2023-11-22 14:00,0
2023-11-22 15:00,0
2023-11-22 16:00,0
2023-11-22 17:00,0
2023-11-22 18:00,0
2023-11-22 19:00,0
2023-11-22 20:00,0
2023-11-22 21:00,0
2023-11-22 22:00,0
2023-11-22 23:00,0
2023-11-23 00:00,0
2023-11-23 01:00,0
2023-11-23 02:00,0
2023-11-23 03:00,0
2023-11-23 04:00,0
2023-11-23 05:00,0
2023-11-23 06:00,0
2023-11-23 07:00,0
2023-11-23 08:00,1.074
2023-11-23 09:00,14.446
2023-11-23 10:00,26.092
2023-11-23 11:00,29.478
2023-11-23 12:00,14.814
2023-11-23 13:00,2.382
2023-11-23 14:00,0
2023-11-23 15:00,0
2023-11-23 16:00,0
2023-11-23 17:00,0
2023-11-23 18:00,0
2023-11-23 19:00,0
2023-11-23 20:00,0
2023-11-23 21:00,0
2023-11-23 22:00,0
2023-11-23 23:00,0
2023-11-24 00:00,0
2023-11-24 01:00,0
2023-11-24 02:00,0
2023-11-24 03:00,0
2023-11-24 04:00,0
2023-11-24 05:00,0
2023-11-24 06:00,0
2023-11-24 07:00,0
2023-11-24 08:00,41.848
2023-11-24 09:00,78.134
2023-11-24 10:00,92.661
2023-11-24 11:00,74.609
2023-11-24 12:00,48.253
2023-11-24 13:00,12.493
2023-11-24 14:00,0
2023-11-24 15:00,0
2023-11-24 16:00,0
2023-11-24 17:00,0
2023-11-24 18:00,0
2023-11-24 19:00,0
2023-11-24 20:00,0
2023-11-24 21:00,0
2023-11-24 22:00,0
2023-11-24 23:00,0
2023-11-25 00:00,0
2023-11-25 01:00,0
2023-11-25 02:00,0
2023-11-25 03:00,0
2023-11-25 04:00,0
2023-11-25 05:00,0
2023-11-25 06:00,0
2023-11-25 07:00,0
2023-11-25 08:00,16.244
2023-11-25 09:00,36.592
2023-11-25 10:00,51.501
2023-11-25 11:00,39.392
2023-11-25 12:00,25.108
2023-11-25 13:00,1.649
2023-11-25 14:00,0
2023-11-25 15:00,0
2023-11-25 16:00,0
2023-11-25 17:00,0
2023-11-25 18:00,0
2023-11-25 19:00,0
2023-11-25 20:00,0
2023-11-25 21:00,0
2023-11-25 22:00,0
2023-11-25 23:00,0
2023-11-26 00:00,0
2023-11-26 01:00,0
2023-11-26 02:00,0
2023-11-26 03:00,0
2023-11-26 04:00,0
2023-11-26 05:00,0
2023-11-26 06:00,0
2023-11-26 07:00,0
2023-11-26 08:00,8.902
2023-11-26 09:00,32.909
2023-11-26 10:00,49.071
2023-11-26 11:00,47.065
2023-11-26 12:00,29.389
2023-11-26 13:00,1.559
2023-11-26 14:00,0
2023-11-26 15:00,0
2023-11-26 16:00,0
2023-11-26 17:00,0
2023-11-26 18:00,0
2023-11-26 19:00,0
2023-11-26 20:00,0
2023-11-26 21:00,0
2023-11-26 22:00,0
2023-11-26 23:00,0
2023-11-27 00:00,0
2023-11-27 01:00,0
2023-11-27 02:00,0
2023-11-27 03:00,0
2023-11-27 04:00,0
2023-11-27 05:00,0
2023-11-27 06:00,0
2023-11-27 07:00,0
2023-11-27 08:00,37.346
2023-11-27 09:00,80.731
2023-11-27 10:00,98.045
2023-11-27 11:00,97.363
2023-11-27 12:00,70.241
2023-11-27 13:00,15.627
2023-11-27 14:00,0
2023-11-27 15:00,0
2023-11-27 16:00,0
2023-11-27 17:00,0
2023-11-27 18:00,0
2023-11-27 19:00,0
2023-11-27 20:00,0
2023-11-27 21:00,0
2023-11-27 22:00,0
2023-11-27 23:00,0
2023-11-28 00:00,0
2023-11-28 01:00,0
2023-11-28 02:00,0
2023-11-28 03:00,0
2023-11-28 04:00,0
2023-11-28 05:00,0
2023-11-28 06:00,0
2023-11-28 07:00,0
2023-11-28 08:00,0
2023-11-28 09:00,2.355
2023-11-28 10:00,4.583
2023-11-28 11:00,5.529
2023-11-28 12:00,0
2023-11-28 13:00,0
2023-11-28 14:00,0
2023-11-28 15:00,0
2023-11-28 16:00,0
2023-11-28 17:00,0
2023-11-28 18:00,0
2023-11-28 19:00,0
2023-11-28 20:00,0
2023-11-28 21:00,0
2023-11-28 22:00,0
2023-11-28 23:00,0
2023-11-29 00:00,0
2023-11-29 01:00,0
2023-11-29 02:00,0
2023-11-29 03:00,0
2023-11-29 04:00,0
2023-11-29 05:00,0
2023-11-29 06:00,0
2023-11-29 07:00,0
2023-11-29 08:00,21.974
2023-11-29 09:00,67.375
2023-11-29 10:00,102.049
2023-11-29 11:00,110.927
2023-11-29 12:00,78.772
2023-11-29 13:00,21.391
2023-11-29 14:00,0
2023-11-29 15:00,0
2023-11-29 16:00,0
2023-11-29 17:00,0
2023-11-29 18:00,0
2023-11-29 19:00,0
2023-11-29 20:00,0
2023-11-29 21:00,0
2023-11-29 22:00,0
2023-11-29 23:00,0
2023-11-30 00:00,0
2023-11-30 01:00,0
2023-11-30 02:00,0
2023-11-30 03:00,0
2023-11-30 04:00,0
2023-11-30 05:00,0
2023-11-30 06:00,0
2023-11-30 07:00,0
2023-11-30 08:00,0
2023-11-30 09:00,7.644
2023-11-30 10:00,10.918
2023-11-30 11:00,8.370
2023-11-30 12:00,0.268
2023-11-30 13:00,0
2023-11-30 14:00,0
2023-11-30 15:00,0
2023-11-30 16:00,0
2023-11-30 17:00,0
2023-11-30 18:00,0
2023-11-30 19:00,0
2023-11-30 20:00,0
2023-11-30 21:00,0
2023-11-30 22:00,0
2023-11-30 23:00,0
2023-12-01 00:00,0
2023-12-01 01:00,0
2023-12-01 02:00,0
2023-12-01 03:00,0
2023-12-01 04:00,0
2023-12-01 05:00,0
2023-12-01 06:00,0
2023-12-01 07:00,0
2023-12-01 08:00,4.384
2023-12-01 09:00,26.050
2023-12-01 10:00,42.370
2023-12-01 11:00,40.737
2023-12-01 12:00,23.277
2023-12-01 13:00,0
2023-12-01 14:00,0
2023-12-01 15:00,0
2023-12-01 16:00,0
2023-12-01 17:00,0
2023-12-01 18:00,0
2023-12-01 19:00,0
2023-12-01 20:00,0
2023-12-01 21:00,0
2023-12-01 22:00,0
2023-12-01 23:00,0
2023-12-02 00:00,0
2023-12-02 01:00,0
2023-12-02 02:00,0
2023-12-02 03:00,0
2023-12-02 04:00,0
2023-12-02 05:00,0
2023-12-02 06:00,0
2023-12-02 07:00,0
2023-12-02 08:00,1.942
2023-12-02 09:00,16.803
2023-12-02 10:00,26.887
2023-12-02 11:00,24.165
2023-12-02 12:00,12.990
2023-12-02 13:00,0
2023-12-02 14:00,0
2023-12-02 15:00,0
2023-12-02 16:00,0
2023-12-02 17:00,0
2023-12-02 18:00,0
2023-12-02 19:00,0
2023-12-02 20:00,0
2023-12-02 21:00,0
2023-12-02 22:00,0
2023-12-02 23:00,0
2023-12-03 00:00,0
2023-12-03 01:00,0
2023-12-03 02:00,0
2023-12-03 03:00,0
2023-12-03 04:00,0
2023-12-03 05:00,0
2023-12-03 06:00,0
2023-12-03 07:00,0
2023-12-03 08:00,4.730
2023-12-03 09:00,20.202
2023-12-03 10:00,23.062
2023-12-03 11:00,17.032
2023-12-03 12:00,5.545
2023-12-03 13:00,0
2023-12-03 14:00,0
2023-12-03 15:00,0
2023-12-03 16:00,0
2023-12-03 17:00,0
2023-12-03 18:00,0
2023-12-03 19:00,0
2023-12-03 20:00,0
2023-12-03 21:00,0
2023-12-03 22:00,0
2023-12-03 23:00,0
2023-12-04 00:00,0
2023-12-04 01:00,0
2023-12-04 02:00,0
2023-12-04 03:00,0
2023-12-04 04:00,0
2023-12-04 05:00,0
2023-12-04 06:00,0
2023-12-04 07:00,0
2023-12-04 08:00,17.677
2023-12-04 09:00,48.157
2023-12-04 10:00,76.549
2023-12-04 11:00,84.238
2023-12-04 12:00,51.233
2023-12-04 13:00,6.412
2023-12-04 14:00,0
2023-12-04 15:00,0
2023-12-04 16:00,0
2023-12-04 17:00,0
2023-12-04 18:00,0
2023-12-04 19:00,0
2023-12-04 20:00,0
2023-12-04 21:00,0
2023-12-04 22:00,0
2023-12-04 23:00,0
2023-12-05 00:00,0
2023-12-05 01:00,0
2023-12-05 02:00,0
2023-12-05 03:00,0
2023-12-05 04:00,0
2023-12-05 05:00,0
2023-12-05 06:00,0
2023-12-05 07:00,0
2023-12-05 08:00,20.094
2023-12-05 09:00,74.289
2023-12-05 10:00,100.448
2023-12-05 11:00,92.894
2023-12-05 12:00,47.380
2023-12-05 13:00,3.435
2023-12-05 14:00,0
2023-12-05 15:00,0
2023-12-05 16:00,0
2023-12-05 17:00,0
2023-12-05 18:00,0
2023-12-05 19:00,0
2023-12-05 20:00,0
2023-12-05 21:00,0
2023-12-05 22:00,0
2023-12-05 23:00,0
2023-12-06 00:00,0
2023-12-06 01:00,0
2023-12-06 02:00,0
2023-12-06 03:00,0
2023-12-06 04:00,0
2023-12-06 05:00,0
2023-12-06 06:00,0
2023-12-06 07:00,0
2023-12-06 08:00,20.655
2023-12-06 09:00,73.436
2023-12-06 10:00,111.761
2023-12-06 11:00,108.458
2023-12-06 12:00,69.033
2023-12-06 13:00,9.453
2023-12-06 14:00,0
2023-12-06 15:00,0
2023-12-06 16:00,0
2023-12-06 17:00,0
2023-12-06 18:00,0
2023-12-06 19:00,0
2023-12-06 20:00,0
2023-12-06 21:00,0
2023-12-06 22:00,0
2023-12-06 23:00,0
2023-12-07 00:00,0
2023-12-07 01:00,0
2023-12-07 02:00,0
2023-12-07 03:00,0
2023-12-07 04:00,0
2023-12-07 05:00,0
2023-12-07 06:00,0
2023-12-07 07:00,0
2023-12-07 08:00,0
2023-12-07 09:00,2.727
2023-12-07 10:00,5.263
2023-12-07 11:00,3.733
2023-12-07 12:00,0
2023-12-07 13:00,0
2023-12-07 14:00,0
2023-12-07 15:00,0
2023-12-07 16:00,0
2023-12-07 17:00,0
2023-12-07 18:00,0
2023-12-07 19:00,0
2023-12-07 20:00,0
2023-12-07 21:00,0
2023-12-07 22:00,0
2023-12-07 23:00,0
2023-12-08 00:00,0
2023-12-08 01:00,0
2023-12-08 02:00,0
2023-12-08 03:00,0
2023-12-08 04:00,0
2023-12-08 05:00,0
2023-12-08 06:00,0
2023-12-08 07:00,0
2023-12-08 08:00,0
2023-12-08 09:00,13.056
2023-12-08 10:00,23.381
2023-12-08 11:00,23.039
2023-12-08 12:00,11.071
2023-12-08 13:00,0
2023-12-08 14:00,0
2023-12-08 15:00,0
2023-12-08 16:00,0
2023-12-08 17:00,0
2023-12-08 18:00,0
2023-12-08 19:00,0
2023-12-08 20:00,0
2023-12-08 21:00,0
2023-12-08 22:00,0
2023-12-08 23:00,0
2023-12-09 00:00,0
2023-12-09 01:00,0
2023-12-09 02:00,0
2023-12-09 03:00,0
2023-12-09 04:00,0
2023-12-09 05:00,0
2023-12-09 06:00,0
2023-12-09 07:00,0
2023-12-09 08:00,0
2023-12-09 09:00,14.600
2023-12-09 10:00,26.481
2023-12-09 11:00,26.942
2023-12-09 12:00,12.451
2023-12-09 13:00,0
2023-12-09 14:00,0
2023-12-09 15:00,0
2023-12-09 16:00,0
2023-12-09 17:00,0
2023-12-09 18:00,0
2023-12-09 19:00,0
2023-12-09 20:00,0
2023-12-09 21:00,0
2023-12-09 22:00,0
2023-12-09 23:00,0
2023-12-10 00:00,0
2023-12-10 01:00,0
2023-12-10 02:00,0
2023-12-10 03:00,0
2023-12-10 04:00,0
2023-12-10 05:00,0
2023-12-10 06:00,0
2023-12-10 07:00,0
2023-12-10 08:00,1.876
2023-12-10 09:00,22.682
2023-12-10 10:00,45.544
2023-12-10 11:00,41.935
2023-12-10 12:00,17.042
2023-12-10 13:00,0
2023-12-10 14:00,0
2023-12-10 15:00,0
2023-12-10 16:00,0
2023-12-10 17:00,0
2023-12-10 18:00,0
2023-12-10 19:00,0
2023-12-10 20:00,0
2023-12-10 21:00,0
2023-12-10 22:00,0
2023-12-10 23:00,0
2023-12-11 00:00,0
2023-12-11 01:00,0
2023-12-11 02:00,0
2023-12-11 03:00,0
2023-12-11 04:00,0
2023-12-11 05:00,0
2023-12-11 06:00,0
2023-12-11 07:00,0
2023-12-11 08:00,0
2023-12-11 09:00,10.840
2023-12-11 10:00,18.744
2023-12-11 11:00,18.925
2023-12-11 12:00,9.904
2023-12-11 13:00,0
2023-12-11 14:00,0
2023-12-11 15:00,0
2023-12-11 16:00,0
2023-12-11 17:00,0
2023-12-11 18:00,0
2023-12-11 19:00,0
2023-12-11 20:00,0
2023-12-11 21:00,0
2023-12-11 22:00,0
2023-12-11 23:00,0
2023-12-12 00:00,0
2023-12-12 01:00,0
2023-12-12 02:00,0
2023-12-12 03:00,0
2023-12-12 04:00,0
2023-12-12 05:00,0
2023-12-12 06:00,0
2023-12-12 07:00,0
2023-12-12 08:00,3.272
2023-12-12 09:00,28.604
2023-12-12 10:00,51.593
2023-12-12 11:00,48.209
2023-12-12 12:00,20.627
2023-12-12 13:00,0
2023-12-12 14:00,0
2023-12-12 15:00,0
2023-12-12 16:00,0
2023-12-12 17:00,0
2023-12-12 18:00,0
2023-12-12 19:00,0
2023-12-12 20:00,0
2023-12-12 21:00,0
2023-12-12 22:00,0
2023-12-12 23:00,0
2023-12-13 00:00,0
2023-12-13 01:00,0
2023-12-13 02:00,0
2023-12-13 03:00,0
2023-12-13 04:00,0
2023-12-13 05:00,0
2023-12-13 06:00,0
2023-12-13 07:00,0
2023-12-13 08:00,1.410
2023-12-13 09:00,25.007
2023-12-13 10:00,43.965
2023-12-13 11:00,43.741
2023-12-13 12:00,21.708
2023-12-13 13:00,0
2023-12-13 14:00,0
2023-12-13 15:00,0
2023-12-13 16:00,0
2023-12-13 17:00,0
2023-12-13 18:00,0
2023-12-13 19:00,0
2023-12-13 20:00,0
2023-12-13 21:00,0
2023-12-13 22:00,0
2023-12-13 23:00,0
2023-12-14 00:00,0
2023-12-14 01:00,0
2023-12-14 02:00,0
2023-12-14 03:00,0
2023-12-14 04:00,0
2023-12-14 05:00,0
2023-12-14 06:00,0
2023-12-14 07:00,0
2023-12-14 08:00,46.671
2023-12-14 09:00,160.736
2023-12-14 10:00,216.335
2023-12-14 11:00,198.936
2023-12-14 12:00,115.771
2023-12-14 13:00,12.371
2023-12-14 14:00,0
2023-12-14 15:00,0
2023-12-14 16:00,0
2023-12-14 17:00,0
2023-12-14 18:00,0
2023-12-14 19:00,0
2023-12-14 20:00,0
2023-12-14 21:00,0
2023-12-14 22:00,0
2023-12-14 23:00,0
2023-12-15 00:00,0
2023-12-15 01:00,0
2023-12-15 02:00,0
2023-12-15 03:00,0
2023-12-15 04:00,0
2023-12-15 05:00,0
2023-12-15 06:00,0
2023-12-15 07:00,0
2023-12-15 08:00,0.867
2023-12-15 09:00,9.275
2023-12-15 10:00,14.484
2023-12-15 11:00,16.033
2023-12-15 12:00,5.312
2023-12-15 13:00,0
2023-12-15 14:00,0
2023-12-15 15:00,0
2023-12-15 16:00,0
2023-12-15 17:00,0
2023-12-15 18:00,0
2023-12-15 19:00,0
2023-12-15 20:00,0
2023-12-15 21:00,0
2023-12-15 22:00,0
2023-12-15 23:00,0
2023-12-16 00:00,0
2023-12-16 01:00,0
2023-12-16 02:00,0
2023-12-16 03:00,0
2023-12-16 04:00,0
2023-12-16 05:00,0
2023-12-16 06:00,0
2023-12-16 07:00,0
2023-12-16 08:00,0
2023-12-16 09:00,0
2023-12-16 10:00,0
2023-12-16 11:00,0
2023-12-16 12:00,0
2023-12-16 13:00,0
2023-12-16 14:00,0
2023-12-16 15:00,0
2023-12-16 16:00,0
2023-12-16 17:00,0
2023-12-16 18:00,0
2023-12-16 19:00,0
2023-12-16 20:00,0
2023-12-16 21:00,0
2023-12-16 22:00,0
2023-12-16 23:00,0
2023-12-17 00:00,0
2023-12-17 01:00,0
2023-12-17 02:00,0
2023-12-17 03:00,0
2023-12-17 04:00,0
2023-12-17 05:00,0
2023-12-17 06:00,0
2023-12-17 07:00,0
2023-12-17 08:00,0
2023-12-17 09:00,0
2023-12-17 10:00,0.738
2023-12-17 11:00,0
2023-12-17 12:00,0
2023-12-17 13:00,0
2023-12-17 14:00,0
2023-12-17 15:00,0
2023-12-17 16:00,0
2023-12-17 17:00,0
2023-12-17 18:00,0
2023-12-17 19:00,0
2023-12-17 20:00,0
2023-12-17 21:00,0
2023-12-17 22:00,0
2023-12-17 23:00,0
2023-12-18 00:00,0
2023-12-18 01:00,0
2023-12-18 02:00,0
2023-12-18 03:00,0
2023-12-18 04:00,0
2023-12-18 05:00,0
2023-12-18 06:00,0
2023-12-18 07:00,0
2023-12-18 08:00,0
2023-12-18 09:00,3.896
2023-12-18 10:00,2.366
2023-12-18 11:00,0.751
2023-12-18 12:00,0
2023-12-18 13:00,0
2023-12-18 14:00,0
2023-12-18 15:00,0
2023-12-18 16:00,0
2023-12-18 17:00,0
2023-12-18 18:00,0
2023-12-18 19:00,0
2023-12-18 20:00,0
2023-12-18 21:00,0
2023-12-18 22:00,0
2023-12-18 23:00,0
2023-12-19 00:00,0
2023-12-19 01:00,0
2023-12-19 02:00,0
2023-12-19 03:00,0
2023-12-19 04:00,0
2023-12-19 05:00,0
2023-12-19 06:00,0
2023-12-19 07:00,0
2023-12-19 08:00,63.804
2023-12-19 09:00,198.939
2023-12-19 10:00,263.724
2023-12-19 11:00,243.769
2023-12-19 12:00,138.584
2023-12-19 13:00,12.571
2023-12-19 14:00,0
2023-12-19 15:00,0
2023-12-19 16:00,0
2023-12-19 17:00,0
2023-12-19 18:00,0
2023-12-19 19:00,0
2023-12-19 20:00,0
2023-12-19 21:00,0
2023-12-19 22:00,0
2023-12-19 23:00,0
2023-12-20 00:00,0
2023-12-20 01:00,0
2023-12-20 02:00,0
2023-12-20 03:00,0
2023-12-20 04:00,0
2023-12-20 05:00,0
2023-12-20 06:00,0
2023-12-20 07:00,0
2023-12-20 08:00,0
2023-12-20 09:00,1.229
2023-12-20 10:00,0.500
2023-12-20 11:00,0
2023-12-20 12:00,0
2023-12-20 13:00,0
2023-12-20 14:00,0
2023-12-20 15:00,0
2023-12-20 16:00,0
2023-12-20 17:00,0
2023-12-20 18:00,0
2023-12-20 19:00,0
2023-12-20 20:00,0
2023-12-20 21:00,0
2023-12-20 22:00,0
2023-12-20 23:00,0
2023-12-21 00:00,0
2023-12-21 01:00,0
2023-12-21 02:00,0
2023-12-21 03:00,0
2023-12-21 04:00,0
2023-12-21 05:00,0
2023-12-21 06:00,0
2023-12-21 07:00,0
2023-12-21 08:00,11.235
2023-12-21 09:00,56.641
2023-12-21 10:00,40.761
2023-12-21 11:00,28.129
2023-12-21 12:00,8.162
2023-12-21 13:00,0
2023-12-21 14:00,0
2023-12-21 15:00,0
2023-12-21 16:00,0
2023-12-21 17:00,0
2023-12-21 18:00,0
2023-12-21 19:00,0
2023-12-21 20:00,0
2023-12-21 21:00,0
2023-12-21 22:00,0
2023-12-21 23:00,0
2023-12-22 00:00,0
2023-12-22 01:00,0
2023-12-22 02:00,0
2023-12-22 03:00,0
2023-12-22 04:00,0
2023-12-22 05:00,0
2023-12-22 06:00,0
2023-12-22 07:00,0
2023-12-22 08:00,0
2023-12-22 09:00,0
2023-12-22 10:00,0
2023-12-22 11:00,0
2023-12-22 12:00,0
2023-12-22 13:00,0
2023-12-22 14:00,0
2023-12-22 15:00,0
2023-12-22 16:00,0
2023-12-22 17:00,0
2023-12-22 18:00,0
2023-12-22 19:00,0
2023-12-22 20:00,0
2023-12-22 21:00,0
2023-12-22 22:00,0
2023-12-22 23:00,0
2023-12-23 00:00,0
2023-12-23 01:00,0
2023-12-23 02:00,0
2023-12-23 03:00,0
2023-12-23 04:00,0
2023-12-23 05:00,0
2023-12-23 06:00,0
2023-12-23 07:00,0
2023-12-23 08:00,0
2023-12-23 09:00,7.488
2023-12-23 10:00,15.168
2023-12-23 11:00,12.874
2023-12-23 12:00,3.378
2023-12-23 13:00,0
2023-12-23 14:00,0
2023-12-23 15:00,0
2023-12-23 16:00,0
2023-12-23 17:00,0
2023-12-23 18:00,0
2023-12-23 19:00,0
2023-12-23 20:00,0
2023-12-23 21:00,0
2023-12-23 22:00,0
2023-12-23 23:00,0
2023-12-24 00:00,0
2023-12-24 01:00,0
2023-12-24 02:00,0
2023-12-24 03:00,0
2023-12-24 04:00,0
2023-12-24 05:00,0
2023-12-24 06:00,0
2023-12-24 07:00,0
2023-12-24 08:00,51.509
2023-12-24 09:00,171.824
2023-12-24 10:00,144.655
2023-12-24 11:00,37.307
2023-12-24 12:00,6.008
2023-12-24 13:00,0
2023-12-24 14:00,0
2023-12-24 15:00,0
2023-12-24 16:00,0
2023-12-24 17:00,0
2023-12-24 18:00,0
2023-12-24 19:00,0
2023-12-24 20:00,0
2023-12-24 21:00,0
2023-12-24 22:00,0
2023-12-24 23:00,0
2023-12-25 00:00,0
2023-12-25 01:00,0
2023-12-25 02:00,0
2023-12-25 03:00,0
2023-12-25 04:00,0
2023-12-25 05:00,0
2023-12-25 06:00,0
2023-12-25 07:00,0
2023-12-25 08:00,6.007
2023-12-25 09:00,40.726
2023-12-25 10:00,55.631
2023-12-25 11:00,36.411
2023-12-25 12:00,11.714
2023-12-25 13:00,0
2023-12-25 14:00,0
2023-12-25 15:00,0
2023-12-25 16:00,0
2023-12-25 17:00,0
2023-12-25 18:00,0
2023-12-25 19:00,0
2023-12-25 20:00,0
2023-12-25 21:00,0
2023-12-25 22:00,0
2023-12-25 23:00,0
2023-12-26 00:00,0
2023-12-26 01:00,0
2023-12-26 02:00,0
2023-12-26 03:00,0
2023-12-26 04:00,0
2023-12-26 05:00,0
2023-12-26 06:00,0
2023-12-26 07:00,0
2023-12-26 08:00,7.995
2023-12-26 09:00,20.503
2023-12-26 10:00,42.082
2023-12-26 11:00,67.626
2023-12-26 12:00,55.950
2023-12-26 13:00,2.597
2023-12-26 14:00,0
2023-12-26 15:00,0
2023-12-26 16:00,0
2023-12-26 17:00,0
2023-12-26 18:00,0
2023-12-26 19:00,0
2023-12-26 20:00,0
2023-12-26 21:00,0
2023-12-26 22:00,0
2023-12-26 23:00,0
2023-12-27 00:00,0
2023-12-27 01:00,0
2023-12-27 02:00,0
2023-12-27 03:00,0
2023-12-27 04:00,0
2023-12-27 05:00,0
2023-12-27 06:00,0
2023-12-27 07:00,0
2023-12-27 08:00,30.779
2023-12-27 09:00,111.939
2023-12-27 10:00,177.791
2023-12-27 11:00,178.225
2023-12-27 12:00,105.924
2023-12-27 13:00,8.890
2023-12-27 14:00,0
2023-12-27 15:00,0
2023-12-27 16:00,0
2023-12-27 17:00,0
2023-12-27 18:00,0
2023-12-27 19:00,0
2023-12-27 20:00,0
2023-12-27 21:00,0
2023-12-27 22:00,0
2023-12-27 23:00,0
2023-12-28 00:00,0
2023-12-28 01:00,0
2023-12-28 02:00,0
2023-12-28 03:00,0
2023-12-28 04:00,0
2023-12-28 05:00,0
2023-12-28 06:00,0
2023-12-28 07:00,0
2023-12-28 08:00,0
2023-12-28 09:00,12.634
2023-12-28 10:00,12.767
2023-12-28 11:00,4.545
2023-12-28 12:00,0
2023-12-28 13:00,0
2023-12-28 14:00,0
2023-12-28 15:00,0
2023-12-28 16:00,0
2023-12-28 17:00,0
2023-12-28 18:00,0
2023-12-28 19:00,0
2023-12-28 20:00,0
2023-12-28 21:00,0
2023-12-28 22:00,0
2023-12-28 23:00,0
2023-12-29 00:00,0
2023-12-29 01:00,0
2023-12-29 02:00,0
2023-12-29 03:00,0
2023-12-29 04:00,0
2023-12-29 05:00,0
2023-12-29 06:00,0
2023-12-29 07:00,0
2023-12-29 08:00,0
2023-12-29 09:00,0
2023-12-29 10:00,6.318
2023-12-29 11:00,7.364
2023-12-29 12:00,2.534
2023-12-29 13:00,0
2023-12-29 14:00,0
2023-12-29 15:00,0
2023-12-29 16:00,0
2023-12-29 17:00,0
2023-12-29 18:00,0
2023-12-29 19:00,0
2023-12-29 20:00,0
2023-12-29 21:00,0
2023-12-29 22:00,0
2023-12-29 23:00,0
2023-12-30 00:00,0
2023-12-30 01:00,0
2023-12-30 02:00,0
2023-12-30 03:00,0
2023-12-30 04:00,0
2023-12-30 05:00,0
2023-12-30 06:00,0
2023-12-30 07:00,0
2023-12-30 08:00,0
2023-12-30 09:00,3.771
2023-12-30 10:00,8.563
2023-12-30 11:00,7.605
2023-12-30 12:00,0.975
2023-12-30 13:00,0
2023-12-30 14:00,0
2023-12-30 15:00,0
2023-12-30 16:00,0
2023-12-30 17:00,0
2023-12-30 18:00,0
2023-12-30 19:00,0
2023-12-30 20:00,0
2023-12-30 21:00,0
2023-12-30 22:00,0
2023-12-30 23:00,0
2023-12-31 00:00,0
2023-12-31 01:00,0
2023-12-31 02:00,0
2023-12-31 03:00,0
2023-12-31 04:00,0
2023-12-31 05:00,0
2023-12-31 06:00,0
2023-12-31 07:00,0
2023-12-31 08:00,19.097
2023-12-31 09:00,74.071
2023-12-31 10:00,98.608
2023-12-31 11:00,90.218
2023-12-31 12:00,46.044
2023-12-31 13:00,0.778
2023-12-31 14:00,0
2023-12-31 15:00,0
2023-12-31 16:00,0
2023-12-31 17:00,0
2023-12-31 18:00,0
2023-12-31 19:00,0
2023-12-31 20:00,0
2023-12-31 21:00,0
2023-12-31 22:00,0
2023-12-31 23:00,0
